method,seed,label,model_params,final_val_loss_norm,runtime_s,dprime_deep,dprime_deep_fixed,snr_deep,amp_ratio,fwhm_ratio,temporal_cos,spatial_cos
R5 DoubleConv64,0,ib_r5_bs256,3149704,0.6467429965972901,8781.6,4.357537332016231,4.3944092303606945,6.925011372566223,0.940426129102707,0.976388888888889,0.9965519726276397,0.9998032748699188
R5 DoubleConv64,1,ib_r5_s1,3149704,0.6467353565216064,9013.7,4.365484045905939,4.399639217914851,6.918440937995911,0.9420078933238983,0.976388888888889,0.9965499520301819,0.9997830986976624
R5 DoubleConv64,2,ib_r5_s2,3149704,0.6467359316825867,8899.5,4.372989576147659,4.405077671404763,6.939443063735962,0.9388163149356842,0.976388888888889,0.9965742766857147,0.999775743484497
R13 NAF58,0,ib_r13_naf58,3162950,0.6467458506584167,12364.2,4.335240086620962,4.374832374662699,6.887736868858338,0.9360776245594025,0.976388888888889,0.996369606256485,0.9997925579547882
