config,n,dprime_deep_sd,amp_ratio_sd
adaptive_accum,1,,
arch,1,,
arch_l2,1,,
arch_l2_om0,3,0.018573905430947266,0.0016739577194318082
arch_l2_om0_g100,1,,
arch_l2_om0_g1000,1,,
arch_l2_om0_g1000h,1,,
arch_l2_om0_g300,1,,
arch_l2_om0_w10,1,,
arch_l2_om0_w10g2,1,,
arch_l2_om0_w3,1,,
arch_l2_om0_w30,1,,
arch_om0,1,,
base64,3,0.017196134019452528,0.0007641477490676104
base64_l2,1,,
base64_om0,1,,
batch_only,1,,
champ_l2,3,0.040754505532900866,0.0021702511324142924
champion,5,0.015429524769554876,0.0044557450752837685
fixed_accum256,1,,
fuse256,1,,
fuse256_l2,1,,
fuse512,1,,
gradstats,1,,
ho,1,,
importance,1,,
naf58,1,,
no_norm,1,,
omission0,5,0.006919585825510877,0.0031674997299273294
omission0_l2,3,0.0036445591422093657,0.003193817802724948
omission0_l2_g100,1,,
omission0_l2_w10,1,,
origdi,3,0.0101289403417199,0.003518804043247409
r0_base,1,,
r0_rep,2,0.006302212065088812,0.0011421964533846875
r1_rep,2,0.01669295981273573,0.001154811005143951
r1_warmup,1,,
r2_onecycle,1,,
r3_adamw2e3,1,,
r4_lion,1,,
r5_arch_l2_om0,1,,
r5_bs256,1,,
r5_rep,2,0.005307211330320577,0.0022567867209946613
r6_progaccum,1,,
support_all,1,,
support_all_l2,1,,
support_all_l2_om0,1,,
support_all_l2_om1,1,,
support_sd,1,,
tmult8,1,,
weight_l2_gate100,1,,
weight_l2_gate1000,1,,
weight_l2_gate300,1,,
weight_l2_hard1000,1,,
weight_l2_soft10,1,,
weight_l2_soft3,1,,
weight_l2_soft30,1,,
