unit_id,ib_om0_scale
2143,0.9836081862449646
793,0.9486920833587646
1143,0.9770101308822632
1300,0.9479199647903442
1122,0.9292146563529968
337,0.9589150547981262
720,0.8947960138320923
94,0.96933913230896
1129,0.8773220181465149
664,0.9025895595550536
mean,0.938940680027008
