domain,Th_learned,stage,status,peel,events,score_mean,score_q10,score_median,score_q90,score_margin_mean,score_margin_q10,score_margin_median,score_margin_q90,supported
denoised,8.0,duplicate_removal,fp_matched_cluster,0,47,21.05082321166992,15.776671409606934,20.425058364868164,28.507492065429688,13.050823211669918,7.776671409606934,12.425058364868164,20.507492065429688,False
denoised,8.0,duplicate_removal,fp_matched_cluster,1,170,19.02301979064941,15.26609706878662,18.72281837463379,22.36049461364746,11.02301979064941,7.266097068786619,10.722818374633789,14.360494613647461,True
denoised,8.0,duplicate_removal,fp_matched_cluster,2,371,18.42322158813477,14.799899101257324,17.992921829223633,22.244171142578125,10.42322158813477,6.799899101257324,9.992921829223633,14.244171142578125,True
denoised,8.0,duplicate_removal,fp_matched_cluster,3,645,17.924606323242188,14.285149574279783,17.788400650024414,21.576086044311523,9.924606323242188,6.285149574279783,9.788400650024414,13.576086044311523,True
denoised,8.0,duplicate_removal,fp_matched_cluster,4,916,17.156869888305664,13.66482925415039,17.060020446777344,20.74217796325684,9.156869888305664,5.664829254150391,9.060020446777344,12.74217796325684,True
denoised,8.0,duplicate_removal,fp_matched_cluster,5,1132,16.612539291381836,13.284975051879885,16.621360778808594,19.90098571777344,8.612539291381836,5.284975051879885,8.621360778808594,11.900985717773441,True
denoised,8.0,duplicate_removal,fp_matched_cluster,6,1311,16.094688415527344,12.956071853637695,15.968000411987305,19.27827835083008,8.094688415527344,4.956071853637695,7.968000411987305,11.278278350830082,True
denoised,8.0,duplicate_removal,fp_matched_cluster,7,1653,15.633949279785156,12.412970542907717,15.465312957763672,19.08403205871582,7.633949279785156,4.412970542907717,7.465312957763672,11.08403205871582,True
denoised,8.0,duplicate_removal,fp_matched_cluster,8,1688,15.148810386657717,12.037946701049805,14.98488426208496,18.402530670166016,7.148810386657717,4.037946701049805,6.984884262084959,10.402530670166016,True
denoised,8.0,duplicate_removal,fp_matched_cluster,9,1842,14.548015594482422,11.59462833404541,14.412738800048828,17.723962783813477,6.548015594482422,3.59462833404541,6.412738800048828,9.723962783813477,True
denoised,8.0,duplicate_removal,fp_matched_cluster,10,1933,14.166061401367188,11.362810134887695,13.963658332824709,17.264795303344727,6.1660614013671875,3.3628101348876953,5.963658332824709,9.264795303344727,True
denoised,8.0,duplicate_removal,fp_matched_cluster,11,2011,13.642136573791504,11.032835006713867,13.370294570922852,16.591949462890625,5.642136573791504,3.032835006713867,5.370294570922852,8.591949462890625,True
denoised,8.0,duplicate_removal,fp_matched_cluster,12,1938,13.162243843078612,10.7018404006958,12.872465133666992,15.971640586853027,5.1622438430786115,2.701840400695801,4.872465133666992,7.971640586853027,True
denoised,8.0,duplicate_removal,fp_matched_cluster,13,2006,12.851947784423828,10.616233825683594,12.543807983398438,15.554420471191406,4.851947784423828,2.6162338256835938,4.5438079833984375,7.554420471191406,True
denoised,8.0,duplicate_removal,fp_matched_cluster,14,2012,12.500448226928713,10.42368221282959,12.20102310180664,14.998234748840332,4.500448226928713,2.42368221282959,4.201023101806641,6.998234748840332,True
denoised,8.0,duplicate_removal,fp_matched_cluster,15,2032,12.132299423217772,10.149449348449709,11.839679718017578,14.49544906616211,4.132299423217772,2.149449348449709,3.839679718017578,6.495449066162109,True
denoised,8.0,duplicate_removal,fp_matched_cluster,16,2033,11.829022407531738,9.953612327575684,11.52661418914795,14.16908073425293,3.8290224075317383,1.9536123275756836,3.526614189147949,6.16908073425293,True
denoised,8.0,duplicate_removal,fp_matched_cluster,17,2017,11.523557662963867,9.860492706298828,11.302014350891112,13.49115753173828,3.523557662963867,1.8604927062988281,3.3020143508911115,5.4911575317382795,True
denoised,8.0,duplicate_removal,fp_matched_cluster,18,2018,11.264676094055176,9.644519805908203,11.03753662109375,13.134027481079102,3.264676094055176,1.6445198059082031,3.03753662109375,5.134027481079102,True
denoised,8.0,duplicate_removal,fp_matched_cluster,19,1951,11.015515327453612,9.51861572265625,10.812417984008787,12.768769264221191,3.0155153274536115,1.51861572265625,2.8124179840087873,4.768769264221191,True
denoised,8.0,duplicate_removal,fp_matched_cluster,20,1963,10.78276824951172,9.334440231323242,10.602912902832031,12.424985885620115,2.7827682495117205,1.3344402313232422,2.6029129028320312,4.424985885620115,True
denoised,8.0,duplicate_removal,fp_matched_cluster,21,1986,10.629436492919922,9.245737075805664,10.460545539855955,12.230402946472168,2.629436492919922,1.245737075805664,2.4605455398559553,4.230402946472168,True
denoised,8.0,duplicate_removal,fp_matched_cluster,22,1974,10.440425872802734,9.130002975463867,10.243888854980469,11.946008682250977,2.4404258728027344,1.1300029754638672,2.2438888549804688,3.9460086822509766,True
denoised,8.0,duplicate_removal,fp_matched_cluster,23,1924,10.217926025390623,9.012299537658691,10.01853847503662,11.715447425842283,2.2179260253906232,1.0122995376586914,2.0185384750366193,3.7154474258422834,True
denoised,8.0,duplicate_removal,fp_matched_cluster,24,1890,10.071859359741213,8.967934608459473,9.92719841003418,11.381712913513184,2.0718593597412127,0.9679346084594727,1.9271984100341797,3.3817129135131836,True
denoised,8.0,duplicate_removal,fp_matched_cluster,25,1811,9.93576717376709,8.787095069885254,9.813385009765623,11.211764335632324,1.9357671737670898,0.7870950698852539,1.8133850097656232,3.211764335632324,True
denoised,8.0,duplicate_removal,fp_matched_cluster,26,1842,9.817191123962402,8.755023956298828,9.647465705871582,11.076006889343262,1.8171911239624023,0.7550239562988281,1.647465705871582,3.0760068893432617,True
denoised,8.0,duplicate_removal,fp_matched_cluster,27,1842,9.688294410705566,8.650009155273438,9.56352424621582,10.854777336120604,1.6882944107055664,0.6500091552734375,1.5635242462158203,2.8547773361206037,True
denoised,8.0,duplicate_removal,fp_matched_cluster,28,1804,9.55778980255127,8.578862190246582,9.415531158447266,10.694522857666016,1.5577898025512695,0.578862190246582,1.4155311584472656,2.6945228576660156,True
denoised,8.0,duplicate_removal,fp_matched_cluster,29,1769,9.462414741516112,8.486983299255371,9.335001945495604,10.553322792053224,1.4624147415161115,0.4869832992553711,1.3350019454956037,2.5533227920532244,True
denoised,8.0,duplicate_removal,fp_matched_cluster,30,1792,9.34744930267334,8.454142570495605,9.235069274902344,10.388282775878906,1.3474493026733398,0.45414257049560547,1.2350692749023438,2.3882827758789062,True
denoised,8.0,duplicate_removal,fp_matched_cluster,31,1775,9.250285148620604,8.351757049560547,9.130000114440918,10.32957935333252,1.2502851486206037,0.3517570495605469,1.130000114440918,2.3295793533325195,True
denoised,8.0,duplicate_removal,fp_matched_cluster,32,1645,9.16786289215088,8.359367370605469,9.042346000671388,10.095562934875488,1.1678628921508807,0.35936737060546875,1.0423460006713885,2.0955629348754883,True
denoised,8.0,duplicate_removal,fp_matched_cluster,33,1659,9.097332954406738,8.307050704956055,8.996025085449219,9.998234748840332,1.0973329544067383,0.3070507049560547,0.9960250854492188,1.998234748840332,True
denoised,8.0,duplicate_removal,fp_matched_cluster,34,1728,9.01266098022461,8.257552146911621,8.901540756225586,9.852421760559082,1.0126609802246094,0.2575521469116211,0.9015407562255859,1.852421760559082,True
denoised,8.0,duplicate_removal,fp_matched_cluster,35,1643,8.957770347595215,8.209474563598633,8.823928833007812,9.8259859085083,0.9577703475952148,0.2094745635986328,0.8239288330078125,1.8259859085083008,True
denoised,8.0,duplicate_removal,fp_matched_cluster,36,1526,8.89111328125,8.22171401977539,8.783376693725586,9.671432495117188,0.89111328125,0.22171401977539062,0.7833766937255859,1.6714324951171875,True
denoised,8.0,duplicate_removal,fp_matched_cluster,37,1502,8.858399391174316,8.16281795501709,8.754964828491211,9.670503616333008,0.8583993911743164,0.16281795501708984,0.7549648284912109,1.6705036163330078,True
denoised,8.0,duplicate_removal,fp_matched_cluster,38,1424,8.780342102050781,8.148418426513672,8.626240730285645,9.62999439239502,0.7803421020507812,0.14841842651367188,0.6262407302856445,1.6299943923950195,True
denoised,8.0,duplicate_removal,fp_matched_cluster,39,1441,8.706445693969727,8.134159088134766,8.601940155029297,9.391304969787598,0.7064456939697266,0.13415908813476562,0.6019401550292969,1.3913049697875977,True
denoised,8.0,duplicate_removal,fp_matched_cluster,40,1401,8.700261116027832,8.126741409301758,8.560470581054688,9.44298267364502,0.700261116027832,0.1267414093017578,0.5604705810546875,1.4429826736450195,True
denoised,8.0,duplicate_removal,fp_matched_cluster,41,1257,8.632756233215332,8.093916893005371,8.51918888092041,9.309283256530762,0.632756233215332,0.0939168930053711,0.5191888809204102,1.3092832565307617,True
denoised,8.0,duplicate_removal,fp_matched_cluster,42,1206,8.602944374084473,8.09231948852539,8.493288040161133,9.244462966918944,0.6029443740844727,0.09231948852539062,0.4932880401611328,1.2444629669189435,True
denoised,8.0,duplicate_removal,fp_matched_cluster,43,1163,8.550029754638672,8.085968971252441,8.434438705444336,9.133703231811523,0.5500297546386719,0.0859689712524414,0.43443870544433594,1.1337032318115234,True
denoised,8.0,duplicate_removal,fp_matched_cluster,44,1104,8.555575370788574,8.08541202545166,8.428546905517578,9.136152267456056,0.5555753707885742,0.08541202545166016,0.4285469055175781,1.1361522674560565,True
denoised,8.0,duplicate_removal,fp_matched_cluster,45,987,8.538169860839844,8.074865341186523,8.402702331542969,9.136107444763184,0.5381698608398438,0.07486534118652344,0.40270233154296875,1.1361074447631836,True
denoised,8.0,duplicate_removal,fp_matched_cluster,46,950,8.507577896118164,8.074620246887207,8.40481948852539,9.07285213470459,0.5075778961181641,0.07462024688720703,0.4048194885253906,1.0728521347045898,True
denoised,8.0,duplicate_removal,fp_matched_cluster,47,849,8.480894088745117,8.071409225463867,8.377493858337402,9.04750156402588,0.4808940887451172,0.07140922546386719,0.37749385833740234,1.0475015640258807,True
denoised,8.0,duplicate_removal,fp_matched_cluster,48,777,8.45425033569336,8.05313491821289,8.337416648864746,9.03393268585205,0.4542503356933594,0.053134918212890625,0.3374166488647461,1.0339326858520508,True
denoised,8.0,duplicate_removal,fp_matched_cluster,49,728,8.448376655578613,8.05402660369873,8.340158462524414,8.965662956237793,0.4483766555786133,0.05402660369873047,0.34015846252441406,0.965662956237793,True
denoised,8.0,duplicate_removal,fp_matched_cluster,50,618,8.426263809204102,8.048465728759766,8.31447982788086,8.955856323242188,0.42626380920410156,0.048465728759765625,0.3144798278808594,0.9558563232421875,True
denoised,8.0,duplicate_removal,fp_matched_cluster,51,622,8.432743072509766,8.05520248413086,8.313396453857422,8.920083999633789,0.4327430725097656,0.055202484130859375,0.3133964538574219,0.9200839996337891,True
denoised,8.0,duplicate_removal,fp_matched_cluster,52,528,8.405760765075684,8.045660018920898,8.301753997802734,8.88426399230957,0.4057607650756836,0.04566001892089844,0.3017539978027344,0.8842639923095703,True
denoised,8.0,duplicate_removal,fp_matched_cluster,53,454,8.386590003967285,8.050210952758789,8.271188735961914,8.821938514709473,0.38659000396728516,0.05021095275878906,0.27118873596191406,0.8219385147094727,True
denoised,8.0,duplicate_removal,fp_matched_cluster,54,462,8.391167640686035,8.044243812561035,8.270837783813477,8.860671997070312,0.39116764068603516,0.044243812561035156,0.27083778381347656,0.8606719970703125,True
denoised,8.0,duplicate_removal,fp_matched_cluster,55,355,8.401102066040039,8.05040168762207,8.276378631591797,8.891536712646484,0.40110206604003906,0.05040168762207031,0.2763786315917969,0.8915367126464844,True
denoised,8.0,duplicate_removal,fp_matched_cluster,56,339,8.348783493041992,8.038189888000488,8.241700172424316,8.734878540039062,0.3487834930419922,0.03818988800048828,0.2417001724243164,0.7348785400390625,True
denoised,8.0,duplicate_removal,fp_matched_cluster,57,294,8.349191665649414,8.030956268310547,8.231249809265137,8.85879898071289,0.34919166564941406,0.030956268310546875,0.23124980926513672,0.8587989807128906,True
denoised,8.0,duplicate_removal,fp_matched_cluster,58,223,8.321586608886719,8.04359245300293,8.215826988220215,8.737222671508789,0.32158660888671875,0.04359245300292969,0.21582698822021484,0.7372226715087891,True
denoised,8.0,duplicate_removal,fp_matched_cluster,59,210,8.388051986694336,8.042634010314941,8.250003814697266,8.89184856414795,0.38805198669433594,0.042634010314941406,0.2500038146972656,0.8918485641479492,True
denoised,8.0,duplicate_removal,fp_matched_cluster,60,199,8.329934120178223,8.035369873046875,8.220169067382812,8.757826805114746,0.32993412017822266,0.035369873046875,0.2201690673828125,0.7578268051147461,True
denoised,8.0,duplicate_removal,fp_matched_cluster,61,148,8.384889602661133,8.043549537658691,8.240714073181152,8.919058799743652,0.3848896026611328,0.043549537658691406,0.24071407318115234,0.9190587997436523,True
denoised,8.0,duplicate_removal,fp_matched_cluster,62,137,8.362265586853027,8.034483909606934,8.212003707885742,8.872977256774902,0.36226558685302734,0.034483909606933594,0.2120037078857422,0.8729772567749023,True
denoised,8.0,duplicate_removal,fp_matched_cluster,63,103,8.290972709655762,8.017481803894043,8.213507652282715,8.67829418182373,0.2909727096557617,0.01748180389404297,0.21350765228271484,0.6782941818237305,True
denoised,8.0,duplicate_removal,fp_matched_cluster,64,105,8.290791511535645,8.027946472167969,8.175895690917969,8.697338104248047,0.29079151153564453,0.02794647216796875,0.17589569091796875,0.6973381042480469,True
denoised,8.0,duplicate_removal,fp_matched_cluster,65,86,8.441843032836914,8.0606689453125,8.298871994018555,8.919532775878906,0.44184303283691406,0.0606689453125,0.2988719940185547,0.9195327758789062,False
denoised,8.0,duplicate_removal,fp_matched_cluster,66,94,8.325533866882324,8.03902530670166,8.204635620117188,8.823129653930664,0.3255338668823242,0.039025306701660156,0.2046356201171875,0.8231296539306641,False
denoised,8.0,duplicate_removal,fp_matched_cluster,67,62,8.410752296447754,8.028159141540527,8.312173843383789,8.949068069458008,0.4107522964477539,0.028159141540527344,0.31217384338378906,0.9490680694580078,False
denoised,8.0,duplicate_removal,fp_matched_cluster,68,64,8.355144500732422,8.029601097106934,8.249286651611328,8.874171257019043,0.3551445007324219,0.029601097106933594,0.24928665161132812,0.874171257019043,False
denoised,8.0,duplicate_removal,fp_matched_cluster,69,51,8.240599632263184,8.039907455444336,8.142330169677734,8.555403709411621,0.2405996322631836,0.03990745544433594,0.14233016967773438,0.5554037094116211,False
denoised,8.0,duplicate_removal,fp_matched_cluster,70,41,8.357172012329102,8.045680046081543,8.317279815673828,8.679935455322266,0.35717201232910156,0.04568004608154297,0.3172798156738281,0.6799354553222656,False
denoised,8.0,duplicate_removal,fp_matched_cluster,71,29,8.457045555114746,8.095621109008789,8.364805221557617,8.917468070983887,0.4570455551147461,0.09562110900878906,0.3648052215576172,0.9174680709838867,False
denoised,8.0,duplicate_removal,fp_matched_cluster,72,37,8.362576484680176,8.023205757141113,8.223733901977539,8.751827239990234,0.3625764846801758,0.02320575714111328,0.22373390197753906,0.7518272399902344,False
denoised,8.0,duplicate_removal,fp_matched_cluster,73,24,8.40352725982666,8.05744457244873,8.24742317199707,8.956442832946777,0.40352725982666016,0.05744457244873047,0.2474231719970703,0.9564428329467773,False
denoised,8.0,duplicate_removal,fp_matched_cluster,74,22,8.419341087341309,8.063039779663086,8.368593215942383,8.823225021362305,0.4193410873413086,0.06303977966308594,0.3685932159423828,0.8232250213623047,False
denoised,8.0,duplicate_removal,fp_matched_cluster,75,28,8.442290306091309,8.080638885498047,8.329405784606934,9.070633888244627,0.4422903060913086,0.08063888549804688,0.3294057846069336,1.0706338882446271,False
denoised,8.0,duplicate_removal,fp_matched_cluster,76,28,8.421557426452637,8.052863121032715,8.17979621887207,9.098690032958984,0.4215574264526367,0.052863121032714844,0.1797962188720703,1.0986900329589844,False
denoised,8.0,duplicate_removal,fp_matched_cluster,77,19,8.344366073608398,8.049964904785156,8.24865436553955,8.696884155273438,0.34436607360839844,0.04996490478515625,0.24865436553955078,0.6968841552734375,False
denoised,8.0,duplicate_removal,fp_matched_cluster,78,18,8.305184364318848,8.057578086853027,8.223674774169922,8.62127685546875,0.30518436431884766,0.057578086853027344,0.22367477416992188,0.62127685546875,False
denoised,8.0,duplicate_removal,fp_matched_cluster,79,10,8.217042922973633,8.056520462036133,8.166084289550781,8.36081600189209,0.2170429229736328,0.05652046203613281,0.16608428955078125,0.36081600189208984,False
denoised,8.0,duplicate_removal,fp_matched_cluster,80,12,8.383040428161621,8.087959289550781,8.281890869140625,8.811603546142578,0.3830404281616211,0.08795928955078125,0.281890869140625,0.8116035461425781,False
denoised,8.0,duplicate_removal,fp_matched_cluster,81,11,8.452498435974121,8.140684127807617,8.258925437927246,8.81501579284668,0.4524984359741211,0.1406841278076172,0.2589254379272461,0.8150157928466797,False
denoised,8.0,duplicate_removal,fp_matched_cluster,82,18,8.447607040405273,8.070128440856934,8.281094551086426,8.892255783081055,0.44760704040527344,0.0701284408569336,0.2810945510864258,0.8922557830810547,False
denoised,8.0,duplicate_removal,fp_matched_cluster,83,8,8.49624252319336,8.152243614196777,8.357255935668945,8.910553932189941,0.4962425231933594,0.15224361419677734,0.3572559356689453,0.9105539321899414,False
denoised,8.0,duplicate_removal,fp_matched_cluster,84,10,8.26673412322998,8.018115043640137,8.229108810424805,8.505475997924805,0.26673412322998047,0.01811504364013672,0.2291088104248047,0.5054759979248047,False
denoised,8.0,duplicate_removal,fp_matched_cluster,85,6,8.228878021240234,8.039507865905762,8.120166778564453,8.526958465576172,0.22887802124023438,0.03950786590576172,0.12016677856445312,0.5269584655761719,False
denoised,8.0,duplicate_removal,fp_matched_cluster,86,10,8.449371337890625,8.022003173828125,8.434887886047363,8.774463653564453,0.449371337890625,0.022003173828125,0.4348878860473633,0.7744636535644531,False
denoised,8.0,duplicate_removal,fp_matched_cluster,87,7,8.214510917663574,8.098503112792969,8.174270629882812,8.359688758850098,0.21451091766357422,0.09850311279296875,0.1742706298828125,0.35968875885009766,False
denoised,8.0,duplicate_removal,fp_matched_cluster,88,6,8.186288833618164,8.058887481689453,8.102989196777344,8.396989822387695,0.18628883361816406,0.058887481689453125,0.10298919677734375,0.3969898223876953,False
denoised,8.0,duplicate_removal,fp_matched_cluster,89,1,8.268559455871582,8.268559455871582,8.268559455871582,8.268559455871582,0.26855945587158203,0.26855945587158203,0.26855945587158203,0.26855945587158203,False
denoised,8.0,duplicate_removal,fp_matched_cluster,90,2,8.521368026733398,8.421399116516113,8.521368026733398,8.621337890625,0.5213680267333984,0.4213991165161133,0.5213680267333984,0.621337890625,False
denoised,8.0,duplicate_removal,fp_matched_cluster,91,5,8.339754104614258,8.02178955078125,8.046723365783691,8.851174354553223,0.3397541046142578,0.02178955078125,0.046723365783691406,0.8511743545532227,False
denoised,8.0,duplicate_removal,fp_matched_cluster,92,8,8.51028823852539,8.103803634643555,8.236934661865234,9.113496780395508,0.5102882385253906,0.10380363464355469,0.23693466186523438,1.1134967803955078,False
denoised,8.0,duplicate_removal,fp_matched_cluster,93,5,8.256525993347168,8.068593978881836,8.188804626464844,8.515301704406738,0.25652599334716797,0.06859397888183594,0.18880462646484375,0.5153017044067383,False
denoised,8.0,duplicate_removal,fp_matched_cluster,94,2,8.190135955810547,8.12098503112793,8.190135955810547,8.259286880493164,0.19013595581054688,0.12098503112792969,0.19013595581054688,0.25928688049316406,False
denoised,8.0,duplicate_removal,fp_matched_cluster,95,5,8.666009902954102,8.027149200439453,8.272639274597168,9.635663032531738,0.6660099029541016,0.027149200439453125,0.27263927459716797,1.6356630325317383,False
denoised,8.0,duplicate_removal,fp_matched_cluster,96,2,8.697681427001953,8.591897964477539,8.697681427001953,8.803464889526367,0.6976814270019531,0.5918979644775391,0.6976814270019531,0.8034648895263672,False
denoised,8.0,duplicate_removal,fp_matched_cluster,97,4,10.22026824951172,8.118816375732422,8.348459243774414,13.819168090820312,2.2202682495117205,0.11881637573242188,0.34845924377441406,5.8191680908203125,False
denoised,8.0,duplicate_removal,fp_matched_cluster,98,3,8.942534446716309,8.094705581665039,8.157681465148926,10.104304313659668,0.9425344467163086,0.09470558166503906,0.15768146514892578,2.104304313659668,False
denoised,8.0,duplicate_removal,fp_matched_cluster,99,1,8.068967819213867,8.068967819213867,8.068967819213867,8.068967819213867,0.06896781921386719,0.06896781921386719,0.06896781921386719,0.06896781921386719,False
denoised,8.0,duplicate_removal,tp,0,11230,35.25123596191406,30.71759986877441,35.90159225463867,39.4947509765625,27.251235961914062,22.71759986877441,27.901592254638672,31.4947509765625,True
denoised,8.0,duplicate_removal,tp,1,11910,33.39354705810547,27.949359893798828,34.473976135253906,38.61223220825195,25.39354705810547,19.949359893798828,26.473976135253906,30.612232208251953,True
denoised,8.0,duplicate_removal,tp,2,9342,29.94595718383789,17.806211471557617,32.01331329345703,37.39826965332031,21.94595718383789,9.806211471557617,24.01331329345703,29.398269653320312,True
denoised,8.0,duplicate_removal,tp,3,7029,25.731678009033203,16.06875228881836,27.767553329467773,35.57867431640625,17.731678009033203,8.06875228881836,19.767553329467773,27.57867431640625,True
denoised,8.0,duplicate_removal,tp,4,6370,21.70681571960449,15.198436737060549,18.82791519165039,32.56129455566406,13.706815719604489,7.198436737060549,10.82791519165039,24.561294555664062,True
denoised,8.0,duplicate_removal,tp,5,6425,18.94258117675781,14.506502151489258,17.622880935668945,27.9329833984375,10.942581176757809,6.506502151489258,9.622880935668945,19.9329833984375,True
denoised,8.0,duplicate_removal,tp,6,6575,17.510271072387695,13.905817031860352,16.98248291015625,20.58376121520996,9.510271072387695,5.905817031860352,8.98248291015625,12.583761215209961,True
denoised,8.0,duplicate_removal,tp,7,6662,16.67156982421875,13.483071327209473,16.49960708618164,19.6474666595459,8.67156982421875,5.483071327209473,8.49960708618164,11.647466659545898,True
denoised,8.0,duplicate_removal,tp,8,6494,16.19058609008789,13.127055168151855,16.114505767822266,19.089603424072266,8.19058609008789,5.1270551681518555,8.114505767822266,11.089603424072266,True
denoised,8.0,duplicate_removal,tp,9,6182,15.723735809326172,12.702765464782717,15.665538787841797,18.661304473876957,7.723735809326172,4.702765464782717,7.665538787841797,10.661304473876957,True
denoised,8.0,duplicate_removal,tp,10,5640,15.227367401123049,12.271924018859863,15.208542823791504,18.149940490722656,7.227367401123049,4.271924018859863,7.208542823791504,10.149940490722656,True
denoised,8.0,duplicate_removal,tp,11,5054,14.843416213989258,11.980660438537598,14.725247383117676,17.76166343688965,6.843416213989258,3.9806604385375977,6.725247383117676,9.761663436889648,True
denoised,8.0,duplicate_removal,tp,12,4515,14.506053924560549,11.661845207214355,14.379095077514648,17.500537872314453,6.506053924560549,3.6618452072143555,6.379095077514648,9.500537872314453,True
denoised,8.0,duplicate_removal,tp,13,3931,14.001622200012209,11.285919189453123,13.787079811096191,16.948753356933594,6.001622200012209,3.2859191894531232,5.787079811096191,8.948753356933594,True
denoised,8.0,duplicate_removal,tp,14,3280,13.643759727478027,11.008065223693848,13.4637451171875,16.572359085083008,5.643759727478027,3.0080652236938477,5.4637451171875,8.572359085083008,True
denoised,8.0,duplicate_removal,tp,15,2861,13.215710639953612,10.666654586791992,12.962797164916992,16.122297286987305,5.2157106399536115,2.666654586791992,4.962797164916992,8.122297286987305,True
denoised,8.0,duplicate_removal,tp,16,2490,12.767984390258787,10.39512538909912,12.493005752563477,15.582511901855469,4.767984390258787,2.3951253890991193,4.493005752563477,7.582511901855469,True
denoised,8.0,duplicate_removal,tp,17,2089,12.55063533782959,10.24095344543457,12.322502136230469,15.27166748046875,4.55063533782959,2.2409534454345703,4.322502136230469,7.27166748046875,True
denoised,8.0,duplicate_removal,tp,18,1735,12.173416137695312,10.02613353729248,11.887239456176758,14.793146133422852,4.1734161376953125,2.0261335372924805,3.887239456176758,6.793146133422852,True
denoised,8.0,duplicate_removal,tp,19,1505,11.845610618591309,9.801520347595217,11.533157348632812,14.339092254638672,3.8456106185913086,1.8015203475952166,3.5331573486328125,6.339092254638672,True
denoised,8.0,duplicate_removal,tp,20,1293,11.650297164916992,9.577141761779783,11.280344009399414,14.280192375183104,3.650297164916992,1.5771417617797834,3.280344009399414,6.280192375183104,True
denoised,8.0,duplicate_removal,tp,21,1225,11.30016040802002,9.459635734558104,10.947141647338867,13.737783432006836,3.3001604080200195,1.4596357345581037,2.947141647338867,5.737783432006836,True
denoised,8.0,duplicate_removal,tp,22,1024,10.919549942016602,9.341511726379396,10.629446029663086,12.985498428344728,2.9195499420166016,1.3415117263793963,2.629446029663086,4.985498428344728,True
denoised,8.0,duplicate_removal,tp,23,943,10.725048065185549,9.17160415649414,10.4794340133667,12.48180866241455,2.7250480651855487,1.1716041564941406,2.479434013366699,4.481808662414551,True
denoised,8.0,duplicate_removal,tp,24,788,10.552342414855955,8.902884483337402,10.294837951660156,12.53182888031006,2.5523424148559553,0.9028844833374023,2.2948379516601562,4.53182888031006,True
denoised,8.0,duplicate_removal,tp,25,717,10.418601989746094,9.062358856201172,10.130160331726074,12.127422332763672,2.4186019897460938,1.0623588562011719,2.130160331726074,4.127422332763672,True
denoised,8.0,duplicate_removal,tp,26,643,10.118640899658203,8.792520523071289,9.974312782287598,11.68130588531494,2.118640899658203,0.7925205230712891,1.9743127822875977,3.6813058853149396,True
denoised,8.0,duplicate_removal,tp,27,618,10.065160751342772,8.776484489440918,9.856942176818848,11.589221000671388,2.0651607513427717,0.776484489440918,1.8569421768188477,3.5892210006713885,True
denoised,8.0,duplicate_removal,tp,28,586,9.850372314453123,8.642007827758789,9.614013671875,11.39735221862793,1.8503723144531232,0.6420078277587891,1.614013671875,3.3973522186279297,True
denoised,8.0,duplicate_removal,tp,29,529,9.718221664428713,8.574125289916992,9.545503616333008,11.153464317321776,1.7182216644287127,0.5741252899169922,1.5455036163330078,3.1534643173217756,True
denoised,8.0,duplicate_removal,tp,30,489,9.633313179016112,8.557390213012695,9.450383186340332,11.02376651763916,1.6333131790161115,0.5573902130126953,1.450383186340332,3.02376651763916,True
denoised,8.0,duplicate_removal,tp,31,483,9.459399223327637,8.406569480895996,9.256017684936523,10.716875076293944,1.4593992233276367,0.4065694808959961,1.2560176849365234,2.7168750762939435,True
denoised,8.0,duplicate_removal,tp,32,389,9.283987045288086,8.337421417236328,9.171064376831056,10.322388648986816,1.283987045288086,0.3374214172363281,1.1710643768310565,2.3223886489868164,True
denoised,8.0,duplicate_removal,tp,33,368,9.225497245788574,8.313393592834473,9.043533325195312,10.208843231201172,1.2254972457885742,0.31339359283447266,1.0435333251953125,2.208843231201172,True
denoised,8.0,duplicate_removal,tp,34,359,9.196422576904297,8.307976722717285,8.994739532470703,10.291871070861816,1.1964225769042969,0.30797672271728516,0.9947395324707031,2.2918710708618164,True
denoised,8.0,duplicate_removal,tp,35,295,9.16201400756836,8.341397285461426,8.93840503692627,10.193198204040527,1.1620140075683594,0.3413972854614258,0.9384050369262695,2.1931982040405273,True
denoised,8.0,duplicate_removal,tp,36,298,8.998252868652344,8.209060668945312,8.833822250366211,9.87861442565918,0.9982528686523438,0.2090606689453125,0.8338222503662109,1.8786144256591797,True
denoised,8.0,duplicate_removal,tp,37,275,8.867834091186523,8.155731201171875,8.759944915771484,9.719904899597168,0.8678340911865234,0.155731201171875,0.7599449157714844,1.719904899597168,True
denoised,8.0,duplicate_removal,tp,38,272,8.866971969604492,8.143631935119629,8.76180362701416,9.692888259887695,0.8669719696044922,0.1436319351196289,0.7618036270141602,1.6928882598876953,True
denoised,8.0,duplicate_removal,tp,39,246,8.84583568572998,8.143190383911133,8.682933807373047,9.77657985687256,0.8458356857299805,0.1431903839111328,0.6829338073730469,1.7765798568725604,True
denoised,8.0,duplicate_removal,tp,40,222,8.753045082092285,8.103109359741211,8.627260208129883,9.353503227233888,0.7530450820922852,0.10310935974121094,0.6272602081298828,1.3535032272338885,True
denoised,8.0,duplicate_removal,tp,41,228,8.732989311218262,8.09836196899414,8.575324058532715,9.547956466674805,0.7329893112182617,0.09836196899414062,0.5753240585327148,1.5479564666748047,True
denoised,8.0,duplicate_removal,tp,42,163,8.701117515563965,8.121718406677246,8.554015159606934,9.373973846435549,0.7011175155639648,0.1217184066772461,0.5540151596069336,1.3739738464355487,True
denoised,8.0,duplicate_removal,tp,43,150,8.683905601501465,8.126104354858398,8.521239280700684,9.393935203552246,0.6839056015014648,0.12610435485839844,0.5212392807006836,1.393935203552246,True
denoised,8.0,duplicate_removal,tp,44,164,8.701831817626953,8.089945793151855,8.490668296813965,9.631799697875977,0.7018318176269531,0.08994579315185547,0.49066829681396484,1.6317996978759766,True
denoised,8.0,duplicate_removal,tp,45,142,8.583391189575195,8.093234062194824,8.416918754577637,9.18323802947998,0.5833911895751953,0.09323406219482422,0.4169187545776367,1.1832380294799805,True
denoised,8.0,duplicate_removal,tp,46,120,8.74958324432373,8.056253433227539,8.485393524169922,9.255179405212402,0.7495832443237305,0.05625343322753906,0.4853935241699219,1.2551794052124023,True
denoised,8.0,duplicate_removal,tp,47,95,8.635589599609375,8.101628303527832,8.423593521118164,9.473349571228027,0.635589599609375,0.10162830352783203,0.42359352111816406,1.4733495712280273,False
denoised,8.0,duplicate_removal,tp,48,77,8.50314998626709,8.070510864257812,8.40727710723877,9.05147933959961,0.5031499862670898,0.0705108642578125,0.40727710723876953,1.0514793395996094,False
denoised,8.0,duplicate_removal,tp,49,70,8.53913688659668,8.070080757141113,8.366827011108398,9.17416286468506,0.5391368865966797,0.07008075714111328,0.36682701110839844,1.1741628646850604,False
denoised,8.0,duplicate_removal,tp,50,72,8.401310920715332,8.055453300476074,8.238367080688477,8.928542137145996,0.40131092071533203,0.05545330047607422,0.23836708068847656,0.9285421371459961,False
denoised,8.0,duplicate_removal,tp,51,55,8.554388999938965,8.093836784362793,8.444199562072754,9.245309829711914,0.5543889999389648,0.09383678436279297,0.4441995620727539,1.245309829711914,False
denoised,8.0,duplicate_removal,tp,52,73,8.48879337310791,8.054275512695312,8.354961395263672,9.038976669311523,0.48879337310791016,0.0542755126953125,0.3549613952636719,1.0389766693115234,False
denoised,8.0,duplicate_removal,tp,53,57,8.395757675170898,8.053065299987793,8.323142051696777,8.797301292419434,0.39575767517089844,0.05306529998779297,0.32314205169677734,0.7973012924194336,False
denoised,8.0,duplicate_removal,tp,54,49,8.411123275756836,8.065735816955566,8.25844955444336,8.757941246032715,0.41112327575683594,0.0657358169555664,0.2584495544433594,0.7579412460327148,False
denoised,8.0,duplicate_removal,tp,55,38,8.469874382019043,8.052358627319336,8.306951522827148,9.164827346801758,0.46987438201904297,0.05235862731933594,0.30695152282714844,1.1648273468017578,False
denoised,8.0,duplicate_removal,tp,56,26,8.374520301818848,8.036334037780762,8.242888450622559,8.696722030639648,0.37452030181884766,0.03633403778076172,0.2428884506225586,0.6967220306396484,False
denoised,8.0,duplicate_removal,tp,57,34,8.597723007202148,8.033062934875488,8.211967468261719,9.075965881347656,0.5977230072021484,0.03306293487548828,0.21196746826171875,1.0759658813476562,False
denoised,8.0,duplicate_removal,tp,58,27,8.754008293151855,8.097760200500488,8.375761032104492,8.906543731689453,0.7540082931518555,0.09776020050048828,0.3757610321044922,0.9065437316894531,False
denoised,8.0,duplicate_removal,tp,59,27,8.264203071594238,8.02701473236084,8.200270652770996,8.661883354187012,0.2642030715942383,0.027014732360839844,0.2002706527709961,0.6618833541870117,False
denoised,8.0,duplicate_removal,tp,60,18,8.652233123779297,8.073798179626465,8.264820098876953,9.84560203552246,0.6522331237792969,0.07379817962646484,0.2648200988769531,1.8456020355224592,False
denoised,8.0,duplicate_removal,tp,61,12,8.449267387390137,8.046053886413574,8.291269302368164,9.025537490844728,0.4492673873901367,0.04605388641357422,0.29126930236816406,1.0255374908447283,False
denoised,8.0,duplicate_removal,tp,62,11,8.471858024597168,8.058797836303711,8.361247062683105,9.219071388244627,0.47185802459716797,0.05879783630371094,0.36124706268310547,1.2190713882446271,False
denoised,8.0,duplicate_removal,tp,63,13,8.52135181427002,8.054436683654785,8.383658409118652,9.164250373840332,0.5213518142700195,0.054436683654785156,0.38365840911865234,1.164250373840332,False
denoised,8.0,duplicate_removal,tp,64,13,8.532380104064941,8.053104400634766,8.210943222045898,9.113752365112305,0.5323801040649414,0.053104400634765625,0.21094322204589844,1.1137523651123047,False
denoised,8.0,duplicate_removal,tp,65,14,8.384803771972656,8.036478042602539,8.236030578613281,8.887928009033203,0.38480377197265625,0.03647804260253906,0.23603057861328125,0.8879280090332031,False
denoised,8.0,duplicate_removal,tp,66,10,8.235966682434082,8.035470962524414,8.191024780273438,8.511446952819824,0.23596668243408203,0.03547096252441406,0.1910247802734375,0.5114469528198242,False
denoised,8.0,duplicate_removal,tp,67,7,8.401666641235352,8.158437728881836,8.231239318847656,8.804281234741211,0.40166664123535156,0.15843772888183594,0.23123931884765625,0.8042812347412109,False
denoised,8.0,duplicate_removal,tp,68,6,8.138216972351074,8.02501106262207,8.116344451904297,8.273294448852539,0.13821697235107422,0.025011062622070312,0.11634445190429688,0.27329444885253906,False
denoised,8.0,duplicate_removal,tp,69,2,8.058405876159668,8.035745620727539,8.058405876159668,8.081066131591797,0.05840587615966797,0.03574562072753906,0.05840587615966797,0.08106613159179688,False
denoised,8.0,duplicate_removal,tp,70,5,8.584115982055664,8.03164291381836,8.317680358886719,9.270315170288086,0.5841159820556641,0.031642913818359375,0.31768035888671875,1.270315170288086,False
denoised,8.0,duplicate_removal,tp,71,2,8.422921180725098,8.1593599319458,8.422921180725098,8.686482429504395,0.42292118072509766,0.15935993194580078,0.42292118072509766,0.6864824295043945,False
denoised,8.0,duplicate_removal,tp,72,1,8.252413749694824,8.252413749694824,8.252413749694824,8.252413749694824,0.2524137496948242,0.2524137496948242,0.2524137496948242,0.2524137496948242,False
denoised,8.0,duplicate_removal,tp,73,2,8.171092987060547,8.117215156555176,8.171092987060547,8.224969863891602,0.17109298706054688,0.11721515655517578,0.17109298706054688,0.22496986389160156,False
denoised,8.0,duplicate_removal,tp,74,4,8.60539722442627,8.119966506958008,8.248319625854492,9.37648868560791,0.6053972244262695,0.11996650695800781,0.2483196258544922,1.3764886856079102,False
denoised,8.0,duplicate_removal,tp,76,1,8.070564270019531,8.070564270019531,8.070564270019531,8.070564270019531,0.07056427001953125,0.07056427001953125,0.07056427001953125,0.07056427001953125,False
denoised,8.0,duplicate_removal,tp,77,1,8.093100547790527,8.093100547790527,8.093100547790527,8.093100547790527,0.09310054779052734,0.09310054779052734,0.09310054779052734,0.09310054779052734,False
denoised,8.0,duplicate_removal,tp,78,1,8.214873313903809,8.214873313903809,8.214873313903809,8.214873313903809,0.2148733139038086,0.2148733139038086,0.2148733139038086,0.2148733139038086,False
denoised,8.0,duplicate_removal,tp,79,1,8.218374252319336,8.218374252319336,8.218374252319336,8.218374252319336,0.21837425231933594,0.21837425231933594,0.21837425231933594,0.21837425231933594,False
denoised,8.0,duplicate_removal,tp,80,1,20.428316116333008,20.428316116333008,20.428316116333008,20.428316116333008,12.428316116333008,12.428316116333008,12.428316116333008,12.428316116333008,False
denoised,8.0,duplicate_removal,tp,83,1,8.737567901611328,8.737567901611328,8.737567901611328,8.737567901611328,0.7375679016113281,0.7375679016113281,0.7375679016113281,0.7375679016113281,False
denoised,8.0,duplicate_removal,tp,84,1,24.06464958190918,24.06464958190918,24.06464958190918,24.06464958190918,16.06464958190918,16.06464958190918,16.06464958190918,16.06464958190918,False
denoised,8.0,duplicate_removal,tp,85,1,8.354934692382812,8.354934692382812,8.354934692382812,8.354934692382812,0.3549346923828125,0.3549346923828125,0.3549346923828125,0.3549346923828125,False
denoised,8.0,duplicate_removal,tp,86,1,8.585707664489746,8.585707664489746,8.585707664489746,8.585707664489746,0.5857076644897461,0.5857076644897461,0.5857076644897461,0.5857076644897461,False
denoised,8.0,duplicate_removal,tp,91,1,8.078964233398438,8.078964233398438,8.078964233398438,8.078964233398438,0.0789642333984375,0.0789642333984375,0.0789642333984375,0.0789642333984375,False
denoised,8.0,duplicate_removal,tp,93,3,8.322379112243652,8.009055137634277,8.026935577392578,8.75387954711914,0.32237911224365234,0.009055137634277344,0.026935577392578125,0.7538795471191406,False
denoised,8.0,duplicate_removal,tp,94,1,8.302727699279785,8.302727699279785,8.302727699279785,8.302727699279785,0.30272769927978516,0.30272769927978516,0.30272769927978516,0.30272769927978516,False
denoised,8.0,duplicate_removal,tp,97,1,8.0589017868042,8.0589017868042,8.0589017868042,8.0589017868042,0.05890178680419922,0.05890178680419922,0.05890178680419922,0.05890178680419922,False
denoised,8.0,duplicate_removal,unmatched_cluster,0,272595,41.2080192565918,28.04290580749512,39.90593719482422,55.45432662963867,33.2080192565918,20.04290580749512,31.90593719482422,47.45432662963867,True
denoised,8.0,duplicate_removal,unmatched_cluster,1,250781,32.55765914916992,22.02373695373535,32.3326416015625,43.21011352539063,24.557659149169922,14.023736953735352,24.3326416015625,35.21011352539063,True
denoised,8.0,duplicate_removal,unmatched_cluster,2,242496,27.876096725463867,19.35887908935547,27.6640625,36.572303771972656,19.876096725463867,11.358879089355469,19.6640625,28.572303771972656,True
denoised,8.0,duplicate_removal,unmatched_cluster,3,237189,24.68697166442871,17.26525115966797,24.015033721923828,32.86695861816406,16.68697166442871,9.265251159667969,16.015033721923828,24.866958618164062,True
denoised,8.0,duplicate_removal,unmatched_cluster,4,232537,22.273717880249023,15.627850532531738,21.59318733215332,29.829185485839844,14.273717880249023,7.627850532531738,13.59318733215332,21.829185485839844,True
denoised,8.0,duplicate_removal,unmatched_cluster,5,227623,20.37672615051269,14.410795211791992,19.974557876586918,27.029438018798828,12.376726150512692,6.410795211791992,11.974557876586918,19.029438018798828,True
denoised,8.0,duplicate_removal,unmatched_cluster,6,224218,18.836652755737305,13.441360473632812,18.544910430908203,24.578346252441406,10.836652755737305,5.4413604736328125,10.544910430908203,16.578346252441406,True
denoised,8.0,duplicate_removal,unmatched_cluster,7,221644,17.55028533935547,12.678647994995115,17.201011657714844,22.662940979003903,9.550285339355469,4.678647994995115,9.201011657714844,14.662940979003903,True
denoised,8.0,duplicate_removal,unmatched_cluster,8,219482,16.45871353149414,12.06169605255127,16.026599884033203,21.244190216064453,8.45871353149414,4.0616960525512695,8.026599884033203,13.244190216064453,True
denoised,8.0,duplicate_removal,unmatched_cluster,9,217745,15.530778884887695,11.570178985595703,15.062111854553224,20.06151008605957,7.530778884887695,3.570178985595703,7.062111854553224,12.06151008605957,True
denoised,8.0,duplicate_removal,unmatched_cluster,10,216573,14.732548713684082,11.166476249694824,14.24789810180664,19.002138137817383,6.732548713684082,3.166476249694824,6.247898101806641,11.002138137817383,True
denoised,8.0,duplicate_removal,unmatched_cluster,11,215259,14.038119316101074,10.833895683288574,13.555635452270508,17.956634521484375,6.038119316101074,2.833895683288574,5.555635452270508,9.956634521484375,True
denoised,8.0,duplicate_removal,unmatched_cluster,12,215024,13.430335998535156,10.54458999633789,12.948843002319336,16.99919891357422,5.430335998535156,2.5445899963378906,4.948843002319336,8.999198913574219,True
denoised,8.0,duplicate_removal,unmatched_cluster,13,214072,12.905622482299805,10.28803253173828,12.441529273986816,16.167524337768555,4.905622482299805,2.2880325317382795,4.441529273986816,8.167524337768555,True
denoised,8.0,duplicate_removal,unmatched_cluster,14,213778,12.442201614379885,10.073558807373049,12.006277084350586,15.416025161743164,4.442201614379885,2.0735588073730487,4.006277084350586,7.416025161743164,True
denoised,8.0,duplicate_removal,unmatched_cluster,15,212742,12.03743839263916,9.875039100646973,11.626203536987305,14.753853797912598,4.03743839263916,1.8750391006469727,3.6262035369873047,6.753853797912598,True
denoised,8.0,duplicate_removal,unmatched_cluster,16,212469,11.680694580078123,9.701555252075195,11.30592441558838,14.15317726135254,3.6806945800781232,1.7015552520751953,3.3059244155883807,6.153177261352541,True
denoised,8.0,duplicate_removal,unmatched_cluster,17,212138,11.363310813903809,9.545768737792969,11.021560668945312,13.624551773071287,3.3633108139038086,1.5457687377929688,3.0215606689453125,5.624551773071287,True
denoised,8.0,duplicate_removal,unmatched_cluster,18,211955,11.083732604980469,9.3976469039917,10.772283554077148,13.157691955566406,3.0837326049804688,1.3976469039916992,2.7722835540771484,5.157691955566406,True
denoised,8.0,duplicate_removal,unmatched_cluster,19,211808,10.829397201538086,9.263489723205566,10.550235748291016,12.743061065673828,2.829397201538086,1.2634897232055664,2.5502357482910156,4.743061065673828,True
denoised,8.0,duplicate_removal,unmatched_cluster,20,211469,10.603015899658203,9.141091346740724,10.349193572998049,12.357813835144045,2.603015899658203,1.1410913467407244,2.3491935729980487,4.357813835144045,True
denoised,8.0,duplicate_removal,unmatched_cluster,21,211368,10.39920425415039,9.026598930358888,10.169397354125977,12.036809921264648,2.3992042541503906,1.0265989303588885,2.1693973541259766,4.036809921264648,True
denoised,8.0,duplicate_removal,unmatched_cluster,22,210591,10.215006828308104,8.921278953552246,10.006170272827148,11.733110427856444,2.2150068283081037,0.9212789535522461,2.0061702728271484,3.7331104278564435,True
denoised,8.0,duplicate_removal,unmatched_cluster,23,209905,10.047657012939451,8.82387638092041,9.855886459350586,11.468551635742188,2.0476570129394513,0.8238763809204102,1.855886459350586,3.4685516357421875,True
denoised,8.0,duplicate_removal,unmatched_cluster,24,209781,9.891973495483398,8.732538223266602,9.713089942932127,11.228826522827148,1.8919734954833984,0.7325382232666016,1.7130899429321271,3.2288265228271484,True
denoised,8.0,duplicate_removal,unmatched_cluster,25,208801,9.752525329589844,8.65365219116211,9.583929061889648,11.015795707702637,1.7525253295898438,0.6536521911621094,1.5839290618896484,3.0157957077026367,True
denoised,8.0,duplicate_removal,unmatched_cluster,26,207716,9.625171661376951,8.576957702636719,9.46862506866455,10.820768356323242,1.6251716613769513,0.5769577026367188,1.4686250686645508,2.820768356323242,True
denoised,8.0,duplicate_removal,unmatched_cluster,27,206569,9.506197929382324,8.507370948791504,9.35763168334961,10.64182472229004,1.5061979293823242,0.5073709487915039,1.3576316833496094,2.641824722290041,True
denoised,8.0,duplicate_removal,unmatched_cluster,28,204840,9.39687728881836,8.442852973937988,9.256357192993164,10.480036735534668,1.3968772888183594,0.4428529739379883,1.256357192993164,2.480036735534668,True
denoised,8.0,duplicate_removal,unmatched_cluster,29,202909,9.29970645904541,8.38866901397705,9.165863037109377,10.335843086242676,1.2997064590454102,0.3886690139770508,1.1658630371093768,2.335843086242676,True
denoised,8.0,duplicate_removal,unmatched_cluster,30,200283,9.209699630737305,8.342707633972168,9.07829475402832,10.199583053588867,1.2096996307373047,0.34270763397216797,1.0782947540283203,2.199583053588867,True
denoised,8.0,duplicate_removal,unmatched_cluster,31,197890,9.126306533813477,8.300334930419922,8.997159957885742,10.071403503417969,1.1263065338134766,0.3003349304199219,0.9971599578857422,2.0714035034179688,True
denoised,8.0,duplicate_removal,unmatched_cluster,32,194467,9.050018310546877,8.2623929977417,8.92242431640625,9.955666542053224,1.0500183105468768,0.2623929977416992,0.92242431640625,1.9556665420532244,True
denoised,8.0,duplicate_removal,unmatched_cluster,33,190410,8.978967666625977,8.229743003845215,8.853705406188965,9.846561431884766,0.9789676666259766,0.22974300384521484,0.8537054061889648,1.8465614318847656,True
denoised,8.0,duplicate_removal,unmatched_cluster,34,185756,8.914371490478516,8.202898025512695,8.790275573730469,9.74673080444336,0.9143714904785156,0.2028980255126953,0.7902755737304688,1.7467308044433594,True
denoised,8.0,duplicate_removal,unmatched_cluster,35,180763,8.855508804321289,8.17973804473877,8.732617378234863,9.649297714233398,0.8555088043212891,0.17973804473876953,0.7326173782348633,1.6492977142333984,True
denoised,8.0,duplicate_removal,unmatched_cluster,36,175001,8.800558090209961,8.158134460449219,8.679555892944336,9.56446647644043,0.8005580902099609,0.15813446044921875,0.6795558929443359,1.5644664764404297,True
denoised,8.0,duplicate_removal,unmatched_cluster,37,168918,8.752859115600586,8.141892433166504,8.631498336791992,9.48394012451172,0.7528591156005859,0.1418924331665039,0.6314983367919922,1.4839401245117205,True
denoised,8.0,duplicate_removal,unmatched_cluster,38,161925,8.70723819732666,8.126437187194824,8.585770606994629,9.410710334777832,0.7072381973266602,0.12643718719482422,0.5857706069946289,1.410710334777832,True
denoised,8.0,duplicate_removal,unmatched_cluster,39,154229,8.666902542114258,8.113231658935547,8.545774459838867,9.344755172729492,0.6669025421142578,0.11323165893554688,0.5457744598388672,1.3447551727294922,True
denoised,8.0,duplicate_removal,unmatched_cluster,40,146420,8.62920093536377,8.100617408752441,8.509834289550781,9.280424118041992,0.6292009353637695,0.1006174087524414,0.5098342895507812,1.2804241180419922,True
denoised,8.0,duplicate_removal,unmatched_cluster,41,137603,8.598115921020508,8.093538284301758,8.478818893432617,9.226393699645996,0.5981159210205078,0.09353828430175781,0.4788188934326172,1.226393699645996,True
denoised,8.0,duplicate_removal,unmatched_cluster,42,129168,8.56663703918457,8.084797859191895,8.44912338256836,9.174394607543944,0.5666370391845703,0.08479785919189453,0.4491233825683594,1.1743946075439435,True
denoised,8.0,duplicate_removal,unmatched_cluster,43,120869,8.53855037689209,8.077534675598145,8.420722007751465,9.12522792816162,0.5385503768920898,0.07753467559814453,0.42072200775146484,1.1252279281616193,True
denoised,8.0,duplicate_removal,unmatched_cluster,44,111919,8.512872695922852,8.070643424987793,8.39545726776123,9.08155632019043,0.5128726959228516,0.07064342498779297,0.39545726776123047,1.0815563201904297,True
denoised,8.0,duplicate_removal,unmatched_cluster,45,103397,8.489656448364258,8.065971374511719,8.373793601989746,9.036810874938965,0.4896564483642578,0.06597137451171875,0.3737936019897461,1.0368108749389648,True
denoised,8.0,duplicate_removal,unmatched_cluster,46,94903,8.47031021118164,8.061659812927246,8.353801727294922,9.003399848937988,0.4703102111816406,0.061659812927246094,0.3538017272949219,1.0033998489379883,True
denoised,8.0,duplicate_removal,unmatched_cluster,47,86319,8.452856063842773,8.058350563049316,8.336949348449707,8.97282600402832,0.45285606384277344,0.058350563049316406,0.33694934844970703,0.9728260040283203,True
denoised,8.0,duplicate_removal,unmatched_cluster,48,78578,8.434669494628906,8.053970336914062,8.320089340209961,8.936354637145996,0.43466949462890625,0.0539703369140625,0.32008934020996094,0.9363546371459961,True
denoised,8.0,duplicate_removal,unmatched_cluster,49,70708,8.419463157653809,8.051420211791992,8.30461597442627,8.912336349487305,0.4194631576538086,0.05142021179199219,0.30461597442626953,0.9123363494873047,True
denoised,8.0,duplicate_removal,unmatched_cluster,50,63645,8.407635688781738,8.048809051513672,8.291960716247559,8.887917518615723,0.4076356887817383,0.048809051513671875,0.2919607162475586,0.8879175186157227,True
denoised,8.0,duplicate_removal,unmatched_cluster,51,56797,8.395156860351562,8.046713829040527,8.279242515563965,8.868370056152344,0.3951568603515625,0.046713829040527344,0.27924251556396484,0.8683700561523438,True
denoised,8.0,duplicate_removal,unmatched_cluster,52,50596,8.381264686584473,8.043619155883789,8.266855239868164,8.844367980957031,0.38126468658447266,0.04361915588378906,0.26685523986816406,0.8443679809570312,True
denoised,8.0,duplicate_removal,unmatched_cluster,53,44684,8.375866889953613,8.04277229309082,8.255958557128906,8.83460521697998,0.3758668899536133,0.04277229309082031,0.25595855712890625,0.8346052169799805,True
denoised,8.0,duplicate_removal,unmatched_cluster,54,39314,8.370128631591797,8.040902137756348,8.251960754394531,8.814685821533203,0.3701286315917969,0.040902137756347656,0.25196075439453125,0.8146858215332031,True
denoised,8.0,duplicate_removal,unmatched_cluster,55,34720,8.364041328430176,8.038567543029785,8.245088577270508,8.804920196533203,0.3640413284301758,0.038567543029785156,0.2450885772705078,0.8049201965332031,True
denoised,8.0,duplicate_removal,unmatched_cluster,56,30279,8.35816764831543,8.03732681274414,8.23742389678955,8.794923782348633,0.3581676483154297,0.037326812744140625,0.23742389678955078,0.7949237823486328,True
denoised,8.0,duplicate_removal,unmatched_cluster,57,26459,8.350719451904297,8.036320686340332,8.231407165527344,8.787063598632812,0.3507194519042969,0.03632068634033203,0.23140716552734375,0.7870635986328125,True
denoised,8.0,duplicate_removal,unmatched_cluster,58,22885,8.352973937988281,8.036513328552246,8.225113868713379,8.791722297668457,0.35297393798828125,0.036513328552246094,0.2251138687133789,0.791722297668457,True
denoised,8.0,duplicate_removal,unmatched_cluster,59,19902,8.349325180053711,8.035113334655762,8.221983909606934,8.7815580368042,0.34932518005371094,0.03511333465576172,0.2219839096069336,0.7815580368041992,True
denoised,8.0,duplicate_removal,unmatched_cluster,60,17222,8.350988388061523,8.0331392288208,8.221418380737305,8.77862548828125,0.35098838806152344,0.03313922882080078,0.2214183807373047,0.77862548828125,True
denoised,8.0,duplicate_removal,unmatched_cluster,61,14834,8.353484153747559,8.03282642364502,8.218878746032715,8.778727531433105,0.3534841537475586,0.03282642364501953,0.21887874603271484,0.7787275314331055,True
denoised,8.0,duplicate_removal,unmatched_cluster,62,12847,8.35201644897461,8.03238296508789,8.219098091125488,8.780197143554688,0.3520164489746094,0.032382965087890625,0.21909809112548828,0.7801971435546875,True
denoised,8.0,duplicate_removal,unmatched_cluster,63,11116,8.358532905578613,8.033916473388672,8.223451614379883,8.808646202087402,0.3585329055786133,0.033916473388671875,0.2234516143798828,0.8086462020874023,True
denoised,8.0,duplicate_removal,unmatched_cluster,64,9680,8.358451843261719,8.032504081726074,8.222030639648438,8.80661392211914,0.35845184326171875,0.03250408172607422,0.2220306396484375,0.8066139221191406,True
denoised,8.0,duplicate_removal,unmatched_cluster,65,8354,8.365636825561523,8.032958030700684,8.218534469604492,8.833370208740234,0.36563682556152344,0.032958030700683594,0.2185344696044922,0.8333702087402344,True
denoised,8.0,duplicate_removal,unmatched_cluster,66,7192,8.367913246154785,8.033154487609863,8.216827392578125,8.857133865356445,0.36791324615478516,0.03315448760986328,0.216827392578125,0.8571338653564453,True
denoised,8.0,duplicate_removal,unmatched_cluster,67,6281,8.370793342590332,8.031822204589844,8.216303825378418,8.855328559875488,0.37079334259033203,0.03182220458984375,0.21630382537841797,0.8553285598754883,True
denoised,8.0,duplicate_removal,unmatched_cluster,68,5490,8.369462966918945,8.033112525939941,8.215738296508789,8.852970123291016,0.3694629669189453,0.033112525939941406,0.21573829650878906,0.8529701232910156,True
denoised,8.0,duplicate_removal,unmatched_cluster,69,4764,8.376777648925781,8.03116512298584,8.22416877746582,8.838665008544922,0.37677764892578125,0.031165122985839844,0.2241687774658203,0.8386650085449219,True
denoised,8.0,duplicate_removal,unmatched_cluster,70,4184,8.381109237670898,8.030577659606934,8.22673225402832,8.850228309631348,0.38110923767089844,0.030577659606933594,0.2267322540283203,0.8502283096313477,True
denoised,8.0,duplicate_removal,unmatched_cluster,71,3578,8.418435096740723,8.033988952636719,8.229738235473633,8.88520622253418,0.41843509674072266,0.03398895263671875,0.2297382354736328,0.8852062225341797,True
denoised,8.0,duplicate_removal,unmatched_cluster,72,3118,8.398015022277832,8.037036895751953,8.24132251739502,8.857303619384766,0.39801502227783203,0.037036895751953125,0.24132251739501953,0.8573036193847656,True
denoised,8.0,duplicate_removal,unmatched_cluster,73,2823,8.413307189941406,8.03342056274414,8.240111351013184,8.84782886505127,0.41330718994140625,0.033420562744140625,0.2401113510131836,0.8478288650512695,True
denoised,8.0,duplicate_removal,unmatched_cluster,74,2459,8.429075241088867,8.03600788116455,8.240358352661133,8.866764068603516,0.4290752410888672,0.03600788116455078,0.2403583526611328,0.8667640686035156,True
denoised,8.0,duplicate_removal,unmatched_cluster,75,2209,8.442930221557617,8.03467082977295,8.241456031799316,8.87751579284668,0.4429302215576172,0.03467082977294922,0.2414560317993164,0.8775157928466797,True
denoised,8.0,duplicate_removal,unmatched_cluster,76,1937,8.44629955291748,8.039252281188965,8.24921989440918,8.874696731567383,0.44629955291748047,0.039252281188964844,0.2492198944091797,0.8746967315673828,True
denoised,8.0,duplicate_removal,unmatched_cluster,77,1739,8.431415557861328,8.038694381713867,8.240934371948242,8.878828048706055,0.4314155578613281,0.03869438171386719,0.2409343719482422,0.8788280487060547,True
denoised,8.0,duplicate_removal,unmatched_cluster,78,1519,8.471555709838867,8.033018112182617,8.242608070373535,8.920310020446777,0.4715557098388672,0.03301811218261719,0.24260807037353516,0.9203100204467773,True
denoised,8.0,duplicate_removal,unmatched_cluster,79,1341,8.477263450622559,8.038308143615723,8.247282028198242,8.876225471496582,0.4772634506225586,0.038308143615722656,0.2472820281982422,0.876225471496582,True
denoised,8.0,duplicate_removal,unmatched_cluster,80,1225,8.517889976501465,8.0396089553833,8.2316312789917,8.873363494873047,0.5178899765014648,0.03960895538330078,0.23163127899169922,0.8733634948730469,True
denoised,8.0,duplicate_removal,unmatched_cluster,81,1101,8.590521812438965,8.041088104248047,8.245619773864746,8.95567798614502,0.5905218124389648,0.041088104248046875,0.2456197738647461,0.9556779861450195,True
denoised,8.0,duplicate_removal,unmatched_cluster,82,973,8.494417190551758,8.034296035766602,8.249403953552246,8.8650484085083,0.4944171905517578,0.03429603576660156,0.2494039535522461,0.8650484085083008,True
denoised,8.0,duplicate_removal,unmatched_cluster,83,855,8.504878044128418,8.040902137756348,8.245020866394043,8.846282958984375,0.504878044128418,0.040902137756347656,0.24502086639404297,0.846282958984375,True
denoised,8.0,duplicate_removal,unmatched_cluster,84,758,8.598478317260742,8.044573783874512,8.270519256591797,8.883270263671875,0.5984783172607422,0.04457378387451172,0.2705192565917969,0.883270263671875,True
denoised,8.0,duplicate_removal,unmatched_cluster,85,675,8.64750862121582,8.035199165344238,8.262287139892578,9.093000411987305,0.6475086212158203,0.03519916534423828,0.2622871398925781,1.0930004119873047,True
denoised,8.0,duplicate_removal,unmatched_cluster,86,613,8.608528137207031,8.039738655090332,8.267560005187988,9.034342765808104,0.6085281372070312,0.03973865509033203,0.2675600051879883,1.0343427658081037,True
denoised,8.0,duplicate_removal,unmatched_cluster,87,558,8.687732696533203,8.041620254516602,8.287738800048828,9.193782806396484,0.6877326965332031,0.04162025451660156,0.2877388000488281,1.1937828063964844,True
denoised,8.0,duplicate_removal,unmatched_cluster,88,523,8.635416984558105,8.052069664001465,8.289124488830566,9.107738494873049,0.6354169845581055,0.052069664001464844,0.2891244888305664,1.1077384948730487,True
denoised,8.0,duplicate_removal,unmatched_cluster,89,475,8.656262397766113,8.045215606689453,8.27686882019043,9.059043884277344,0.6562623977661133,0.045215606689453125,0.2768688201904297,1.0590438842773438,True
denoised,8.0,duplicate_removal,unmatched_cluster,90,430,8.658175468444824,8.050868034362793,8.246966361999512,9.092819213867188,0.6581754684448242,0.05086803436279297,0.24696636199951172,1.0928192138671875,True
denoised,8.0,duplicate_removal,unmatched_cluster,91,411,8.711301803588867,8.041341781616211,8.251816749572754,9.150099754333496,0.7113018035888672,0.04134178161621094,0.2518167495727539,1.150099754333496,True
denoised,8.0,duplicate_removal,unmatched_cluster,92,368,8.692909240722656,8.04406452178955,8.257829666137695,9.227044105529783,0.6929092407226562,0.04406452178955078,0.2578296661376953,1.2270441055297834,True
denoised,8.0,duplicate_removal,unmatched_cluster,93,335,8.834383964538574,8.039027214050293,8.260736465454102,9.43096160888672,0.8343839645385742,0.03902721405029297,0.26073646545410156,1.4309616088867205,True
denoised,8.0,duplicate_removal,unmatched_cluster,94,311,8.673694610595703,8.044641494750977,8.251030921936035,9.293048858642578,0.6736946105957031,0.04464149475097656,0.25103092193603516,1.2930488586425781,True
denoised,8.0,duplicate_removal,unmatched_cluster,95,288,8.872886657714844,8.045644760131836,8.245702743530273,9.506218910217283,0.8728866577148438,0.04564476013183594,0.24570274353027344,1.5062189102172834,True
denoised,8.0,duplicate_removal,unmatched_cluster,96,269,9.051775932312012,8.03171443939209,8.242422103881836,9.763648986816406,1.0517759323120117,0.031714439392089844,0.24242210388183594,1.7636489868164062,True
denoised,8.0,duplicate_removal,unmatched_cluster,97,240,8.84425163269043,8.03255558013916,8.224187850952148,9.677604675292969,0.8442516326904297,0.032555580139160156,0.22418785095214844,1.6776046752929688,True
denoised,8.0,duplicate_removal,unmatched_cluster,98,222,8.865265846252441,8.025781631469727,8.249466896057129,9.615694999694824,0.8652658462524414,0.025781631469726562,0.2494668960571289,1.6156949996948242,True
denoised,8.0,duplicate_removal,unmatched_cluster,99,204,9.179161071777344,8.039752006530762,8.320844650268555,9.792664527893066,1.1791610717773438,0.03975200653076172,0.3208446502685547,1.7926645278930664,True
raw_native,8.0,duplicate_removal,fp_matched_cluster,0,43,15.75924301147461,11.493057250976562,14.712261199951172,21.154056549072266,7.759243011474609,3.4930572509765625,6.712261199951172,13.154056549072266,False
raw_native,8.0,duplicate_removal,fp_matched_cluster,1,150,14.445257186889648,11.016435623168944,13.830482482910156,18.37870216369629,6.445257186889648,3.0164356231689435,5.830482482910156,10.378702163696289,True
raw_native,8.0,duplicate_removal,fp_matched_cluster,2,335,13.599565505981444,10.16762351989746,12.760601043701172,18.27153205871582,5.5995655059814435,2.167623519897459,4.760601043701172,10.27153205871582,True
raw_native,8.0,duplicate_removal,fp_matched_cluster,3,559,12.953612327575684,9.899534225463867,12.592070579528809,16.409618377685547,4.953612327575684,1.8995342254638672,4.592070579528809,8.409618377685547,True
raw_native,8.0,duplicate_removal,fp_matched_cluster,4,756,12.656428337097168,9.791736602783203,12.230204582214355,15.964783668518066,4.656428337097168,1.7917366027832031,4.2302045822143555,7.964783668518066,True
raw_native,8.0,duplicate_removal,fp_matched_cluster,5,1019,12.193167686462402,9.526068687438965,11.873985290527344,15.290934562683104,4.193167686462402,1.5260686874389648,3.8739852905273438,7.290934562683104,True
raw_native,8.0,duplicate_removal,fp_matched_cluster,6,1273,11.749741554260254,9.187664031982422,11.513195991516112,14.401585578918455,3.749741554260254,1.1876640319824219,3.5131959915161115,6.401585578918455,True
raw_native,8.0,duplicate_removal,fp_matched_cluster,7,1481,11.499414443969728,9.125471115112305,11.226926803588867,14.192798614501951,3.4994144439697283,1.1254711151123047,3.226926803588867,6.192798614501951,True
raw_native,8.0,duplicate_removal,fp_matched_cluster,8,1700,11.075542449951172,8.836382865905762,10.931203842163086,13.403919219970703,3.075542449951172,0.8363828659057617,2.931203842163086,5.403919219970703,True
raw_native,8.0,duplicate_removal,fp_matched_cluster,9,1840,10.848482131958008,8.677072525024414,10.645879745483398,13.199443817138672,2.848482131958008,0.6770725250244141,2.6458797454833984,5.199443817138672,True
raw_native,8.0,duplicate_removal,fp_matched_cluster,10,1915,10.546579360961914,8.6017427444458,10.33432388305664,12.770363807678224,2.546579360961914,0.6017427444458008,2.3343238830566406,4.770363807678224,True
raw_native,8.0,duplicate_removal,fp_matched_cluster,11,1993,10.389812469482422,8.469300270080566,10.16589641571045,12.588769912719728,2.389812469482422,0.4693002700805664,2.165896415710449,4.588769912719728,True
raw_native,8.0,duplicate_removal,fp_matched_cluster,12,1898,10.06136989593506,8.405496597290039,9.82368278503418,12.007441520690918,2.0613698959350604,0.40549659729003906,1.8236827850341797,4.007441520690918,True
raw_native,8.0,duplicate_removal,fp_matched_cluster,13,1852,9.907777786254885,8.356724739074707,9.699100494384766,11.75844955444336,1.9077777862548846,0.35672473907470703,1.6991004943847656,3.7584495544433594,True
raw_native,8.0,duplicate_removal,fp_matched_cluster,14,1799,9.748241424560549,8.282718658447266,9.41159725189209,11.578672409057615,1.7482414245605487,0.2827186584472656,1.4115972518920898,3.5786724090576154,True
raw_native,8.0,duplicate_removal,fp_matched_cluster,15,1680,9.571749687194824,8.259708404541016,9.318843841552734,11.235143661499023,1.5717496871948242,0.2597084045410156,1.3188438415527344,3.2351436614990234,True
raw_native,8.0,duplicate_removal,fp_matched_cluster,16,1462,9.480609893798828,8.236808776855469,9.233150482177734,11.035906791687012,1.4806098937988281,0.23680877685546875,1.2331504821777344,3.0359067916870117,True
raw_native,8.0,duplicate_removal,fp_matched_cluster,17,1362,9.295275688171388,8.196950912475586,9.035599708557127,10.767220497131348,1.2952756881713885,0.19695091247558594,1.0355997085571271,2.7672204971313477,True
raw_native,8.0,duplicate_removal,fp_matched_cluster,18,1209,9.218008041381836,8.162912368774414,8.94381046295166,10.650980949401855,1.218008041381836,0.16291236877441406,0.9438104629516602,2.6509809494018555,True
raw_native,8.0,duplicate_removal,fp_matched_cluster,19,1114,9.098641395568848,8.135235786437988,8.84246826171875,10.387807846069336,1.0986413955688477,0.13523578643798828,0.84246826171875,2.387807846069336,True
raw_native,8.0,duplicate_removal,fp_matched_cluster,20,1010,9.007328987121582,8.118634223937988,8.745584487915039,10.250591278076172,1.007328987121582,0.11863422393798828,0.7455844879150391,2.250591278076172,True
raw_native,8.0,duplicate_removal,fp_matched_cluster,21,790,8.917317390441895,8.122915267944336,8.68174934387207,10.181034088134766,0.9173173904418945,0.12291526794433594,0.6817493438720703,2.1810340881347656,True
raw_native,8.0,duplicate_removal,fp_matched_cluster,22,729,8.872854232788086,8.113224983215332,8.64678955078125,9.89310359954834,0.8728542327880859,0.11322498321533203,0.64678955078125,1.8931035995483398,True
raw_native,8.0,duplicate_removal,fp_matched_cluster,23,585,8.789913177490234,8.1000394821167,8.568631172180176,9.75025463104248,0.7899131774902344,0.10003948211669922,0.5686311721801758,1.7502546310424805,True
raw_native,8.0,duplicate_removal,fp_matched_cluster,24,481,8.792668342590332,8.089861869812012,8.54928970336914,9.856398582458496,0.792668342590332,0.08986186981201172,0.5492897033691406,1.856398582458496,True
raw_native,8.0,duplicate_removal,fp_matched_cluster,25,388,8.710794448852539,8.07587718963623,8.515785217285156,9.70736598968506,0.7107944488525391,0.07587718963623047,0.5157852172851562,1.7073659896850604,True
raw_native,8.0,duplicate_removal,fp_matched_cluster,26,364,8.71608829498291,8.095617294311523,8.487610816955566,9.661867141723633,0.7160882949829102,0.09561729431152344,0.4876108169555664,1.6618671417236328,True
raw_native,8.0,duplicate_removal,fp_matched_cluster,27,228,8.703733444213867,8.058245658874512,8.507453918457031,9.583074569702148,0.7037334442138672,0.05824565887451172,0.5074539184570312,1.5830745697021484,True
raw_native,8.0,duplicate_removal,fp_matched_cluster,28,200,8.710027694702148,8.107288360595703,8.46125602722168,9.80563735961914,0.7100276947021484,0.10728836059570312,0.4612560272216797,1.8056373596191406,True
raw_native,8.0,duplicate_removal,fp_matched_cluster,29,173,8.641692161560059,8.073217391967773,8.473052024841309,9.570808410644531,0.6416921615600586,0.07321739196777344,0.4730520248413086,1.5708084106445312,True
raw_native,8.0,duplicate_removal,fp_matched_cluster,30,114,8.579472541809082,8.064438819885254,8.429435729980469,9.38577651977539,0.579472541809082,0.0644388198852539,0.42943572998046875,1.3857765197753906,True
raw_native,8.0,duplicate_removal,fp_matched_cluster,31,96,8.581157684326172,8.09039306640625,8.406115531921387,9.298858642578123,0.5811576843261719,0.09039306640625,0.4061155319213867,1.2988586425781232,False
raw_native,8.0,duplicate_removal,fp_matched_cluster,32,75,8.659684181213379,8.11925983428955,8.501933097839355,9.47464656829834,0.6596841812133789,0.11925983428955078,0.5019330978393555,1.4746465682983398,False
raw_native,8.0,duplicate_removal,fp_matched_cluster,33,68,8.661989212036133,8.078112602233887,8.530872344970703,9.390060424804688,0.6619892120361328,0.07811260223388672,0.5308723449707031,1.3900604248046875,False
raw_native,8.0,duplicate_removal,fp_matched_cluster,34,43,8.694308280944824,8.173091888427734,8.584877014160156,9.407848358154297,0.6943082809448242,0.17309188842773438,0.5848770141601562,1.4078483581542969,False
raw_native,8.0,duplicate_removal,fp_matched_cluster,35,44,8.630091667175293,8.066205978393555,8.478836059570312,9.346999168395996,0.630091667175293,0.06620597839355469,0.4788360595703125,1.346999168395996,False
raw_native,8.0,duplicate_removal,fp_matched_cluster,36,27,8.615541458129883,8.039978981018066,8.353656768798828,9.647412300109863,0.6155414581298828,0.039978981018066406,0.3536567687988281,1.6474123001098633,False
raw_native,8.0,duplicate_removal,fp_matched_cluster,37,30,8.478084564208984,8.038145065307617,8.334003448486328,8.926822662353516,0.4780845642089844,0.03814506530761719,0.3340034484863281,0.9268226623535156,False
raw_native,8.0,duplicate_removal,fp_matched_cluster,38,20,8.610428810119629,8.114191055297852,8.452571868896484,9.078096389770508,0.6104288101196289,0.11419105529785156,0.4525718688964844,1.0780963897705078,False
raw_native,8.0,duplicate_removal,fp_matched_cluster,39,21,8.849740028381348,8.161767959594727,8.411913871765137,10.599283218383787,0.8497400283813477,0.16176795959472656,0.4119138717651367,2.5992832183837873,False
raw_native,8.0,duplicate_removal,fp_matched_cluster,40,10,8.433335304260254,8.156432151794434,8.489109992980957,8.679014205932617,0.4333353042602539,0.1564321517944336,0.48910999298095703,0.6790142059326172,False
raw_native,8.0,duplicate_removal,fp_matched_cluster,41,10,8.475334167480469,8.052515983581543,8.29572868347168,8.97478199005127,0.47533416748046875,0.05251598358154297,0.2957286834716797,0.9747819900512695,False
raw_native,8.0,duplicate_removal,fp_matched_cluster,42,11,8.446043014526367,8.007086753845215,8.301255226135254,9.40809440612793,0.4460430145263672,0.007086753845214844,0.3012552261352539,1.4080944061279297,False
raw_native,8.0,duplicate_removal,fp_matched_cluster,43,5,8.595842361450195,8.058843612670898,8.606701850891113,9.119961738586426,0.5958423614501953,0.05884361267089844,0.6067018508911133,1.1199617385864258,False
raw_native,8.0,duplicate_removal,fp_matched_cluster,44,10,8.473525047302246,8.042417526245117,8.357271194458008,8.971105575561523,0.4735250473022461,0.04241752624511719,0.3572711944580078,0.9711055755615234,False
raw_native,8.0,duplicate_removal,fp_matched_cluster,45,7,8.594718933105469,8.281123161315918,8.366877555847168,9.05556869506836,0.5947189331054688,0.28112316131591797,0.36687755584716797,1.0555686950683594,False
raw_native,8.0,duplicate_removal,fp_matched_cluster,46,2,8.361071586608887,8.228180885314941,8.361071586608887,8.493962287902832,0.3610715866088867,0.2281808853149414,0.3610715866088867,0.49396228790283203,False
raw_native,8.0,duplicate_removal,fp_matched_cluster,47,5,8.459260940551758,8.131339073181152,8.532686233520508,8.773283958435059,0.4592609405517578,0.13133907318115234,0.5326862335205078,0.7732839584350586,False
raw_native,8.0,duplicate_removal,fp_matched_cluster,48,4,9.427300453186035,8.449642181396484,9.695686340332031,10.1902494430542,1.4273004531860352,0.4496421813964844,1.6956863403320312,2.190249443054199,False
raw_native,8.0,duplicate_removal,fp_matched_cluster,49,3,8.136853218078613,8.123974800109863,8.139627456665039,8.148621559143066,0.13685321807861328,0.12397480010986328,0.13962745666503906,0.1486215591430664,False
raw_native,8.0,duplicate_removal,fp_matched_cluster,50,3,9.635634422302246,8.353182792663574,8.896913528442383,11.21357536315918,1.635634422302246,0.3531827926635742,0.8969135284423828,3.2135753631591797,False
raw_native,8.0,duplicate_removal,fp_matched_cluster,51,2,8.314428329467773,8.281901359558105,8.314428329467773,8.346955299377441,0.31442832946777344,0.28190135955810547,0.31442832946777344,0.3469552993774414,False
raw_native,8.0,duplicate_removal,fp_matched_cluster,52,2,8.515974044799805,8.454143524169922,8.515974044799805,8.577804565429688,0.5159740447998047,0.4541435241699219,0.5159740447998047,0.5778045654296875,False
raw_native,8.0,duplicate_removal,fp_matched_cluster,53,2,8.694376945495605,8.476075172424316,8.694376945495605,8.912678718566895,0.6943769454956055,0.4760751724243164,0.6943769454956055,0.9126787185668945,False
raw_native,8.0,duplicate_removal,fp_matched_cluster,54,1,8.658735275268555,8.658735275268555,8.658735275268555,8.658735275268555,0.6587352752685547,0.6587352752685547,0.6587352752685547,0.6587352752685547,False
raw_native,8.0,duplicate_removal,fp_matched_cluster,56,1,8.102091789245605,8.102091789245605,8.102091789245605,8.102091789245605,0.10209178924560547,0.10209178924560547,0.10209178924560547,0.10209178924560547,False
raw_native,8.0,duplicate_removal,fp_matched_cluster,57,1,9.155403137207031,9.155403137207031,9.155403137207031,9.155403137207031,1.1554031372070312,1.1554031372070312,1.1554031372070312,1.1554031372070312,False
raw_native,8.0,duplicate_removal,fp_matched_cluster,61,2,8.977001190185547,8.708008766174316,8.977001190185547,9.245993614196776,0.9770011901855469,0.7080087661743164,0.9770011901855469,1.2459936141967756,False
raw_native,8.0,duplicate_removal,fp_matched_cluster,65,1,8.360082626342773,8.360082626342773,8.360082626342773,8.360082626342773,0.36008262634277344,0.36008262634277344,0.36008262634277344,0.36008262634277344,False
raw_native,8.0,duplicate_removal,fp_matched_cluster,69,1,8.827041625976562,8.827041625976562,8.827041625976562,8.827041625976562,0.8270416259765625,0.8270416259765625,0.8270416259765625,0.8270416259765625,False
raw_native,8.0,duplicate_removal,fp_matched_cluster,76,1,9.634288787841797,9.634288787841797,9.634288787841797,9.634288787841797,1.6342887878417969,1.6342887878417969,1.6342887878417969,1.6342887878417969,False
raw_native,8.0,duplicate_removal,fp_matched_cluster,89,1,8.48499870300293,8.48499870300293,8.48499870300293,8.48499870300293,0.4849987030029297,0.4849987030029297,0.4849987030029297,0.4849987030029297,False
raw_native,8.0,duplicate_removal,fp_matched_cluster,96,1,8.550329208374023,8.550329208374023,8.550329208374023,8.550329208374023,0.5503292083740234,0.5503292083740234,0.5503292083740234,0.5503292083740234,False
raw_native,8.0,duplicate_removal,tp,0,5758,24.71970558166504,19.14840507507324,25.63348388671875,28.28515625,16.71970558166504,11.148405075073239,17.63348388671875,20.28515625,True
raw_native,8.0,duplicate_removal,tp,1,8070,23.34814071655273,17.392860412597656,24.71374893188477,27.74841690063477,15.34814071655273,9.392860412597656,16.71374893188477,19.74841690063477,True
raw_native,8.0,duplicate_removal,tp,2,7847,21.45733642578125,13.900376319885254,22.191082000732425,27.01752471923828,13.45733642578125,5.900376319885254,14.191082000732425,19.01752471923828,True
raw_native,8.0,duplicate_removal,tp,3,6841,19.24393844604492,11.862454414367676,19.10251235961914,26.01955795288086,11.243938446044918,3.862454414367676,11.10251235961914,18.01955795288086,True
raw_native,8.0,duplicate_removal,tp,4,6132,17.086597442626953,10.846814155578612,17.25909423828125,24.508251190185547,9.086597442626953,2.8468141555786115,9.25909423828125,16.508251190185547,True
raw_native,8.0,duplicate_removal,tp,5,5740,15.218387603759766,10.21084690093994,14.27151870727539,21.016544342041016,7.218387603759766,2.2108469009399396,6.271518707275391,13.016544342041016,True
raw_native,8.0,duplicate_removal,tp,6,5530,13.836095809936523,9.797499656677246,12.6754732131958,19.068601608276367,5.836095809936523,1.797499656677246,4.675473213195801,11.068601608276367,True
raw_native,8.0,duplicate_removal,tp,7,5377,12.793364524841309,9.431782722473145,11.962568283081056,17.707365036010742,4.793364524841309,1.4317827224731445,3.9625682830810565,9.707365036010742,True
raw_native,8.0,duplicate_removal,tp,8,5206,12.080362319946287,9.159374237060549,11.44716739654541,16.293987274169922,4.080362319946287,1.1593742370605487,3.44716739654541,8.293987274169922,True
raw_native,8.0,duplicate_removal,tp,9,4933,11.526918411254885,8.956192016601562,11.065930366516112,14.672574043273926,3.5269184112548846,0.9561920166015625,3.0659303665161115,6.672574043273926,True
raw_native,8.0,duplicate_removal,tp,10,4771,11.074153900146484,8.780684471130371,10.768595695495604,13.468951225280762,3.0741539001464844,0.7806844711303711,2.7685956954956037,5.468951225280762,True
raw_native,8.0,duplicate_removal,tp,11,4483,10.787516593933104,8.641535758972168,10.517504692077637,13.091036796569824,2.7875165939331037,0.641535758972168,2.5175046920776367,5.091036796569824,True
raw_native,8.0,duplicate_removal,tp,12,4016,10.47799587249756,8.55178451538086,10.22925853729248,12.564970016479492,2.4779958724975604,0.5517845153808594,2.2292585372924805,4.564970016479492,True
raw_native,8.0,duplicate_removal,tp,13,3642,10.3284330368042,8.506280899047852,10.060539245605469,12.391160011291504,2.328433036804199,0.5062808990478516,2.0605392456054688,4.391160011291504,True
raw_native,8.0,duplicate_removal,tp,14,3258,10.090814590454102,8.423072814941406,9.85205078125,12.037361145019531,2.0908145904541016,0.42307281494140625,1.85205078125,4.037361145019531,True
raw_native,8.0,duplicate_removal,tp,15,2777,9.89220905303955,8.358344078063965,9.623848915100098,11.7303466796875,1.8922090530395508,0.35834407806396484,1.6238489151000977,3.7303466796875,True
raw_native,8.0,duplicate_removal,tp,16,2521,9.785487174987791,8.315728187561035,9.527045249938965,11.5798978805542,1.7854871749877912,0.31572818756103516,1.5270452499389648,3.579897880554199,True
raw_native,8.0,duplicate_removal,tp,17,2117,9.651771545410156,8.27441692352295,9.397051811218262,11.32392406463623,1.6517715454101562,0.2744169235229492,1.3970518112182617,3.3239240646362305,True
raw_native,8.0,duplicate_removal,tp,18,1767,9.497034072875977,8.233991622924805,9.204069137573242,11.056077003479004,1.4970340728759766,0.2339916229248047,1.2040691375732422,3.056077003479004,True
raw_native,8.0,duplicate_removal,tp,19,1359,9.43451976776123,8.216381072998047,9.172333717346191,11.07534408569336,1.4345197677612305,0.21638107299804688,1.1723337173461914,3.0753440856933594,True
raw_native,8.0,duplicate_removal,tp,20,1189,9.36937427520752,8.2045259475708,9.10024642944336,10.911860466003418,1.3693742752075195,0.20452594757080078,1.1002464294433594,2.911860466003418,True
raw_native,8.0,duplicate_removal,tp,21,955,9.184998512268066,8.144953727722168,8.922381401062012,10.632428169250488,1.1849985122680664,0.14495372772216797,0.9223814010620117,2.6324281692504883,True
raw_native,8.0,duplicate_removal,tp,22,711,9.147665023803713,8.191033363342285,8.872220039367676,10.45838451385498,1.1476650238037127,0.19103336334228516,0.8722200393676758,2.4583845138549805,True
raw_native,8.0,duplicate_removal,tp,23,582,9.00240421295166,8.12946891784668,8.77291202545166,10.267149925231934,1.0024042129516602,0.1294689178466797,0.7729120254516602,2.2671499252319336,True
raw_native,8.0,duplicate_removal,tp,24,470,9.002593994140625,8.113856315612793,8.731241226196289,10.1729097366333,1.002593994140625,0.11385631561279297,0.7312412261962891,2.172909736633301,True
raw_native,8.0,duplicate_removal,tp,25,325,8.929197311401367,8.069878578186035,8.624593734741211,10.138821601867676,0.9291973114013672,0.06987857818603516,0.6245937347412109,2.138821601867676,True
raw_native,8.0,duplicate_removal,tp,26,282,8.973194122314453,8.157369613647461,8.708902359008789,10.26925277709961,0.9731941223144531,0.15736961364746094,0.7089023590087891,2.2692527770996094,True
raw_native,8.0,duplicate_removal,tp,27,236,8.956162452697754,8.104623794555664,8.623723983764648,9.934455871582031,0.9561624526977539,0.10462379455566406,0.6237239837646484,1.9344558715820312,True
raw_native,8.0,duplicate_removal,tp,28,163,8.797701835632324,8.063569068908691,8.57176685333252,9.791640281677246,0.7977018356323242,0.0635690689086914,0.5717668533325195,1.791640281677246,True
raw_native,8.0,duplicate_removal,tp,29,133,8.967612266540527,8.096809387207031,8.628277778625488,10.022505760192873,0.9676122665405273,0.09680938720703125,0.6282777786254883,2.022505760192873,True
raw_native,8.0,duplicate_removal,tp,30,91,8.865592956542969,8.101517677307129,8.660188674926758,9.818045616149902,0.8655929565429688,0.1015176773071289,0.6601886749267578,1.8180456161499023,False
raw_native,8.0,duplicate_removal,tp,31,77,8.925703048706055,8.123750686645508,8.702098846435547,9.990205764770508,0.9257030487060547,0.12375068664550781,0.7020988464355469,1.9902057647705078,False
raw_native,8.0,duplicate_removal,tp,32,67,8.758830070495605,8.104750633239746,8.567323684692383,9.596030235290527,0.7588300704956055,0.1047506332397461,0.5673236846923828,1.5960302352905273,False
raw_native,8.0,duplicate_removal,tp,33,50,9.097748756408691,8.10847282409668,8.720132827758789,10.434579849243164,1.0977487564086914,0.10847282409667969,0.7201328277587891,2.434579849243164,False
raw_native,8.0,duplicate_removal,tp,34,34,8.799469947814941,8.131601333618164,8.665630340576172,9.731648445129396,0.7994699478149414,0.13160133361816406,0.6656303405761719,1.7316484451293963,False
raw_native,8.0,duplicate_removal,tp,35,36,8.82374095916748,8.048873901367188,8.450960159301758,9.816064834594728,0.8237409591674805,0.0488739013671875,0.4509601593017578,1.8160648345947283,False
raw_native,8.0,duplicate_removal,tp,36,19,8.607622146606445,8.033285140991211,8.595073699951172,9.0548095703125,0.6076221466064453,0.03328514099121094,0.5950736999511719,1.0548095703125,False
raw_native,8.0,duplicate_removal,tp,37,19,8.931096076965332,8.06955623626709,8.589494705200195,10.4216890335083,0.931096076965332,0.06955623626708984,0.5894947052001953,2.421689033508301,False
raw_native,8.0,duplicate_removal,tp,38,11,9.02162265777588,8.270401000976562,9.06131362915039,9.664277076721191,1.0216226577758807,0.2704010009765625,1.0613136291503906,1.6642770767211914,False
raw_native,8.0,duplicate_removal,tp,39,14,8.772866249084473,8.179137229919434,8.588708877563477,9.78334617614746,0.7728662490844727,0.1791372299194336,0.5887088775634766,1.7833461761474592,False
raw_native,8.0,duplicate_removal,tp,40,7,9.211835861206056,8.54837703704834,8.707255363464355,10.607930183410645,1.2118358612060565,0.5483770370483398,0.7072553634643555,2.6079301834106445,False
raw_native,8.0,duplicate_removal,tp,41,4,8.386805534362793,8.11117935180664,8.448822021484375,8.61281967163086,0.38680553436279297,0.11117935180664062,0.448822021484375,0.6128196716308594,False
raw_native,8.0,duplicate_removal,tp,42,6,8.860278129577637,8.164469718933105,8.609420776367188,9.806944847106934,0.8602781295776367,0.16446971893310547,0.6094207763671875,1.8069448471069336,False
raw_native,8.0,duplicate_removal,tp,43,4,9.91278076171875,9.099601745605469,9.522012710571287,11.038572311401367,1.91278076171875,1.0996017456054688,1.5220127105712873,3.038572311401367,False
raw_native,8.0,duplicate_removal,tp,44,6,9.41897201538086,8.578568458557129,8.93541431427002,10.742932319641112,1.4189720153808594,0.5785684585571289,0.9354143142700195,2.7429323196411115,False
raw_native,8.0,duplicate_removal,tp,45,3,9.758625984191896,8.492947578430176,10.183516502380373,10.854348182678224,1.7586259841918963,0.4929475784301758,2.183516502380373,2.8543481826782244,False
raw_native,8.0,duplicate_removal,tp,46,4,8.990707397460938,8.106675148010254,8.39947509765625,10.347723960876465,0.9907073974609375,0.1066751480102539,0.39947509765625,2.347723960876465,False
raw_native,8.0,duplicate_removal,tp,47,2,8.53897476196289,8.418729782104492,8.53897476196289,8.659219741821289,0.5389747619628906,0.4187297821044922,0.5389747619628906,0.6592197418212891,False
raw_native,8.0,duplicate_removal,tp,48,7,9.016234397888184,8.016915321350098,8.494940757751465,10.21603298187256,1.0162343978881836,0.016915321350097656,0.49494075775146484,2.2160329818725604,False
raw_native,8.0,duplicate_removal,tp,49,2,8.53007698059082,8.477569580078125,8.53007698059082,8.582584381103516,0.5300769805908203,0.477569580078125,0.5300769805908203,0.5825843811035156,False
raw_native,8.0,duplicate_removal,tp,50,4,8.474519729614258,8.034648895263672,8.112089157104492,9.204333305358888,0.4745197296142578,0.034648895263671875,0.11208915710449219,1.2043333053588885,False
raw_native,8.0,duplicate_removal,tp,51,2,9.92222023010254,9.440287590026855,9.92222023010254,10.40415382385254,1.9222202301025408,1.4402875900268555,1.9222202301025408,2.404153823852541,False
raw_native,8.0,duplicate_removal,tp,53,2,8.557129859924316,8.521944046020508,8.557129859924316,8.592315673828125,0.5571298599243164,0.5219440460205078,0.5571298599243164,0.592315673828125,False
raw_native,8.0,duplicate_removal,tp,54,1,8.029489517211914,8.029489517211914,8.029489517211914,8.029489517211914,0.029489517211914062,0.029489517211914062,0.029489517211914062,0.029489517211914062,False
raw_native,8.0,duplicate_removal,tp,57,1,8.902680397033691,8.902680397033691,8.902680397033691,8.902680397033691,0.9026803970336914,0.9026803970336914,0.9026803970336914,0.9026803970336914,False
raw_native,8.0,duplicate_removal,tp,59,1,8.45106029510498,8.45106029510498,8.45106029510498,8.45106029510498,0.45106029510498047,0.45106029510498047,0.45106029510498047,0.45106029510498047,False
raw_native,8.0,duplicate_removal,tp,60,1,9.388531684875488,9.388531684875488,9.388531684875488,9.388531684875488,1.3885316848754883,1.3885316848754883,1.3885316848754883,1.3885316848754883,False
raw_native,8.0,duplicate_removal,tp,66,1,8.014741897583008,8.014741897583008,8.014741897583008,8.014741897583008,0.014741897583007812,0.014741897583007812,0.014741897583007812,0.014741897583007812,False
raw_native,8.0,duplicate_removal,tp,67,2,8.240987777709961,8.167366027832031,8.240987777709961,8.31460952758789,0.24098777770996094,0.16736602783203125,0.24098777770996094,0.3146095275878906,False
raw_native,8.0,duplicate_removal,tp,70,1,8.163386344909668,8.163386344909668,8.163386344909668,8.163386344909668,0.16338634490966797,0.16338634490966797,0.16338634490966797,0.16338634490966797,False
raw_native,8.0,duplicate_removal,tp,72,1,8.373431205749512,8.373431205749512,8.373431205749512,8.373431205749512,0.3734312057495117,0.3734312057495117,0.3734312057495117,0.3734312057495117,False
raw_native,8.0,duplicate_removal,tp,73,1,10.294720649719238,10.294720649719238,10.294720649719238,10.294720649719238,2.2947206497192383,2.2947206497192383,2.2947206497192383,2.2947206497192383,False
raw_native,8.0,duplicate_removal,tp,74,1,8.028815269470215,8.028815269470215,8.028815269470215,8.028815269470215,0.028815269470214844,0.028815269470214844,0.028815269470214844,0.028815269470214844,False
raw_native,8.0,duplicate_removal,tp,80,2,11.40391731262207,9.80146026611328,11.40391731262207,13.006375312805176,3.4039173126220703,1.8014602661132795,3.4039173126220703,5.006375312805176,False
raw_native,8.0,duplicate_removal,tp,91,1,14.244895935058594,14.244895935058594,14.244895935058594,14.244895935058594,6.244895935058594,6.244895935058594,6.244895935058594,6.244895935058594,False
raw_native,8.0,duplicate_removal,tp,95,1,11.461969375610352,11.461969375610352,11.461969375610352,11.461969375610352,3.4619693756103516,3.4619693756103516,3.4619693756103516,3.4619693756103516,False
raw_native,8.0,duplicate_removal,unmatched_cluster,0,277561,31.934410095214844,21.24814796447754,31.7845458984375,42.52607345581055,23.934410095214844,13.248147964477539,23.7845458984375,34.52607345581055,True
raw_native,8.0,duplicate_removal,unmatched_cluster,1,254025,25.30978202819824,16.93006706237793,25.197370529174805,33.95290756225586,17.30978202819824,8.93006706237793,17.197370529174805,25.95290756225586,True
raw_native,8.0,duplicate_removal,unmatched_cluster,2,242697,21.58688163757324,14.468624114990234,21.19939422607422,29.06485939025879,13.586881637573239,6.468624114990234,13.199394226074219,21.06485939025879,True
raw_native,8.0,duplicate_removal,unmatched_cluster,3,235828,19.04500770568848,12.83560562133789,18.677602767944336,25.70650863647461,11.04500770568848,4.835605621337891,10.677602767944336,17.70650863647461,True
raw_native,8.0,duplicate_removal,unmatched_cluster,4,230553,17.172449111938477,11.64706039428711,16.897403717041016,23.1649112701416,9.172449111938477,3.6470603942871094,8.897403717041016,15.164911270141602,True
raw_native,8.0,duplicate_removal,unmatched_cluster,5,225056,15.724180221557615,10.774730682373049,15.42376708984375,20.94379234313965,7.724180221557615,2.7747306823730487,7.42376708984375,12.943792343139648,True
raw_native,8.0,duplicate_removal,unmatched_cluster,6,219544,14.56264305114746,10.115485191345217,14.215689659118652,19.329591751098636,6.562643051147459,2.1154851913452166,6.215689659118652,11.329591751098636,True
raw_native,8.0,duplicate_removal,unmatched_cluster,7,213707,13.618882179260254,9.61229133605957,13.236333847045898,18.06758499145508,5.618882179260254,1.6122913360595703,5.236333847045898,10.067584991455082,True
raw_native,8.0,duplicate_removal,unmatched_cluster,8,207239,12.833356857299805,9.257866859436035,12.427412986755373,16.947513580322266,4.833356857299805,1.2578668594360352,4.427412986755373,8.947513580322266,True
raw_native,8.0,duplicate_removal,unmatched_cluster,9,200249,12.172444343566896,8.971256256103516,11.74103832244873,15.946810722351074,4.172444343566896,0.9712562561035156,3.7410383224487305,7.946810722351074,True
raw_native,8.0,duplicate_removal,unmatched_cluster,10,191609,11.622682571411133,8.765069961547852,11.17860507965088,15.085366249084473,3.622682571411133,0.7650699615478516,3.1786050796508807,7.085366249084473,True
raw_native,8.0,duplicate_removal,unmatched_cluster,11,182351,11.1553373336792,8.614263534545898,10.701440811157228,14.302532196044922,3.155337333679199,0.6142635345458984,2.7014408111572283,6.302532196044922,True
raw_native,8.0,duplicate_removal,unmatched_cluster,12,172130,10.768280982971191,8.491937637329102,10.317547798156738,13.637210845947266,2.7682809829711914,0.49193763732910156,2.3175477981567383,5.637210845947266,True
raw_native,8.0,duplicate_removal,unmatched_cluster,13,160873,10.441276550292969,8.407530784606934,9.999987602233888,13.070242881774902,2.4412765502929688,0.4075307846069336,1.9999876022338885,5.070242881774902,True
raw_native,8.0,duplicate_removal,unmatched_cluster,14,148777,10.163593292236328,8.33887004852295,9.739130020141602,12.545063018798828,2.163593292236328,0.3388700485229492,1.7391300201416016,4.545063018798828,True
raw_native,8.0,duplicate_removal,unmatched_cluster,15,136229,9.922685623168944,8.279391288757324,9.51382827758789,12.109176635742188,1.9226856231689435,0.2793912887573242,1.5138282775878906,4.1091766357421875,True
raw_native,8.0,duplicate_removal,unmatched_cluster,16,122707,9.723101615905762,8.238953590393066,9.333612442016602,11.71955680847168,1.7231016159057617,0.2389535903930664,1.3336124420166016,3.7195568084716797,True
raw_native,8.0,duplicate_removal,unmatched_cluster,17,109806,9.55789852142334,8.205655097961426,9.188602447509766,11.397411346435549,1.5578985214233398,0.20565509796142578,1.1886024475097656,3.3974113464355487,True
raw_native,8.0,duplicate_removal,unmatched_cluster,18,97089,9.418083190917969,8.181866645812988,9.062544822692873,11.109676361083984,1.4180831909179688,0.18186664581298828,1.0625448226928729,3.1096763610839844,True
raw_native,8.0,duplicate_removal,unmatched_cluster,19,84714,9.295604705810549,8.159406661987305,8.953889846801758,10.863802909851074,1.2956047058105487,0.1594066619873047,0.9538898468017578,2.863802909851074,True
raw_native,8.0,duplicate_removal,unmatched_cluster,20,73048,9.19545841217041,8.143415451049805,8.869993209838867,10.657756805419922,1.1954584121704102,0.1434154510498047,0.8699932098388672,2.657756805419922,True
raw_native,8.0,duplicate_removal,unmatched_cluster,21,62332,9.109542846679688,8.129495620727539,8.790657043457031,10.474115371704102,1.1095428466796875,0.12949562072753906,0.7906570434570312,2.4741153717041016,True
raw_native,8.0,duplicate_removal,unmatched_cluster,22,52740,9.031561851501465,8.118281364440918,8.723485946655273,10.334402084350586,1.0315618515014648,0.11828136444091797,0.7234859466552734,2.334402084350586,True
raw_native,8.0,duplicate_removal,unmatched_cluster,23,44310,8.970319747924805,8.10666275024414,8.666271209716797,10.192988395690918,0.9703197479248047,0.10666275024414062,0.6662712097167969,2.192988395690918,True
raw_native,8.0,duplicate_removal,unmatched_cluster,24,36505,8.921992301940918,8.096368789672852,8.623332023620605,10.099553108215332,0.921992301940918,0.09636878967285156,0.6233320236206055,2.099553108215332,True
raw_native,8.0,duplicate_removal,unmatched_cluster,25,30148,8.881571769714355,8.092205047607422,8.591598510742188,10.0100736618042,0.8815717697143555,0.09220504760742188,0.5915985107421875,2.010073661804199,True
raw_native,8.0,duplicate_removal,unmatched_cluster,26,24487,8.846500396728516,8.086189270019531,8.559913635253906,9.932435989379885,0.8465003967285156,0.08618927001953125,0.5599136352539062,1.9324359893798846,True
raw_native,8.0,duplicate_removal,unmatched_cluster,27,19858,8.8213472366333,8.082413673400879,8.534427642822266,9.873404502868652,0.8213472366333008,0.0824136734008789,0.5344276428222656,1.8734045028686523,True
raw_native,8.0,duplicate_removal,unmatched_cluster,28,16031,8.797205924987793,8.077312469482422,8.510595321655273,9.81242561340332,0.797205924987793,0.07731246948242188,0.5105953216552734,1.8124256134033203,True
raw_native,8.0,duplicate_removal,unmatched_cluster,29,12913,8.778260231018066,8.07708740234375,8.489343643188477,9.767328262329102,0.7782602310180664,0.07708740234375,0.48934364318847656,1.7673282623291016,True
raw_native,8.0,duplicate_removal,unmatched_cluster,30,10305,8.791081428527832,8.072979927062988,8.495216369628906,9.792969703674316,0.791081428527832,0.07297992706298828,0.49521636962890625,1.7929697036743164,True
raw_native,8.0,duplicate_removal,unmatched_cluster,31,8399,8.77833080291748,8.070465087890625,8.473929405212402,9.775308609008787,0.7783308029174805,0.070465087890625,0.47392940521240234,1.7753086090087873,True
raw_native,8.0,duplicate_removal,unmatched_cluster,32,6714,8.780733108520508,8.067625045776367,8.482662200927734,9.783876419067385,0.7807331085205078,0.06762504577636719,0.4826622009277344,1.7838764190673846,True
raw_native,8.0,duplicate_removal,unmatched_cluster,33,5396,8.793440818786621,8.07257080078125,8.474815368652344,9.794845581054688,0.7934408187866211,0.07257080078125,0.47481536865234375,1.7948455810546875,True
raw_native,8.0,duplicate_removal,unmatched_cluster,34,4481,8.800409317016602,8.076302528381348,8.474574089050293,9.778820037841797,0.8004093170166016,0.07630252838134766,0.47457408905029297,1.7788200378417969,True
raw_native,8.0,duplicate_removal,unmatched_cluster,35,3617,8.789917945861816,8.070886611938477,8.465222358703613,9.813438415527344,0.7899179458618164,0.07088661193847656,0.4652223587036133,1.8134384155273438,True
raw_native,8.0,duplicate_removal,unmatched_cluster,36,2956,8.812146186828613,8.074060440063477,8.465764999389648,9.794740676879885,0.8121461868286133,0.07406044006347656,0.46576499938964844,1.7947406768798846,True
raw_native,8.0,duplicate_removal,unmatched_cluster,37,2386,8.831754684448242,8.072328567504883,8.486126899719238,9.90975856781006,0.8317546844482422,0.07232856750488281,0.4861268997192383,1.9097585678100604,True
raw_native,8.0,duplicate_removal,unmatched_cluster,38,2024,8.860247611999512,8.076844215393066,8.502129554748535,9.913481712341309,0.8602476119995117,0.0768442153930664,0.5021295547485352,1.9134817123413086,True
raw_native,8.0,duplicate_removal,unmatched_cluster,39,1668,8.869769096374512,8.061126708984375,8.485201835632324,9.914314270019531,0.8697690963745117,0.061126708984375,0.4852018356323242,1.9143142700195312,True
raw_native,8.0,duplicate_removal,unmatched_cluster,40,1441,8.889679908752441,8.06622314453125,8.5142240524292,10.037303924560549,0.8896799087524414,0.06622314453125,0.5142240524291992,2.0373039245605487,True
raw_native,8.0,duplicate_removal,unmatched_cluster,41,1198,8.913253784179688,8.078161239624023,8.510478973388672,10.037511825561523,0.9132537841796875,0.07816123962402344,0.5104789733886719,2.0375118255615234,True
raw_native,8.0,duplicate_removal,unmatched_cluster,42,979,8.970830917358398,8.078959465026855,8.555892944335938,10.189599990844728,0.9708309173583984,0.07895946502685547,0.5558929443359375,2.1895999908447283,True
raw_native,8.0,duplicate_removal,unmatched_cluster,43,852,8.903706550598145,8.090065956115723,8.522513389587402,10.082870483398438,0.9037065505981445,0.09006595611572266,0.5225133895874023,2.0828704833984375,True
raw_native,8.0,duplicate_removal,unmatched_cluster,44,721,8.924579620361328,8.081326484680176,8.507560729980469,10.219720840454102,0.9245796203613281,0.08132648468017578,0.5075607299804688,2.2197208404541016,True
raw_native,8.0,duplicate_removal,unmatched_cluster,45,647,9.013477325439451,8.065553665161133,8.48963451385498,10.357128143310549,1.0134773254394513,0.06555366516113281,0.48963451385498047,2.3571281433105487,True
raw_native,8.0,duplicate_removal,unmatched_cluster,46,555,9.090527534484863,8.0680513381958,8.545598030090332,10.456329345703123,1.0905275344848633,0.06805133819580078,0.545598030090332,2.4563293457031232,True
raw_native,8.0,duplicate_removal,unmatched_cluster,47,481,9.143814086914062,8.06991195678711,8.536080360412598,10.586833953857422,1.1438140869140625,0.06991195678710938,0.5360803604125977,2.586833953857422,True
raw_native,8.0,duplicate_removal,unmatched_cluster,48,432,9.22869110107422,8.085765838623047,8.60222053527832,10.669835090637209,1.2286911010742205,0.08576583862304688,0.6022205352783203,2.669835090637209,True
raw_native,8.0,duplicate_removal,unmatched_cluster,49,394,9.168896675109863,8.081897735595703,8.622876167297363,10.645258903503418,1.1688966751098633,0.08189773559570312,0.6228761672973633,2.645258903503418,True
raw_native,8.0,duplicate_removal,unmatched_cluster,50,333,9.323443412780762,8.081377983093262,8.749940872192383,10.830887794494627,1.3234434127807617,0.08137798309326172,0.7499408721923828,2.830887794494627,True
raw_native,8.0,duplicate_removal,unmatched_cluster,51,292,9.286534309387209,8.089949607849121,8.657094955444336,10.34402084350586,1.2865343093872088,0.0899496078491211,0.6570949554443359,2.3440208435058594,True
raw_native,8.0,duplicate_removal,unmatched_cluster,52,260,9.315591812133787,8.0960693359375,8.735175132751465,10.589078903198242,1.3155918121337873,0.0960693359375,0.7351751327514648,2.589078903198242,True
raw_native,8.0,duplicate_removal,unmatched_cluster,53,249,9.322089195251465,8.102797508239746,8.72598934173584,10.822405815124512,1.3220891952514648,0.1027975082397461,0.7259893417358398,2.8224058151245117,True
raw_native,8.0,duplicate_removal,unmatched_cluster,54,229,9.323079109191896,8.124140739440918,8.736722946166992,10.832883834838867,1.3230791091918963,0.12414073944091797,0.7367229461669922,2.832883834838867,True
raw_native,8.0,duplicate_removal,unmatched_cluster,55,201,9.380634307861328,8.121051788330078,8.661264419555664,11.041869163513184,1.3806343078613281,0.12105178833007812,0.6612644195556641,3.0418691635131836,True
raw_native,8.0,duplicate_removal,unmatched_cluster,56,188,9.449777603149414,8.08375072479248,8.766416549682617,10.986627578735352,1.449777603149414,0.08375072479248047,0.7664165496826172,2.9866275787353516,True
raw_native,8.0,duplicate_removal,unmatched_cluster,57,169,9.669610977172852,8.08475399017334,8.818205833435059,11.199191093444824,1.6696109771728516,0.08475399017333984,0.8182058334350586,3.199191093444824,True
raw_native,8.0,duplicate_removal,unmatched_cluster,58,153,9.57941722869873,8.06147575378418,8.756226539611816,11.35585594177246,1.5794172286987305,0.06147575378417969,0.7562265396118164,3.355855941772459,True
raw_native,8.0,duplicate_removal,unmatched_cluster,59,135,9.47779941558838,8.072855949401855,8.730691909790039,10.717243194580078,1.4777994155883807,0.07285594940185547,0.7306919097900391,2.717243194580078,True
raw_native,8.0,duplicate_removal,unmatched_cluster,60,112,9.583415031433104,8.062479972839355,8.749191284179688,11.563003540039062,1.5834150314331037,0.06247997283935547,0.7491912841796875,3.5630035400390625,True
raw_native,8.0,duplicate_removal,unmatched_cluster,61,125,9.83612823486328,8.14094066619873,8.727081298828125,13.450469970703123,1.8361282348632795,0.14094066619873047,0.727081298828125,5.450469970703123,True
raw_native,8.0,duplicate_removal,unmatched_cluster,62,114,9.758971214294434,8.14989185333252,8.780088424682617,12.819873809814451,1.7589712142944336,0.14989185333251953,0.7800884246826172,4.819873809814451,True
raw_native,8.0,duplicate_removal,unmatched_cluster,63,105,9.694634437561035,8.179012298583984,8.781574249267578,12.68195629119873,1.6946344375610352,0.17901229858398438,0.7815742492675781,4.6819562911987305,True
raw_native,8.0,duplicate_removal,unmatched_cluster,64,95,9.489106178283691,8.170648574829102,8.935535430908203,11.514620780944824,1.4891061782836914,0.17064857482910156,0.9355354309082031,3.514620780944824,False
raw_native,8.0,duplicate_removal,unmatched_cluster,65,97,9.76347541809082,8.128802299499512,8.910506248474121,12.351130485534668,1.7634754180908203,0.12880229949951172,0.9105062484741211,4.351130485534668,False
raw_native,8.0,duplicate_removal,unmatched_cluster,66,99,9.72077178955078,8.112800598144531,8.6756591796875,12.09272575378418,1.7207717895507795,0.11280059814453125,0.6756591796875,4.09272575378418,False
raw_native,8.0,duplicate_removal,unmatched_cluster,67,84,9.72052764892578,8.127643585205078,8.799276351928711,11.96707534790039,1.7205276489257795,0.12764358520507812,0.7992763519287109,3.9670753479003906,False
raw_native,8.0,duplicate_removal,unmatched_cluster,68,77,9.379786491394045,8.084861755371094,8.72199535369873,11.240546226501465,1.3797864913940447,0.08486175537109375,0.7219953536987305,3.240546226501465,False
raw_native,8.0,duplicate_removal,unmatched_cluster,69,68,9.45033073425293,8.102684020996094,8.47042179107666,11.856317520141602,1.4503307342529297,0.10268402099609375,0.47042179107666016,3.8563175201416016,False
raw_native,8.0,duplicate_removal,unmatched_cluster,70,68,9.396926879882812,8.081759452819824,8.694915771484375,10.955941200256348,1.3969268798828125,0.08175945281982422,0.694915771484375,2.9559412002563477,False
raw_native,8.0,duplicate_removal,unmatched_cluster,71,66,9.735518455505373,8.053107261657715,8.596548080444336,15.020355224609377,1.7355184555053729,0.053107261657714844,0.5965480804443359,7.020355224609377,False
raw_native,8.0,duplicate_removal,unmatched_cluster,72,60,9.05701732635498,8.105914115905762,8.537403106689453,10.720300674438477,1.0570173263549805,0.10591411590576172,0.5374031066894531,2.7203006744384766,False
raw_native,8.0,duplicate_removal,unmatched_cluster,73,50,9.554363250732422,8.092504501342773,8.692285537719727,11.573531150817873,1.5543632507324219,0.09250450134277344,0.6922855377197266,3.573531150817873,False
raw_native,8.0,duplicate_removal,unmatched_cluster,74,48,9.962861061096191,8.175076484680176,8.80998420715332,14.808256149291992,1.9628610610961914,0.17507648468017578,0.8099842071533203,6.808256149291992,False
raw_native,8.0,duplicate_removal,unmatched_cluster,75,48,9.602128028869627,8.097736358642578,8.7291841506958,12.07380485534668,1.6021280288696271,0.09773635864257812,0.7291841506958008,4.07380485534668,False
raw_native,8.0,duplicate_removal,unmatched_cluster,76,45,9.888192176818848,8.125818252563477,8.562408447265625,15.071721076965332,1.8881921768188477,0.12581825256347656,0.562408447265625,7.071721076965332,False
raw_native,8.0,duplicate_removal,unmatched_cluster,77,40,10.213603019714355,8.137822151184082,8.979429244995117,14.83924388885498,2.2136030197143555,0.13782215118408203,0.9794292449951172,6.8392438888549805,False
raw_native,8.0,duplicate_removal,unmatched_cluster,78,39,10.605243682861328,8.158709526062012,9.177279472351074,14.871899604797363,2.605243682861328,0.15870952606201172,1.1772794723510742,6.871899604797363,False
raw_native,8.0,duplicate_removal,unmatched_cluster,79,34,10.16360855102539,8.175180435180664,8.979026794433594,14.78182601928711,2.1636085510253906,0.17518043518066406,0.9790267944335938,6.781826019287109,False
raw_native,8.0,duplicate_removal,unmatched_cluster,80,39,10.45167350769043,8.14771842956543,8.856754302978516,15.330023765563965,2.4516735076904297,0.1477184295654297,0.8567543029785156,7.330023765563965,False
raw_native,8.0,duplicate_removal,unmatched_cluster,81,39,10.166257858276367,8.209994316101074,8.79643440246582,15.121569633483888,2.166257858276367,0.20999431610107422,0.7964344024658203,7.1215696334838885,False
raw_native,8.0,duplicate_removal,unmatched_cluster,82,28,9.623866081237791,8.11699104309082,8.641168594360352,12.930326461791992,1.6238660812377912,0.11699104309082031,0.6411685943603516,4.930326461791992,False
raw_native,8.0,duplicate_removal,unmatched_cluster,83,35,10.844282150268556,8.137405395507812,8.94808578491211,15.2235746383667,2.8442821502685565,0.1374053955078125,0.9480857849121094,7.223574638366699,False
raw_native,8.0,duplicate_removal,unmatched_cluster,84,29,10.462140083312988,8.206995964050293,9.358928680419922,14.871337890625,2.4621400833129883,0.20699596405029297,1.3589286804199219,6.871337890625,False
raw_native,8.0,duplicate_removal,unmatched_cluster,85,20,9.996861457824709,8.103019714355469,8.583855628967285,14.792010307312012,1.9968614578247088,0.10301971435546875,0.5838556289672852,6.792010307312012,False
raw_native,8.0,duplicate_removal,unmatched_cluster,86,20,10.65478229522705,8.065166473388672,8.834020614624023,15.156316757202148,2.654782295227051,0.06516647338867188,0.8340206146240234,7.156316757202148,False
raw_native,8.0,duplicate_removal,unmatched_cluster,87,20,11.541162490844728,8.172050476074219,11.872196197509766,15.926775932312012,3.5411624908447283,0.17205047607421875,3.8721961975097656,7.926775932312012,False
raw_native,8.0,duplicate_removal,unmatched_cluster,88,21,11.117195129394531,8.43393325805664,10.236272811889648,14.48270034790039,3.1171951293945312,0.4339332580566406,2.2362728118896484,6.482700347900391,False
raw_native,8.0,duplicate_removal,unmatched_cluster,89,14,11.179205894470217,8.242311477661133,9.545923233032228,14.552478790283203,3.1792058944702166,0.2423114776611328,1.5459232330322283,6.552478790283203,False
raw_native,8.0,duplicate_removal,unmatched_cluster,90,17,11.450695991516112,8.219767570495605,10.364611625671388,15.03244400024414,3.4506959915161115,0.21976757049560547,2.3646116256713885,7.032444000244141,False
raw_native,8.0,duplicate_removal,unmatched_cluster,91,17,11.602211952209473,8.392912864685059,10.387685775756836,15.24348258972168,3.6022119522094727,0.3929128646850586,2.387685775756836,7.24348258972168,False
raw_native,8.0,duplicate_removal,unmatched_cluster,92,14,10.635993957519531,8.416781425476074,9.205129623413086,14.611509323120115,2.6359939575195312,0.4167814254760742,1.205129623413086,6.611509323120115,False
raw_native,8.0,duplicate_removal,unmatched_cluster,93,13,11.094218254089355,8.731836318969727,10.275694847106934,14.560182571411133,3.0942182540893555,0.7318363189697266,2.2756948471069336,6.560182571411133,False
raw_native,8.0,duplicate_removal,unmatched_cluster,94,18,11.46882152557373,8.237380981445312,10.275918006896973,14.554834365844728,3.4688215255737305,0.2373809814453125,2.2759180068969727,6.554834365844728,False
raw_native,8.0,duplicate_removal,unmatched_cluster,95,15,11.798657417297363,9.085809707641602,11.779891967773438,15.193195343017578,3.7986574172973633,1.0858097076416016,3.7798919677734375,7.193195343017578,False
raw_native,8.0,duplicate_removal,unmatched_cluster,96,12,11.222716331481934,8.485824584960938,9.998634338378906,15.049025535583496,3.2227163314819336,0.4858245849609375,1.9986343383789062,7.049025535583496,False
raw_native,8.0,duplicate_removal,unmatched_cluster,97,13,11.472278594970703,8.41276741027832,12.379612922668455,14.036075592041016,3.472278594970703,0.4127674102783203,4.379612922668455,6.036075592041016,False
raw_native,8.0,duplicate_removal,unmatched_cluster,98,12,11.695046424865724,8.679505348205566,12.521678924560549,14.147993087768556,3.6950464248657244,0.6795053482055664,4.521678924560549,6.1479930877685565,False
raw_native,8.0,duplicate_removal,unmatched_cluster,99,12,11.866284370422363,9.27771282196045,11.707839965820312,14.461077690124512,3.8662843704223633,1.2777128219604492,3.7078399658203125,6.461077690124512,False
