domain,Th_learned,stage,status,peel,events,score_mean,score_q10,score_median,score_q90
raw_native,8.0,detection_template,unmatched_cluster,0,277877,31.94430923461914,21.249608993530273,31.788969039916992,42.52865982055664
raw_native,8.0,detection_template,unmatched_cluster,1,254263,25.313934326171875,16.930788040161133,25.197799682617188,33.9570426940918
raw_native,8.0,detection_template,unmatched_cluster,2,242888,21.58937644958496,14.46862506866455,21.202651977539062,29.069236755371094
raw_native,8.0,detection_template,unmatched_cluster,3,236044,19.048215866088867,12.835278511047363,18.679208755493164,25.709531784057617
raw_native,8.0,detection_template,unmatched_cluster,4,230750,17.17512321472168,11.646669387817383,16.898460388183594,23.168853759765625
raw_native,8.0,detection_template,unmatched_cluster,5,225290,15.72747802734375,10.773898124694824,15.424613952636719,20.953472137451172
raw_native,8.0,detection_template,unmatched_cluster,6,219794,14.564803123474121,10.113401412963867,14.21567440032959,19.33479118347168
raw_native,8.0,detection_template,unmatched_cluster,7,213919,13.620067596435547,9.611611366271973,13.236062049865723,18.069419860839844
raw_native,8.0,detection_template,unmatched_cluster,8,207458,12.835911750793457,9.25773811340332,12.427303314208984,16.951480865478516
raw_native,8.0,detection_template,unmatched_cluster,9,200527,12.174261093139648,8.970843315124512,11.740753173828125,15.950406074523926
raw_native,8.0,detection_template,unmatched_cluster,10,191882,11.624337196350098,8.76480770111084,11.178104400634766,15.088348388671875
raw_native,8.0,detection_template,unmatched_cluster,11,182652,11.158703804016113,8.614471435546875,10.701953887939453,14.307412147521973
raw_native,8.0,detection_template,unmatched_cluster,12,172407,10.771234512329102,8.491933822631836,10.317853927612305,13.643451690673828
raw_native,8.0,detection_template,unmatched_cluster,13,161151,10.444631576538086,8.407419204711914,10.000147819519043,13.076594352722168
raw_native,8.0,detection_template,unmatched_cluster,14,149018,10.166548728942871,8.338899612426758,9.739408493041992,12.548381805419922
raw_native,8.0,detection_template,unmatched_cluster,15,136522,9.926155090332031,8.2794189453125,9.51405143737793,12.113472938537598
raw_native,8.0,detection_template,unmatched_cluster,16,122933,9.727227210998535,8.238997459411621,9.334630012512207,11.72425651550293
raw_native,8.0,detection_template,unmatched_cluster,17,110018,9.561898231506348,8.2059326171875,9.18984317779541,11.402226448059082
raw_native,8.0,detection_template,unmatched_cluster,18,97300,9.422368049621582,8.182149887084961,9.063624382019043,11.115252494812012
raw_native,8.0,detection_template,unmatched_cluster,19,84920,9.30013656616211,8.159425735473633,8.954764366149902,10.870115280151367
raw_native,8.0,detection_template,unmatched_cluster,20,73194,9.200030326843262,8.143569946289062,8.870766639709473,10.663900375366211
raw_native,8.0,detection_template,unmatched_cluster,21,62476,9.113731384277344,8.129539489746094,8.791044235229492,10.481756210327148
raw_native,8.0,detection_template,unmatched_cluster,22,52888,9.038278579711914,8.118463516235352,8.725053787231445,10.344940185546875
raw_native,8.0,detection_template,unmatched_cluster,23,44445,8.976269721984863,8.106733322143555,8.667683601379395,10.202467918395996
raw_native,8.0,detection_template,unmatched_cluster,24,36624,8.928845405578613,8.096478462219238,8.624493598937988,10.111796379089355
raw_native,8.0,detection_template,unmatched_cluster,25,30267,8.89084529876709,8.092288970947266,8.59319019317627,10.026069641113281
raw_native,8.0,detection_template,unmatched_cluster,26,24593,8.859295845031738,8.086451530456543,8.56169319152832,9.948310852050781
raw_native,8.0,detection_template,unmatched_cluster,27,19958,8.834208488464355,8.082657814025879,8.537473678588867,9.894628524780273
raw_native,8.0,detection_template,unmatched_cluster,28,16127,8.812073707580566,8.077564239501953,8.513640403747559,9.84181022644043
raw_native,8.0,detection_template,unmatched_cluster,29,13008,8.802577018737793,8.077587127685547,8.493860244750977,9.796348571777344
raw_native,8.0,detection_template,unmatched_cluster,30,10364,8.805404663085938,8.073195457458496,8.497862815856934,9.81298542022705
raw_native,8.0,detection_template,unmatched_cluster,31,8475,8.798904418945312,8.070859909057617,8.479010581970215,9.81638240814209
raw_native,8.0,detection_template,unmatched_cluster,32,6801,8.81209659576416,8.068023681640625,8.487102508544922,9.857617378234863
raw_native,8.0,detection_template,unmatched_cluster,33,5460,8.822465896606445,8.07370662689209,8.483099937438965,9.85484790802002
raw_native,8.0,detection_template,unmatched_cluster,34,4552,8.832803726196289,8.076669692993164,8.483853340148926,9.90118408203125
raw_native,8.0,detection_template,unmatched_cluster,35,3679,8.833139419555664,8.071211814880371,8.471199035644531,9.883389472961426
raw_native,8.0,detection_template,unmatched_cluster,36,3021,8.864680290222168,8.07528018951416,8.476313591003418,9.881720542907715
raw_native,8.0,detection_template,unmatched_cluster,37,2454,8.89971923828125,8.073295593261719,8.500056266784668,10.069540023803711
raw_native,8.0,detection_template,unmatched_cluster,38,2079,8.921012878417969,8.0786714553833,8.514925003051758,10.087658882141113
raw_native,8.0,detection_template,unmatched_cluster,39,1736,8.924285888671875,8.066142082214355,8.506796836853027,10.086304664611816
raw_native,8.0,detection_template,unmatched_cluster,40,1491,8.964258193969727,8.067499160766602,8.532180786132812,10.215187072753906
raw_native,8.0,detection_template,unmatched_cluster,41,1265,9.01919937133789,8.083243370056152,8.547788619995117,10.186814308166504
raw_native,8.0,detection_template,unmatched_cluster,42,1032,9.085125923156738,8.081748962402344,8.582145690917969,10.391619682312012
raw_native,8.0,detection_template,unmatched_cluster,43,906,9.054247856140137,8.091424942016602,8.560900688171387,10.326979637145996
raw_native,8.0,detection_template,unmatched_cluster,44,762,9.092226028442383,8.082727432250977,8.533695220947266,10.451115608215332
raw_native,8.0,detection_template,unmatched_cluster,45,700,9.136031150817871,8.069329261779785,8.540462493896484,10.619547843933105
raw_native,8.0,detection_template,unmatched_cluster,46,602,9.23266315460205,8.072104454040527,8.618124008178711,10.864164352416992
raw_native,8.0,detection_template,unmatched_cluster,47,533,9.261119842529297,8.076562881469727,8.608463287353516,10.804570198059082
raw_native,8.0,detection_template,unmatched_cluster,48,470,9.338488578796387,8.092777252197266,8.67153263092041,10.836130142211914
raw_native,8.0,detection_template,unmatched_cluster,49,435,9.349167823791504,8.086389541625977,8.702754020690918,10.918670654296875
raw_native,8.0,detection_template,unmatched_cluster,50,374,9.440971374511719,8.084063529968262,8.81953239440918,10.857233047485352
raw_native,8.0,detection_template,unmatched_cluster,51,327,9.438432693481445,8.10290241241455,8.79016399383545,10.762568473815918
raw_native,8.0,detection_template,unmatched_cluster,52,300,9.499567031860352,8.103836059570312,8.785911560058594,11.059946060180664
raw_native,8.0,detection_template,unmatched_cluster,53,279,9.457389831542969,8.110690116882324,8.768465042114258,11.15750789642334
raw_native,8.0,detection_template,unmatched_cluster,54,256,9.508234024047852,8.141481399536133,8.761640548706055,10.968143463134766
raw_native,8.0,detection_template,unmatched_cluster,55,226,9.552472114562988,8.123260498046875,8.741883277893066,11.438079833984375
raw_native,8.0,detection_template,unmatched_cluster,56,210,9.568364143371582,8.095730781555176,8.793680191040039,11.157489776611328
raw_native,8.0,detection_template,unmatched_cluster,57,189,9.668559074401855,8.096661567687988,8.939737319946289,11.01736831665039
raw_native,8.0,detection_template,unmatched_cluster,58,177,9.69115924835205,8.065776824951172,8.841005325317383,11.460480690002441
raw_native,8.0,detection_template,unmatched_cluster,59,159,9.675239562988281,8.091567993164062,8.816648483276367,12.259575843811035
raw_native,8.0,detection_template,unmatched_cluster,60,143,9.824328422546387,8.08527660369873,8.872105598449707,13.240447998046875
raw_native,8.0,detection_template,unmatched_cluster,61,140,9.877094268798828,8.161724090576172,8.801881790161133,13.525470733642578
raw_native,8.0,detection_template,unmatched_cluster,62,134,9.8453950881958,8.156752586364746,8.860875129699707,13.094080924987793
raw_native,8.0,detection_template,unmatched_cluster,63,129,9.818798065185547,8.188484191894531,8.96069049835205,12.861464500427246
raw_native,8.0,detection_template,unmatched_cluster,64,117,9.867363929748535,8.172435760498047,8.984729766845703,12.8690185546875
raw_native,8.0,detection_template,unmatched_cluster,65,118,9.88483715057373,8.13614273071289,8.925219535827637,12.618653297424316
raw_native,8.0,detection_template,unmatched_cluster,66,118,9.80590534210205,8.119290351867676,8.85487174987793,12.10959243774414
raw_native,8.0,detection_template,unmatched_cluster,67,100,9.798543930053711,8.149280548095703,8.905335426330566,12.277044296264648
raw_native,8.0,detection_template,unmatched_cluster,68,95,9.814170837402344,8.10704517364502,8.818273544311523,14.566198348999023
raw_native,8.0,detection_template,unmatched_cluster,69,90,9.805011749267578,8.104658126831055,8.70003604888916,14.77346134185791
raw_native,8.0,detection_template,unmatched_cluster,70,79,9.823197364807129,8.086405754089355,8.785173416137695,14.938275337219238
raw_native,8.0,detection_template,unmatched_cluster,71,76,9.87886905670166,8.061880111694336,8.684405326843262,15.020355224609375
raw_native,8.0,detection_template,unmatched_cluster,72,73,9.960395812988281,8.141495704650879,8.725687980651855,15.196172714233398
raw_native,8.0,detection_template,unmatched_cluster,73,68,10.101457595825195,8.099717140197754,8.842644691467285,15.923413276672363
raw_native,8.0,detection_template,unmatched_cluster,74,60,10.190218925476074,8.178777694702148,8.997013092041016,15.391176223754883
raw_native,8.0,detection_template,unmatched_cluster,75,64,10.118701934814453,8.109942436218262,8.878255844116211,15.233929634094238
raw_native,8.0,detection_template,unmatched_cluster,76,56,10.418818473815918,8.14818000793457,8.849464416503906,15.789152145385742
raw_native,8.0,detection_template,unmatched_cluster,77,52,10.397130966186523,8.132810592651367,8.979429244995117,15.320162773132324
raw_native,8.0,detection_template,unmatched_cluster,78,48,10.500628471374512,8.155488014221191,9.252620697021484,14.460018157958984
raw_native,8.0,detection_template,unmatched_cluster,79,46,10.714722633361816,8.110782623291016,9.035872459411621,15.59204387664795
raw_native,8.0,detection_template,unmatched_cluster,80,48,10.344374656677246,8.108396530151367,8.92123794555664,15.233409881591797
raw_native,8.0,detection_template,unmatched_cluster,81,47,10.253217697143555,8.204168319702148,8.79643440246582,15.12271785736084
raw_native,8.0,detection_template,unmatched_cluster,82,42,10.389912605285645,8.125044822692871,8.96152400970459,14.863784790039062
raw_native,8.0,detection_template,unmatched_cluster,83,42,10.593378067016602,8.124649047851562,9.009866714477539,15.068463325500488
raw_native,8.0,detection_template,unmatched_cluster,84,38,10.655830383300781,8.206093788146973,9.386219024658203,15.113882064819336
raw_native,8.0,detection_template,unmatched_cluster,85,33,11.13318157196045,8.109620094299316,10.271209716796875,15.136244773864746
raw_native,8.0,detection_template,unmatched_cluster,86,30,11.19954776763916,8.074804306030273,9.363872528076172,15.87399959564209
raw_native,8.0,detection_template,unmatched_cluster,87,29,11.49426555633545,8.096445083618164,11.428603172302246,15.964407920837402
raw_native,8.0,detection_template,unmatched_cluster,88,27,11.12279224395752,8.236401557922363,10.236272811889648,14.80860710144043
raw_native,8.0,detection_template,unmatched_cluster,89,23,11.594503402709961,8.428655624389648,11.129169464111328,14.98160171508789
raw_native,8.0,detection_template,unmatched_cluster,90,24,11.49575138092041,8.061217308044434,11.334657669067383,15.235068321228027
raw_native,8.0,detection_template,unmatched_cluster,91,23,11.31925106048584,8.285308837890625,10.306890487670898,15.072047233581543
raw_native,8.0,detection_template,unmatched_cluster,92,23,11.62772274017334,8.374382019042969,11.254064559936523,15.01939868927002
raw_native,8.0,detection_template,unmatched_cluster,93,22,11.791214942932129,8.410683631896973,11.797658920288086,15.029640197753906
raw_native,8.0,detection_template,unmatched_cluster,94,21,11.740642547607422,8.242325782775879,10.334202766418457,15.332037925720215
raw_native,8.0,detection_template,unmatched_cluster,95,20,11.907981872558594,8.620567321777344,11.377906799316406,16.053857803344727
raw_native,8.0,detection_template,unmatched_cluster,96,18,11.935952186584473,9.063426971435547,11.926403045654297,15.460622787475586
raw_native,8.0,detection_template,unmatched_cluster,97,18,12.107840538024902,8.512614250183105,12.618585586547852,14.768824577331543
raw_native,8.0,detection_template,unmatched_cluster,98,17,12.113056182861328,9.09473705291748,13.009382247924805,14.578566551208496
raw_native,8.0,detection_template,unmatched_cluster,99,18,12.17608642578125,9.013665199279785,12.760665893554688,14.787851333618164
raw_native,8.0,detection_template,fp_matched_cluster,0,42,15.871828079223633,11.758543014526367,14.779397964477539,21.176664352416992
raw_native,8.0,detection_template,fp_matched_cluster,1,146,14.488354682922363,11.048393249511719,13.830482482910156,18.395200729370117
raw_native,8.0,detection_template,fp_matched_cluster,2,333,13.61612319946289,10.174365043640137,12.761900901794434,18.347747802734375
raw_native,8.0,detection_template,fp_matched_cluster,3,540,12.945609092712402,9.886598587036133,12.59138298034668,16.45795440673828
raw_native,8.0,detection_template,fp_matched_cluster,4,737,12.680395126342773,9.821602821350098,12.232449531555176,16.049163818359375
raw_native,8.0,detection_template,fp_matched_cluster,5,986,12.219673156738281,9.552295684814453,11.904871940612793,15.329410552978516
raw_native,8.0,detection_template,fp_matched_cluster,6,1239,11.764674186706543,9.227293968200684,11.535908699035645,14.396132469177246
raw_native,8.0,detection_template,fp_matched_cluster,7,1450,11.513890266418457,9.150877952575684,11.230813026428223,14.201089859008789
raw_native,8.0,detection_template,fp_matched_cluster,8,1660,11.071741104125977,8.84733772277832,10.925613403320312,13.373701095581055
raw_native,8.0,detection_template,fp_matched_cluster,9,1774,10.870378494262695,8.709280014038086,10.669670104980469,13.22057819366455
raw_native,8.0,detection_template,fp_matched_cluster,10,1833,10.55654239654541,8.631122589111328,10.345368385314941,12.765237808227539
raw_native,8.0,detection_template,fp_matched_cluster,11,1915,10.39617919921875,8.461195945739746,10.1715726852417,12.614256858825684
raw_native,8.0,detection_template,fp_matched_cluster,12,1822,10.057525634765625,8.412277221679688,9.804348945617676,11.99985122680664
raw_native,8.0,detection_template,fp_matched_cluster,13,1760,9.913446426391602,8.361105918884277,9.7003755569458,11.795305252075195
raw_native,8.0,detection_template,fp_matched_cluster,14,1721,9.751110076904297,8.285841941833496,9.41849136352539,11.563312530517578
raw_native,8.0,detection_template,fp_matched_cluster,15,1587,9.592118263244629,8.269014358520508,9.3488130569458,11.239055633544922
raw_native,8.0,detection_template,fp_matched_cluster,16,1399,9.480820655822754,8.238202095031738,9.23268985748291,11.031318664550781
raw_native,8.0,detection_template,fp_matched_cluster,17,1311,9.279792785644531,8.188612937927246,9.027974128723145,10.755908966064453
raw_native,8.0,detection_template,fp_matched_cluster,18,1155,9.207035064697266,8.159333229064941,8.925986289978027,10.626214981079102
raw_native,8.0,detection_template,fp_matched_cluster,19,1052,9.10292911529541,8.135428428649902,8.852631568908691,10.368289947509766
raw_native,8.0,detection_template,fp_matched_cluster,20,980,8.986504554748535,8.11539077758789,8.73354434967041,10.21839427947998
raw_native,8.0,detection_template,fp_matched_cluster,21,756,8.924385070800781,8.119759559631348,8.70582389831543,10.173603057861328
raw_native,8.0,detection_template,fp_matched_cluster,22,704,8.865676879882812,8.10260009765625,8.626337051391602,9.8832368850708
raw_native,8.0,detection_template,fp_matched_cluster,23,559,8.795402526855469,8.097749710083008,8.553149223327637,9.781059265136719
raw_native,8.0,detection_template,fp_matched_cluster,24,463,8.811766624450684,8.089973449707031,8.561914443969727,9.86264419555664
raw_native,8.0,detection_template,fp_matched_cluster,25,370,8.693626403808594,8.081186294555664,8.502520561218262,9.630205154418945
raw_native,8.0,detection_template,fp_matched_cluster,26,342,8.712591171264648,8.097513198852539,8.46632194519043,9.653077125549316
raw_native,8.0,detection_template,fp_matched_cluster,27,219,8.68450927734375,8.066542625427246,8.47577953338623,9.58182430267334
raw_native,8.0,detection_template,fp_matched_cluster,28,189,8.695085525512695,8.0908842086792,8.433845520019531,9.8062744140625
raw_native,8.0,detection_template,fp_matched_cluster,29,167,8.629523277282715,8.067314147949219,8.476848602294922,9.541394233703613
raw_native,8.0,detection_template,fp_matched_cluster,30,109,8.595520973205566,8.072915077209473,8.442916870117188,9.402325630187988
raw_native,8.0,detection_template,fp_matched_cluster,31,92,8.583935737609863,8.087384223937988,8.400320053100586,9.301627159118652
raw_native,8.0,detection_template,fp_matched_cluster,32,72,8.654576301574707,8.10299301147461,8.504039764404297,9.470114707946777
raw_native,8.0,detection_template,fp_matched_cluster,33,65,8.703227043151855,8.078109741210938,8.557892799377441,9.59854507446289
raw_native,8.0,detection_template,fp_matched_cluster,34,38,8.615924835205078,8.143519401550293,8.539684295654297,9.363037109375
raw_native,8.0,detection_template,fp_matched_cluster,35,42,8.68101692199707,8.101576805114746,8.576295852661133,9.43489933013916
raw_native,8.0,detection_template,fp_matched_cluster,36,26,8.620630264282227,8.069852828979492,8.354893684387207,9.698780059814453
raw_native,8.0,detection_template,fp_matched_cluster,37,27,8.46808910369873,8.0378999710083,8.310338973999023,9.021403312683105
raw_native,8.0,detection_template,fp_matched_cluster,38,19,8.60689640045166,8.112098693847656,8.446880340576172,9.095065116882324
raw_native,8.0,detection_template,fp_matched_cluster,39,18,8.762828826904297,8.06511402130127,8.338479042053223,9.495606422424316
raw_native,8.0,detection_template,fp_matched_cluster,40,11,8.44070816040039,8.171856880187988,8.503766059875488,8.662811279296875
raw_native,8.0,detection_template,fp_matched_cluster,41,9,8.433939933776855,8.04803466796875,8.09560489654541,9.017718315124512
raw_native,8.0,detection_template,fp_matched_cluster,42,8,8.390653610229492,8.036914825439453,8.299346923828125,8.804184913635254
raw_native,8.0,detection_template,fp_matched_cluster,43,4,8.593127250671387,8.049976348876953,8.611749649047852,9.121379852294922
raw_native,8.0,detection_template,fp_matched_cluster,44,9,8.518505096435547,8.041219711303711,8.388383865356445,9.050885200500488
raw_native,8.0,detection_template,fp_matched_cluster,45,6,8.651238441467285,8.326106071472168,8.567865371704102,9.059745788574219
raw_native,8.0,detection_template,fp_matched_cluster,46,2,8.361071586608887,8.228180885314941,8.361071586608887,8.493962287902832
raw_native,8.0,detection_template,fp_matched_cluster,47,3,8.509523391723633,8.185405731201172,8.532686233520508,8.824376106262207
raw_native,8.0,detection_template,fp_matched_cluster,48,4,9.427300453186035,8.449642181396484,9.695686340332031,10.1902494430542
raw_native,8.0,detection_template,fp_matched_cluster,49,2,8.129844665527344,8.122018814086914,8.129844665527344,8.137670516967773
raw_native,8.0,detection_template,fp_matched_cluster,50,3,9.635634422302246,8.353182792663574,8.896913528442383,11.21357536315918
raw_native,8.0,detection_template,fp_matched_cluster,51,2,8.314428329467773,8.281901359558105,8.314428329467773,8.346955299377441
raw_native,8.0,detection_template,fp_matched_cluster,52,1,8.59326171875,8.59326171875,8.59326171875,8.59326171875
raw_native,8.0,detection_template,fp_matched_cluster,53,2,8.694376945495605,8.476075172424316,8.694376945495605,8.912678718566895
raw_native,8.0,detection_template,fp_matched_cluster,54,1,8.658735275268555,8.658735275268555,8.658735275268555,8.658735275268555
raw_native,8.0,detection_template,fp_matched_cluster,56,1,8.102091789245605,8.102091789245605,8.102091789245605,8.102091789245605
raw_native,8.0,detection_template,fp_matched_cluster,57,1,9.155403137207031,9.155403137207031,9.155403137207031,9.155403137207031
raw_native,8.0,detection_template,fp_matched_cluster,61,2,8.977001190185547,8.708008766174316,8.977001190185547,9.245993614196777
raw_native,8.0,detection_template,fp_matched_cluster,63,1,8.142870903015137,8.142870903015137,8.142870903015137,8.142870903015137
raw_native,8.0,detection_template,fp_matched_cluster,65,1,8.360082626342773,8.360082626342773,8.360082626342773,8.360082626342773
raw_native,8.0,detection_template,fp_matched_cluster,69,1,8.827041625976562,8.827041625976562,8.827041625976562,8.827041625976562
raw_native,8.0,detection_template,fp_matched_cluster,76,1,9.634288787841797,9.634288787841797,9.634288787841797,9.634288787841797
raw_native,8.0,detection_template,fp_matched_cluster,89,1,8.48499870300293,8.48499870300293,8.48499870300293,8.48499870300293
raw_native,8.0,detection_template,fp_matched_cluster,96,1,8.550329208374023,8.550329208374023,8.550329208374023,8.550329208374023
raw_native,8.0,detection_template,tp,0,5761,24.71677017211914,19.139726638793945,25.632963180541992,28.284196853637695
raw_native,8.0,detection_template,tp,1,8065,23.352201461791992,17.40228843688965,24.716646194458008,27.74909210205078
raw_native,8.0,detection_template,tp,2,7846,21.460346221923828,13.913860321044922,22.200950622558594,27.01763916015625
raw_native,8.0,detection_template,tp,3,6833,19.24977684020996,11.870891571044922,19.10642433166504,26.021696090698242
raw_native,8.0,detection_template,tp,4,6121,17.095348358154297,10.85865306854248,17.27141571044922,24.511362075805664
raw_native,8.0,detection_template,tp,5,5723,15.22732925415039,10.217244148254395,14.28923511505127,21.024349212646484
raw_native,8.0,detection_template,tp,6,5507,13.848221778869629,9.805888175964355,12.683176040649414,19.073741912841797
raw_native,8.0,detection_template,tp,7,5355,12.799884796142578,9.436423301696777,11.963262557983398,17.713687896728516
raw_native,8.0,detection_template,tp,8,5188,12.08713436126709,9.159655570983887,11.452577590942383,16.301984786987305
raw_native,8.0,detection_template,tp,9,4909,11.530628204345703,8.955596923828125,11.065930366516113,14.683487892150879
raw_native,8.0,detection_template,tp,10,4743,11.078596115112305,8.781785011291504,10.771461486816406,13.472915649414062
raw_native,8.0,detection_template,tp,11,4459,10.787145614624023,8.646341323852539,10.5160551071167,13.090864181518555
raw_native,8.0,detection_template,tp,12,3987,10.481982231140137,8.551959991455078,10.23593807220459,12.572009086608887
raw_native,8.0,detection_template,tp,13,3623,10.330166816711426,8.506482124328613,10.06071949005127,12.392790794372559
raw_native,8.0,detection_template,tp,14,3243,10.093482971191406,8.429312705993652,9.855179786682129,12.0407075881958
raw_native,8.0,detection_template,tp,15,2748,9.888675689697266,8.357205390930176,9.622493743896484,11.719233512878418
raw_native,8.0,detection_template,tp,16,2498,9.786417961120605,8.314800262451172,9.528081893920898,11.598160743713379
raw_native,8.0,detection_template,tp,17,2102,9.654109001159668,8.273990631103516,9.40257453918457,11.328971862792969
raw_native,8.0,detection_template,tp,18,1750,9.498028755187988,8.236513137817383,9.203458786010742,11.060275077819824
raw_native,8.0,detection_template,tp,19,1347,9.435084342956543,8.21900463104248,9.172333717346191,11.076193809509277
raw_native,8.0,detection_template,tp,20,1183,9.369573593139648,8.204804420471191,9.100428581237793,10.908883094787598
raw_native,8.0,detection_template,tp,21,942,9.18565845489502,8.147345542907715,8.922293663024902,10.633116722106934
raw_native,8.0,detection_template,tp,22,704,9.156230926513672,8.192081451416016,8.884827613830566,10.45863151550293
raw_native,8.0,detection_template,tp,23,574,9.009199142456055,8.133341789245605,8.779167175292969,10.273872375488281
raw_native,8.0,detection_template,tp,24,467,9.000009536743164,8.113743782043457,8.730525970458984,10.173879623413086
raw_native,8.0,detection_template,tp,25,320,8.938735961914062,8.068604469299316,8.639974594116211,10.149734497070312
raw_native,8.0,detection_template,tp,26,281,8.974461555480957,8.15706729888916,8.71206283569336,10.269814491271973
raw_native,8.0,detection_template,tp,27,234,8.96019458770752,8.102903366088867,8.623723983764648,9.939465522766113
raw_native,8.0,detection_template,tp,28,161,8.793051719665527,8.062249183654785,8.57176685333252,9.795720100402832
raw_native,8.0,detection_template,tp,29,132,8.974244117736816,8.104004859924316,8.63208293914795,10.029879570007324
raw_native,8.0,detection_template,tp,30,90,8.866957664489746,8.112859725952148,8.658985137939453,9.8231840133667
raw_native,8.0,detection_template,tp,31,76,8.934211730957031,8.12321662902832,8.724740982055664,10.002296447753906
raw_native,8.0,detection_template,tp,32,66,8.763181686401367,8.10441780090332,8.572284698486328,9.610304832458496
raw_native,8.0,detection_template,tp,33,50,9.097748756408691,8.10847282409668,8.720132827758789,10.434579849243164
raw_native,8.0,detection_template,tp,34,34,8.799469947814941,8.131601333618164,8.665630340576172,9.731648445129395
raw_native,8.0,detection_template,tp,35,35,8.839930534362793,8.047792434692383,8.492424011230469,9.851086616516113
raw_native,8.0,detection_template,tp,36,19,8.607622146606445,8.033285140991211,8.595073699951172,9.0548095703125
raw_native,8.0,detection_template,tp,37,19,8.931096076965332,8.06955623626709,8.589494705200195,10.4216890335083
raw_native,8.0,detection_template,tp,38,11,9.021622657775879,8.270401000976562,9.06131362915039,9.664277076721191
raw_native,8.0,detection_template,tp,39,13,8.806198120117188,8.162908554077148,8.594589233398438,9.80860424041748
raw_native,8.0,detection_template,tp,40,6,9.334696769714355,8.603645324707031,8.743606567382812,10.656837463378906
raw_native,8.0,detection_template,tp,41,3,8.310946464538574,8.085850715637207,8.288474082946777,8.545029640197754
raw_native,8.0,detection_template,tp,42,6,8.860278129577637,8.164469718933105,8.609420776367188,9.806944847106934
raw_native,8.0,detection_template,tp,43,4,9.91278076171875,9.099601745605469,9.522012710571289,11.038572311401367
raw_native,8.0,detection_template,tp,44,6,9.41897201538086,8.578568458557129,8.93541431427002,10.742932319641113
raw_native,8.0,detection_template,tp,45,3,9.758625984191895,8.492947578430176,10.183516502380371,10.854348182678223
raw_native,8.0,detection_template,tp,46,4,8.990707397460938,8.106675148010254,8.39947509765625,10.347723960876465
raw_native,8.0,detection_template,tp,47,2,8.53897476196289,8.418729782104492,8.53897476196289,8.659219741821289
raw_native,8.0,detection_template,tp,48,7,9.016234397888184,8.016915321350098,8.494940757751465,10.216032981872559
raw_native,8.0,detection_template,tp,49,2,8.53007698059082,8.477569580078125,8.53007698059082,8.582584381103516
raw_native,8.0,detection_template,tp,50,4,8.474519729614258,8.034648895263672,8.112089157104492,9.204333305358887
raw_native,8.0,detection_template,tp,51,2,9.922220230102539,9.440287590026855,9.922220230102539,10.404153823852539
raw_native,8.0,detection_template,tp,53,2,8.557129859924316,8.521944046020508,8.557129859924316,8.592315673828125
raw_native,8.0,detection_template,tp,54,1,8.029489517211914,8.029489517211914,8.029489517211914,8.029489517211914
raw_native,8.0,detection_template,tp,57,1,8.902680397033691,8.902680397033691,8.902680397033691,8.902680397033691
raw_native,8.0,detection_template,tp,59,1,8.45106029510498,8.45106029510498,8.45106029510498,8.45106029510498
raw_native,8.0,detection_template,tp,60,1,9.388531684875488,9.388531684875488,9.388531684875488,9.388531684875488
raw_native,8.0,detection_template,tp,66,1,8.014741897583008,8.014741897583008,8.014741897583008,8.014741897583008
raw_native,8.0,detection_template,tp,67,2,8.240987777709961,8.167366027832031,8.240987777709961,8.31460952758789
raw_native,8.0,detection_template,tp,70,1,8.163386344909668,8.163386344909668,8.163386344909668,8.163386344909668
raw_native,8.0,detection_template,tp,72,1,8.373431205749512,8.373431205749512,8.373431205749512,8.373431205749512
raw_native,8.0,detection_template,tp,73,1,10.294720649719238,10.294720649719238,10.294720649719238,10.294720649719238
raw_native,8.0,detection_template,tp,74,1,8.028815269470215,8.028815269470215,8.028815269470215,8.028815269470215
raw_native,8.0,detection_template,tp,80,2,11.40391731262207,9.801460266113281,11.40391731262207,13.006375312805176
raw_native,8.0,detection_template,tp,91,1,14.244895935058594,14.244895935058594,14.244895935058594,14.244895935058594
raw_native,8.0,detection_template,tp,95,1,11.461969375610352,11.461969375610352,11.461969375610352,11.461969375610352
raw_native,8.0,final_clustering,unmatched_cluster,0,277876,31.944385528564453,21.249786376953125,31.788970947265625,42.52867126464844
raw_native,8.0,final_clustering,unmatched_cluster,1,254254,25.314298629760742,16.932275772094727,25.198028564453125,33.95714569091797
raw_native,8.0,final_clustering,unmatched_cluster,2,242881,21.589643478393555,14.469843864440918,21.203075408935547,29.069332122802734
raw_native,8.0,final_clustering,unmatched_cluster,3,236016,19.048873901367188,12.83613395690918,18.679685592651367,25.710569381713867
raw_native,8.0,final_clustering,unmatched_cluster,4,230720,17.17580795288086,11.647903442382812,16.899089813232422,23.16914939880371
raw_native,8.0,final_clustering,unmatched_cluster,5,225240,15.728378295898438,10.775087356567383,15.425466537475586,20.95459747314453
raw_native,8.0,final_clustering,unmatched_cluster,6,219736,14.565725326538086,10.114553451538086,14.21682357788086,19.335487365722656
raw_native,8.0,final_clustering,unmatched_cluster,7,213865,13.62071418762207,9.612349510192871,13.236705780029297,18.070268630981445
raw_native,8.0,final_clustering,unmatched_cluster,8,207400,12.836456298828125,9.257901191711426,12.42808723449707,16.95184898376465
raw_native,8.0,final_clustering,unmatched_cluster,9,200437,12.175060272216797,8.971029281616211,11.742048263549805,15.951885223388672
raw_native,8.0,final_clustering,unmatched_cluster,10,191772,11.625082969665527,8.765061378479004,11.178873062133789,15.089181900024414
raw_native,8.0,final_clustering,unmatched_cluster,11,182548,11.159157752990723,8.614524841308594,10.702254295349121,14.308363914489746
raw_native,8.0,final_clustering,unmatched_cluster,12,172302,10.771648406982422,8.49197006225586,10.31839370727539,13.644230842590332
raw_native,8.0,final_clustering,unmatched_cluster,13,161040,10.445052146911621,8.407509803771973,10.000467300415039,13.077201843261719
raw_native,8.0,final_clustering,unmatched_cluster,14,148925,10.166866302490234,8.338953971862793,9.739850997924805,12.548858642578125
raw_native,8.0,final_clustering,unmatched_cluster,15,136400,9.926569938659668,8.279474258422852,9.514504432678223,12.114145278930664
raw_native,8.0,final_clustering,unmatched_cluster,16,122847,9.727364540100098,8.23900032043457,9.334648132324219,11.724353790283203
raw_native,8.0,final_clustering,unmatched_cluster,17,109951,9.56186580657959,8.205778121948242,9.189777374267578,11.402233123779297
raw_native,8.0,final_clustering,unmatched_cluster,18,97229,9.422355651855469,8.182116508483887,9.063508033752441,11.11551284790039
raw_native,8.0,final_clustering,unmatched_cluster,19,84846,9.300326347351074,8.159476280212402,8.954832077026367,10.870386123657227
raw_native,8.0,final_clustering,unmatched_cluster,20,73158,9.19981861114502,8.143521308898926,8.870588302612305,10.663431167602539
raw_native,8.0,final_clustering,unmatched_cluster,21,62429,9.11391830444336,8.129511833190918,8.791280746459961,10.481813430786133
raw_native,8.0,final_clustering,unmatched_cluster,22,52855,9.038324356079102,8.118385314941406,8.72492790222168,10.344971656799316
raw_native,8.0,final_clustering,unmatched_cluster,23,44411,8.976531028747559,8.106731414794922,8.667695045471191,10.203022956848145
raw_native,8.0,final_clustering,unmatched_cluster,24,36602,8.929117202758789,8.09652042388916,8.624813079833984,10.11225414276123
raw_native,8.0,final_clustering,unmatched_cluster,25,30244,8.890837669372559,8.092395782470703,8.593193054199219,10.026803016662598
raw_native,8.0,final_clustering,unmatched_cluster,26,24569,8.85939884185791,8.086441040039062,8.561368942260742,9.948826789855957
raw_native,8.0,final_clustering,unmatched_cluster,27,19947,8.834090232849121,8.082682609558105,8.536784172058105,9.89465045928955
raw_native,8.0,final_clustering,unmatched_cluster,28,16114,8.81192398071289,8.077448844909668,8.51340389251709,9.8419771194458
raw_native,8.0,final_clustering,unmatched_cluster,29,13001,8.8025484085083,8.077548027038574,8.494007110595703,9.795536994934082
raw_native,8.0,final_clustering,unmatched_cluster,30,10358,8.805688858032227,8.073331832885742,8.49803638458252,9.813694953918457
raw_native,8.0,final_clustering,unmatched_cluster,31,8470,8.79909896850586,8.070784568786621,8.479050636291504,9.816675186157227
raw_native,8.0,final_clustering,unmatched_cluster,32,6797,8.812159538269043,8.06800651550293,8.487274169921875,9.858071327209473
raw_native,8.0,final_clustering,unmatched_cluster,33,5457,8.82304573059082,8.073596954345703,8.483823776245117,9.85516357421875
raw_native,8.0,final_clustering,unmatched_cluster,34,4547,8.832301139831543,8.076645851135254,8.483104705810547,9.897974014282227
raw_native,8.0,final_clustering,unmatched_cluster,35,3676,8.833989143371582,8.071514129638672,8.472044944763184,9.883647918701172
raw_native,8.0,final_clustering,unmatched_cluster,36,3020,8.864806175231934,8.075328826904297,8.476030349731445,9.882123947143555
raw_native,8.0,final_clustering,unmatched_cluster,37,2451,8.900126457214355,8.072973251342773,8.499919891357422,10.069891929626465
raw_native,8.0,final_clustering,unmatched_cluster,38,2078,8.92112922668457,8.078622817993164,8.514690399169922,10.087952613830566
raw_native,8.0,final_clustering,unmatched_cluster,39,1732,8.923849105834961,8.064987182617188,8.506796836853027,10.085240364074707
raw_native,8.0,final_clustering,unmatched_cluster,40,1491,8.964284896850586,8.067499160766602,8.532180786132812,10.215187072753906
raw_native,8.0,final_clustering,unmatched_cluster,41,1263,9.019655227661133,8.082921028137207,8.546295166015625,10.194822311401367
raw_native,8.0,final_clustering,unmatched_cluster,42,1029,9.08655834197998,8.083629608154297,8.582839012145996,10.403863906860352
raw_native,8.0,final_clustering,unmatched_cluster,43,905,9.054742813110352,8.091294288635254,8.560839653015137,10.327035903930664
raw_native,8.0,final_clustering,unmatched_cluster,44,761,9.093571662902832,8.083109855651855,8.534656524658203,10.45138931274414
raw_native,8.0,final_clustering,unmatched_cluster,45,699,9.137290954589844,8.069271087646484,8.540656089782715,10.622064590454102
raw_native,8.0,final_clustering,unmatched_cluster,46,602,9.23266315460205,8.072104454040527,8.618124008178711,10.864164352416992
raw_native,8.0,final_clustering,unmatched_cluster,47,531,9.264423370361328,8.075713157653809,8.617818832397461,10.806830406188965
raw_native,8.0,final_clustering,unmatched_cluster,48,470,9.338488578796387,8.092777252197266,8.67153263092041,10.836130142211914
raw_native,8.0,final_clustering,unmatched_cluster,49,434,9.351929664611816,8.086370468139648,8.706535339355469,10.921241760253906
raw_native,8.0,final_clustering,unmatched_cluster,50,374,9.440971374511719,8.084063529968262,8.81953239440918,10.857233047485352
raw_native,8.0,final_clustering,unmatched_cluster,51,327,9.438432693481445,8.10290241241455,8.79016399383545,10.762568473815918
raw_native,8.0,final_clustering,unmatched_cluster,52,299,9.503113746643066,8.103813171386719,8.79047966003418,11.066548347473145
raw_native,8.0,final_clustering,unmatched_cluster,53,279,9.457389831542969,8.110690116882324,8.768465042114258,11.15750789642334
raw_native,8.0,final_clustering,unmatched_cluster,54,256,9.508234024047852,8.141481399536133,8.761640548706055,10.968143463134766
raw_native,8.0,final_clustering,unmatched_cluster,55,226,9.552472114562988,8.123260498046875,8.741883277893066,11.438079833984375
raw_native,8.0,final_clustering,unmatched_cluster,56,210,9.568364143371582,8.095730781555176,8.793680191040039,11.157489776611328
raw_native,8.0,final_clustering,unmatched_cluster,57,189,9.668559074401855,8.096661567687988,8.939737319946289,11.01736831665039
raw_native,8.0,final_clustering,unmatched_cluster,58,177,9.69115924835205,8.065776824951172,8.841005325317383,11.460480690002441
raw_native,8.0,final_clustering,unmatched_cluster,59,159,9.675239562988281,8.091567993164062,8.816648483276367,12.259575843811035
raw_native,8.0,final_clustering,unmatched_cluster,60,143,9.824328422546387,8.08527660369873,8.872105598449707,13.240447998046875
raw_native,8.0,final_clustering,unmatched_cluster,61,140,9.877094268798828,8.161724090576172,8.801881790161133,13.525470733642578
raw_native,8.0,final_clustering,unmatched_cluster,62,134,9.8453950881958,8.156752586364746,8.860875129699707,13.094080924987793
raw_native,8.0,final_clustering,unmatched_cluster,63,130,9.805906295776367,8.185718536376953,8.926139831542969,12.845853805541992
raw_native,8.0,final_clustering,unmatched_cluster,64,117,9.867363929748535,8.172435760498047,8.984729766845703,12.8690185546875
raw_native,8.0,final_clustering,unmatched_cluster,65,118,9.88483715057373,8.13614273071289,8.925219535827637,12.618653297424316
raw_native,8.0,final_clustering,unmatched_cluster,66,118,9.80590534210205,8.119290351867676,8.85487174987793,12.10959243774414
raw_native,8.0,final_clustering,unmatched_cluster,67,100,9.798543930053711,8.149280548095703,8.905335426330566,12.277044296264648
raw_native,8.0,final_clustering,unmatched_cluster,68,95,9.814170837402344,8.10704517364502,8.818273544311523,14.566198348999023
raw_native,8.0,final_clustering,unmatched_cluster,69,90,9.805011749267578,8.104658126831055,8.70003604888916,14.77346134185791
raw_native,8.0,final_clustering,unmatched_cluster,70,79,9.823197364807129,8.086405754089355,8.785173416137695,14.938275337219238
raw_native,8.0,final_clustering,unmatched_cluster,71,76,9.87886905670166,8.061880111694336,8.684405326843262,15.020355224609375
raw_native,8.0,final_clustering,unmatched_cluster,72,73,9.960395812988281,8.141495704650879,8.725687980651855,15.196172714233398
raw_native,8.0,final_clustering,unmatched_cluster,73,68,10.101457595825195,8.099717140197754,8.842644691467285,15.923413276672363
raw_native,8.0,final_clustering,unmatched_cluster,74,60,10.190218925476074,8.178777694702148,8.997013092041016,15.391176223754883
raw_native,8.0,final_clustering,unmatched_cluster,75,64,10.118701934814453,8.109942436218262,8.878255844116211,15.233929634094238
raw_native,8.0,final_clustering,unmatched_cluster,76,56,10.418818473815918,8.14818000793457,8.849464416503906,15.789152145385742
raw_native,8.0,final_clustering,unmatched_cluster,77,52,10.397130966186523,8.132810592651367,8.979429244995117,15.320162773132324
raw_native,8.0,final_clustering,unmatched_cluster,78,48,10.500628471374512,8.155488014221191,9.252620697021484,14.460018157958984
raw_native,8.0,final_clustering,unmatched_cluster,79,46,10.714722633361816,8.110782623291016,9.035872459411621,15.59204387664795
raw_native,8.0,final_clustering,unmatched_cluster,80,48,10.344374656677246,8.108396530151367,8.92123794555664,15.233409881591797
raw_native,8.0,final_clustering,unmatched_cluster,81,47,10.253217697143555,8.204168319702148,8.79643440246582,15.12271785736084
raw_native,8.0,final_clustering,unmatched_cluster,82,42,10.389912605285645,8.125044822692871,8.96152400970459,14.863784790039062
raw_native,8.0,final_clustering,unmatched_cluster,83,42,10.593378067016602,8.124649047851562,9.009866714477539,15.068463325500488
raw_native,8.0,final_clustering,unmatched_cluster,84,38,10.655830383300781,8.206093788146973,9.386219024658203,15.113882064819336
raw_native,8.0,final_clustering,unmatched_cluster,85,33,11.13318157196045,8.109620094299316,10.271209716796875,15.136244773864746
raw_native,8.0,final_clustering,unmatched_cluster,86,30,11.19954776763916,8.074804306030273,9.363872528076172,15.87399959564209
raw_native,8.0,final_clustering,unmatched_cluster,87,29,11.49426555633545,8.096445083618164,11.428603172302246,15.964407920837402
raw_native,8.0,final_clustering,unmatched_cluster,88,27,11.12279224395752,8.236401557922363,10.236272811889648,14.80860710144043
raw_native,8.0,final_clustering,unmatched_cluster,89,23,11.594503402709961,8.428655624389648,11.129169464111328,14.98160171508789
raw_native,8.0,final_clustering,unmatched_cluster,90,24,11.49575138092041,8.061217308044434,11.334657669067383,15.235068321228027
raw_native,8.0,final_clustering,unmatched_cluster,91,23,11.31925106048584,8.285308837890625,10.306890487670898,15.072047233581543
raw_native,8.0,final_clustering,unmatched_cluster,92,23,11.62772274017334,8.374382019042969,11.254064559936523,15.01939868927002
raw_native,8.0,final_clustering,unmatched_cluster,93,22,11.791214942932129,8.410683631896973,11.797658920288086,15.029640197753906
raw_native,8.0,final_clustering,unmatched_cluster,94,21,11.740642547607422,8.242325782775879,10.334202766418457,15.332037925720215
raw_native,8.0,final_clustering,unmatched_cluster,95,20,11.907981872558594,8.620567321777344,11.377906799316406,16.053857803344727
raw_native,8.0,final_clustering,unmatched_cluster,96,18,11.935952186584473,9.063426971435547,11.926403045654297,15.460622787475586
raw_native,8.0,final_clustering,unmatched_cluster,97,18,12.107840538024902,8.512614250183105,12.618585586547852,14.768824577331543
raw_native,8.0,final_clustering,unmatched_cluster,98,17,12.113056182861328,9.09473705291748,13.009382247924805,14.578566551208496
raw_native,8.0,final_clustering,unmatched_cluster,99,18,12.17608642578125,9.013665199279785,12.760665893554688,14.787851333618164
raw_native,8.0,final_clustering,fp_matched_cluster,0,43,15.75924301147461,11.493057250976562,14.712261199951172,21.154056549072266
raw_native,8.0,final_clustering,fp_matched_cluster,1,150,14.445257186889648,11.016435623168945,13.830482482910156,18.37870216369629
raw_native,8.0,final_clustering,fp_matched_cluster,2,336,13.615498542785645,10.168350219726562,12.761251449584961,18.283824920654297
raw_native,8.0,final_clustering,fp_matched_cluster,3,559,12.953612327575684,9.899534225463867,12.592070579528809,16.409618377685547
raw_native,8.0,final_clustering,fp_matched_cluster,4,758,12.668196678161621,9.793305397033691,12.233572006225586,16.033483505249023
raw_native,8.0,final_clustering,fp_matched_cluster,5,1020,12.191530227661133,9.526748657226562,11.871733665466309,15.288398742675781
raw_native,8.0,final_clustering,fp_matched_cluster,6,1276,11.749053955078125,9.190935134887695,11.514989852905273,14.401325225830078
raw_native,8.0,final_clustering,fp_matched_cluster,7,1482,11.502021789550781,9.1259765625,11.227237701416016,14.199494361877441
raw_native,8.0,final_clustering,fp_matched_cluster,8,1701,11.07768440246582,8.836406707763672,10.932221412658691,13.406243324279785
raw_native,8.0,final_clustering,fp_matched_cluster,9,1842,10.848541259765625,8.677204132080078,10.645879745483398,13.196149826049805
raw_native,8.0,final_clustering,fp_matched_cluster,10,1915,10.546540260314941,8.6017427444458,10.33432388305664,12.770363807678223
raw_native,8.0,final_clustering,fp_matched_cluster,11,1993,10.389812469482422,8.469300270080566,10.16589641571045,12.588769912719727
raw_native,8.0,final_clustering,fp_matched_cluster,12,1898,10.061369895935059,8.405496597290039,9.82368278503418,12.007441520690918
raw_native,8.0,final_clustering,fp_matched_cluster,13,1852,9.907777786254883,8.356724739074707,9.699100494384766,11.75844955444336
raw_native,8.0,final_clustering,fp_matched_cluster,14,1800,9.748327255249023,8.28272819519043,9.413127899169922,11.577898025512695
raw_native,8.0,final_clustering,fp_matched_cluster,15,1680,9.571749687194824,8.259708404541016,9.318843841552734,11.235143661499023
raw_native,8.0,final_clustering,fp_matched_cluster,16,1462,9.480609893798828,8.236808776855469,9.233150482177734,11.035906791687012
raw_native,8.0,final_clustering,fp_matched_cluster,17,1362,9.295275688171387,8.196950912475586,9.035599708557129,10.767220497131348
raw_native,8.0,final_clustering,fp_matched_cluster,18,1209,9.218008041381836,8.162912368774414,8.94381046295166,10.650980949401855
raw_native,8.0,final_clustering,fp_matched_cluster,19,1114,9.098641395568848,8.135235786437988,8.84246826171875,10.387807846069336
raw_native,8.0,final_clustering,fp_matched_cluster,20,1011,9.006908416748047,8.118770599365234,8.745038986206055,10.25020694732666
raw_native,8.0,final_clustering,fp_matched_cluster,21,790,8.917317390441895,8.122915267944336,8.68174934387207,10.181034088134766
raw_native,8.0,final_clustering,fp_matched_cluster,22,729,8.872854232788086,8.113224983215332,8.64678955078125,9.89310359954834
raw_native,8.0,final_clustering,fp_matched_cluster,23,585,8.789913177490234,8.1000394821167,8.568631172180176,9.75025463104248
raw_native,8.0,final_clustering,fp_matched_cluster,24,482,8.79271125793457,8.08991813659668,8.550052642822266,9.855610847473145
raw_native,8.0,final_clustering,fp_matched_cluster,25,388,8.710794448852539,8.07587718963623,8.515785217285156,9.707365989685059
raw_native,8.0,final_clustering,fp_matched_cluster,26,365,8.7155179977417,8.095878601074219,8.487805366516113,9.661014556884766
raw_native,8.0,final_clustering,fp_matched_cluster,27,229,8.702119827270508,8.059267044067383,8.506144523620605,9.58182430267334
raw_native,8.0,final_clustering,fp_matched_cluster,28,200,8.710027694702148,8.107288360595703,8.46125602722168,9.80563735961914
raw_native,8.0,final_clustering,fp_matched_cluster,29,173,8.641692161560059,8.073217391967773,8.473052024841309,9.570808410644531
raw_native,8.0,final_clustering,fp_matched_cluster,30,114,8.579472541809082,8.064438819885254,8.429435729980469,9.38577651977539
raw_native,8.0,final_clustering,fp_matched_cluster,31,96,8.581157684326172,8.09039306640625,8.406115531921387,9.298858642578125
raw_native,8.0,final_clustering,fp_matched_cluster,32,75,8.659684181213379,8.11925983428955,8.501933097839355,9.47464656829834
raw_native,8.0,final_clustering,fp_matched_cluster,33,68,8.661989212036133,8.078112602233887,8.530872344970703,9.390060424804688
raw_native,8.0,final_clustering,fp_matched_cluster,34,43,8.694308280944824,8.173091888427734,8.584877014160156,9.407848358154297
raw_native,8.0,final_clustering,fp_matched_cluster,35,44,8.630091667175293,8.066205978393555,8.478836059570312,9.346999168395996
raw_native,8.0,final_clustering,fp_matched_cluster,36,27,8.615541458129883,8.039978981018066,8.353656768798828,9.647412300109863
raw_native,8.0,final_clustering,fp_matched_cluster,37,30,8.478084564208984,8.038145065307617,8.334003448486328,8.926822662353516
raw_native,8.0,final_clustering,fp_matched_cluster,38,20,8.610428810119629,8.114191055297852,8.452571868896484,9.078096389770508
raw_native,8.0,final_clustering,fp_matched_cluster,39,21,8.849740028381348,8.161767959594727,8.411913871765137,10.599283218383789
raw_native,8.0,final_clustering,fp_matched_cluster,40,10,8.433335304260254,8.156432151794434,8.489109992980957,8.679014205932617
raw_native,8.0,final_clustering,fp_matched_cluster,41,10,8.475334167480469,8.052515983581543,8.29572868347168,8.97478199005127
raw_native,8.0,final_clustering,fp_matched_cluster,42,11,8.446043014526367,8.007086753845215,8.301255226135254,9.40809440612793
raw_native,8.0,final_clustering,fp_matched_cluster,43,5,8.595842361450195,8.058843612670898,8.606701850891113,9.119961738586426
raw_native,8.0,final_clustering,fp_matched_cluster,44,10,8.473525047302246,8.042417526245117,8.357271194458008,8.971105575561523
raw_native,8.0,final_clustering,fp_matched_cluster,45,7,8.594718933105469,8.281123161315918,8.366877555847168,9.05556869506836
raw_native,8.0,final_clustering,fp_matched_cluster,46,2,8.361071586608887,8.228180885314941,8.361071586608887,8.493962287902832
raw_native,8.0,final_clustering,fp_matched_cluster,47,5,8.459260940551758,8.131339073181152,8.532686233520508,8.773283958435059
raw_native,8.0,final_clustering,fp_matched_cluster,48,4,9.427300453186035,8.449642181396484,9.695686340332031,10.1902494430542
raw_native,8.0,final_clustering,fp_matched_cluster,49,3,8.136853218078613,8.123974800109863,8.139627456665039,8.148621559143066
raw_native,8.0,final_clustering,fp_matched_cluster,50,3,9.635634422302246,8.353182792663574,8.896913528442383,11.21357536315918
raw_native,8.0,final_clustering,fp_matched_cluster,51,2,8.314428329467773,8.281901359558105,8.314428329467773,8.346955299377441
raw_native,8.0,final_clustering,fp_matched_cluster,52,2,8.515974044799805,8.454143524169922,8.515974044799805,8.577804565429688
raw_native,8.0,final_clustering,fp_matched_cluster,53,2,8.694376945495605,8.476075172424316,8.694376945495605,8.912678718566895
raw_native,8.0,final_clustering,fp_matched_cluster,54,1,8.658735275268555,8.658735275268555,8.658735275268555,8.658735275268555
raw_native,8.0,final_clustering,fp_matched_cluster,56,1,8.102091789245605,8.102091789245605,8.102091789245605,8.102091789245605
raw_native,8.0,final_clustering,fp_matched_cluster,57,1,9.155403137207031,9.155403137207031,9.155403137207031,9.155403137207031
raw_native,8.0,final_clustering,fp_matched_cluster,61,2,8.977001190185547,8.708008766174316,8.977001190185547,9.245993614196777
raw_native,8.0,final_clustering,fp_matched_cluster,65,1,8.360082626342773,8.360082626342773,8.360082626342773,8.360082626342773
raw_native,8.0,final_clustering,fp_matched_cluster,69,1,8.827041625976562,8.827041625976562,8.827041625976562,8.827041625976562
raw_native,8.0,final_clustering,fp_matched_cluster,76,1,9.634288787841797,9.634288787841797,9.634288787841797,9.634288787841797
raw_native,8.0,final_clustering,fp_matched_cluster,89,1,8.48499870300293,8.48499870300293,8.48499870300293,8.48499870300293
raw_native,8.0,final_clustering,fp_matched_cluster,96,1,8.550329208374023,8.550329208374023,8.550329208374023,8.550329208374023
raw_native,8.0,final_clustering,tp,0,5761,24.71677017211914,19.139726638793945,25.632963180541992,28.284196853637695
raw_native,8.0,final_clustering,tp,1,8070,23.348140716552734,17.392860412597656,24.713748931884766,27.748416900634766
raw_native,8.0,final_clustering,tp,2,7850,21.455297470092773,13.890525817871094,22.1903076171875,27.017187118530273
raw_native,8.0,final_clustering,tp,3,6842,19.243194580078125,11.862805366516113,19.10230255126953,26.018033981323242
raw_native,8.0,final_clustering,tp,4,6130,17.08658790588379,10.845735549926758,17.25909423828125,24.50876235961914
raw_native,8.0,final_clustering,tp,5,5739,15.219205856323242,10.210618019104004,14.272693634033203,21.017053604125977
raw_native,8.0,final_clustering,tp,6,5528,13.836587905883789,9.797489166259766,12.6754732131958,19.06865692138672
raw_native,8.0,final_clustering,tp,7,5377,12.793364524841309,9.431782722473145,11.962568283081055,17.707365036010742
raw_native,8.0,final_clustering,tp,8,5205,12.079855918884277,9.159234046936035,11.446847915649414,16.294240951538086
raw_native,8.0,final_clustering,tp,9,4931,11.527172088623047,8.957450866699219,11.065930366516113,14.6735200881958
raw_native,8.0,final_clustering,tp,10,4771,11.074169158935547,8.780684471130371,10.768595695495605,13.468951225280762
raw_native,8.0,final_clustering,tp,11,4485,10.786895751953125,8.641644477844238,10.516660690307617,13.09097957611084
raw_native,8.0,final_clustering,tp,12,4016,10.477995872497559,8.55178451538086,10.22925853729248,12.564970016479492
raw_native,8.0,final_clustering,tp,13,3642,10.3284330368042,8.506280899047852,10.060539245605469,12.391160011291504
raw_native,8.0,final_clustering,tp,14,3257,10.090873718261719,8.42306900024414,9.85158920288086,12.037609100341797
raw_native,8.0,final_clustering,tp,15,2777,9.89220905303955,8.358344078063965,9.623848915100098,11.7303466796875
raw_native,8.0,final_clustering,tp,16,2521,9.785487174987793,8.315728187561035,9.527045249938965,11.5798978805542
raw_native,8.0,final_clustering,tp,17,2118,9.651910781860352,8.27450180053711,9.397189140319824,11.322915077209473
raw_native,8.0,final_clustering,tp,18,1767,9.497034072875977,8.233991622924805,9.204069137573242,11.056077003479004
raw_native,8.0,final_clustering,tp,19,1359,9.43451976776123,8.216381072998047,9.172333717346191,11.07534408569336
raw_native,8.0,final_clustering,tp,20,1188,9.370037078857422,8.204484939575195,9.100337982177734,10.912895202636719
raw_native,8.0,final_clustering,tp,21,955,9.184998512268066,8.144953727722168,8.922381401062012,10.632428169250488
raw_native,8.0,final_clustering,tp,22,712,9.15018367767334,8.191122055053711,8.873682022094727,10.458702087402344
raw_native,8.0,final_clustering,tp,23,582,9.00240421295166,8.12946891784668,8.77291202545166,10.267149925231934
raw_native,8.0,final_clustering,tp,24,470,9.002593994140625,8.113856315612793,8.731241226196289,10.1729097366333
raw_native,8.0,final_clustering,tp,25,325,8.929197311401367,8.069878578186035,8.624593734741211,10.138821601867676
raw_native,8.0,final_clustering,tp,26,282,8.973194122314453,8.157369613647461,8.708902359008789,10.26925277709961
raw_native,8.0,final_clustering,tp,27,235,8.958808898925781,8.103763580322266,8.62746524810791,9.93696117401123
raw_native,8.0,final_clustering,tp,28,163,8.797701835632324,8.063569068908691,8.57176685333252,9.791640281677246
raw_native,8.0,final_clustering,tp,29,133,8.967612266540527,8.096809387207031,8.628277778625488,10.022505760192871
raw_native,8.0,final_clustering,tp,30,91,8.865592956542969,8.101517677307129,8.660188674926758,9.818045616149902
raw_native,8.0,final_clustering,tp,31,77,8.925703048706055,8.123750686645508,8.702098846435547,9.990205764770508
raw_native,8.0,final_clustering,tp,32,67,8.758830070495605,8.104750633239746,8.567323684692383,9.596030235290527
raw_native,8.0,final_clustering,tp,33,50,9.097748756408691,8.10847282409668,8.720132827758789,10.434579849243164
raw_native,8.0,final_clustering,tp,34,34,8.799469947814941,8.131601333618164,8.665630340576172,9.731648445129395
raw_native,8.0,final_clustering,tp,35,36,8.82374095916748,8.048873901367188,8.450960159301758,9.816064834594727
raw_native,8.0,final_clustering,tp,36,19,8.607622146606445,8.033285140991211,8.595073699951172,9.0548095703125
raw_native,8.0,final_clustering,tp,37,19,8.931096076965332,8.06955623626709,8.589494705200195,10.4216890335083
raw_native,8.0,final_clustering,tp,38,11,9.021622657775879,8.270401000976562,9.06131362915039,9.664277076721191
raw_native,8.0,final_clustering,tp,39,14,8.772866249084473,8.179137229919434,8.588708877563477,9.783346176147461
raw_native,8.0,final_clustering,tp,40,7,9.211835861206055,8.54837703704834,8.707255363464355,10.607930183410645
raw_native,8.0,final_clustering,tp,41,4,8.386805534362793,8.11117935180664,8.448822021484375,8.61281967163086
raw_native,8.0,final_clustering,tp,42,6,8.860278129577637,8.164469718933105,8.609420776367188,9.806944847106934
raw_native,8.0,final_clustering,tp,43,4,9.91278076171875,9.099601745605469,9.522012710571289,11.038572311401367
raw_native,8.0,final_clustering,tp,44,6,9.41897201538086,8.578568458557129,8.93541431427002,10.742932319641113
raw_native,8.0,final_clustering,tp,45,3,9.758625984191895,8.492947578430176,10.183516502380371,10.854348182678223
raw_native,8.0,final_clustering,tp,46,4,8.990707397460938,8.106675148010254,8.39947509765625,10.347723960876465
raw_native,8.0,final_clustering,tp,47,2,8.53897476196289,8.418729782104492,8.53897476196289,8.659219741821289
raw_native,8.0,final_clustering,tp,48,7,9.016234397888184,8.016915321350098,8.494940757751465,10.216032981872559
raw_native,8.0,final_clustering,tp,49,2,8.53007698059082,8.477569580078125,8.53007698059082,8.582584381103516
raw_native,8.0,final_clustering,tp,50,4,8.474519729614258,8.034648895263672,8.112089157104492,9.204333305358887
raw_native,8.0,final_clustering,tp,51,2,9.922220230102539,9.440287590026855,9.922220230102539,10.404153823852539
raw_native,8.0,final_clustering,tp,53,2,8.557129859924316,8.521944046020508,8.557129859924316,8.592315673828125
raw_native,8.0,final_clustering,tp,54,1,8.029489517211914,8.029489517211914,8.029489517211914,8.029489517211914
raw_native,8.0,final_clustering,tp,57,1,8.902680397033691,8.902680397033691,8.902680397033691,8.902680397033691
raw_native,8.0,final_clustering,tp,59,1,8.45106029510498,8.45106029510498,8.45106029510498,8.45106029510498
raw_native,8.0,final_clustering,tp,60,1,9.388531684875488,9.388531684875488,9.388531684875488,9.388531684875488
raw_native,8.0,final_clustering,tp,66,1,8.014741897583008,8.014741897583008,8.014741897583008,8.014741897583008
raw_native,8.0,final_clustering,tp,67,2,8.240987777709961,8.167366027832031,8.240987777709961,8.31460952758789
raw_native,8.0,final_clustering,tp,70,1,8.163386344909668,8.163386344909668,8.163386344909668,8.163386344909668
raw_native,8.0,final_clustering,tp,72,1,8.373431205749512,8.373431205749512,8.373431205749512,8.373431205749512
raw_native,8.0,final_clustering,tp,73,1,10.294720649719238,10.294720649719238,10.294720649719238,10.294720649719238
raw_native,8.0,final_clustering,tp,74,1,8.028815269470215,8.028815269470215,8.028815269470215,8.028815269470215
raw_native,8.0,final_clustering,tp,80,2,11.40391731262207,9.801460266113281,11.40391731262207,13.006375312805176
raw_native,8.0,final_clustering,tp,91,1,14.244895935058594,14.244895935058594,14.244895935058594,14.244895935058594
raw_native,8.0,final_clustering,tp,95,1,11.461969375610352,11.461969375610352,11.461969375610352,11.461969375610352
raw_native,8.0,cluster_merging,unmatched_cluster,0,277876,31.944385528564453,21.249786376953125,31.788970947265625,42.52867126464844
raw_native,8.0,cluster_merging,unmatched_cluster,1,254254,25.314298629760742,16.932275772094727,25.198028564453125,33.95714569091797
raw_native,8.0,cluster_merging,unmatched_cluster,2,242881,21.589643478393555,14.469843864440918,21.203075408935547,29.069332122802734
raw_native,8.0,cluster_merging,unmatched_cluster,3,236016,19.048873901367188,12.83613395690918,18.679685592651367,25.710569381713867
raw_native,8.0,cluster_merging,unmatched_cluster,4,230720,17.17580795288086,11.647903442382812,16.899089813232422,23.16914939880371
raw_native,8.0,cluster_merging,unmatched_cluster,5,225240,15.728378295898438,10.775087356567383,15.425466537475586,20.95459747314453
raw_native,8.0,cluster_merging,unmatched_cluster,6,219736,14.565725326538086,10.114553451538086,14.21682357788086,19.335487365722656
raw_native,8.0,cluster_merging,unmatched_cluster,7,213865,13.62071418762207,9.612349510192871,13.236705780029297,18.070268630981445
raw_native,8.0,cluster_merging,unmatched_cluster,8,207400,12.836456298828125,9.257901191711426,12.42808723449707,16.95184898376465
raw_native,8.0,cluster_merging,unmatched_cluster,9,200437,12.175060272216797,8.971029281616211,11.742048263549805,15.951885223388672
raw_native,8.0,cluster_merging,unmatched_cluster,10,191772,11.625082969665527,8.765061378479004,11.178873062133789,15.089181900024414
raw_native,8.0,cluster_merging,unmatched_cluster,11,182548,11.159157752990723,8.614524841308594,10.702254295349121,14.308363914489746
raw_native,8.0,cluster_merging,unmatched_cluster,12,172302,10.771648406982422,8.49197006225586,10.31839370727539,13.644230842590332
raw_native,8.0,cluster_merging,unmatched_cluster,13,161040,10.445052146911621,8.407509803771973,10.000467300415039,13.077201843261719
raw_native,8.0,cluster_merging,unmatched_cluster,14,148925,10.166866302490234,8.338953971862793,9.739850997924805,12.548858642578125
raw_native,8.0,cluster_merging,unmatched_cluster,15,136400,9.926569938659668,8.279474258422852,9.514504432678223,12.114145278930664
raw_native,8.0,cluster_merging,unmatched_cluster,16,122847,9.727364540100098,8.23900032043457,9.334648132324219,11.724353790283203
raw_native,8.0,cluster_merging,unmatched_cluster,17,109951,9.56186580657959,8.205778121948242,9.189777374267578,11.402233123779297
raw_native,8.0,cluster_merging,unmatched_cluster,18,97229,9.422355651855469,8.182116508483887,9.063508033752441,11.11551284790039
raw_native,8.0,cluster_merging,unmatched_cluster,19,84846,9.300326347351074,8.159476280212402,8.954832077026367,10.870386123657227
raw_native,8.0,cluster_merging,unmatched_cluster,20,73158,9.19981861114502,8.143521308898926,8.870588302612305,10.663431167602539
raw_native,8.0,cluster_merging,unmatched_cluster,21,62429,9.11391830444336,8.129511833190918,8.791280746459961,10.481813430786133
raw_native,8.0,cluster_merging,unmatched_cluster,22,52855,9.038324356079102,8.118385314941406,8.72492790222168,10.344971656799316
raw_native,8.0,cluster_merging,unmatched_cluster,23,44411,8.976531028747559,8.106731414794922,8.667695045471191,10.203022956848145
raw_native,8.0,cluster_merging,unmatched_cluster,24,36602,8.929117202758789,8.09652042388916,8.624813079833984,10.11225414276123
raw_native,8.0,cluster_merging,unmatched_cluster,25,30244,8.890837669372559,8.092395782470703,8.593193054199219,10.026803016662598
raw_native,8.0,cluster_merging,unmatched_cluster,26,24569,8.85939884185791,8.086441040039062,8.561368942260742,9.948826789855957
raw_native,8.0,cluster_merging,unmatched_cluster,27,19947,8.834090232849121,8.082682609558105,8.536784172058105,9.89465045928955
raw_native,8.0,cluster_merging,unmatched_cluster,28,16114,8.81192398071289,8.077448844909668,8.51340389251709,9.8419771194458
raw_native,8.0,cluster_merging,unmatched_cluster,29,13001,8.8025484085083,8.077548027038574,8.494007110595703,9.795536994934082
raw_native,8.0,cluster_merging,unmatched_cluster,30,10358,8.805688858032227,8.073331832885742,8.49803638458252,9.813694953918457
raw_native,8.0,cluster_merging,unmatched_cluster,31,8470,8.79909896850586,8.070784568786621,8.479050636291504,9.816675186157227
raw_native,8.0,cluster_merging,unmatched_cluster,32,6797,8.812159538269043,8.06800651550293,8.487274169921875,9.858071327209473
raw_native,8.0,cluster_merging,unmatched_cluster,33,5457,8.82304573059082,8.073596954345703,8.483823776245117,9.85516357421875
raw_native,8.0,cluster_merging,unmatched_cluster,34,4547,8.832301139831543,8.076645851135254,8.483104705810547,9.897974014282227
raw_native,8.0,cluster_merging,unmatched_cluster,35,3676,8.833989143371582,8.071514129638672,8.472044944763184,9.883647918701172
raw_native,8.0,cluster_merging,unmatched_cluster,36,3020,8.864806175231934,8.075328826904297,8.476030349731445,9.882123947143555
raw_native,8.0,cluster_merging,unmatched_cluster,37,2451,8.900126457214355,8.072973251342773,8.499919891357422,10.069891929626465
raw_native,8.0,cluster_merging,unmatched_cluster,38,2078,8.92112922668457,8.078622817993164,8.514690399169922,10.087952613830566
raw_native,8.0,cluster_merging,unmatched_cluster,39,1732,8.923849105834961,8.064987182617188,8.506796836853027,10.085240364074707
raw_native,8.0,cluster_merging,unmatched_cluster,40,1491,8.964284896850586,8.067499160766602,8.532180786132812,10.215187072753906
raw_native,8.0,cluster_merging,unmatched_cluster,41,1263,9.019655227661133,8.082921028137207,8.546295166015625,10.194822311401367
raw_native,8.0,cluster_merging,unmatched_cluster,42,1029,9.08655834197998,8.083629608154297,8.582839012145996,10.403863906860352
raw_native,8.0,cluster_merging,unmatched_cluster,43,905,9.054742813110352,8.091294288635254,8.560839653015137,10.327035903930664
raw_native,8.0,cluster_merging,unmatched_cluster,44,761,9.093571662902832,8.083109855651855,8.534656524658203,10.45138931274414
raw_native,8.0,cluster_merging,unmatched_cluster,45,699,9.137290954589844,8.069271087646484,8.540656089782715,10.622064590454102
raw_native,8.0,cluster_merging,unmatched_cluster,46,602,9.23266315460205,8.072104454040527,8.618124008178711,10.864164352416992
raw_native,8.0,cluster_merging,unmatched_cluster,47,531,9.264423370361328,8.075713157653809,8.617818832397461,10.806830406188965
raw_native,8.0,cluster_merging,unmatched_cluster,48,470,9.338488578796387,8.092777252197266,8.67153263092041,10.836130142211914
raw_native,8.0,cluster_merging,unmatched_cluster,49,434,9.351929664611816,8.086370468139648,8.706535339355469,10.921241760253906
raw_native,8.0,cluster_merging,unmatched_cluster,50,374,9.440971374511719,8.084063529968262,8.81953239440918,10.857233047485352
raw_native,8.0,cluster_merging,unmatched_cluster,51,327,9.438432693481445,8.10290241241455,8.79016399383545,10.762568473815918
raw_native,8.0,cluster_merging,unmatched_cluster,52,299,9.503113746643066,8.103813171386719,8.79047966003418,11.066548347473145
raw_native,8.0,cluster_merging,unmatched_cluster,53,279,9.457389831542969,8.110690116882324,8.768465042114258,11.15750789642334
raw_native,8.0,cluster_merging,unmatched_cluster,54,256,9.508234024047852,8.141481399536133,8.761640548706055,10.968143463134766
raw_native,8.0,cluster_merging,unmatched_cluster,55,226,9.552472114562988,8.123260498046875,8.741883277893066,11.438079833984375
raw_native,8.0,cluster_merging,unmatched_cluster,56,210,9.568364143371582,8.095730781555176,8.793680191040039,11.157489776611328
raw_native,8.0,cluster_merging,unmatched_cluster,57,189,9.668559074401855,8.096661567687988,8.939737319946289,11.01736831665039
raw_native,8.0,cluster_merging,unmatched_cluster,58,177,9.69115924835205,8.065776824951172,8.841005325317383,11.460480690002441
raw_native,8.0,cluster_merging,unmatched_cluster,59,159,9.675239562988281,8.091567993164062,8.816648483276367,12.259575843811035
raw_native,8.0,cluster_merging,unmatched_cluster,60,143,9.824328422546387,8.08527660369873,8.872105598449707,13.240447998046875
raw_native,8.0,cluster_merging,unmatched_cluster,61,140,9.877094268798828,8.161724090576172,8.801881790161133,13.525470733642578
raw_native,8.0,cluster_merging,unmatched_cluster,62,134,9.8453950881958,8.156752586364746,8.860875129699707,13.094080924987793
raw_native,8.0,cluster_merging,unmatched_cluster,63,130,9.805906295776367,8.185718536376953,8.926139831542969,12.845853805541992
raw_native,8.0,cluster_merging,unmatched_cluster,64,117,9.867363929748535,8.172435760498047,8.984729766845703,12.8690185546875
raw_native,8.0,cluster_merging,unmatched_cluster,65,118,9.88483715057373,8.13614273071289,8.925219535827637,12.618653297424316
raw_native,8.0,cluster_merging,unmatched_cluster,66,118,9.80590534210205,8.119290351867676,8.85487174987793,12.10959243774414
raw_native,8.0,cluster_merging,unmatched_cluster,67,100,9.798543930053711,8.149280548095703,8.905335426330566,12.277044296264648
raw_native,8.0,cluster_merging,unmatched_cluster,68,95,9.814170837402344,8.10704517364502,8.818273544311523,14.566198348999023
raw_native,8.0,cluster_merging,unmatched_cluster,69,90,9.805011749267578,8.104658126831055,8.70003604888916,14.77346134185791
raw_native,8.0,cluster_merging,unmatched_cluster,70,79,9.823197364807129,8.086405754089355,8.785173416137695,14.938275337219238
raw_native,8.0,cluster_merging,unmatched_cluster,71,76,9.87886905670166,8.061880111694336,8.684405326843262,15.020355224609375
raw_native,8.0,cluster_merging,unmatched_cluster,72,73,9.960395812988281,8.141495704650879,8.725687980651855,15.196172714233398
raw_native,8.0,cluster_merging,unmatched_cluster,73,68,10.101457595825195,8.099717140197754,8.842644691467285,15.923413276672363
raw_native,8.0,cluster_merging,unmatched_cluster,74,60,10.190218925476074,8.178777694702148,8.997013092041016,15.391176223754883
raw_native,8.0,cluster_merging,unmatched_cluster,75,64,10.118701934814453,8.109942436218262,8.878255844116211,15.233929634094238
raw_native,8.0,cluster_merging,unmatched_cluster,76,56,10.418818473815918,8.14818000793457,8.849464416503906,15.789152145385742
raw_native,8.0,cluster_merging,unmatched_cluster,77,52,10.397130966186523,8.132810592651367,8.979429244995117,15.320162773132324
raw_native,8.0,cluster_merging,unmatched_cluster,78,48,10.500628471374512,8.155488014221191,9.252620697021484,14.460018157958984
raw_native,8.0,cluster_merging,unmatched_cluster,79,46,10.714722633361816,8.110782623291016,9.035872459411621,15.59204387664795
raw_native,8.0,cluster_merging,unmatched_cluster,80,48,10.344374656677246,8.108396530151367,8.92123794555664,15.233409881591797
raw_native,8.0,cluster_merging,unmatched_cluster,81,47,10.253217697143555,8.204168319702148,8.79643440246582,15.12271785736084
raw_native,8.0,cluster_merging,unmatched_cluster,82,42,10.389912605285645,8.125044822692871,8.96152400970459,14.863784790039062
raw_native,8.0,cluster_merging,unmatched_cluster,83,42,10.593378067016602,8.124649047851562,9.009866714477539,15.068463325500488
raw_native,8.0,cluster_merging,unmatched_cluster,84,38,10.655830383300781,8.206093788146973,9.386219024658203,15.113882064819336
raw_native,8.0,cluster_merging,unmatched_cluster,85,33,11.13318157196045,8.109620094299316,10.271209716796875,15.136244773864746
raw_native,8.0,cluster_merging,unmatched_cluster,86,30,11.19954776763916,8.074804306030273,9.363872528076172,15.87399959564209
raw_native,8.0,cluster_merging,unmatched_cluster,87,29,11.49426555633545,8.096445083618164,11.428603172302246,15.964407920837402
raw_native,8.0,cluster_merging,unmatched_cluster,88,27,11.12279224395752,8.236401557922363,10.236272811889648,14.80860710144043
raw_native,8.0,cluster_merging,unmatched_cluster,89,23,11.594503402709961,8.428655624389648,11.129169464111328,14.98160171508789
raw_native,8.0,cluster_merging,unmatched_cluster,90,24,11.49575138092041,8.061217308044434,11.334657669067383,15.235068321228027
raw_native,8.0,cluster_merging,unmatched_cluster,91,23,11.31925106048584,8.285308837890625,10.306890487670898,15.072047233581543
raw_native,8.0,cluster_merging,unmatched_cluster,92,23,11.62772274017334,8.374382019042969,11.254064559936523,15.01939868927002
raw_native,8.0,cluster_merging,unmatched_cluster,93,22,11.791214942932129,8.410683631896973,11.797658920288086,15.029640197753906
raw_native,8.0,cluster_merging,unmatched_cluster,94,21,11.740642547607422,8.242325782775879,10.334202766418457,15.332037925720215
raw_native,8.0,cluster_merging,unmatched_cluster,95,20,11.907981872558594,8.620567321777344,11.377906799316406,16.053857803344727
raw_native,8.0,cluster_merging,unmatched_cluster,96,18,11.935952186584473,9.063426971435547,11.926403045654297,15.460622787475586
raw_native,8.0,cluster_merging,unmatched_cluster,97,18,12.107840538024902,8.512614250183105,12.618585586547852,14.768824577331543
raw_native,8.0,cluster_merging,unmatched_cluster,98,17,12.113056182861328,9.09473705291748,13.009382247924805,14.578566551208496
raw_native,8.0,cluster_merging,unmatched_cluster,99,18,12.17608642578125,9.013665199279785,12.760665893554688,14.787851333618164
raw_native,8.0,cluster_merging,fp_matched_cluster,0,43,15.75924301147461,11.493057250976562,14.712261199951172,21.154056549072266
raw_native,8.0,cluster_merging,fp_matched_cluster,1,150,14.445257186889648,11.016435623168945,13.830482482910156,18.37870216369629
raw_native,8.0,cluster_merging,fp_matched_cluster,2,336,13.615498542785645,10.168350219726562,12.761251449584961,18.283824920654297
raw_native,8.0,cluster_merging,fp_matched_cluster,3,559,12.953612327575684,9.899534225463867,12.592070579528809,16.409618377685547
raw_native,8.0,cluster_merging,fp_matched_cluster,4,758,12.668196678161621,9.793305397033691,12.233572006225586,16.033483505249023
raw_native,8.0,cluster_merging,fp_matched_cluster,5,1020,12.191530227661133,9.526748657226562,11.871733665466309,15.288398742675781
raw_native,8.0,cluster_merging,fp_matched_cluster,6,1276,11.749053955078125,9.190935134887695,11.514989852905273,14.401325225830078
raw_native,8.0,cluster_merging,fp_matched_cluster,7,1482,11.502021789550781,9.1259765625,11.227237701416016,14.199494361877441
raw_native,8.0,cluster_merging,fp_matched_cluster,8,1701,11.07768440246582,8.836406707763672,10.932221412658691,13.406243324279785
raw_native,8.0,cluster_merging,fp_matched_cluster,9,1842,10.848541259765625,8.677204132080078,10.645879745483398,13.196149826049805
raw_native,8.0,cluster_merging,fp_matched_cluster,10,1915,10.546540260314941,8.6017427444458,10.33432388305664,12.770363807678223
raw_native,8.0,cluster_merging,fp_matched_cluster,11,1993,10.389812469482422,8.469300270080566,10.16589641571045,12.588769912719727
raw_native,8.0,cluster_merging,fp_matched_cluster,12,1898,10.061369895935059,8.405496597290039,9.82368278503418,12.007441520690918
raw_native,8.0,cluster_merging,fp_matched_cluster,13,1852,9.907777786254883,8.356724739074707,9.699100494384766,11.75844955444336
raw_native,8.0,cluster_merging,fp_matched_cluster,14,1800,9.748327255249023,8.28272819519043,9.413127899169922,11.577898025512695
raw_native,8.0,cluster_merging,fp_matched_cluster,15,1680,9.571749687194824,8.259708404541016,9.318843841552734,11.235143661499023
raw_native,8.0,cluster_merging,fp_matched_cluster,16,1462,9.480609893798828,8.236808776855469,9.233150482177734,11.035906791687012
raw_native,8.0,cluster_merging,fp_matched_cluster,17,1362,9.295275688171387,8.196950912475586,9.035599708557129,10.767220497131348
raw_native,8.0,cluster_merging,fp_matched_cluster,18,1209,9.218008041381836,8.162912368774414,8.94381046295166,10.650980949401855
raw_native,8.0,cluster_merging,fp_matched_cluster,19,1114,9.098641395568848,8.135235786437988,8.84246826171875,10.387807846069336
raw_native,8.0,cluster_merging,fp_matched_cluster,20,1011,9.006908416748047,8.118770599365234,8.745038986206055,10.25020694732666
raw_native,8.0,cluster_merging,fp_matched_cluster,21,790,8.917317390441895,8.122915267944336,8.68174934387207,10.181034088134766
raw_native,8.0,cluster_merging,fp_matched_cluster,22,729,8.872854232788086,8.113224983215332,8.64678955078125,9.89310359954834
raw_native,8.0,cluster_merging,fp_matched_cluster,23,585,8.789913177490234,8.1000394821167,8.568631172180176,9.75025463104248
raw_native,8.0,cluster_merging,fp_matched_cluster,24,482,8.79271125793457,8.08991813659668,8.550052642822266,9.855610847473145
raw_native,8.0,cluster_merging,fp_matched_cluster,25,388,8.710794448852539,8.07587718963623,8.515785217285156,9.707365989685059
raw_native,8.0,cluster_merging,fp_matched_cluster,26,365,8.7155179977417,8.095878601074219,8.487805366516113,9.661014556884766
raw_native,8.0,cluster_merging,fp_matched_cluster,27,229,8.702119827270508,8.059267044067383,8.506144523620605,9.58182430267334
raw_native,8.0,cluster_merging,fp_matched_cluster,28,200,8.710027694702148,8.107288360595703,8.46125602722168,9.80563735961914
raw_native,8.0,cluster_merging,fp_matched_cluster,29,173,8.641692161560059,8.073217391967773,8.473052024841309,9.570808410644531
raw_native,8.0,cluster_merging,fp_matched_cluster,30,114,8.579472541809082,8.064438819885254,8.429435729980469,9.38577651977539
raw_native,8.0,cluster_merging,fp_matched_cluster,31,96,8.581157684326172,8.09039306640625,8.406115531921387,9.298858642578125
raw_native,8.0,cluster_merging,fp_matched_cluster,32,75,8.659684181213379,8.11925983428955,8.501933097839355,9.47464656829834
raw_native,8.0,cluster_merging,fp_matched_cluster,33,68,8.661989212036133,8.078112602233887,8.530872344970703,9.390060424804688
raw_native,8.0,cluster_merging,fp_matched_cluster,34,43,8.694308280944824,8.173091888427734,8.584877014160156,9.407848358154297
raw_native,8.0,cluster_merging,fp_matched_cluster,35,44,8.630091667175293,8.066205978393555,8.478836059570312,9.346999168395996
raw_native,8.0,cluster_merging,fp_matched_cluster,36,27,8.615541458129883,8.039978981018066,8.353656768798828,9.647412300109863
raw_native,8.0,cluster_merging,fp_matched_cluster,37,30,8.478084564208984,8.038145065307617,8.334003448486328,8.926822662353516
raw_native,8.0,cluster_merging,fp_matched_cluster,38,20,8.610428810119629,8.114191055297852,8.452571868896484,9.078096389770508
raw_native,8.0,cluster_merging,fp_matched_cluster,39,21,8.849740028381348,8.161767959594727,8.411913871765137,10.599283218383789
raw_native,8.0,cluster_merging,fp_matched_cluster,40,10,8.433335304260254,8.156432151794434,8.489109992980957,8.679014205932617
raw_native,8.0,cluster_merging,fp_matched_cluster,41,10,8.475334167480469,8.052515983581543,8.29572868347168,8.97478199005127
raw_native,8.0,cluster_merging,fp_matched_cluster,42,11,8.446043014526367,8.007086753845215,8.301255226135254,9.40809440612793
raw_native,8.0,cluster_merging,fp_matched_cluster,43,5,8.595842361450195,8.058843612670898,8.606701850891113,9.119961738586426
raw_native,8.0,cluster_merging,fp_matched_cluster,44,10,8.473525047302246,8.042417526245117,8.357271194458008,8.971105575561523
raw_native,8.0,cluster_merging,fp_matched_cluster,45,7,8.594718933105469,8.281123161315918,8.366877555847168,9.05556869506836
raw_native,8.0,cluster_merging,fp_matched_cluster,46,2,8.361071586608887,8.228180885314941,8.361071586608887,8.493962287902832
raw_native,8.0,cluster_merging,fp_matched_cluster,47,5,8.459260940551758,8.131339073181152,8.532686233520508,8.773283958435059
raw_native,8.0,cluster_merging,fp_matched_cluster,48,4,9.427300453186035,8.449642181396484,9.695686340332031,10.1902494430542
raw_native,8.0,cluster_merging,fp_matched_cluster,49,3,8.136853218078613,8.123974800109863,8.139627456665039,8.148621559143066
raw_native,8.0,cluster_merging,fp_matched_cluster,50,3,9.635634422302246,8.353182792663574,8.896913528442383,11.21357536315918
raw_native,8.0,cluster_merging,fp_matched_cluster,51,2,8.314428329467773,8.281901359558105,8.314428329467773,8.346955299377441
raw_native,8.0,cluster_merging,fp_matched_cluster,52,2,8.515974044799805,8.454143524169922,8.515974044799805,8.577804565429688
raw_native,8.0,cluster_merging,fp_matched_cluster,53,2,8.694376945495605,8.476075172424316,8.694376945495605,8.912678718566895
raw_native,8.0,cluster_merging,fp_matched_cluster,54,1,8.658735275268555,8.658735275268555,8.658735275268555,8.658735275268555
raw_native,8.0,cluster_merging,fp_matched_cluster,56,1,8.102091789245605,8.102091789245605,8.102091789245605,8.102091789245605
raw_native,8.0,cluster_merging,fp_matched_cluster,57,1,9.155403137207031,9.155403137207031,9.155403137207031,9.155403137207031
raw_native,8.0,cluster_merging,fp_matched_cluster,61,2,8.977001190185547,8.708008766174316,8.977001190185547,9.245993614196777
raw_native,8.0,cluster_merging,fp_matched_cluster,65,1,8.360082626342773,8.360082626342773,8.360082626342773,8.360082626342773
raw_native,8.0,cluster_merging,fp_matched_cluster,69,1,8.827041625976562,8.827041625976562,8.827041625976562,8.827041625976562
raw_native,8.0,cluster_merging,fp_matched_cluster,76,1,9.634288787841797,9.634288787841797,9.634288787841797,9.634288787841797
raw_native,8.0,cluster_merging,fp_matched_cluster,89,1,8.48499870300293,8.48499870300293,8.48499870300293,8.48499870300293
raw_native,8.0,cluster_merging,fp_matched_cluster,96,1,8.550329208374023,8.550329208374023,8.550329208374023,8.550329208374023
raw_native,8.0,cluster_merging,tp,0,5761,24.71677017211914,19.139726638793945,25.632963180541992,28.284196853637695
raw_native,8.0,cluster_merging,tp,1,8070,23.348140716552734,17.392860412597656,24.713748931884766,27.748416900634766
raw_native,8.0,cluster_merging,tp,2,7850,21.455297470092773,13.890525817871094,22.1903076171875,27.017187118530273
raw_native,8.0,cluster_merging,tp,3,6842,19.243194580078125,11.862805366516113,19.10230255126953,26.018033981323242
raw_native,8.0,cluster_merging,tp,4,6130,17.08658790588379,10.845735549926758,17.25909423828125,24.50876235961914
raw_native,8.0,cluster_merging,tp,5,5739,15.219205856323242,10.210618019104004,14.272693634033203,21.017053604125977
raw_native,8.0,cluster_merging,tp,6,5528,13.836587905883789,9.797489166259766,12.6754732131958,19.06865692138672
raw_native,8.0,cluster_merging,tp,7,5377,12.793364524841309,9.431782722473145,11.962568283081055,17.707365036010742
raw_native,8.0,cluster_merging,tp,8,5205,12.079855918884277,9.159234046936035,11.446847915649414,16.294240951538086
raw_native,8.0,cluster_merging,tp,9,4931,11.527172088623047,8.957450866699219,11.065930366516113,14.6735200881958
raw_native,8.0,cluster_merging,tp,10,4771,11.074169158935547,8.780684471130371,10.768595695495605,13.468951225280762
raw_native,8.0,cluster_merging,tp,11,4485,10.786895751953125,8.641644477844238,10.516660690307617,13.09097957611084
raw_native,8.0,cluster_merging,tp,12,4016,10.477995872497559,8.55178451538086,10.22925853729248,12.564970016479492
raw_native,8.0,cluster_merging,tp,13,3642,10.3284330368042,8.506280899047852,10.060539245605469,12.391160011291504
raw_native,8.0,cluster_merging,tp,14,3257,10.090873718261719,8.42306900024414,9.85158920288086,12.037609100341797
raw_native,8.0,cluster_merging,tp,15,2777,9.89220905303955,8.358344078063965,9.623848915100098,11.7303466796875
raw_native,8.0,cluster_merging,tp,16,2521,9.785487174987793,8.315728187561035,9.527045249938965,11.5798978805542
raw_native,8.0,cluster_merging,tp,17,2118,9.651910781860352,8.27450180053711,9.397189140319824,11.322915077209473
raw_native,8.0,cluster_merging,tp,18,1767,9.497034072875977,8.233991622924805,9.204069137573242,11.056077003479004
raw_native,8.0,cluster_merging,tp,19,1359,9.43451976776123,8.216381072998047,9.172333717346191,11.07534408569336
raw_native,8.0,cluster_merging,tp,20,1188,9.370037078857422,8.204484939575195,9.100337982177734,10.912895202636719
raw_native,8.0,cluster_merging,tp,21,955,9.184998512268066,8.144953727722168,8.922381401062012,10.632428169250488
raw_native,8.0,cluster_merging,tp,22,712,9.15018367767334,8.191122055053711,8.873682022094727,10.458702087402344
raw_native,8.0,cluster_merging,tp,23,582,9.00240421295166,8.12946891784668,8.77291202545166,10.267149925231934
raw_native,8.0,cluster_merging,tp,24,470,9.002593994140625,8.113856315612793,8.731241226196289,10.1729097366333
raw_native,8.0,cluster_merging,tp,25,325,8.929197311401367,8.069878578186035,8.624593734741211,10.138821601867676
raw_native,8.0,cluster_merging,tp,26,282,8.973194122314453,8.157369613647461,8.708902359008789,10.26925277709961
raw_native,8.0,cluster_merging,tp,27,235,8.958808898925781,8.103763580322266,8.62746524810791,9.93696117401123
raw_native,8.0,cluster_merging,tp,28,163,8.797701835632324,8.063569068908691,8.57176685333252,9.791640281677246
raw_native,8.0,cluster_merging,tp,29,133,8.967612266540527,8.096809387207031,8.628277778625488,10.022505760192871
raw_native,8.0,cluster_merging,tp,30,91,8.865592956542969,8.101517677307129,8.660188674926758,9.818045616149902
raw_native,8.0,cluster_merging,tp,31,77,8.925703048706055,8.123750686645508,8.702098846435547,9.990205764770508
raw_native,8.0,cluster_merging,tp,32,67,8.758830070495605,8.104750633239746,8.567323684692383,9.596030235290527
raw_native,8.0,cluster_merging,tp,33,50,9.097748756408691,8.10847282409668,8.720132827758789,10.434579849243164
raw_native,8.0,cluster_merging,tp,34,34,8.799469947814941,8.131601333618164,8.665630340576172,9.731648445129395
raw_native,8.0,cluster_merging,tp,35,36,8.82374095916748,8.048873901367188,8.450960159301758,9.816064834594727
raw_native,8.0,cluster_merging,tp,36,19,8.607622146606445,8.033285140991211,8.595073699951172,9.0548095703125
raw_native,8.0,cluster_merging,tp,37,19,8.931096076965332,8.06955623626709,8.589494705200195,10.4216890335083
raw_native,8.0,cluster_merging,tp,38,11,9.021622657775879,8.270401000976562,9.06131362915039,9.664277076721191
raw_native,8.0,cluster_merging,tp,39,14,8.772866249084473,8.179137229919434,8.588708877563477,9.783346176147461
raw_native,8.0,cluster_merging,tp,40,7,9.211835861206055,8.54837703704834,8.707255363464355,10.607930183410645
raw_native,8.0,cluster_merging,tp,41,4,8.386805534362793,8.11117935180664,8.448822021484375,8.61281967163086
raw_native,8.0,cluster_merging,tp,42,6,8.860278129577637,8.164469718933105,8.609420776367188,9.806944847106934
raw_native,8.0,cluster_merging,tp,43,4,9.91278076171875,9.099601745605469,9.522012710571289,11.038572311401367
raw_native,8.0,cluster_merging,tp,44,6,9.41897201538086,8.578568458557129,8.93541431427002,10.742932319641113
raw_native,8.0,cluster_merging,tp,45,3,9.758625984191895,8.492947578430176,10.183516502380371,10.854348182678223
raw_native,8.0,cluster_merging,tp,46,4,8.990707397460938,8.106675148010254,8.39947509765625,10.347723960876465
raw_native,8.0,cluster_merging,tp,47,2,8.53897476196289,8.418729782104492,8.53897476196289,8.659219741821289
raw_native,8.0,cluster_merging,tp,48,7,9.016234397888184,8.016915321350098,8.494940757751465,10.216032981872559
raw_native,8.0,cluster_merging,tp,49,2,8.53007698059082,8.477569580078125,8.53007698059082,8.582584381103516
raw_native,8.0,cluster_merging,tp,50,4,8.474519729614258,8.034648895263672,8.112089157104492,9.204333305358887
raw_native,8.0,cluster_merging,tp,51,2,9.922220230102539,9.440287590026855,9.922220230102539,10.404153823852539
raw_native,8.0,cluster_merging,tp,53,2,8.557129859924316,8.521944046020508,8.557129859924316,8.592315673828125
raw_native,8.0,cluster_merging,tp,54,1,8.029489517211914,8.029489517211914,8.029489517211914,8.029489517211914
raw_native,8.0,cluster_merging,tp,57,1,8.902680397033691,8.902680397033691,8.902680397033691,8.902680397033691
raw_native,8.0,cluster_merging,tp,59,1,8.45106029510498,8.45106029510498,8.45106029510498,8.45106029510498
raw_native,8.0,cluster_merging,tp,60,1,9.388531684875488,9.388531684875488,9.388531684875488,9.388531684875488
raw_native,8.0,cluster_merging,tp,66,1,8.014741897583008,8.014741897583008,8.014741897583008,8.014741897583008
raw_native,8.0,cluster_merging,tp,67,2,8.240987777709961,8.167366027832031,8.240987777709961,8.31460952758789
raw_native,8.0,cluster_merging,tp,70,1,8.163386344909668,8.163386344909668,8.163386344909668,8.163386344909668
raw_native,8.0,cluster_merging,tp,72,1,8.373431205749512,8.373431205749512,8.373431205749512,8.373431205749512
raw_native,8.0,cluster_merging,tp,73,1,10.294720649719238,10.294720649719238,10.294720649719238,10.294720649719238
raw_native,8.0,cluster_merging,tp,74,1,8.028815269470215,8.028815269470215,8.028815269470215,8.028815269470215
raw_native,8.0,cluster_merging,tp,80,2,11.40391731262207,9.801460266113281,11.40391731262207,13.006375312805176
raw_native,8.0,cluster_merging,tp,91,1,14.244895935058594,14.244895935058594,14.244895935058594,14.244895935058594
raw_native,8.0,cluster_merging,tp,95,1,11.461969375610352,11.461969375610352,11.461969375610352,11.461969375610352
raw_native,8.0,duplicate_removal,unmatched_cluster,0,277561,31.934410095214844,21.24814796447754,31.7845458984375,42.52607345581055
raw_native,8.0,duplicate_removal,unmatched_cluster,1,254025,25.309782028198242,16.93006706237793,25.197370529174805,33.95290756225586
raw_native,8.0,duplicate_removal,unmatched_cluster,2,242697,21.586881637573242,14.468624114990234,21.19939422607422,29.06485939025879
raw_native,8.0,duplicate_removal,unmatched_cluster,3,235828,19.045007705688477,12.83560562133789,18.677602767944336,25.70650863647461
raw_native,8.0,duplicate_removal,unmatched_cluster,4,230553,17.172449111938477,11.64706039428711,16.897403717041016,23.1649112701416
raw_native,8.0,duplicate_removal,unmatched_cluster,5,225056,15.724180221557617,10.774730682373047,15.42376708984375,20.94379234313965
raw_native,8.0,duplicate_removal,unmatched_cluster,6,219544,14.562643051147461,10.115485191345215,14.215689659118652,19.329591751098633
raw_native,8.0,duplicate_removal,unmatched_cluster,7,213707,13.618882179260254,9.61229133605957,13.236333847045898,18.067584991455078
raw_native,8.0,duplicate_removal,unmatched_cluster,8,207239,12.833356857299805,9.257866859436035,12.427412986755371,16.947513580322266
raw_native,8.0,duplicate_removal,unmatched_cluster,9,200249,12.172444343566895,8.971256256103516,11.74103832244873,15.946810722351074
raw_native,8.0,duplicate_removal,unmatched_cluster,10,191609,11.622682571411133,8.765069961547852,11.178605079650879,15.085366249084473
raw_native,8.0,duplicate_removal,unmatched_cluster,11,182351,11.1553373336792,8.614263534545898,10.701440811157227,14.302532196044922
raw_native,8.0,duplicate_removal,unmatched_cluster,12,172130,10.768280982971191,8.491937637329102,10.317547798156738,13.637210845947266
raw_native,8.0,duplicate_removal,unmatched_cluster,13,160873,10.441276550292969,8.407530784606934,9.999987602233887,13.070242881774902
raw_native,8.0,duplicate_removal,unmatched_cluster,14,148777,10.163593292236328,8.33887004852295,9.739130020141602,12.545063018798828
raw_native,8.0,duplicate_removal,unmatched_cluster,15,136229,9.922685623168945,8.279391288757324,9.51382827758789,12.109176635742188
raw_native,8.0,duplicate_removal,unmatched_cluster,16,122707,9.723101615905762,8.238953590393066,9.333612442016602,11.71955680847168
raw_native,8.0,duplicate_removal,unmatched_cluster,17,109806,9.55789852142334,8.205655097961426,9.188602447509766,11.397411346435547
raw_native,8.0,duplicate_removal,unmatched_cluster,18,97089,9.418083190917969,8.181866645812988,9.062544822692871,11.109676361083984
raw_native,8.0,duplicate_removal,unmatched_cluster,19,84714,9.295604705810547,8.159406661987305,8.953889846801758,10.863802909851074
raw_native,8.0,duplicate_removal,unmatched_cluster,20,73048,9.19545841217041,8.143415451049805,8.869993209838867,10.657756805419922
raw_native,8.0,duplicate_removal,unmatched_cluster,21,62332,9.109542846679688,8.129495620727539,8.790657043457031,10.474115371704102
raw_native,8.0,duplicate_removal,unmatched_cluster,22,52740,9.031561851501465,8.118281364440918,8.723485946655273,10.334402084350586
raw_native,8.0,duplicate_removal,unmatched_cluster,23,44310,8.970319747924805,8.10666275024414,8.666271209716797,10.192988395690918
raw_native,8.0,duplicate_removal,unmatched_cluster,24,36505,8.921992301940918,8.096368789672852,8.623332023620605,10.099553108215332
raw_native,8.0,duplicate_removal,unmatched_cluster,25,30148,8.881571769714355,8.092205047607422,8.591598510742188,10.0100736618042
raw_native,8.0,duplicate_removal,unmatched_cluster,26,24487,8.846500396728516,8.086189270019531,8.559913635253906,9.932435989379883
raw_native,8.0,duplicate_removal,unmatched_cluster,27,19858,8.8213472366333,8.082413673400879,8.534427642822266,9.873404502868652
raw_native,8.0,duplicate_removal,unmatched_cluster,28,16031,8.797205924987793,8.077312469482422,8.510595321655273,9.81242561340332
raw_native,8.0,duplicate_removal,unmatched_cluster,29,12913,8.778260231018066,8.07708740234375,8.489343643188477,9.767328262329102
raw_native,8.0,duplicate_removal,unmatched_cluster,30,10305,8.791081428527832,8.072979927062988,8.495216369628906,9.792969703674316
raw_native,8.0,duplicate_removal,unmatched_cluster,31,8399,8.77833080291748,8.070465087890625,8.473929405212402,9.775308609008789
raw_native,8.0,duplicate_removal,unmatched_cluster,32,6714,8.780733108520508,8.067625045776367,8.482662200927734,9.783876419067383
raw_native,8.0,duplicate_removal,unmatched_cluster,33,5396,8.793440818786621,8.07257080078125,8.474815368652344,9.794845581054688
raw_native,8.0,duplicate_removal,unmatched_cluster,34,4481,8.800409317016602,8.076302528381348,8.474574089050293,9.778820037841797
raw_native,8.0,duplicate_removal,unmatched_cluster,35,3617,8.789917945861816,8.070886611938477,8.465222358703613,9.813438415527344
raw_native,8.0,duplicate_removal,unmatched_cluster,36,2956,8.812146186828613,8.074060440063477,8.465764999389648,9.794740676879883
raw_native,8.0,duplicate_removal,unmatched_cluster,37,2386,8.831754684448242,8.072328567504883,8.486126899719238,9.909758567810059
raw_native,8.0,duplicate_removal,unmatched_cluster,38,2024,8.860247611999512,8.076844215393066,8.502129554748535,9.913481712341309
raw_native,8.0,duplicate_removal,unmatched_cluster,39,1668,8.869769096374512,8.061126708984375,8.485201835632324,9.914314270019531
raw_native,8.0,duplicate_removal,unmatched_cluster,40,1441,8.889679908752441,8.06622314453125,8.5142240524292,10.037303924560547
raw_native,8.0,duplicate_removal,unmatched_cluster,41,1198,8.913253784179688,8.078161239624023,8.510478973388672,10.037511825561523
raw_native,8.0,duplicate_removal,unmatched_cluster,42,979,8.970830917358398,8.078959465026855,8.555892944335938,10.189599990844727
raw_native,8.0,duplicate_removal,unmatched_cluster,43,852,8.903706550598145,8.090065956115723,8.522513389587402,10.082870483398438
raw_native,8.0,duplicate_removal,unmatched_cluster,44,721,8.924579620361328,8.081326484680176,8.507560729980469,10.219720840454102
raw_native,8.0,duplicate_removal,unmatched_cluster,45,647,9.013477325439453,8.065553665161133,8.48963451385498,10.357128143310547
raw_native,8.0,duplicate_removal,unmatched_cluster,46,555,9.090527534484863,8.0680513381958,8.545598030090332,10.456329345703125
raw_native,8.0,duplicate_removal,unmatched_cluster,47,481,9.143814086914062,8.06991195678711,8.536080360412598,10.586833953857422
raw_native,8.0,duplicate_removal,unmatched_cluster,48,432,9.228691101074219,8.085765838623047,8.60222053527832,10.669835090637207
raw_native,8.0,duplicate_removal,unmatched_cluster,49,394,9.168896675109863,8.081897735595703,8.622876167297363,10.645258903503418
raw_native,8.0,duplicate_removal,unmatched_cluster,50,333,9.323443412780762,8.081377983093262,8.749940872192383,10.830887794494629
raw_native,8.0,duplicate_removal,unmatched_cluster,51,292,9.286534309387207,8.089949607849121,8.657094955444336,10.34402084350586
raw_native,8.0,duplicate_removal,unmatched_cluster,52,260,9.315591812133789,8.0960693359375,8.735175132751465,10.589078903198242
raw_native,8.0,duplicate_removal,unmatched_cluster,53,249,9.322089195251465,8.102797508239746,8.72598934173584,10.822405815124512
raw_native,8.0,duplicate_removal,unmatched_cluster,54,229,9.323079109191895,8.124140739440918,8.736722946166992,10.832883834838867
raw_native,8.0,duplicate_removal,unmatched_cluster,55,201,9.380634307861328,8.121051788330078,8.661264419555664,11.041869163513184
raw_native,8.0,duplicate_removal,unmatched_cluster,56,188,9.449777603149414,8.08375072479248,8.766416549682617,10.986627578735352
raw_native,8.0,duplicate_removal,unmatched_cluster,57,169,9.669610977172852,8.08475399017334,8.818205833435059,11.199191093444824
raw_native,8.0,duplicate_removal,unmatched_cluster,58,153,9.57941722869873,8.06147575378418,8.756226539611816,11.355855941772461
raw_native,8.0,duplicate_removal,unmatched_cluster,59,135,9.477799415588379,8.072855949401855,8.730691909790039,10.717243194580078
raw_native,8.0,duplicate_removal,unmatched_cluster,60,112,9.583415031433105,8.062479972839355,8.749191284179688,11.563003540039062
raw_native,8.0,duplicate_removal,unmatched_cluster,61,125,9.836128234863281,8.14094066619873,8.727081298828125,13.450469970703125
raw_native,8.0,duplicate_removal,unmatched_cluster,62,114,9.758971214294434,8.14989185333252,8.780088424682617,12.819873809814453
raw_native,8.0,duplicate_removal,unmatched_cluster,63,105,9.694634437561035,8.179012298583984,8.781574249267578,12.68195629119873
raw_native,8.0,duplicate_removal,unmatched_cluster,64,95,9.489106178283691,8.170648574829102,8.935535430908203,11.514620780944824
raw_native,8.0,duplicate_removal,unmatched_cluster,65,97,9.76347541809082,8.128802299499512,8.910506248474121,12.351130485534668
raw_native,8.0,duplicate_removal,unmatched_cluster,66,99,9.720771789550781,8.112800598144531,8.6756591796875,12.09272575378418
raw_native,8.0,duplicate_removal,unmatched_cluster,67,84,9.720527648925781,8.127643585205078,8.799276351928711,11.96707534790039
raw_native,8.0,duplicate_removal,unmatched_cluster,68,77,9.379786491394043,8.084861755371094,8.72199535369873,11.240546226501465
raw_native,8.0,duplicate_removal,unmatched_cluster,69,68,9.45033073425293,8.102684020996094,8.47042179107666,11.856317520141602
raw_native,8.0,duplicate_removal,unmatched_cluster,70,68,9.396926879882812,8.081759452819824,8.694915771484375,10.955941200256348
raw_native,8.0,duplicate_removal,unmatched_cluster,71,66,9.735518455505371,8.053107261657715,8.596548080444336,15.020355224609375
raw_native,8.0,duplicate_removal,unmatched_cluster,72,60,9.05701732635498,8.105914115905762,8.537403106689453,10.720300674438477
raw_native,8.0,duplicate_removal,unmatched_cluster,73,50,9.554363250732422,8.092504501342773,8.692285537719727,11.573531150817871
raw_native,8.0,duplicate_removal,unmatched_cluster,74,48,9.962861061096191,8.175076484680176,8.80998420715332,14.808256149291992
raw_native,8.0,duplicate_removal,unmatched_cluster,75,48,9.602128028869629,8.097736358642578,8.7291841506958,12.07380485534668
raw_native,8.0,duplicate_removal,unmatched_cluster,76,45,9.888192176818848,8.125818252563477,8.562408447265625,15.071721076965332
raw_native,8.0,duplicate_removal,unmatched_cluster,77,40,10.213603019714355,8.137822151184082,8.979429244995117,14.83924388885498
raw_native,8.0,duplicate_removal,unmatched_cluster,78,39,10.605243682861328,8.158709526062012,9.177279472351074,14.871899604797363
raw_native,8.0,duplicate_removal,unmatched_cluster,79,34,10.16360855102539,8.175180435180664,8.979026794433594,14.78182601928711
raw_native,8.0,duplicate_removal,unmatched_cluster,80,39,10.45167350769043,8.14771842956543,8.856754302978516,15.330023765563965
raw_native,8.0,duplicate_removal,unmatched_cluster,81,39,10.166257858276367,8.209994316101074,8.79643440246582,15.121569633483887
raw_native,8.0,duplicate_removal,unmatched_cluster,82,28,9.623866081237793,8.11699104309082,8.641168594360352,12.930326461791992
raw_native,8.0,duplicate_removal,unmatched_cluster,83,35,10.844282150268555,8.137405395507812,8.94808578491211,15.2235746383667
raw_native,8.0,duplicate_removal,unmatched_cluster,84,29,10.462140083312988,8.206995964050293,9.358928680419922,14.871337890625
raw_native,8.0,duplicate_removal,unmatched_cluster,85,20,9.996861457824707,8.103019714355469,8.583855628967285,14.792010307312012
raw_native,8.0,duplicate_removal,unmatched_cluster,86,20,10.65478229522705,8.065166473388672,8.834020614624023,15.156316757202148
raw_native,8.0,duplicate_removal,unmatched_cluster,87,20,11.541162490844727,8.172050476074219,11.872196197509766,15.926775932312012
raw_native,8.0,duplicate_removal,unmatched_cluster,88,21,11.117195129394531,8.43393325805664,10.236272811889648,14.48270034790039
raw_native,8.0,duplicate_removal,unmatched_cluster,89,14,11.179205894470215,8.242311477661133,9.545923233032227,14.552478790283203
raw_native,8.0,duplicate_removal,unmatched_cluster,90,17,11.450695991516113,8.219767570495605,10.364611625671387,15.03244400024414
raw_native,8.0,duplicate_removal,unmatched_cluster,91,17,11.602211952209473,8.392912864685059,10.387685775756836,15.24348258972168
raw_native,8.0,duplicate_removal,unmatched_cluster,92,14,10.635993957519531,8.416781425476074,9.205129623413086,14.611509323120117
raw_native,8.0,duplicate_removal,unmatched_cluster,93,13,11.094218254089355,8.731836318969727,10.275694847106934,14.560182571411133
raw_native,8.0,duplicate_removal,unmatched_cluster,94,18,11.46882152557373,8.237380981445312,10.275918006896973,14.554834365844727
raw_native,8.0,duplicate_removal,unmatched_cluster,95,15,11.798657417297363,9.085809707641602,11.779891967773438,15.193195343017578
raw_native,8.0,duplicate_removal,unmatched_cluster,96,12,11.222716331481934,8.485824584960938,9.998634338378906,15.049025535583496
raw_native,8.0,duplicate_removal,unmatched_cluster,97,13,11.472278594970703,8.41276741027832,12.379612922668457,14.036075592041016
raw_native,8.0,duplicate_removal,unmatched_cluster,98,12,11.695046424865723,8.679505348205566,12.521678924560547,14.147993087768555
raw_native,8.0,duplicate_removal,unmatched_cluster,99,12,11.866284370422363,9.27771282196045,11.707839965820312,14.461077690124512
raw_native,8.0,duplicate_removal,fp_matched_cluster,0,43,15.75924301147461,11.493057250976562,14.712261199951172,21.154056549072266
raw_native,8.0,duplicate_removal,fp_matched_cluster,1,150,14.445257186889648,11.016435623168945,13.830482482910156,18.37870216369629
raw_native,8.0,duplicate_removal,fp_matched_cluster,2,335,13.599565505981445,10.167623519897461,12.760601043701172,18.27153205871582
raw_native,8.0,duplicate_removal,fp_matched_cluster,3,559,12.953612327575684,9.899534225463867,12.592070579528809,16.409618377685547
raw_native,8.0,duplicate_removal,fp_matched_cluster,4,756,12.656428337097168,9.791736602783203,12.230204582214355,15.964783668518066
raw_native,8.0,duplicate_removal,fp_matched_cluster,5,1019,12.193167686462402,9.526068687438965,11.873985290527344,15.290934562683105
raw_native,8.0,duplicate_removal,fp_matched_cluster,6,1273,11.749741554260254,9.187664031982422,11.513195991516113,14.401585578918457
raw_native,8.0,duplicate_removal,fp_matched_cluster,7,1481,11.499414443969727,9.125471115112305,11.226926803588867,14.192798614501953
raw_native,8.0,duplicate_removal,fp_matched_cluster,8,1700,11.075542449951172,8.836382865905762,10.931203842163086,13.403919219970703
raw_native,8.0,duplicate_removal,fp_matched_cluster,9,1840,10.848482131958008,8.677072525024414,10.645879745483398,13.199443817138672
raw_native,8.0,duplicate_removal,fp_matched_cluster,10,1915,10.546579360961914,8.6017427444458,10.33432388305664,12.770363807678223
raw_native,8.0,duplicate_removal,fp_matched_cluster,11,1993,10.389812469482422,8.469300270080566,10.16589641571045,12.588769912719727
raw_native,8.0,duplicate_removal,fp_matched_cluster,12,1898,10.061369895935059,8.405496597290039,9.82368278503418,12.007441520690918
raw_native,8.0,duplicate_removal,fp_matched_cluster,13,1852,9.907777786254883,8.356724739074707,9.699100494384766,11.75844955444336
raw_native,8.0,duplicate_removal,fp_matched_cluster,14,1799,9.748241424560547,8.282718658447266,9.41159725189209,11.578672409057617
raw_native,8.0,duplicate_removal,fp_matched_cluster,15,1680,9.571749687194824,8.259708404541016,9.318843841552734,11.235143661499023
raw_native,8.0,duplicate_removal,fp_matched_cluster,16,1462,9.480609893798828,8.236808776855469,9.233150482177734,11.035906791687012
raw_native,8.0,duplicate_removal,fp_matched_cluster,17,1362,9.295275688171387,8.196950912475586,9.035599708557129,10.767220497131348
raw_native,8.0,duplicate_removal,fp_matched_cluster,18,1209,9.218008041381836,8.162912368774414,8.94381046295166,10.650980949401855
raw_native,8.0,duplicate_removal,fp_matched_cluster,19,1114,9.098641395568848,8.135235786437988,8.84246826171875,10.387807846069336
raw_native,8.0,duplicate_removal,fp_matched_cluster,20,1010,9.007328987121582,8.118634223937988,8.745584487915039,10.250591278076172
raw_native,8.0,duplicate_removal,fp_matched_cluster,21,790,8.917317390441895,8.122915267944336,8.68174934387207,10.181034088134766
raw_native,8.0,duplicate_removal,fp_matched_cluster,22,729,8.872854232788086,8.113224983215332,8.64678955078125,9.89310359954834
raw_native,8.0,duplicate_removal,fp_matched_cluster,23,585,8.789913177490234,8.1000394821167,8.568631172180176,9.75025463104248
raw_native,8.0,duplicate_removal,fp_matched_cluster,24,481,8.792668342590332,8.089861869812012,8.54928970336914,9.856398582458496
raw_native,8.0,duplicate_removal,fp_matched_cluster,25,388,8.710794448852539,8.07587718963623,8.515785217285156,9.707365989685059
raw_native,8.0,duplicate_removal,fp_matched_cluster,26,364,8.71608829498291,8.095617294311523,8.487610816955566,9.661867141723633
raw_native,8.0,duplicate_removal,fp_matched_cluster,27,228,8.703733444213867,8.058245658874512,8.507453918457031,9.583074569702148
raw_native,8.0,duplicate_removal,fp_matched_cluster,28,200,8.710027694702148,8.107288360595703,8.46125602722168,9.80563735961914
raw_native,8.0,duplicate_removal,fp_matched_cluster,29,173,8.641692161560059,8.073217391967773,8.473052024841309,9.570808410644531
raw_native,8.0,duplicate_removal,fp_matched_cluster,30,114,8.579472541809082,8.064438819885254,8.429435729980469,9.38577651977539
raw_native,8.0,duplicate_removal,fp_matched_cluster,31,96,8.581157684326172,8.09039306640625,8.406115531921387,9.298858642578125
raw_native,8.0,duplicate_removal,fp_matched_cluster,32,75,8.659684181213379,8.11925983428955,8.501933097839355,9.47464656829834
raw_native,8.0,duplicate_removal,fp_matched_cluster,33,68,8.661989212036133,8.078112602233887,8.530872344970703,9.390060424804688
raw_native,8.0,duplicate_removal,fp_matched_cluster,34,43,8.694308280944824,8.173091888427734,8.584877014160156,9.407848358154297
raw_native,8.0,duplicate_removal,fp_matched_cluster,35,44,8.630091667175293,8.066205978393555,8.478836059570312,9.346999168395996
raw_native,8.0,duplicate_removal,fp_matched_cluster,36,27,8.615541458129883,8.039978981018066,8.353656768798828,9.647412300109863
raw_native,8.0,duplicate_removal,fp_matched_cluster,37,30,8.478084564208984,8.038145065307617,8.334003448486328,8.926822662353516
raw_native,8.0,duplicate_removal,fp_matched_cluster,38,20,8.610428810119629,8.114191055297852,8.452571868896484,9.078096389770508
raw_native,8.0,duplicate_removal,fp_matched_cluster,39,21,8.849740028381348,8.161767959594727,8.411913871765137,10.599283218383789
raw_native,8.0,duplicate_removal,fp_matched_cluster,40,10,8.433335304260254,8.156432151794434,8.489109992980957,8.679014205932617
raw_native,8.0,duplicate_removal,fp_matched_cluster,41,10,8.475334167480469,8.052515983581543,8.29572868347168,8.97478199005127
raw_native,8.0,duplicate_removal,fp_matched_cluster,42,11,8.446043014526367,8.007086753845215,8.301255226135254,9.40809440612793
raw_native,8.0,duplicate_removal,fp_matched_cluster,43,5,8.595842361450195,8.058843612670898,8.606701850891113,9.119961738586426
raw_native,8.0,duplicate_removal,fp_matched_cluster,44,10,8.473525047302246,8.042417526245117,8.357271194458008,8.971105575561523
raw_native,8.0,duplicate_removal,fp_matched_cluster,45,7,8.594718933105469,8.281123161315918,8.366877555847168,9.05556869506836
raw_native,8.0,duplicate_removal,fp_matched_cluster,46,2,8.361071586608887,8.228180885314941,8.361071586608887,8.493962287902832
raw_native,8.0,duplicate_removal,fp_matched_cluster,47,5,8.459260940551758,8.131339073181152,8.532686233520508,8.773283958435059
raw_native,8.0,duplicate_removal,fp_matched_cluster,48,4,9.427300453186035,8.449642181396484,9.695686340332031,10.1902494430542
raw_native,8.0,duplicate_removal,fp_matched_cluster,49,3,8.136853218078613,8.123974800109863,8.139627456665039,8.148621559143066
raw_native,8.0,duplicate_removal,fp_matched_cluster,50,3,9.635634422302246,8.353182792663574,8.896913528442383,11.21357536315918
raw_native,8.0,duplicate_removal,fp_matched_cluster,51,2,8.314428329467773,8.281901359558105,8.314428329467773,8.346955299377441
raw_native,8.0,duplicate_removal,fp_matched_cluster,52,2,8.515974044799805,8.454143524169922,8.515974044799805,8.577804565429688
raw_native,8.0,duplicate_removal,fp_matched_cluster,53,2,8.694376945495605,8.476075172424316,8.694376945495605,8.912678718566895
raw_native,8.0,duplicate_removal,fp_matched_cluster,54,1,8.658735275268555,8.658735275268555,8.658735275268555,8.658735275268555
raw_native,8.0,duplicate_removal,fp_matched_cluster,56,1,8.102091789245605,8.102091789245605,8.102091789245605,8.102091789245605
raw_native,8.0,duplicate_removal,fp_matched_cluster,57,1,9.155403137207031,9.155403137207031,9.155403137207031,9.155403137207031
raw_native,8.0,duplicate_removal,fp_matched_cluster,61,2,8.977001190185547,8.708008766174316,8.977001190185547,9.245993614196777
raw_native,8.0,duplicate_removal,fp_matched_cluster,65,1,8.360082626342773,8.360082626342773,8.360082626342773,8.360082626342773
raw_native,8.0,duplicate_removal,fp_matched_cluster,69,1,8.827041625976562,8.827041625976562,8.827041625976562,8.827041625976562
raw_native,8.0,duplicate_removal,fp_matched_cluster,76,1,9.634288787841797,9.634288787841797,9.634288787841797,9.634288787841797
raw_native,8.0,duplicate_removal,fp_matched_cluster,89,1,8.48499870300293,8.48499870300293,8.48499870300293,8.48499870300293
raw_native,8.0,duplicate_removal,fp_matched_cluster,96,1,8.550329208374023,8.550329208374023,8.550329208374023,8.550329208374023
raw_native,8.0,duplicate_removal,tp,0,5758,24.71970558166504,19.148405075073242,25.63348388671875,28.28515625
raw_native,8.0,duplicate_removal,tp,1,8070,23.348140716552734,17.392860412597656,24.713748931884766,27.748416900634766
raw_native,8.0,duplicate_removal,tp,2,7847,21.45733642578125,13.900376319885254,22.191082000732422,27.01752471923828
raw_native,8.0,duplicate_removal,tp,3,6841,19.243938446044922,11.862454414367676,19.10251235961914,26.01955795288086
raw_native,8.0,duplicate_removal,tp,4,6132,17.086597442626953,10.846814155578613,17.25909423828125,24.508251190185547
raw_native,8.0,duplicate_removal,tp,5,5740,15.218387603759766,10.210846900939941,14.27151870727539,21.016544342041016
raw_native,8.0,duplicate_removal,tp,6,5530,13.836095809936523,9.797499656677246,12.6754732131958,19.068601608276367
raw_native,8.0,duplicate_removal,tp,7,5377,12.793364524841309,9.431782722473145,11.962568283081055,17.707365036010742
raw_native,8.0,duplicate_removal,tp,8,5206,12.080362319946289,9.159374237060547,11.44716739654541,16.293987274169922
raw_native,8.0,duplicate_removal,tp,9,4933,11.526918411254883,8.956192016601562,11.065930366516113,14.672574043273926
raw_native,8.0,duplicate_removal,tp,10,4771,11.074153900146484,8.780684471130371,10.768595695495605,13.468951225280762
raw_native,8.0,duplicate_removal,tp,11,4483,10.787516593933105,8.641535758972168,10.517504692077637,13.091036796569824
raw_native,8.0,duplicate_removal,tp,12,4016,10.477995872497559,8.55178451538086,10.22925853729248,12.564970016479492
raw_native,8.0,duplicate_removal,tp,13,3642,10.3284330368042,8.506280899047852,10.060539245605469,12.391160011291504
raw_native,8.0,duplicate_removal,tp,14,3258,10.090814590454102,8.423072814941406,9.85205078125,12.037361145019531
raw_native,8.0,duplicate_removal,tp,15,2777,9.89220905303955,8.358344078063965,9.623848915100098,11.7303466796875
raw_native,8.0,duplicate_removal,tp,16,2521,9.785487174987793,8.315728187561035,9.527045249938965,11.5798978805542
raw_native,8.0,duplicate_removal,tp,17,2117,9.651771545410156,8.27441692352295,9.397051811218262,11.32392406463623
raw_native,8.0,duplicate_removal,tp,18,1767,9.497034072875977,8.233991622924805,9.204069137573242,11.056077003479004
raw_native,8.0,duplicate_removal,tp,19,1359,9.43451976776123,8.216381072998047,9.172333717346191,11.07534408569336
raw_native,8.0,duplicate_removal,tp,20,1189,9.36937427520752,8.2045259475708,9.10024642944336,10.911860466003418
raw_native,8.0,duplicate_removal,tp,21,955,9.184998512268066,8.144953727722168,8.922381401062012,10.632428169250488
raw_native,8.0,duplicate_removal,tp,22,711,9.147665023803711,8.191033363342285,8.872220039367676,10.45838451385498
raw_native,8.0,duplicate_removal,tp,23,582,9.00240421295166,8.12946891784668,8.77291202545166,10.267149925231934
raw_native,8.0,duplicate_removal,tp,24,470,9.002593994140625,8.113856315612793,8.731241226196289,10.1729097366333
raw_native,8.0,duplicate_removal,tp,25,325,8.929197311401367,8.069878578186035,8.624593734741211,10.138821601867676
raw_native,8.0,duplicate_removal,tp,26,282,8.973194122314453,8.157369613647461,8.708902359008789,10.26925277709961
raw_native,8.0,duplicate_removal,tp,27,236,8.956162452697754,8.104623794555664,8.623723983764648,9.934455871582031
raw_native,8.0,duplicate_removal,tp,28,163,8.797701835632324,8.063569068908691,8.57176685333252,9.791640281677246
raw_native,8.0,duplicate_removal,tp,29,133,8.967612266540527,8.096809387207031,8.628277778625488,10.022505760192871
raw_native,8.0,duplicate_removal,tp,30,91,8.865592956542969,8.101517677307129,8.660188674926758,9.818045616149902
raw_native,8.0,duplicate_removal,tp,31,77,8.925703048706055,8.123750686645508,8.702098846435547,9.990205764770508
raw_native,8.0,duplicate_removal,tp,32,67,8.758830070495605,8.104750633239746,8.567323684692383,9.596030235290527
raw_native,8.0,duplicate_removal,tp,33,50,9.097748756408691,8.10847282409668,8.720132827758789,10.434579849243164
raw_native,8.0,duplicate_removal,tp,34,34,8.799469947814941,8.131601333618164,8.665630340576172,9.731648445129395
raw_native,8.0,duplicate_removal,tp,35,36,8.82374095916748,8.048873901367188,8.450960159301758,9.816064834594727
raw_native,8.0,duplicate_removal,tp,36,19,8.607622146606445,8.033285140991211,8.595073699951172,9.0548095703125
raw_native,8.0,duplicate_removal,tp,37,19,8.931096076965332,8.06955623626709,8.589494705200195,10.4216890335083
raw_native,8.0,duplicate_removal,tp,38,11,9.021622657775879,8.270401000976562,9.06131362915039,9.664277076721191
raw_native,8.0,duplicate_removal,tp,39,14,8.772866249084473,8.179137229919434,8.588708877563477,9.783346176147461
raw_native,8.0,duplicate_removal,tp,40,7,9.211835861206055,8.54837703704834,8.707255363464355,10.607930183410645
raw_native,8.0,duplicate_removal,tp,41,4,8.386805534362793,8.11117935180664,8.448822021484375,8.61281967163086
raw_native,8.0,duplicate_removal,tp,42,6,8.860278129577637,8.164469718933105,8.609420776367188,9.806944847106934
raw_native,8.0,duplicate_removal,tp,43,4,9.91278076171875,9.099601745605469,9.522012710571289,11.038572311401367
raw_native,8.0,duplicate_removal,tp,44,6,9.41897201538086,8.578568458557129,8.93541431427002,10.742932319641113
raw_native,8.0,duplicate_removal,tp,45,3,9.758625984191895,8.492947578430176,10.183516502380371,10.854348182678223
raw_native,8.0,duplicate_removal,tp,46,4,8.990707397460938,8.106675148010254,8.39947509765625,10.347723960876465
raw_native,8.0,duplicate_removal,tp,47,2,8.53897476196289,8.418729782104492,8.53897476196289,8.659219741821289
raw_native,8.0,duplicate_removal,tp,48,7,9.016234397888184,8.016915321350098,8.494940757751465,10.216032981872559
raw_native,8.0,duplicate_removal,tp,49,2,8.53007698059082,8.477569580078125,8.53007698059082,8.582584381103516
raw_native,8.0,duplicate_removal,tp,50,4,8.474519729614258,8.034648895263672,8.112089157104492,9.204333305358887
raw_native,8.0,duplicate_removal,tp,51,2,9.922220230102539,9.440287590026855,9.922220230102539,10.404153823852539
raw_native,8.0,duplicate_removal,tp,53,2,8.557129859924316,8.521944046020508,8.557129859924316,8.592315673828125
raw_native,8.0,duplicate_removal,tp,54,1,8.029489517211914,8.029489517211914,8.029489517211914,8.029489517211914
raw_native,8.0,duplicate_removal,tp,57,1,8.902680397033691,8.902680397033691,8.902680397033691,8.902680397033691
raw_native,8.0,duplicate_removal,tp,59,1,8.45106029510498,8.45106029510498,8.45106029510498,8.45106029510498
raw_native,8.0,duplicate_removal,tp,60,1,9.388531684875488,9.388531684875488,9.388531684875488,9.388531684875488
raw_native,8.0,duplicate_removal,tp,66,1,8.014741897583008,8.014741897583008,8.014741897583008,8.014741897583008
raw_native,8.0,duplicate_removal,tp,67,2,8.240987777709961,8.167366027832031,8.240987777709961,8.31460952758789
raw_native,8.0,duplicate_removal,tp,70,1,8.163386344909668,8.163386344909668,8.163386344909668,8.163386344909668
raw_native,8.0,duplicate_removal,tp,72,1,8.373431205749512,8.373431205749512,8.373431205749512,8.373431205749512
raw_native,8.0,duplicate_removal,tp,73,1,10.294720649719238,10.294720649719238,10.294720649719238,10.294720649719238
raw_native,8.0,duplicate_removal,tp,74,1,8.028815269470215,8.028815269470215,8.028815269470215,8.028815269470215
raw_native,8.0,duplicate_removal,tp,80,2,11.40391731262207,9.801460266113281,11.40391731262207,13.006375312805176
raw_native,8.0,duplicate_removal,tp,91,1,14.244895935058594,14.244895935058594,14.244895935058594,14.244895935058594
raw_native,8.0,duplicate_removal,tp,95,1,11.461969375610352,11.461969375610352,11.461969375610352,11.461969375610352
raw_native,8.0,duplicate_removal,removed_by_dedup,0,318,40.527217864990234,22.342185974121094,35.89659118652344,45.84695816040039
raw_native,8.0,duplicate_removal,removed_by_dedup,1,229,30.324562072753906,18.8279972076416,26.46158218383789,39.202903747558594
raw_native,8.0,duplicate_removal,removed_by_dedup,2,188,25.049907684326172,16.386323928833008,23.88068389892578,33.076873779296875
raw_native,8.0,duplicate_removal,removed_by_dedup,3,189,23.84368324279785,13.419648170471191,22.707983016967773,30.912328720092773
raw_native,8.0,duplicate_removal,removed_by_dedup,4,167,21.813905715942383,12.549018859863281,21.5651798248291,28.402692794799805
raw_native,8.0,duplicate_removal,removed_by_dedup,5,184,20.863990783691406,11.343055725097656,19.653797149658203,28.839628219604492
raw_native,8.0,duplicate_removal,removed_by_dedup,6,193,18.046161651611328,9.467803001403809,16.537328720092773,26.6217098236084
raw_native,8.0,duplicate_removal,removed_by_dedup,7,159,16.093090057373047,9.675350189208984,14.102444648742676,24.980045318603516
raw_native,8.0,duplicate_removal,removed_by_dedup,8,161,16.827173233032227,9.299979209899902,13.608686447143555,25.92486000061035
raw_native,8.0,duplicate_removal,removed_by_dedup,9,188,14.960140228271484,8.879853248596191,13.004764556884766,21.72254753112793
raw_native,8.0,duplicate_removal,removed_by_dedup,10,163,14.448429107666016,8.757994651794434,11.706665992736816,22.472591400146484
raw_native,8.0,duplicate_removal,removed_by_dedup,11,199,14.642180442810059,8.6680326461792,13.408671379089355,21.58734703063965
raw_native,8.0,duplicate_removal,removed_by_dedup,12,172,14.142154693603516,8.550761222839355,12.383390426635742,20.460590362548828
raw_native,8.0,duplicate_removal,removed_by_dedup,13,167,14.082221031188965,8.376029968261719,12.232979774475098,21.005369186401367
raw_native,8.0,duplicate_removal,removed_by_dedup,14,148,13.458271980285645,8.451823234558105,11.187496185302734,20.411548614501953
raw_native,8.0,duplicate_removal,removed_by_dedup,15,171,13.021281242370605,8.467886924743652,10.703018188476562,20.106124877929688
raw_native,8.0,duplicate_removal,removed_by_dedup,16,140,13.463321685791016,8.613186836242676,11.10024642944336,20.500947952270508
raw_native,8.0,duplicate_removal,removed_by_dedup,17,146,12.548112869262695,8.464248657226562,10.775091171264648,18.27062225341797
raw_native,8.0,duplicate_removal,removed_by_dedup,18,140,12.384921073913574,8.336980819702148,10.747157096862793,18.850648880004883
raw_native,8.0,duplicate_removal,removed_by_dedup,19,132,12.330720901489258,8.265742301940918,10.8040189743042,18.42702865600586
raw_native,8.0,duplicate_removal,removed_by_dedup,20,110,12.095088005065918,8.277055740356445,10.066732406616211,17.304080963134766
raw_native,8.0,duplicate_removal,removed_by_dedup,21,97,11.926383018493652,8.229527473449707,10.75697135925293,16.94928741455078
raw_native,8.0,duplicate_removal,removed_by_dedup,22,116,12.129715919494629,8.312458992004395,10.805792808532715,16.4288387298584
raw_native,8.0,duplicate_removal,removed_by_dedup,23,101,11.701288223266602,8.30611801147461,10.559427261352539,15.861405372619629
raw_native,8.0,duplicate_removal,removed_by_dedup,24,98,11.582136154174805,8.338972091674805,10.199348449707031,15.329920768737793
raw_native,8.0,duplicate_removal,removed_by_dedup,25,96,11.800524711608887,8.302824020385742,10.962808609008789,16.11502456665039
raw_native,8.0,duplicate_removal,removed_by_dedup,26,83,12.66039752960205,8.419075012207031,11.307319641113281,17.331342697143555
raw_native,8.0,duplicate_removal,removed_by_dedup,27,89,11.67741870880127,8.42328929901123,10.912776947021484,15.803627967834473
raw_native,8.0,duplicate_removal,removed_by_dedup,28,83,11.654472351074219,8.245262145996094,10.79439640045166,14.79109001159668
raw_native,8.0,duplicate_removal,removed_by_dedup,29,88,12.36667251586914,8.372173309326172,11.16132640838623,16.119691848754883
raw_native,8.0,duplicate_removal,removed_by_dedup,30,53,11.64581298828125,8.260751724243164,10.557591438293457,14.845274925231934
raw_native,8.0,duplicate_removal,removed_by_dedup,31,71,11.255956649780273,8.501029968261719,10.416009902954102,14.67977523803711
raw_native,8.0,duplicate_removal,removed_by_dedup,32,83,11.354246139526367,8.272520065307617,10.306461334228516,15.097016334533691
raw_native,8.0,duplicate_removal,removed_by_dedup,33,61,11.441895484924316,8.713000297546387,10.422632217407227,13.679927825927734
raw_native,8.0,duplicate_removal,removed_by_dedup,34,66,10.997538566589355,8.392393112182617,10.491144180297852,13.210029602050781
raw_native,8.0,duplicate_removal,removed_by_dedup,35,59,11.535751342773438,8.466917991638184,10.535943984985352,14.385066032409668
raw_native,8.0,duplicate_removal,removed_by_dedup,36,64,11.297035217285156,8.578914642333984,10.600763320922852,13.53274917602539
raw_native,8.0,duplicate_removal,removed_by_dedup,37,65,11.409882545471191,8.468793869018555,10.38467788696289,14.06489086151123
raw_native,8.0,duplicate_removal,removed_by_dedup,38,54,11.203056335449219,8.410181999206543,10.454622268676758,13.457194328308105
raw_native,8.0,duplicate_removal,removed_by_dedup,39,64,10.33329963684082,8.509132385253906,9.889001846313477,11.677399635314941
raw_native,8.0,duplicate_removal,removed_by_dedup,40,50,11.114385604858398,8.471266746520996,10.177342414855957,13.169971466064453
raw_native,8.0,duplicate_removal,removed_by_dedup,41,65,10.980705261230469,8.588871002197266,9.73798942565918,14.534391403198242
raw_native,8.0,duplicate_removal,removed_by_dedup,42,50,11.352524757385254,8.407026290893555,9.852087020874023,20.02031135559082
raw_native,8.0,duplicate_removal,removed_by_dedup,43,53,11.482723236083984,8.397759437561035,10.073728561401367,20.293893814086914
raw_native,8.0,duplicate_removal,removed_by_dedup,44,40,12.13963794708252,8.346065521240234,9.988821983337402,21.006254196166992
raw_native,8.0,duplicate_removal,removed_by_dedup,45,52,10.677820205688477,8.414114952087402,9.869352340698242,12.939455032348633
raw_native,8.0,duplicate_removal,removed_by_dedup,46,47,10.911090850830078,8.335070610046387,10.338930130004883,12.403817176818848
raw_native,8.0,duplicate_removal,removed_by_dedup,47,50,10.424691200256348,8.221670150756836,9.729658126831055,12.626139640808105
raw_native,8.0,duplicate_removal,removed_by_dedup,48,38,10.5867280960083,8.392762184143066,10.175841331481934,12.155558586120605
raw_native,8.0,duplicate_removal,removed_by_dedup,49,40,11.154789924621582,8.623498916625977,9.77511215209961,17.60704803466797
raw_native,8.0,duplicate_removal,removed_by_dedup,50,41,10.395538330078125,8.14224624633789,9.763969421386719,11.247016906738281
raw_native,8.0,duplicate_removal,removed_by_dedup,51,35,10.705693244934082,8.612235069274902,9.634103775024414,12.216153144836426
raw_native,8.0,duplicate_removal,removed_by_dedup,52,39,10.753263473510742,8.344904899597168,9.486873626708984,14.918530464172363
raw_native,8.0,duplicate_removal,removed_by_dedup,53,30,10.580382347106934,8.285079956054688,9.479513168334961,14.736745834350586
raw_native,8.0,duplicate_removal,removed_by_dedup,54,27,11.078629493713379,8.273552894592285,9.404108047485352,18.844045639038086
raw_native,8.0,duplicate_removal,removed_by_dedup,55,25,10.934039115905762,8.38685417175293,9.882901191711426,16.192468643188477
raw_native,8.0,duplicate_removal,removed_by_dedup,56,22,10.581746101379395,8.247062683105469,8.937671661376953,17.756319046020508
raw_native,8.0,duplicate_removal,removed_by_dedup,57,20,9.659671783447266,8.759773254394531,9.552825927734375,10.924325942993164
raw_native,8.0,duplicate_removal,removed_by_dedup,58,24,10.403517723083496,8.697998046875,9.6035737991333,13.07270336151123
raw_native,8.0,duplicate_removal,removed_by_dedup,59,24,10.785842895507812,8.395763397216797,9.600099563598633,16.225357055664062
raw_native,8.0,duplicate_removal,removed_by_dedup,60,31,10.69472885131836,8.308769226074219,9.444149017333984,16.195068359375
raw_native,8.0,duplicate_removal,removed_by_dedup,61,15,10.218470573425293,8.311059951782227,9.28602123260498,14.214593887329102
raw_native,8.0,duplicate_removal,removed_by_dedup,62,20,10.33802604675293,8.39000129699707,9.516823768615723,14.864462852478027
raw_native,8.0,duplicate_removal,removed_by_dedup,63,25,10.273248672485352,8.425764083862305,9.319154739379883,13.069921493530273
raw_native,8.0,duplicate_removal,removed_by_dedup,64,22,11.500753402709961,8.198174476623535,10.03042984008789,17.70401382446289
raw_native,8.0,duplicate_removal,removed_by_dedup,65,21,10.445408821105957,8.200937271118164,9.441710472106934,15.040229797363281
raw_native,8.0,duplicate_removal,removed_by_dedup,66,19,10.249492645263672,8.549639701843262,9.011334419250488,12.969771385192871
raw_native,8.0,duplicate_removal,removed_by_dedup,67,16,10.208127975463867,8.495464324951172,9.380497932434082,13.323675155639648
raw_native,8.0,duplicate_removal,removed_by_dedup,68,18,11.67236614227295,8.436723709106445,10.723098754882812,16.44245719909668
raw_native,8.0,duplicate_removal,removed_by_dedup,69,22,10.901297569274902,8.155180931091309,9.074243545532227,15.930680274963379
raw_native,8.0,duplicate_removal,removed_by_dedup,70,11,12.458328247070312,8.451871871948242,11.220763206481934,17.22432518005371
raw_native,8.0,duplicate_removal,removed_by_dedup,71,10,10.824980735778809,8.37884521484375,9.959224700927734,12.723264694213867
raw_native,8.0,duplicate_removal,removed_by_dedup,72,13,14.129833221435547,9.484599113464355,15.417519569396973,17.589284896850586
raw_native,8.0,duplicate_removal,removed_by_dedup,73,18,11.621163368225098,8.340716361999512,9.18507194519043,16.761005401611328
raw_native,8.0,duplicate_removal,removed_by_dedup,74,12,11.09964370727539,8.97674560546875,9.794694900512695,15.851899147033691
raw_native,8.0,duplicate_removal,removed_by_dedup,75,16,11.668416023254395,8.14985466003418,10.03485107421875,16.331459045410156
raw_native,8.0,duplicate_removal,removed_by_dedup,76,11,12.589568138122559,8.826733589172363,11.881974220275879,17.094247817993164
raw_native,8.0,duplicate_removal,removed_by_dedup,77,12,11.008898735046387,8.145306587219238,9.123188972473145,17.124916076660156
raw_native,8.0,duplicate_removal,removed_by_dedup,78,9,10.047301292419434,8.151519775390625,10.19087028503418,11.743270874023438
raw_native,8.0,duplicate_removal,removed_by_dedup,79,12,12.27621078491211,8.091898918151855,10.538328170776367,18.91956901550293
raw_native,8.0,duplicate_removal,removed_by_dedup,80,9,9.879409790039062,8.110102653503418,9.221231460571289,12.05716609954834
raw_native,8.0,duplicate_removal,removed_by_dedup,81,8,10.677148818969727,8.253724098205566,9.735095977783203,14.551895141601562
raw_native,8.0,duplicate_removal,removed_by_dedup,82,14,11.922002792358398,8.33885669708252,12.211329460144043,15.350472450256348
raw_native,8.0,duplicate_removal,removed_by_dedup,83,7,9.338862419128418,8.129682540893555,9.292057037353516,10.7227144241333
raw_native,8.0,duplicate_removal,removed_by_dedup,84,9,11.279942512512207,8.205938339233398,9.413508415222168,15.247406005859375
raw_native,8.0,duplicate_removal,removed_by_dedup,85,13,12.881364822387695,9.290994644165039,12.912683486938477,15.51758861541748
raw_native,8.0,duplicate_removal,removed_by_dedup,86,10,12.28907585144043,8.995250701904297,10.652305603027344,16.711589813232422
raw_native,8.0,duplicate_removal,removed_by_dedup,87,9,11.39004898071289,8.04967212677002,10.490635871887207,14.449792861938477
raw_native,8.0,duplicate_removal,removed_by_dedup,88,6,11.14238452911377,8.172895431518555,10.364640235900879,14.889617919921875
raw_native,8.0,duplicate_removal,removed_by_dedup,89,9,12.240522384643555,8.845860481262207,12.585064888000488,15.163307189941406
raw_native,8.0,duplicate_removal,removed_by_dedup,90,7,11.605172157287598,8.037549018859863,12.304702758789062,15.124756813049316
raw_native,8.0,duplicate_removal,removed_by_dedup,91,6,10.517525672912598,8.192864418029785,10.058289527893066,13.301424026489258
raw_native,8.0,duplicate_removal,removed_by_dedup,92,9,13.170409202575684,9.674043655395508,13.58731746673584,15.742722511291504
raw_native,8.0,duplicate_removal,removed_by_dedup,93,9,12.797985076904297,8.357829093933105,13.759476661682129,15.239177703857422
raw_native,8.0,duplicate_removal,removed_by_dedup,94,3,13.371574401855469,9.936609268188477,15.316726684570312,16.02847671508789
raw_native,8.0,duplicate_removal,removed_by_dedup,95,5,12.235954284667969,8.815254211425781,10.975920677185059,16.239398956298828
raw_native,8.0,duplicate_removal,removed_by_dedup,96,6,13.36242389678955,10.627631187438965,14.080668449401855,15.378971099853516
raw_native,8.0,duplicate_removal,removed_by_dedup,97,5,13.760302543640137,11.534189224243164,14.287928581237793,15.700878143310547
raw_native,8.0,duplicate_removal,removed_by_dedup,98,5,13.116279602050781,10.388355255126953,13.956608772277832,15.26504135131836
raw_native,8.0,duplicate_removal,removed_by_dedup,99,6,12.795687675476074,10.188371658325195,12.980567932128906,15.218124389648438
