domain,sample_type,gt_unit_id,frame,top1_score,top2_score,winner_template,winner_margin
raw_native,background,,5463,13.3032,10.813259,245,2.4899406
raw_native,background,,5497,5.05103,4.780982,165,0.27004814
raw_native,background,,8890,7.482743,7.4235168,197,0.059226036
raw_native,background,,12233,20.035122,19.963959,243,0.07116318
raw_native,background,,14111,13.040766,10.088719,150,2.9520464
raw_native,background,,14924,8.242696,7.7847357,382,0.45796013
raw_native,background,,16051,14.649497,9.061914,273,5.5875826
raw_native,background,,18316,13.035617,9.193471,26,3.842146
raw_native,background,,18871,9.216102,7.0808,140,2.1353016
raw_native,background,,25849,7.8668175,5.968196,172,1.8986216
raw_native,background,,47399,24.471704,20.11748,294,4.354225
raw_native,background,,55633,21.622173,17.250847,197,4.3713264
raw_native,background,,59511,4.646411,3.7864208,46,0.8599901
raw_native,gt,94.0,11087,9.034886,8.586287,322,0.44859982
raw_native,gt,1143.0,13202,26.93455,22.366457,260,4.5680923
raw_native,gt,1143.0,34608,11.7650585,11.044842,150,0.72021675
raw_native,gt,1129.0,19374,25.915543,20.008493,407,5.907049
raw_native,background,,65030,15.823531,12.029652,302,3.7938795
raw_native,background,,70077,7.689287,6.8523116,562,0.8369756
raw_native,background,,80304,14.482158,10.88407,534,3.5980873
raw_native,background,,81309,12.535684,11.620855,324,0.9148283
raw_native,background,,93068,13.244906,10.247097,197,2.9978094
raw_native,background,,94952,12.746215,10.41463,240,2.331585
raw_native,background,,97065,25.166971,8.750439,301,16.416533
raw_native,background,,100383,10.328653,9.668444,295,0.66020966
raw_native,background,,117959,7.0556703,6.4866915,233,0.5689788
raw_native,gt,2143.0,95952,30.461742,23.695135,328,6.7666073
raw_native,gt,94.0,116599,29.961124,23.66564,328,6.2954845
raw_native,gt,1143.0,103640,9.7841625,8.921225,143,0.8629379
raw_native,gt,720.0,102252,9.888731,9.766627,257,0.12210369
raw_native,gt,1300.0,84121,14.286095,9.85824,305,4.4278545
raw_native,background,,121032,8.829692,7.8892493,197,0.94044256
raw_native,background,,121206,8.485631,6.481396,11,2.0042348
raw_native,background,,133403,6.252336,5.883925,196,0.36841106
raw_native,background,,134686,8.730204,4.9700375,467,3.7601662
raw_native,background,,135493,11.848415,10.823862,262,1.0245533
raw_native,background,,135715,12.890426,12.051955,281,0.83847046
raw_native,background,,143857,6.623137,5.774013,407,0.84912395
raw_native,background,,175346,6.851013,5.531551,185,1.3194623
raw_native,gt,2143.0,178212,29.698425,28.885544,124,0.81288147
raw_native,gt,664.0,130518,11.018853,10.493867,348,0.52498627
raw_native,gt,664.0,154317,13.462236,13.199751,334,0.2624855
raw_native,gt,1122.0,166842,8.115203,7.18569,161,0.929513
raw_native,background,,184609,15.327492,12.613407,26,2.7140846
raw_native,background,,187396,20.765505,18.567175,15,2.19833
raw_native,background,,195267,11.89866,8.570735,523,3.3279247
raw_native,background,,195585,20.06561,15.3768635,187,4.6887474
raw_native,background,,199849,15.402985,14.338097,222,1.064888
raw_native,background,,201591,8.142083,6.342177,231,1.7999063
raw_native,background,,211121,10.714136,9.035961,193,1.678175
raw_native,background,,218526,13.786975,9.697674,249,4.089301
raw_native,background,,222614,9.17095,7.2205863,308,1.9503636
raw_native,background,,228280,22.927654,20.066021,259,2.8616333
raw_native,background,,237821,8.849166,5.265247,523,3.583919
raw_native,gt,337.0,203792,12.154299,12.032972,4,0.12132645
raw_native,gt,337.0,213058,7.4785247,7.225053,480,0.25347185
raw_native,gt,337.0,220814,10.158101,8.128167,497,2.029934
raw_native,gt,1143.0,190060,17.27073,15.246849,273,2.02388
raw_native,gt,793.0,188478,18.158169,12.104857,112,6.0533113
raw_native,background,,241800,7.3611927,6.307333,45,1.0538597
raw_native,background,,258507,5.6764174,4.724334,374,0.9520836
raw_native,background,,258577,8.369768,7.617271,201,0.7524972
raw_native,background,,289273,9.388407,7.5494065,426,1.8390002
raw_native,background,,292303,7.1096206,6.7501426,61,0.359478
raw_native,gt,1300.0,281832,27.795527,19.433777,274,8.36175
raw_native,gt,1122.0,259272,10.786276,9.907799,44,0.8784771
raw_native,gt,1122.0,280056,23.094812,20.598095,226,2.4967175
raw_native,background,,304004,30.0851,18.924757,208,11.160343
raw_native,background,,305336,8.4415045,7.498637,275,0.9428673
raw_native,background,,315742,9.0570545,8.967923,292,0.089131355
raw_native,background,,326669,20.56003,20.014935,222,0.54509544
raw_native,background,,328163,6.7232175,6.422504,584,0.30071354
raw_native,background,,350945,4.817399,4.8138914,356,0.0035076141
raw_native,background,,351660,13.384596,9.609341,143,3.7752552
raw_native,background,,353264,7.3562818,7.200004,47,0.15627766
raw_native,gt,2143.0,311887,25.24201,17.222368,124,8.019642
raw_native,gt,720.0,314538,13.906157,11.889347,17,2.0168095
raw_native,gt,720.0,354533,21.814173,11.115915,176,10.698257
raw_native,gt,1300.0,317011,10.253596,9.387909,27,0.8656874
raw_native,gt,1300.0,351235,13.755761,10.896557,175,2.8592043
raw_native,gt,1122.0,334287,9.4504795,6.479095,171,2.9713845
raw_native,background,,360103,19.265442,9.617805,302,9.647637
raw_native,background,,371396,10.56009,10.080049,37,0.4800415
raw_native,background,,376411,8.86271,5.999843,409,2.8628669
raw_native,background,,390923,16.77534,13.822506,273,2.9528332
raw_native,background,,391782,6.3469296,6.232605,288,0.11432457
raw_native,background,,399197,5.9541397,5.3199954,99,0.6341443
raw_native,background,,418136,17.202087,15.953962,259,1.2481251
raw_native,gt,664.0,393550,13.529927,12.89008,63,0.6398468
raw_native,gt,1129.0,403110,22.193989,20.84392,257,1.350069
raw_native,background,,423640,15.836894,12.1556225,470,3.6812716
raw_native,background,,424282,8.698403,7.015981,559,1.6824222
raw_native,background,,425532,29.815987,27.816418,42,1.9995689
raw_native,background,,447135,12.504753,9.355609,467,3.1491442
raw_native,background,,473677,10.798118,10.46659,406,0.3315277
raw_native,background,,478028,13.285733,11.1281395,3,2.1575937
raw_native,gt,94.0,431408,11.355427,9.7491045,231,1.6063223
raw_native,gt,337.0,462767,28.141068,27.807463,474,0.3336048
raw_native,gt,1300.0,473422,33.28962,32.6553,91,0.6343193
raw_native,gt,1122.0,430733,9.546958,8.561426,171,0.9855318
raw_native,gt,793.0,449702,20.280636,15.464328,112,4.816308
raw_native,background,,481241,5.291885,5.178591,67,0.113294125
raw_native,background,,487612,8.158253,8.027149,17,0.13110352
raw_native,background,,519152,15.324258,13.756658,196,1.5676003
raw_native,background,,523700,10.170461,7.1316524,523,3.0388083
raw_native,background,,526476,13.94682,11.0640545,334,2.8827658
raw_native,background,,530791,11.910462,4.876669,580,7.0337934
raw_native,gt,94.0,494850,7.828165,6.9346647,508,0.8935003
raw_native,gt,94.0,510248,22.087502,19.888609,258,2.1988926
raw_native,gt,1143.0,484277,29.555313,27.605574,206,1.9497395
raw_native,gt,1143.0,521069,7.3169355,7.1402426,32,0.17669296
raw_native,gt,720.0,495139,9.998078,7.2966766,179,2.7014017
raw_native,gt,720.0,523331,10.162328,7.7513213,197,2.4110065
raw_native,gt,664.0,509492,12.374504,11.124344,14,1.2501602
raw_native,gt,1300.0,512811,11.820131,7.8442726,48,3.9758587
raw_native,gt,1129.0,489619,10.898806,8.453548,266,2.4452572
raw_native,gt,1129.0,507034,32.881207,29.601114,182,3.2800922
raw_native,background,,543886,4.0696464,3.802296,514,0.26735044
raw_native,background,,565661,12.984108,12.547634,364,0.43647385
raw_native,background,,577899,10.197752,5.7713346,51,4.4264174
raw_native,background,,584701,9.138758,6.2756057,428,2.863152
raw_native,background,,586895,17.540201,15.190256,238,2.349945
raw_native,gt,2143.0,550138,28.0129,17.731915,124,10.280985
raw_native,gt,1143.0,584291,14.0939865,12.209333,297,1.8846531
raw_native,gt,720.0,599750,29.477386,27.740616,259,1.7367706
raw_native,gt,1122.0,548655,19.642199,15.279486,543,4.362713
raw_native,gt,793.0,550380,17.998762,13.966897,112,4.031865
raw_native,background,,605570,17.042467,14.714692,201,2.327775
raw_native,background,,612808,27.492651,26.325157,447,1.1674938
raw_native,background,,618158,18.371035,14.853907,16,3.517128
raw_native,background,,640164,7.7075233,5.86123,168,1.8462934
raw_native,background,,645609,32.105293,22.542944,465,9.562349
raw_native,background,,659181,18.693312,13.941228,73,4.752084
raw_native,gt,2143.0,607187,48.31653,39.48111,446,8.835419
raw_native,gt,2143.0,614939,29.101784,25.591183,206,3.510601
raw_native,gt,2143.0,615646,23.903915,14.288552,124,9.615363
raw_native,gt,94.0,637478,11.84601,11.486706,292,0.35930443
raw_native,gt,1143.0,639642,15.763657,11.150143,273,4.613514
raw_native,gt,1143.0,649819,12.262964,11.998946,141,0.26401806
raw_native,gt,720.0,610296,9.769152,8.982985,244,0.78616714
raw_native,gt,1122.0,658753,23.15633,20.101465,292,3.054865
raw_native,gt,793.0,655827,32.93458,25.425898,182,7.508684
raw_native,background,,661353,6.110678,5.3283653,500,0.78231287
raw_native,background,,669755,12.869167,10.377857,179,2.4913101
raw_native,background,,697509,19.654093,16.911827,216,2.7422657
raw_native,background,,709278,10.217465,9.822738,33,0.3947277
raw_native,background,,710324,6.80592,6.060536,174,0.7453842
raw_native,gt,1143.0,662561,29.819498,17.6891,148,12.130398
raw_native,gt,720.0,706847,45.63164,36.512676,23,9.118965
raw_native,gt,720.0,714863,16.980858,16.380283,4,0.6005745
raw_native,gt,1122.0,673156,6.967721,6.605924,171,0.36179686
raw_native,gt,1129.0,671053,22.177546,19.823666,65,2.35388
raw_native,background,,723585,9.879661,8.871683,145,1.0079775
raw_native,background,,724681,5.6758313,5.575403,194,0.100428104
raw_native,background,,728410,19.050573,18.8967,491,0.15387344
raw_native,background,,736037,9.046142,8.83385,508,0.21229172
raw_native,background,,751128,10.462188,7.28098,146,3.1812077
raw_native,background,,751257,16.18989,15.134163,479,1.055727
raw_native,background,,755274,7.981817,6.7497587,407,1.232058
raw_native,background,,768158,16.580603,15.668275,89,0.91232777
raw_native,background,,773568,8.785506,8.784584,20,0.00092220306
raw_native,gt,94.0,758973,34.91247,28.473501,274,6.4389706
raw_native,gt,720.0,759233,11.486774,9.58159,284,1.9051847
raw_native,gt,664.0,754897,10.684974,8.964978,347,1.7199955
raw_native,background,,784180,7.30372,7.0827627,147,0.22095728
raw_native,background,,811154,14.744007,10.930263,177,3.8137445
raw_native,background,,812796,13.678349,8.408399,51,5.26995
raw_native,background,,812964,12.70352,11.190875,265,1.5126448
raw_native,background,,818851,4.3431535,4.0317006,155,0.31145287
raw_native,background,,818897,5.477744,4.7485394,10,0.72920465
raw_native,background,,823003,4.865959,4.8224273,211,0.043531895
raw_native,background,,824270,11.225357,5.914884,51,5.310473
raw_native,background,,825886,6.725422,6.476912,397,0.24850988
raw_native,gt,2143.0,803913,24.83147,17.666756,124,7.164715
raw_native,gt,337.0,801599,26.026888,24.204779,239,1.8221092
raw_native,gt,1300.0,810870,12.919251,12.217205,4,0.7020464
raw_native,gt,1122.0,804941,28.059412,27.199272,266,0.86013985
raw_native,gt,1122.0,818556,17.056065,14.409869,3,2.6461954
raw_native,gt,793.0,797592,16.914268,10.913211,112,6.0010576
raw_native,gt,793.0,816454,18.472694,14.254346,112,4.2183485
raw_native,background,,840888,4.300807,3.9998016,81,0.30100536
raw_native,background,,841912,9.5976925,8.426129,286,1.1715631
raw_native,background,,855697,5.9016924,4.401171,363,1.5005212
raw_native,background,,855846,17.721642,11.9490185,182,5.772623
raw_native,background,,859229,6.3643823,5.190329,54,1.1740532
raw_native,gt,94.0,870613,44.50759,36.416496,23,8.091095
raw_native,gt,1143.0,872498,29.278582,25.603222,275,3.6753597
raw_native,gt,664.0,854351,11.50841,7.8816786,304,3.6267319
raw_native,gt,1122.0,879222,8.978387,6.8713636,171,2.1070232
raw_native,background,,900463,11.501091,7.6733475,415,3.8277435
raw_native,background,,903365,7.5617604,7.071195,191,0.4905653
raw_native,background,,908726,12.596865,10.699841,200,1.8970242
raw_native,background,,916111,5.785463,4.9213223,313,0.8641405
raw_native,background,,916800,6.1359367,6.004572,162,0.13136482
raw_native,background,,918915,12.349068,10.625759,416,1.7233086
raw_native,background,,944391,8.894477,7.786197,182,1.1082797
raw_native,background,,945654,19.495443,19.402092,454,0.093351364
raw_native,gt,337.0,907524,11.698445,10.297385,497,1.4010601
raw_native,gt,664.0,920141,9.299842,6.668068,347,2.631774
raw_native,gt,664.0,941650,9.325947,7.612429,347,1.7135177
raw_native,background,,973709,7.70265,6.4141035,71,1.2885466
raw_native,background,,986600,11.982399,5.734465,294,6.247934
raw_native,background,,991464,7.2607512,5.4691095,9,1.7916417
raw_native,background,,995747,13.036038,5.3979383,305,7.6381
raw_native,background,,1005324,9.902445,8.491673,215,1.4107714
raw_native,background,,1010759,4.6121798,4.486621,129,0.12555885
raw_native,background,,1016938,6.52248,5.8739147,306,0.6485653
raw_native,gt,1143.0,979865,12.9162855,11.991009,189,0.92527676
raw_native,gt,664.0,981994,15.963864,13.030446,282,2.9334183
raw_native,gt,664.0,1014198,13.281661,10.275634,149,3.0060272
raw_native,background,,1037706,6.8207803,4.9865522,211,1.834228
raw_native,background,,1037749,9.269918,8.988466,285,0.28145218
raw_native,background,,1041294,16.236649,10.789189,22,5.447459
raw_native,background,,1056048,16.023048,13.671712,252,2.3513365
raw_native,background,,1056895,10.543655,7.5286455,45,3.0150099
raw_native,background,,1057249,5.8704166,4.9617143,358,0.9087024
raw_native,background,,1076430,8.744064,7.1866364,271,1.5574279
raw_native,background,,1077760,28.495823,20.766802,465,7.729021
raw_native,gt,2143.0,1038571,24.70975,23.64336,316,1.0663891
raw_native,gt,2143.0,1053308,22.927895,15.233303,124,7.6945915
raw_native,gt,664.0,1067790,30.656757,25.201212,206,5.4555454
raw_native,gt,1300.0,1062714,11.977307,10.312804,417,1.6645031
raw_native,gt,1122.0,1036476,17.76673,15.902812,274,1.8639174
raw_native,gt,1122.0,1061092,45.179165,36.65905,23,8.520115
raw_native,gt,1122.0,1061458,13.327637,9.944904,171,3.3827324
raw_native,gt,793.0,1045788,13.91764,10.604899,112,3.3127403
raw_native,gt,793.0,1066425,25.374208,20.366703,258,5.0075054
raw_native,background,,1081568,13.458321,11.8372555,222,1.6210651
raw_native,background,,1088455,8.937321,8.111992,278,0.8253288
raw_native,background,,1090922,8.07118,6.957973,397,1.1132073
raw_native,background,,1093393,9.320327,8.589098,437,0.7312288
raw_native,background,,1108692,15.2990675,13.381367,197,1.9177008
raw_native,background,,1110428,6.685097,5.3239913,496,1.3611059
raw_native,background,,1113598,12.362422,11.186047,458,1.1763754
raw_native,background,,1115135,15.877765,14.94552,42,0.9322443
raw_native,background,,1124466,6.842976,6.8060327,437,0.036943436
raw_native,background,,1128672,8.122783,7.8693914,234,0.25339127
raw_native,gt,1300.0,1091161,34.816795,31.629248,447,3.1875477
raw_native,gt,1300.0,1093660,20.065254,19.535551,320,0.52970314
raw_native,gt,1300.0,1131042,10.404478,9.575947,304,0.82853127
raw_native,gt,793.0,1086451,16.628145,15.183865,112,1.4442806
raw_native,background,,1146518,12.465877,12.070313,4,0.39556313
raw_native,background,,1155251,8.550155,4.805603,211,3.7445517
raw_native,background,,1155805,5.555906,4.791499,67,0.7644067
raw_native,background,,1155886,14.77393,12.144709,334,2.629221
raw_native,background,,1156248,8.066807,4.349395,10,3.717412
raw_native,gt,664.0,1144675,7.8605275,7.704596,347,0.15593147
raw_native,gt,1300.0,1152545,47.44623,37.294205,446,10.152027
raw_native,gt,1300.0,1182539,10.688095,10.354044,201,0.33405113
raw_native,gt,1300.0,1187748,24.142715,15.260044,243,8.882671
raw_native,gt,1300.0,1198855,15.07074,13.48247,426,1.5882702
raw_native,gt,1122.0,1178252,17.119215,15.080422,73,2.0387926
raw_native,background,,1202111,26.433466,23.680693,40,2.7527733
raw_native,background,,1214994,14.857539,14.699712,35,0.15782738
raw_native,background,,1247506,8.591302,7.280348,425,1.3109541
raw_native,background,,1254302,8.948647,5.344746,304,3.6039004
raw_native,background,,1254303,8.60601,6.1711645,304,2.434846
raw_native,background,,1254527,7.5725245,7.3284698,261,0.2440548
raw_native,background,,1256667,7.3790975,7.2335615,44,0.14553595
raw_native,gt,2143.0,1224561,30.550922,29.395924,124,1.1549988
raw_native,gt,94.0,1240193,22.75632,21.352669,91,1.4036522
raw_native,gt,720.0,1207089,11.475626,10.698828,63,0.77679825
raw_native,gt,720.0,1255105,24.835146,23.011047,182,1.8240986
raw_native,gt,664.0,1239990,10.024481,9.668365,174,0.3561163
raw_native,gt,664.0,1258916,8.848163,8.108794,347,0.73936844
raw_native,gt,793.0,1236680,14.138612,13.734114,4,0.4044981
raw_native,gt,793.0,1253591,18.222448,13.810761,112,4.411687
raw_native,gt,1129.0,1223258,27.618526,22.810936,464,4.8075905
raw_native,background,,1265199,11.90223,7.221855,116,4.680375
raw_native,background,,1278696,8.386485,7.8035135,2,0.5829716
raw_native,background,,1279668,14.0892315,10.397903,471,3.691328
raw_native,background,,1283149,23.301798,22.565203,478,0.73659515
raw_native,background,,1284115,7.41698,6.3406196,436,1.0763602
raw_native,background,,1290691,15.163443,13.844842,240,1.3186007
raw_native,background,,1317538,12.597659,7.137585,294,5.460074
raw_native,gt,1143.0,1277796,20.120842,18.922804,150,1.1980381
raw_native,gt,664.0,1266072,24.772017,19.344137,182,5.4278793
raw_native,gt,664.0,1316851,22.061647,17.255796,562,4.805851
raw_native,gt,793.0,1267923,16.787428,13.918753,112,2.8686752
raw_native,background,,1325800,6.6104255,5.7533746,299,0.8570509
raw_native,background,,1332580,10.969373,9.93018,285,1.0391932
raw_native,background,,1342612,23.685492,21.721653,272,1.9638386
raw_native,background,,1352647,38.567154,21.318556,21,17.248598
raw_native,background,,1366048,5.3911657,5.3526025,11,0.03856325
raw_native,background,,1366075,6.8486805,5.680161,50,1.1685195
raw_native,background,,1366821,9.310072,8.031003,377,1.279069
raw_native,background,,1366824,9.812246,9.000287,175,0.81195927
raw_native,gt,1143.0,1358210,15.079334,13.305053,302,1.7742815
raw_native,gt,1122.0,1352801,17.373829,13.189171,197,4.184658
raw_native,gt,793.0,1369622,17.814898,16.248888,410,1.5660095
raw_native,background,,1385258,10.919156,10.377318,239,0.5418377
raw_native,background,,1387999,13.814576,13.054184,39,0.7603922
raw_native,background,,1414084,9.377299,6.4785376,83,2.8987617
raw_native,background,,1416861,7.850226,5.64714,254,2.203086
raw_native,background,,1439195,7.060414,6.821608,217,0.23880577
raw_native,gt,1143.0,1435433,16.941458,16.126143,45,0.81531525
raw_native,gt,720.0,1406598,14.415278,6.6105595,305,7.804719
raw_native,gt,1300.0,1405472,29.577751,23.815382,301,5.762369
raw_native,gt,1122.0,1387348,27.177208,24.641865,238,2.5353432
raw_native,gt,1129.0,1392616,14.045914,11.965278,288,2.080636
raw_native,background,,1446216,38.181175,36.432373,235,1.7488022
raw_native,background,,1458153,19.248018,16.729391,242,2.5186272
raw_native,background,,1463820,8.0028,7.9766417,234,0.026158333
raw_native,background,,1477902,6.0499663,5.903251,195,0.14671516
raw_native,background,,1478743,9.298584,9.193827,21,0.10475731
raw_native,background,,1482903,14.339144,10.543624,128,3.7955198
raw_native,background,,1485628,23.114006,22.604769,207,0.5092373
raw_native,background,,1485649,18.431826,7.5410595,434,10.890766
raw_native,background,,1486101,4.9838724,4.2340174,397,0.74985504
raw_native,background,,1489202,10.169693,7.8559546,185,2.3137383
raw_native,background,,1494011,6.5768275,5.421205,165,1.1556225
raw_native,gt,2143.0,1486299,23.667696,13.628437,124,10.039259
raw_native,gt,94.0,1490160,15.899252,15.694231,503,0.2050209
raw_native,gt,337.0,1475283,13.055024,10.878193,497,2.1768312
raw_native,gt,664.0,1459494,6.658908,6.130116,125,0.5287919
raw_native,gt,1300.0,1464748,8.979991,7.0386643,150,1.9413266
raw_native,gt,1129.0,1449139,8.160098,7.7689223,6,0.39117575
raw_native,background,,1506189,5.3154607,4.951465,347,0.36399555
raw_native,background,,1514802,9.731201,8.610342,558,1.1208591
raw_native,background,,1524257,10.207683,10.037033,507,0.17064953
raw_native,background,,1534329,6.6660833,6.320955,393,0.34512854
raw_native,background,,1547547,23.435406,18.471798,187,4.963608
raw_native,background,,1547739,20.93713,15.175756,243,5.7613735
raw_native,gt,94.0,1512005,11.840949,11.448538,141,0.39241123
raw_native,gt,337.0,1514192,26.011404,24.689743,275,1.321661
raw_native,gt,720.0,1530877,21.998083,21.810379,249,0.18770409
raw_native,gt,1300.0,1545489,30.9446,21.7042,182,9.240398
raw_native,gt,1129.0,1511280,6.5663915,6.0132003,105,0.5531912
raw_native,background,,1562799,10.874859,8.378922,315,2.4959364
raw_native,background,,1573770,7.354947,7.1089883,50,0.2459588
raw_native,background,,1577891,4.197016,4.137535,191,0.059480667
raw_native,background,,1595287,13.44171,11.322468,182,2.1192427
raw_native,background,,1599858,8.474026,5.8066254,310,2.6674004
raw_native,background,,1606434,6.0277977,5.8988605,510,0.12893724
raw_native,background,,1608358,7.9473476,7.6696415,418,0.27770615
raw_native,gt,1122.0,1570424,18.06806,15.373951,273,2.694109
raw_native,gt,793.0,1569615,15.8213825,13.292663,112,2.52872
raw_native,gt,793.0,1591439,21.287325,15.10783,112,6.179495
raw_native,background,,1627072,12.049464,10.933058,234,1.1164064
raw_native,background,,1628759,8.246135,7.393438,65,0.8526969
raw_native,background,,1628857,27.96072,26.988585,29,0.97213554
raw_native,background,,1630496,6.6540813,6.024299,408,0.6297822
raw_native,background,,1652706,5.482552,4.4052515,49,1.0773005
raw_native,background,,1655241,13.688587,12.52091,453,1.1676769
raw_native,background,,1656773,8.434287,6.1156178,21,2.3186693
raw_native,background,,1658341,7.6267,6.1701055,240,1.4565945
raw_native,background,,1660691,5.6061106,5.1565757,243,0.4495349
raw_native,gt,793.0,1655601,17.791773,12.275292,112,5.5164804
raw_native,gt,1129.0,1630890,19.009676,14.768464,285,4.241212
raw_native,gt,1129.0,1660040,20.761086,12.359086,207,8.401999
raw_native,background,,1720133,5.722994,5.2958937,442,0.42710018
raw_native,background,,1722836,9.418594,8.221426,50,1.1971684
raw_native,background,,1728563,6.5921865,6.4758883,10,0.1162982
raw_native,gt,94.0,1711428,37.531425,31.933369,274,5.598057
raw_native,gt,664.0,1727184,15.257749,12.577594,330,2.6801548
raw_native,gt,1300.0,1686840,9.68487,8.071029,539,1.613841
raw_native,gt,1122.0,1696426,12.208883,9.53626,86,2.6726236
raw_native,gt,1129.0,1717531,11.448472,10.898844,141,0.54962826
raw_native,background,,1743116,11.806918,10.032339,410,1.774579
raw_native,background,,1744168,10.623686,7.2600803,151,3.3636055
raw_native,background,,1748057,15.71539,11.234509,294,4.4808807
raw_native,background,,1757075,7.1000714,5.0194664,523,2.080605
raw_native,background,,1785506,7.64262,6.1718817,11,1.4707384
raw_native,background,,1790879,7.665085,6.085795,41,1.5792899
raw_native,background,,1791952,6.7323565,6.029716,10,0.70264053
raw_native,background,,1796215,21.417149,13.978842,429,7.438307
raw_native,background,,1799561,14.920663,9.102172,243,5.818491
raw_native,gt,2143.0,1778691,40.402477,26.317202,474,14.085276
raw_native,gt,2143.0,1783613,23.162588,20.290386,124,2.872202
raw_native,gt,337.0,1768598,13.583878,11.321137,298,2.2627401
raw_native,gt,337.0,1798222,9.974109,9.9568615,497,0.0172472
raw_native,gt,1143.0,1763584,18.905834,18.863106,298,0.042728424
raw_native,gt,720.0,1780358,6.4200726,5.8494425,140,0.5706301
raw_native,gt,664.0,1778335,12.301896,11.312683,150,0.989213
raw_native,gt,793.0,1777136,19.102093,12.49544,112,6.606653
raw_native,background,,1813584,41.70999,35.081104,446,6.628887
raw_native,background,,1832064,18.925463,17.494286,438,1.4311771
raw_native,background,,1832507,12.663926,11.794948,150,0.8689785
raw_native,background,,1843035,7.855555,7.0241594,166,0.8313956
raw_native,background,,1858786,5.910918,5.7148046,571,0.19611359
raw_native,gt,2143.0,1840629,23.52581,19.470474,124,4.055336
raw_native,gt,1143.0,1834142,31.377934,28.685396,453,2.6925373
raw_native,gt,793.0,1817253,19.607388,13.862115,112,5.7452726
raw_native,gt,793.0,1823813,18.429306,11.953618,112,6.475688
raw_native,gt,1129.0,1811700,13.9685135,11.513959,26,2.4545546
raw_native,background,,1862508,21.287321,18.133486,275,3.1538353
raw_native,background,,1866718,13.430434,10.712824,319,2.7176104
raw_native,background,,1870032,4.9935174,4.2844696,99,0.7090478
raw_native,background,,1871209,12.79719,12.428823,247,0.36836624
raw_native,background,,1906738,6.222355,5.445879,579,0.7764759
raw_native,gt,2143.0,1919033,26.276108,18.883625,124,7.3924828
raw_native,gt,664.0,1867569,13.250645,8.650197,312,4.6004477
raw_native,background,,1931098,26.270178,9.4479885,301,16.82219
raw_native,background,,1933649,14.277551,12.626764,301,1.6507864
raw_native,background,,1983325,17.01102,16.232622,303,0.7783985
raw_native,background,,1999369,6.7801356,6.6022105,388,0.17792511
raw_native,background,,2020869,20.116997,20.053638,127,0.06335831
raw_native,background,,2024859,23.041828,19.634577,65,3.4072514
raw_native,background,,2031431,13.368632,10.934809,502,2.4338236
raw_native,background,,2035321,10.95461,8.651999,418,2.3026104
raw_native,gt,664.0,1991264,9.8693695,9.513842,53,0.35552788
raw_native,gt,664.0,2011414,17.945417,13.283481,242,4.6619368
raw_native,gt,793.0,1998354,20.76437,19.308586,112,1.4557838
raw_native,background,,2047060,18.440523,16.606735,410,1.8337879
raw_native,background,,2047086,7.8483777,6.3237925,38,1.5245852
raw_native,background,,2061125,9.193058,7.8409305,201,1.3521276
raw_native,background,,2065506,15.5391655,13.331771,279,2.2073946
raw_native,background,,2065553,16.452078,8.253852,273,8.198226
raw_native,background,,2066547,16.506733,14.2351465,184,2.2715864
raw_native,background,,2070725,11.010422,10.6095915,184,0.40083027
raw_native,background,,2079575,5.77317,4.6705093,528,1.1026607
raw_native,background,,2099816,8.8248,7.4170384,298,1.4077611
raw_native,gt,337.0,2081169,19.77526,16.707256,473,3.0680046
raw_native,gt,720.0,2063965,6.189299,5.871173,425,0.3181262
raw_native,gt,720.0,2074071,8.506873,8.150542,43,0.35633087
raw_native,background,,2117318,11.316054,10.008994,30,1.3070602
raw_native,background,,2134716,17.542917,12.681335,257,4.861582
raw_native,background,,2152431,41.373203,17.701433,90,23.67177
raw_native,background,,2152631,5.314581,5.147711,43,0.16687012
raw_native,gt,2143.0,2138472,23.662533,14.32215,124,9.340383
raw_native,gt,1122.0,2154528,24.834787,20.110558,274,4.72423
raw_native,gt,793.0,2143926,18.482235,11.277237,112,7.204998
raw_native,background,,2163524,8.29745,7.6686587,210,0.62879133
raw_native,background,,2163660,7.759036,6.2656302,20,1.4934058
raw_native,background,,2167273,35.45806,34.61116,446,0.84690094
raw_native,background,,2174135,11.529961,5.317008,211,6.2129526
raw_native,background,,2178690,4.0133095,3.9397535,156,0.07355595
raw_native,background,,2183005,14.703442,13.906763,226,0.79667854
raw_native,background,,2193684,9.925597,7.7389765,271,2.1866207
raw_native,background,,2198973,6.6934195,4.583499,356,2.1099205
raw_native,background,,2205445,21.954731,19.200312,407,2.7544193
raw_native,background,,2213982,6.279757,6.2069945,484,0.07276249
raw_native,background,,2214074,7.5953584,6.56124,539,1.0341182
raw_native,background,,2214407,15.483991,12.240692,398,3.2432985
raw_native,gt,1143.0,2182457,17.50852,15.528432,294,1.9800882
raw_native,gt,664.0,2205811,15.325363,13.787109,319,1.5382538
raw_native,gt,1122.0,2181956,35.633465,26.200865,274,9.4326
raw_native,gt,1122.0,2208446,13.364509,9.919903,171,3.4446058
raw_native,background,,2220256,4.399043,3.9220002,475,0.4770429
raw_native,background,,2222930,8.022262,5.899518,123,2.1227436
raw_native,background,,2228404,15.578512,12.5677,275,3.0108118
raw_native,background,,2241394,15.476503,12.372233,315,3.10427
raw_native,background,,2259378,8.3832245,6.5993767,285,1.7838478
raw_native,background,,2262093,10.16011,7.710138,304,2.4499726
raw_native,background,,2264116,6.5959764,4.8856244,523,1.710352
raw_native,background,,2267052,8.566258,7.435343,242,1.1309156
raw_native,background,,2284063,7.2747865,6.0208526,194,1.2539339
raw_native,background,,2292196,19.046194,14.732551,242,4.3136435
raw_native,background,,2297214,6.4453096,6.3778896,75,0.067420006
raw_native,background,,2297988,5.980089,5.480185,402,0.49990416
raw_native,background,,2319402,9.401663,7.5504074,145,1.8512554
raw_native,gt,793.0,2320977,27.91559,24.378954,479,3.5366364
raw_native,gt,1129.0,2325364,22.45939,19.495705,128,2.963686
raw_native,background,,2340092,28.195457,21.014212,328,7.181246
raw_native,background,,2362764,17.546207,15.705371,290,1.8408365
raw_native,background,,2364246,10.163738,9.32558,354,0.8381586
raw_native,background,,2371089,26.1834,21.667809,40,4.5155907
raw_native,background,,2389829,6.4908204,5.851371,144,0.6394496
raw_native,background,,2395716,8.673457,7.158503,99,1.5149541
raw_native,background,,2398737,6.6917276,5.832433,59,0.8592944
raw_native,gt,337.0,2356061,29.402012,19.351057,208,10.050955
raw_native,gt,720.0,2373253,10.74125,6.6174793,534,4.1237707
raw_native,gt,1300.0,2355288,25.001074,19.661009,260,5.340065
raw_native,gt,1129.0,2353293,27.256088,22.986729,260,4.2693596
raw_native,gt,1129.0,2356484,28.444384,11.597603,301,16.84678
raw_native,background,,2409266,5.934105,5.7671947,525,0.16691017
raw_native,background,,2410690,8.676046,7.3228207,71,1.3532257
raw_native,background,,2425804,13.420835,10.504923,63,2.9159117
raw_native,background,,2456607,8.985226,5.467462,249,3.5177636
raw_native,background,,2457719,26.346407,22.107851,302,4.238556
raw_native,background,,2458203,9.793239,8.906888,295,0.88635063
raw_native,gt,2143.0,2423600,22.82476,13.228618,124,9.596143
raw_native,gt,94.0,2434101,31.160923,23.783634,206,7.377289
raw_native,gt,1300.0,2453778,18.056238,16.58531,223,1.4709282
raw_native,gt,793.0,2441985,22.046072,18.315544,407,3.7305279
raw_native,background,,2465174,12.969938,11.17012,561,1.799818
raw_native,background,,2500074,12.185284,8.904713,192,3.280571
raw_native,background,,2503321,7.1091676,5.3453445,193,1.763823
raw_native,background,,2509740,4.7385564,4.566914,355,0.1716423
raw_native,background,,2514301,7.950949,7.920594,268,0.030354977
raw_native,background,,2517071,8.641657,8.491659,43,0.14999771
raw_native,background,,2517376,7.837174,7.7415094,76,0.0956645
raw_native,gt,2143.0,2463439,27.21127,17.961353,124,9.249916
raw_native,gt,1129.0,2478813,49.433228,35.71325,474,13.719978
raw_native,background,,2538195,7.252804,6.547403,398,0.70540094
raw_native,background,,2553391,9.577255,5.715084,211,3.8621712
raw_native,background,,2556346,6.2635775,6.098853,181,0.16472435
raw_native,background,,2559920,6.0453286,5.7686543,331,0.27667427
raw_native,background,,2566542,6.8467712,5.5272465,72,1.3195248
raw_native,background,,2567000,9.357818,7.4966545,548,1.8611631
raw_native,background,,2567544,14.537471,12.287254,255,2.2502165
raw_native,background,,2567742,6.7435594,6.043113,228,0.7004461
raw_native,background,,2570190,5.426745,4.604385,11,0.82236004
raw_native,background,,2573760,22.404884,18.047636,207,4.3572483
raw_native,background,,2576524,16.358843,13.336689,182,3.0221539
raw_native,background,,2581659,24.877235,17.0709,208,7.8063354
raw_native,background,,2582722,12.620182,12.190088,448,0.43009377
raw_native,background,,2589906,19.588022,16.048573,455,3.5394497
raw_native,background,,2590999,7.248899,5.9659953,177,1.2829037
raw_native,background,,2613712,8.394432,4.7489204,53,3.6455116
raw_native,background,,2629813,24.263859,21.400707,216,2.8631516
raw_native,gt,94.0,2605906,8.761616,8.204433,467,0.5571823
raw_native,gt,94.0,2620686,10.884787,10.434559,244,0.45022774
raw_native,gt,94.0,2631461,15.997937,13.683254,66,2.314683
raw_native,gt,337.0,2625051,15.397228,10.144655,178,5.252573
raw_native,gt,1143.0,2583256,34.309708,25.090569,538,9.219139
raw_native,gt,793.0,2590852,17.484526,11.325662,112,6.158864
raw_native,background,,2651386,4.9425845,4.8719044,95,0.07068014
raw_native,background,,2658247,15.467461,15.255602,320,0.21185875
raw_native,background,,2669874,8.352393,5.173227,211,3.1791663
raw_native,background,,2671150,21.443707,9.9381895,302,11.505517
raw_native,background,,2675515,5.1871953,4.821372,377,0.36582327
raw_native,background,,2679230,5.838976,4.648727,393,1.190249
raw_native,gt,2143.0,2656404,23.455032,12.808784,124,10.646249
raw_native,gt,1300.0,2652462,11.944337,11.047872,111,0.8964653
raw_native,gt,1300.0,2673883,22.940434,16.846848,182,6.093586
raw_native,gt,793.0,2688547,19.785854,15.147125,112,4.638729
raw_native,background,,2708400,6.1705956,5.4164505,467,0.75414515
raw_native,background,,2721156,15.140816,14.339355,291,0.80146027
raw_native,background,,2739350,7.1762686,5.3864646,205,1.789804
raw_native,background,,2750426,5.0555654,4.8946953,206,0.16087008
raw_native,background,,2758687,22.006304,19.576475,182,2.4298286
raw_native,gt,2143.0,2729917,25.898388,13.04012,124,12.858268
raw_native,gt,337.0,2711656,24.719316,18.348328,40,6.370989
raw_native,gt,1122.0,2708146,23.434233,16.40159,208,7.0326424
raw_native,gt,1122.0,2739658,21.71355,20.981726,279,0.7318249
raw_native,gt,793.0,2717852,18.73201,12.225905,112,6.5061045
raw_native,gt,1129.0,2728405,12.433083,10.158187,296,2.2748957
raw_native,background,,2781064,6.965529,6.6919293,32,0.27359962
raw_native,background,,2781073,4.9985857,4.994163,348,0.0044226646
raw_native,background,,2794818,13.551587,13.281201,279,0.27038574
raw_native,background,,2801834,7.293508,5.550862,149,1.7426462
raw_native,background,,2804678,10.312424,8.440191,134,1.8722324
raw_native,background,,2805784,26.63565,19.231867,260,7.403784
raw_native,background,,2815633,15.621396,15.172667,265,0.44872952
raw_native,background,,2817207,25.893618,22.850697,259,3.042921
raw_native,background,,2819287,21.819378,18.245491,274,3.5738869
raw_native,gt,664.0,2781859,21.040884,20.813742,284,0.22714233
raw_native,gt,664.0,2803064,8.588768,7.1566086,348,1.4321594
raw_native,gt,1122.0,2807649,17.06148,16.525211,63,0.53626823
raw_native,gt,1129.0,2762500,29.933079,26.167189,449,3.7658901
raw_native,gt,1129.0,2762662,14.482157,12.797001,2,1.6851559
raw_native,background,,2827005,11.92795,11.767237,425,0.1607132
raw_native,background,,2829314,7.207632,6.7667084,177,0.4409237
raw_native,background,,2844859,31.279158,27.97626,447,3.3028984
raw_native,background,,2847492,14.807393,11.599397,305,3.2079964
raw_native,background,,2869270,24.606852,23.132402,546,1.4744492
raw_native,background,,2870930,7.6369033,6.475942,95,1.1609612
raw_native,background,,2871107,23.555145,20.141449,258,3.4136963
raw_native,background,,2872773,17.559986,15.639997,252,1.9199896
raw_native,background,,2873767,8.46427,8.450072,497,0.01419735
raw_native,background,,2874539,7.524829,6.0701756,133,1.4546533
raw_native,gt,2143.0,2839078,25.296585,16.025982,124,9.270603
raw_native,gt,1143.0,2863672,9.859099,9.532813,61,0.32628632
raw_native,gt,664.0,2832305,15.240713,13.85794,245,1.3827734
raw_native,gt,664.0,2850484,15.104539,13.916563,207,1.1879759
raw_native,gt,1122.0,2854001,16.234015,14.3221,238,1.9119148
raw_native,gt,1122.0,2872307,10.529941,10.40338,201,0.12656021
raw_native,gt,1129.0,2876617,8.185769,7.945745,144,0.24002409
raw_native,background,,2881768,4.6410747,3.7262712,558,0.9148035
raw_native,background,,2893918,28.916464,21.391975,301,7.5244884
raw_native,background,,2895569,12.405877,12.386595,71,0.019282341
raw_native,background,,2910476,5.4287176,5.336222,163,0.09249544
raw_native,background,,2911400,7.5137167,7.283783,156,0.22993374
raw_native,background,,2912972,12.1428385,9.101312,66,3.0415268
raw_native,background,,2923007,8.712929,7.5128684,194,1.2000604
raw_native,background,,2925523,19.182522,17.43799,36,1.7445316
raw_native,background,,2932894,10.111193,8.669713,444,1.4414797
raw_native,background,,2935183,14.037008,13.28146,304,0.7555485
raw_native,background,,2936919,7.818496,6.499144,254,1.3193521
raw_native,gt,2143.0,2894572,23.66705,15.749919,124,7.9171305
raw_native,gt,2143.0,2911117,28.573078,27.421589,434,1.1514893
raw_native,gt,94.0,2927715,18.427607,10.70058,407,7.727027
raw_native,gt,337.0,2914876,35.115894,32.42007,447,2.6958237
raw_native,gt,664.0,2918781,25.02953,18.7864,286,6.2431297
raw_native,gt,793.0,2920591,19.887846,16.61223,22,3.2756157
raw_native,background,,2940462,6.5611057,6.220426,249,0.34067965
raw_native,background,,2945401,16.215454,8.692787,207,7.522667
raw_native,background,,2949218,11.689806,9.916701,201,1.7731047
raw_native,background,,2956231,11.190936,7.652339,145,3.538597
raw_native,background,,2962820,21.513449,21.28635,472,0.22709846
raw_native,background,,2967970,11.716556,10.755155,47,0.961401
raw_native,background,,2981613,11.341677,9.991426,524,1.3502502
raw_native,background,,2982175,7.4386015,6.8083467,463,0.63025475
raw_native,background,,2993055,17.852673,15.08066,481,2.7720127
raw_native,background,,2995985,12.075955,9.52253,200,2.5534258
raw_native,gt,2143.0,2999326,25.457977,14.283735,124,11.174242
raw_native,gt,337.0,2967736,20.558725,20.062578,128,0.49614716
raw_native,gt,720.0,2986392,22.200579,21.194088,65,1.0064907
raw_native,gt,1122.0,2978753,11.2462435,11.203092,262,0.043151855
raw_native,gt,1129.0,2941369,19.716227,12.737923,327,6.978304
raw_native,gt,1129.0,2980268,19.11756,17.18878,200,1.9287796
raw_native,gt,1129.0,2998409,8.858279,7.898119,151,0.96016026
raw_native,background,,3000078,16.746605,16.73755,216,0.009054184
raw_native,background,,3004030,13.090537,12.39302,247,0.6975174
raw_native,background,,3004329,6.3617253,5.2282786,570,1.1334467
raw_native,background,,3010088,9.826917,9.637766,267,0.18915081
raw_native,background,,3016767,7.1584086,6.954394,66,0.20401478
raw_native,background,,3018763,14.81142,14.8081455,250,0.0032749176
raw_native,background,,3029788,35.35439,23.485449,543,11.86894
raw_native,background,,3031356,11.850142,8.598254,57,3.2518873
raw_native,background,,3041241,8.128315,7.0811343,510,1.0471807
raw_native,background,,3055251,10.173961,7.157118,49,3.0168428
raw_native,background,,3055691,7.304124,6.500566,234,0.8035579
raw_native,background,,3056952,10.475043,9.802467,205,0.67257595
raw_native,gt,2143.0,3041908,27.629824,16.863037,124,10.766787
raw_native,gt,94.0,3020295,9.593385,8.493028,50,1.100357
raw_native,gt,94.0,3029157,19.376629,14.564866,181,4.811763
raw_native,gt,337.0,3016982,12.359677,11.899479,497,0.4601984
raw_native,gt,720.0,3019913,19.883207,19.393806,242,0.48940086
raw_native,gt,1300.0,3056200,28.118309,22.639559,192,5.47875
raw_native,background,,3072252,11.936766,11.566451,217,0.3703146
raw_native,gt,1143.0,3106051,26.106758,19.024685,328,7.082073
raw_native,gt,664.0,3089564,11.158893,8.553939,66,2.6049538
raw_native,gt,664.0,3101539,16.332102,15.491216,527,0.8408861
raw_native,background,,3128301,6.165029,5.978333,10,0.18669605
raw_native,background,,3137942,35.18056,33.36893,23,1.8116302
raw_native,background,,3145980,7.2225566,6.5818076,72,0.640749
raw_native,background,,3146682,31.786755,27.763655,464,4.0231
raw_native,background,,3150354,9.409583,7.4245734,145,1.9850097
raw_native,background,,3151462,19.073479,9.627091,302,9.446387
raw_native,background,,3159107,7.443458,7.2590914,158,0.1843667
raw_native,background,,3163893,10.922393,9.77824,185,1.1441526
raw_native,background,,3164134,12.630392,10.882284,295,1.7481079
raw_native,background,,3165292,18.283968,17.493568,184,0.79039955
raw_native,background,,3168789,34.425636,18.857431,543,15.568205
raw_native,gt,720.0,3144229,6.974863,5.9926662,132,0.9821968
raw_native,gt,1122.0,3123429,17.986004,14.832349,273,3.153655
raw_native,gt,793.0,3153599,24.513527,18.503342,112,6.0101852
raw_native,background,,3181949,11.618956,11.303258,287,0.31569767
raw_native,background,,3192760,7.3266177,6.9460516,121,0.38056612
raw_native,background,,3204833,37.89347,33.947117,243,3.946354
raw_native,background,,3204953,24.43038,20.11229,239,4.3180904
raw_native,background,,3214375,5.4284554,4.663606,358,0.7648492
raw_native,background,,3216379,8.266407,6.6066566,9,1.6597505
raw_native,background,,3221050,5.5300045,5.324492,434,0.20551252
raw_native,background,,3221460,7.839622,7.4710016,59,0.3686204
raw_native,background,,3232578,7.606298,5.278108,434,2.3281898
raw_native,background,,3234153,30.825962,20.47197,182,10.353992
raw_native,background,,3237749,7.8013124,6.795949,503,1.0053635
raw_native,gt,2143.0,3234674,23.998274,17.008835,124,6.989439
raw_native,gt,1143.0,3197289,11.402851,10.200113,143,1.2027378
raw_native,gt,664.0,3226985,46.223,36.067966,23,10.155033
raw_native,gt,664.0,3235217,9.691555,5.674308,347,4.017247
raw_native,gt,1129.0,3225654,13.176639,9.15461,66,4.022029
raw_native,background,,3251255,13.300471,5.6886263,426,7.611845
raw_native,background,,3258236,8.1267605,8.0871105,162,0.039649963
raw_native,background,,3258287,9.53741,8.884879,313,0.65253067
raw_native,background,,3266194,6.4843607,5.659909,474,0.8244519
raw_native,background,,3266486,4.56878,4.3796773,64,0.18910265
raw_native,background,,3266617,3.1860945,3.0137918,395,0.17230272
raw_native,background,,3273106,14.067485,9.175161,419,4.8923235
raw_native,background,,3275746,6.6123447,6.5234566,54,0.08888817
raw_native,background,,3276139,5.4095993,3.4550967,11,1.9545026
raw_native,background,,3280107,9.937778,8.824445,279,1.1133337
raw_native,gt,2143.0,3283163,23.967503,13.445442,124,10.52206
raw_native,gt,793.0,3285848,16.001764,15.678668,112,0.32309628
raw_native,background,,3345999,4.5999684,4.437605,9,0.16236353
raw_native,gt,2143.0,3309642,27.68706,16.85437,124,10.832689
raw_native,gt,94.0,3308964,8.400981,7.252327,161,1.148654
raw_native,gt,1143.0,3330501,29.284678,24.105608,8,5.1790695
raw_native,gt,1122.0,3327841,14.510538,9.851977,311,4.6585608
raw_native,gt,1122.0,3341515,10.260439,8.988881,171,1.2715578
raw_native,gt,1122.0,3359793,9.918437,8.007005,214,1.9114323
raw_native,gt,793.0,3334309,18.956036,12.606616,112,6.3494196
raw_native,gt,1129.0,3344848,13.917556,13.663381,265,0.2541752
raw_native,background,,3371232,6.081859,4.984004,426,1.0978551
raw_native,background,,3374519,11.382742,9.693606,45,1.6891356
raw_native,background,,3375536,20.8747,12.779209,290,8.095491
raw_native,background,,3391398,18.88644,12.707946,213,6.1784945
raw_native,background,,3396129,6.886301,6.7352586,362,0.15104246
raw_native,background,,3401721,28.700933,21.421583,432,7.2793503
raw_native,background,,3412513,14.854364,14.580714,273,0.27365017
raw_native,gt,720.0,3368900,9.875405,7.776094,426,2.0993114
raw_native,gt,1122.0,3395146,13.236315,10.683764,85,2.5525503
raw_native,background,,3426089,14.943672,11.88014,193,3.0635319
raw_native,background,,3430221,9.255684,7.1646643,64,2.0910196
raw_native,background,,3441820,7.6078057,7.4988527,523,0.108953
raw_native,background,,3465766,8.05089,7.033699,133,1.0171909
raw_native,background,,3471566,8.613006,8.427664,280,0.18534184
raw_native,background,,3475108,6.5133743,5.2520213,329,1.261353
raw_native,background,,3477768,22.11225,16.163054,128,5.949196
raw_native,gt,720.0,3450599,22.021572,20.413582,454,1.6079903
raw_native,gt,664.0,3479424,44.942284,35.144352,23,9.797932
raw_native,gt,1122.0,3441054,22.80665,17.142702,74,5.663948
raw_native,gt,1122.0,3451852,17.21141,13.495813,260,3.7155972
raw_native,gt,793.0,3439689,25.739847,20.474316,464,5.2655315
raw_native,gt,793.0,3464443,34.598515,32.872017,208,1.7264977
raw_native,background,,3482639,19.307302,8.715604,302,10.591699
raw_native,background,,3511665,6.250083,5.1519065,531,1.0981765
raw_native,background,,3518892,10.893504,8.362396,290,2.531108
raw_native,background,,3525692,20.679596,12.8478565,302,7.8317394
raw_native,background,,3529372,7.071862,6.0744224,523,0.99743986
raw_native,background,,3539073,7.725303,5.625373,43,2.0999303
raw_native,background,,3550453,22.49329,18.665703,206,3.8275871
raw_native,background,,3550535,7.436184,6.7490478,566,0.6871362
raw_native,background,,3583723,10.398886,9.531077,209,0.86780834
raw_native,background,,3584319,24.503397,16.306414,407,8.196983
raw_native,background,,3584748,14.328818,9.883086,243,4.445732
raw_native,background,,3595402,6.100181,6.0388784,341,0.061302662
raw_native,background,,3596040,21.949596,13.5128145,534,8.436782
raw_native,background,,3598121,13.18668,10.445274,215,2.7414055
raw_native,background,,3598141,5.6814938,4.8816957,174,0.799798
raw_native,background,,3602699,14.229705,11.197137,209,3.032568
raw_native,background,,3615681,6.1108975,6.0389524,377,0.07194519
raw_native,background,,3632968,7.975375,7.390423,59,0.58495235
raw_native,background,,3655941,11.912604,8.771718,269,3.1408863
raw_native,background,,3656038,9.273193,8.650615,338,0.6225786
raw_native,gt,664.0,3654396,14.932838,11.265775,334,3.6670637
raw_native,gt,1300.0,3614404,20.08101,19.575815,287,0.5051956
raw_native,background,,3664456,8.831254,7.572097,143,1.2591572
raw_native,background,,3666228,10.060292,7.8399863,312,2.220306
raw_native,background,,3667902,6.7819724,5.4560037,175,1.3259687
raw_native,background,,3674019,9.928597,8.558947,358,1.3696508
raw_native,background,,3700466,9.348559,6.5533233,539,2.795236
raw_native,background,,3716645,16.550415,13.876583,315,2.673832
raw_native,gt,1300.0,3666005,24.515602,17.46727,407,7.048332
raw_native,gt,1122.0,3693877,23.291132,17.87303,407,5.4181023
raw_native,background,,3721859,8.64554,8.228523,142,0.41701698
raw_native,background,,3732256,27.363953,22.77582,182,4.588133
raw_native,background,,3767202,16.639986,13.033084,197,3.6069021
raw_native,gt,1300.0,3775307,16.398268,14.833314,292,1.5649538
raw_native,gt,1122.0,3724715,17.553957,15.31228,273,2.2416773
raw_native,gt,793.0,3746758,18.22605,13.559484,112,4.666566
raw_native,gt,793.0,3776629,23.684246,19.233973,407,4.4502735
raw_native,background,,3808902,7.0008035,6.385306,292,0.6154976
raw_native,background,,3810737,10.495734,10.395454,296,0.10027981
raw_native,background,,3811778,12.428929,11.062796,201,1.3661337
raw_native,background,,3826953,12.626603,10.995731,184,1.6308718
raw_native,gt,94.0,3829568,17.006437,16.779842,61,0.22659492
raw_native,gt,720.0,3783851,23.55031,18.661987,231,4.888323
raw_native,gt,720.0,3804535,9.775521,9.624663,173,0.15085793
raw_native,background,,3843571,8.288446,7.7922873,43,0.49615908
raw_native,background,,3871631,7.1042037,6.5250993,211,0.5791044
raw_native,background,,3878544,9.271599,6.0752516,211,3.1963472
raw_native,background,,3880695,6.319565,5.739313,524,0.5802517
raw_native,background,,3883842,7.0202794,6.9694963,465,0.050783157
raw_native,background,,3884200,10.563644,8.190756,299,2.3728886
raw_native,background,,3887813,5.4665413,4.6908216,149,0.77571964
raw_native,gt,2143.0,3860965,23.81394,18.73296,124,5.0809803
raw_native,gt,720.0,3840871,21.908932,16.733978,286,5.1749535
raw_native,gt,720.0,3852318,11.874834,11.820074,210,0.05475998
raw_native,gt,1122.0,3850977,8.763642,7.5767584,171,1.1868839
raw_native,gt,793.0,3858093,26.446465,25.467575,29,0.97888947
raw_native,gt,793.0,3879404,18.708298,17.26016,112,1.4481373
raw_native,background,,3917392,12.977191,10.737943,294,2.2392483
raw_native,background,,3923644,23.176754,21.166498,224,2.0102558
raw_native,background,,3954359,5.7094107,5.37604,573,0.3333707
raw_native,gt,94.0,3952094,17.457726,11.438982,53,6.0187435
raw_native,gt,1143.0,3929307,14.04946,9.442203,291,4.607258
raw_native,gt,720.0,3929201,12.303757,11.159205,338,1.1445513
raw_native,gt,720.0,3952728,19.103092,17.557428,454,1.5456638
raw_native,background,,3966999,17.29907,11.120044,63,6.1790266
raw_native,background,,3968949,10.916715,9.780638,297,1.1360769
raw_native,background,,3970319,5.0014973,4.7656803,134,0.23581696
raw_native,background,,3977096,9.41995,7.4687595,358,1.95119
raw_native,background,,4000822,6.68485,5.654465,426,1.030385
raw_native,background,,4002393,6.9677596,4.4971104,395,2.4706492
raw_native,background,,4007789,9.024252,8.095133,59,0.9291191
raw_native,background,,4011004,22.575846,19.635134,438,2.940712
raw_native,background,,4012346,17.088907,14.5854645,197,2.5034428
raw_native,gt,1300.0,3980966,10.647754,8.496193,334,2.1515608
raw_native,gt,1300.0,4014464,7.6610827,6.713234,150,0.9478488
raw_native,background,,4025821,6.287236,5.1033726,87,1.1838636
raw_native,background,,4030846,4.321428,4.2134504,84,0.10797739
raw_native,background,,4035694,11.02181,9.1408415,191,1.8809681
raw_native,background,,4043354,18.511774,8.895891,211,9.615883
raw_native,background,,4069852,6.0997047,4.6018276,30,1.4978771
raw_native,background,,4070075,20.886393,13.811946,516,7.0744467
raw_native,background,,4070495,34.624207,32.441895,447,2.182312
raw_native,background,,4071374,10.048916,9.424803,321,0.6241131
raw_native,background,,4072477,7.5143723,5.782135,242,1.7322373
raw_native,gt,1143.0,4056266,21.370434,16.790903,473,4.5795307
raw_native,gt,664.0,4066452,19.850224,18.572721,516,1.2775021
raw_native,gt,1122.0,4060173,10.45508,9.316163,171,1.138917
raw_native,gt,793.0,4047777,17.569992,13.249918,112,4.320074
raw_native,gt,1129.0,4020384,13.787266,11.194221,229,2.5930452
raw_native,background,,4081025,8.15132,6.9352026,147,1.2161179
raw_native,background,,4091974,5.1714473,4.844134,388,0.32731342
raw_native,background,,4096093,12.023472,11.91525,444,0.10822201
raw_native,background,,4108834,10.435997,10.025361,510,0.41063595
raw_native,background,,4119798,5.2892284,5.165526,176,0.123702526
raw_native,background,,4125921,21.55554,18.048433,266,3.5071068
raw_native,gt,94.0,4113533,12.340348,7.4298263,73,4.910522
raw_native,gt,337.0,4093471,15.832208,14.323901,354,1.5083065
raw_native,gt,337.0,4101774,23.303398,22.985716,178,0.31768227
raw_native,gt,664.0,4083114,31.221415,12.563998,301,18.657417
raw_native,gt,664.0,4116973,9.335884,9.160608,523,0.1752758
raw_native,gt,1300.0,4101063,9.949323,9.87669,572,0.07263279
raw_native,gt,1129.0,4123737,26.477152,9.502017,301,16.975136
raw_native,background,,4148274,5.9474497,5.0888896,146,0.8585601
raw_native,background,,4149815,9.410701,8.046612,193,1.364089
raw_native,background,,4168334,12.406432,7.108438,467,5.297994
raw_native,background,,4168868,23.705618,10.005877,301,13.699741
raw_native,background,,4172397,8.986864,5.9315476,53,3.0553164
raw_native,background,,4189977,6.7942386,6.3143,38,0.4799385
raw_native,background,,4193698,8.062675,6.9139757,47,1.1486998
raw_native,gt,2143.0,4172005,25.266073,24.141716,124,1.1243572
raw_native,gt,94.0,4198736,17.63612,15.606405,63,2.0297146
raw_native,gt,337.0,4198991,32.82374,11.719938,148,21.1038
raw_native,gt,1143.0,4160687,13.455003,11.916401,143,1.5386019
raw_native,gt,1122.0,4175872,25.398834,20.602392,464,4.796442
raw_native,gt,793.0,4181348,16.374937,15.576496,112,0.79844093
raw_native,background,,4205079,27.848907,25.668812,274,2.1800957
raw_native,background,,4206207,9.886574,8.338816,421,1.5477581
raw_native,background,,4217521,5.05722,4.973056,67,0.08416414
raw_native,gt,94.0,4254185,6.67478,6.5022345,32,0.17254543
raw_native,gt,337.0,4210304,26.249914,20.05434,260,6.195574
raw_native,gt,720.0,4249362,9.848191,8.838012,173,1.0101795
raw_native,gt,720.0,4257061,11.682194,8.262471,523,3.4197226
raw_native,gt,1300.0,4251770,28.05476,23.594416,275,4.4603443
raw_native,gt,1300.0,4252000,15.9182415,15.3603115,213,0.55793
raw_native,background,,4264810,4.7245264,4.157145,211,0.5673814
raw_native,background,,4270470,19.105595,11.7507105,15,7.354884
raw_native,background,,4285333,36.795685,36.1306,235,0.66508484
raw_native,background,,4310149,8.622377,7.585689,228,1.0366883
raw_native,gt,94.0,4286629,18.346931,7.209888,211,11.137043
raw_native,gt,94.0,4318420,7.4432235,7.3887258,59,0.05449772
raw_native,gt,337.0,4297110,18.320929,15.4529915,112,2.867937
raw_native,gt,720.0,4311871,18.587023,14.768699,274,3.818324
raw_native,gt,1300.0,4314294,19.763079,18.334694,65,1.4283848
raw_native,background,,4325752,11.184725,11.124889,325,0.059835434
raw_native,background,,4335721,7.1730766,6.43529,298,0.73778677
raw_native,background,,4340500,7.880178,5.8453393,157,2.0348387
raw_native,background,,4350583,7.9463825,7.2352834,21,0.71109915
raw_native,background,,4353502,16.946924,14.234892,61,2.7120323
raw_native,background,,4356845,12.465488,10.578407,15,1.8870811
raw_native,background,,4363935,23.179289,18.130634,260,5.0486546
raw_native,background,,4366469,15.347681,14.871217,438,0.47646427
raw_native,background,,4367298,5.7689576,4.4590316,122,1.309926
raw_native,gt,2143.0,4332686,27.338318,20.408464,124,6.9298534
raw_native,gt,1129.0,4329087,11.649671,10.043144,273,1.6065264
raw_native,background,,4406210,14.387628,13.11788,354,1.2697477
raw_native,background,,4412162,8.909079,7.436787,47,1.4722915
raw_native,background,,4427592,7.829069,6.883743,338,0.9453263
raw_native,background,,4433824,12.536979,11.761165,283,0.77581406
raw_native,gt,1300.0,4412469,13.01318,12.288818,150,0.7243614
raw_native,gt,1122.0,4406861,18.130465,16.942642,213,1.1878223
raw_native,gt,1129.0,4401543,9.778734,9.546677,193,0.23205757
raw_native,background,,4441381,12.095765,10.727531,491,1.3682337
raw_native,background,,4454850,15.495674,14.675947,438,0.81972694
raw_native,background,,4459533,21.230885,17.280638,238,3.9502468
raw_native,background,,4466763,5.404041,5.3365507,49,0.0674901
raw_native,background,,4485901,14.352132,12.86137,185,1.4907618
raw_native,background,,4493042,10.999858,9.674669,305,1.3251886
raw_native,background,,4493091,11.683813,11.188069,557,0.49574375
raw_native,background,,4497761,9.719266,8.972016,354,0.7472496
raw_native,background,,4498190,15.811706,11.671632,180,4.140074
raw_native,gt,94.0,4487995,15.983804,11.026162,30,4.9576416
raw_native,gt,337.0,4481585,12.715914,10.731895,497,1.9840183
raw_native,gt,720.0,4470436,10.586191,10.559438,73,0.026753426
raw_native,gt,664.0,4470451,20.564367,15.895413,73,4.668954
raw_native,gt,793.0,4490501,23.03606,20.409338,361,2.6267223
raw_native,background,,4508173,12.528849,9.198626,327,3.330223
raw_native,background,,4531408,22.23074,18.729115,407,3.501625
raw_native,background,,4534380,19.195053,8.980322,70,10.214731
raw_native,gt,2143.0,4501579,27.055304,17.628077,124,9.427227
raw_native,gt,337.0,4519662,20.51399,19.515179,65,0.9988117
raw_native,gt,664.0,4503935,12.699803,10.311222,50,2.3885813
raw_native,gt,793.0,4516755,17.690292,17.341528,112,0.34876442
raw_native,gt,793.0,4536581,19.206635,14.010279,112,5.196356
raw_native,gt,793.0,4545183,19.743595,13.963283,112,5.7803125
raw_native,background,,4572466,12.706895,9.278529,190,3.4283657
raw_native,background,,4574755,7.0729113,7.015096,241,0.057815075
raw_native,background,,4574759,9.144468,7.9135714,62,1.230897
raw_native,background,,4580264,11.921971,9.515948,304,2.406023
raw_native,background,,4591599,10.380302,7.955666,147,2.4246364
raw_native,gt,1143.0,4584128,10.637002,9.297425,143,1.3395767
raw_native,gt,1143.0,4591127,16.015814,14.219551,196,1.7962627
raw_native,gt,720.0,4616017,11.592086,10.821659,326,0.77042675
raw_native,gt,664.0,4593319,10.502044,9.530117,312,0.9719267
raw_native,gt,793.0,4577938,14.805435,7.2846303,112,7.520805
raw_native,background,,4622791,10.065982,8.632267,305,1.4337149
raw_native,background,,4630463,6.310395,6.019071,217,0.29132366
raw_native,background,,4664858,10.969603,9.445432,261,1.5241709
raw_native,gt,337.0,4620835,10.713029,10.230259,539,0.48276997
raw_native,gt,337.0,4625729,26.591705,22.525852,238,4.065853
raw_native,gt,337.0,4653839,27.830915,12.495248,301,15.335668
raw_native,gt,1122.0,4636890,20.936398,19.61449,316,1.321907
raw_native,gt,793.0,4673167,15.214926,11.753738,112,3.4611874
raw_native,background,,4680458,6.251975,4.546281,179,1.7056942
raw_native,background,,4682949,19.965353,17.413334,287,2.5520191
raw_native,background,,4686509,21.101011,18.9966,218,2.104412
raw_native,background,,4723838,11.94029,10.53383,287,1.4064608
raw_native,gt,720.0,4733473,9.391264,8.845432,269,0.5458317
raw_native,gt,1122.0,4708310,14.374251,9.903143,540,4.4711084
raw_native,gt,1129.0,4686364,12.225945,8.963634,211,3.262312
raw_native,background,,4748243,7.1221843,5.0092897,570,2.1128945
raw_native,background,,4764908,5.7487235,5.6673064,3,0.081417084
raw_native,background,,4770019,10.010228,9.0943365,314,0.91589165
raw_native,background,,4782041,30.66901,17.734322,206,12.934689
raw_native,gt,94.0,4759894,9.718555,9.295944,431,0.42261124
raw_native,gt,94.0,4798858,19.999025,16.693462,279,3.305563
raw_native,gt,1143.0,4766963,15.4506,13.595129,252,1.8554707
raw_native,gt,720.0,4794471,20.8399,18.760283,504,2.0796165
raw_native,gt,1300.0,4767596,10.710112,10.564193,304,0.14591885
raw_native,gt,1122.0,4781858,14.3436985,11.555295,279,2.7884035
raw_native,gt,793.0,4749582,16.174198,12.073885,112,4.100313
raw_native,gt,793.0,4785222,18.907717,12.148132,112,6.7595844
raw_native,gt,1129.0,4748620,16.608198,13.76331,42,2.8448877
raw_native,gt,1129.0,4759373,33.447746,29.179455,219,4.2682915
raw_native,background,,4805585,7.0282483,5.613869,234,1.4143791
raw_native,background,,4845153,8.8117485,7.2717423,295,1.5400062
raw_native,background,,4845225,13.335574,11.163508,217,2.1720657
raw_native,background,,4850371,4.7373333,4.322469,556,0.41486406
raw_native,background,,4854972,9.992961,7.707197,179,2.2857637
raw_native,gt,2143.0,4816497,39.2218,36.03042,219,3.1913834
raw_native,gt,94.0,4817449,10.409274,10.119892,66,0.28938198
raw_native,gt,94.0,4826086,22.587803,17.499704,260,5.0880985
raw_native,gt,337.0,4849045,12.911965,10.397735,497,2.5142307
raw_native,gt,720.0,4800415,16.298954,9.995336,291,6.3036184
raw_native,gt,720.0,4822507,7.5213547,7.22643,297,0.29492474
raw_native,gt,720.0,4829082,7.668823,7.363186,382,0.30563688
raw_native,gt,1122.0,4826333,25.453491,18.326519,182,7.126972
raw_native,background,,4889868,5.2622046,4.9267435,558,0.33546114
raw_native,background,,4893144,19.966816,17.13369,200,2.833126
raw_native,background,,4903166,9.438696,9.154198,433,0.2844982
raw_native,background,,4909461,9.394759,7.765934,17,1.6288252
raw_native,gt,2143.0,4882760,25.260645,18.971466,124,6.289179
raw_native,gt,94.0,4882335,20.395145,14.137592,302,6.257553
raw_native,gt,1143.0,4867556,12.88943,12.6304865,143,0.25894356
raw_native,gt,1143.0,4909885,16.969976,14.760238,26,2.2097387
raw_native,gt,664.0,4896236,8.202436,7.3116937,347,0.8907428
raw_native,gt,1129.0,4875762,9.889306,9.778065,256,0.11124134
raw_native,background,,4922033,18.22814,18.021639,240,0.206501
raw_native,background,,4944174,4.9472384,4.277949,93,0.6692896
raw_native,background,,4945848,7.6405277,7.076373,509,0.5641546
raw_native,background,,4955016,9.471987,6.8330383,523,2.6389484
raw_native,background,,4959259,12.875436,9.552481,320,3.3229551
raw_native,background,,4962075,7.8559093,7.7102985,360,0.14561081
raw_native,background,,4963163,8.1859045,5.6916766,146,2.494228
raw_native,background,,4967681,26.467129,23.054743,275,3.412386
raw_native,background,,4974073,5.085758,4.3528895,117,0.7328687
raw_native,gt,337.0,4969540,24.519176,21.214859,42,3.3043175
raw_native,gt,720.0,4952410,26.986975,19.57728,328,7.4096947
raw_native,gt,664.0,4955936,24.27303,17.445494,407,6.8275356
raw_native,gt,664.0,4965736,10.6262665,10.615454,42,0.010812759
raw_native,gt,793.0,4950577,18.63215,13.298293,112,5.3338575
raw_native,gt,793.0,4974518,18.583761,14.083485,112,4.5002766
raw_native,gt,1129.0,4920027,25.876564,22.987076,258,2.8894882
raw_native,gt,1129.0,4929137,15.854202,13.640198,48,2.2140045
raw_native,background,,4981205,5.4035063,5.3599787,48,0.043527603
raw_native,background,,4983263,11.503784,10.603324,522,0.90046024
raw_native,background,,4994293,4.7667704,4.535926,565,0.2308445
raw_native,background,,4998150,13.680875,11.184888,539,2.495987
raw_native,background,,5007447,5.428102,4.9636817,175,0.46442032
raw_native,background,,5009977,5.5150795,5.1706424,45,0.34443712
raw_native,background,,5013818,8.262575,7.7898993,200,0.4726758
raw_native,background,,5025944,10.251981,8.867513,471,1.3844681
raw_native,background,,5027052,21.953243,17.614496,208,4.338747
raw_native,background,,5027696,10.167975,8.418908,38,1.7490673
raw_native,background,,5029699,25.632782,25.60129,258,0.031492233
raw_native,gt,337.0,5034799,12.536994,12.499801,497,0.0371933
raw_native,background,,5046163,4.2262864,4.0337787,175,0.19250774
raw_native,background,,5058544,3.380886,3.3117747,527,0.06911135
raw_native,background,,5070557,27.753536,22.93184,182,4.8216953
raw_native,background,,5071410,12.282483,11.668654,283,0.61382866
raw_native,background,,5086804,18.377354,8.397821,426,9.979532
raw_native,background,,5086811,7.407863,7.2126393,356,0.19522381
raw_native,gt,2143.0,5083731,25.160788,23.091257,214,2.0695305
raw_native,gt,1143.0,5080064,26.28149,26.261324,218,0.020166397
raw_native,gt,720.0,5081732,19.022118,17.095835,252,1.9262829
raw_native,gt,720.0,5083525,22.028046,21.49378,201,0.5342655
raw_native,gt,664.0,5049820,19.683868,17.389118,259,2.2947502
raw_native,gt,664.0,5064250,31.198475,28.109837,521,3.0886383
raw_native,gt,1300.0,5057711,8.005795,7.6926556,150,0.31313896
raw_native,gt,1300.0,5080196,13.638856,11.173844,73,2.4650116
raw_native,gt,1300.0,5086132,10.43702,9.918721,257,0.5182991
raw_native,gt,1129.0,5075878,10.14819,9.816342,223,0.3318472
raw_native,background,,5113841,12.342154,10.251157,45,2.0909967
raw_native,background,,5131373,11.688457,11.507872,13,0.18058491
raw_native,background,,5134328,6.3014584,5.642651,573,0.6588073
raw_native,background,,5137931,7.3350644,7.016718,201,0.3183465
raw_native,background,,5141307,25.449718,23.807257,371,1.6424618
raw_native,background,,5152298,10.1809025,9.588543,81,0.59235954
raw_native,background,,5154058,6.5842195,5.7346125,177,0.849607
raw_native,background,,5155453,7.0978694,6.539887,144,0.55798244
raw_native,gt,2143.0,5120662,27.007906,16.30827,124,10.699636
raw_native,gt,337.0,5123091,9.772316,9.480545,497,0.29177094
raw_native,gt,664.0,5102197,30.990858,29.324099,452,1.6667595
raw_native,background,,5161484,13.29315,9.373499,63,3.919651
raw_native,background,,5162004,12.340032,6.2213855,516,6.118646
raw_native,background,,5163022,8.731235,7.6755366,100,1.0556979
raw_native,background,,5183208,6.6949053,6.047998,175,0.6469073
raw_native,background,,5187822,34.826588,24.848488,465,9.9781
raw_native,background,,5210662,4.615269,4.5391173,48,0.07615185
raw_native,background,,5211348,13.47763,8.662287,211,4.815343
raw_native,gt,337.0,5181361,11.602747,10.512294,497,1.0904531
raw_native,gt,337.0,5215117,12.450336,12.43794,497,0.012396812
raw_native,gt,1143.0,5180696,34.81278,31.316648,447,3.49613
raw_native,gt,1300.0,5178727,9.8360195,9.617007,166,0.21901226
raw_native,background,,5229408,5.262105,4.6186357,434,0.64346933
raw_native,background,,5238275,18.166502,14.897476,301,3.2690258
raw_native,background,,5238881,5.601827,5.3714795,36,0.23034763
raw_native,background,,5241379,11.473341,11.087828,201,0.3855133
raw_native,background,,5276167,5.8406515,5.575914,27,0.2647376
raw_native,gt,720.0,5258031,12.231851,11.237923,410,0.99392796
raw_native,gt,1129.0,5222443,11.911779,8.581152,330,3.3306274
raw_native,gt,1129.0,5274919,16.261354,12.928533,292,3.3328218
raw_native,background,,5305958,28.093048,26.62943,23,1.4636173
raw_native,background,,5327235,12.732183,9.653635,294,3.0785484
raw_native,background,,5338045,8.014611,6.256643,145,1.7579684
raw_native,gt,337.0,5311936,9.644997,7.9939246,497,1.651072
raw_native,gt,720.0,5294101,22.642078,17.07561,302,5.566469
raw_native,gt,664.0,5337249,9.420976,9.345313,347,0.07566261
raw_native,gt,1300.0,5286283,16.8684,15.683864,146,1.1845369
raw_native,gt,1300.0,5321338,14.432491,13.080272,63,1.3522196
raw_native,gt,1129.0,5291602,15.917376,13.843116,313,2.0742598
raw_native,background,,5346398,8.480229,7.783662,178,0.69656754
raw_native,background,,5366991,7.8958006,6.68147,358,1.2143307
raw_native,background,,5376793,11.412399,10.496689,33,0.91571045
raw_native,background,,5379571,6.2138004,5.531222,166,0.68257856
raw_native,background,,5381504,23.140217,20.739853,316,2.400364
raw_native,background,,5391453,6.733692,6.169634,46,0.5640583
raw_native,background,,5398739,17.323956,15.04351,466,2.280445
raw_native,gt,94.0,5392769,28.756618,20.256422,210,8.500196
raw_native,gt,337.0,5378401,17.619257,17.239054,230,0.38020325
raw_native,gt,1143.0,5345137,18.653938,15.682909,567,2.9710293
raw_native,gt,664.0,5393315,43.1608,33.457138,23,9.703663
raw_native,background,,5402723,5.1317186,4.9419923,426,0.18972635
raw_native,background,,5411940,13.586093,12.072898,315,1.513195
raw_native,background,,5413821,10.485783,8.760655,149,1.7251272
raw_native,background,,5424766,11.80417,7.683949,76,4.1202207
raw_native,background,,5425138,9.176175,8.576346,450,0.5998287
raw_native,background,,5431419,10.827446,8.993921,280,1.8335247
raw_native,background,,5441129,14.1336155,6.56036,327,7.5732555
raw_native,background,,5447592,10.588671,10.420463,192,0.16820812
raw_native,background,,5448111,12.319136,11.847577,93,0.47155857
raw_native,background,,5453716,13.214557,12.758553,321,0.45600414
raw_native,gt,2143.0,5401655,25.757933,21.940956,124,3.8169765
raw_native,gt,2143.0,5411122,24.65288,22.220327,243,2.4325523
raw_native,gt,2143.0,5441687,24.36737,19.134142,124,5.2332287
raw_native,gt,2143.0,5442755,23.574556,16.257029,124,7.317528
raw_native,gt,1143.0,5401910,25.324913,22.274006,182,3.0509071
raw_native,gt,1300.0,5425285,14.847646,14.085912,150,0.761734
raw_native,background,,5491603,7.123406,7.08536,215,0.038045883
raw_native,background,,5517734,11.022444,9.613749,309,1.4086952
raw_native,background,,5517914,7.143857,6.615196,87,0.5286608
raw_native,gt,1129.0,5487251,22.208881,17.902836,243,4.3060455
raw_native,background,,5530048,7.4144073,5.6580353,475,1.756372
raw_native,background,,5536875,12.434855,11.272457,44,1.1623983
raw_native,background,,5537527,15.748593,12.956754,279,2.7918396
raw_native,background,,5537549,7.7990303,4.755789,25,3.0432415
raw_native,background,,5540684,10.8600855,9.328874,169,1.5312119
raw_native,background,,5541653,14.063858,12.806999,255,1.2568588
raw_native,background,,5545691,19.233217,17.970383,40,1.2628345
raw_native,background,,5550739,7.5032554,5.7357907,475,1.7674646
raw_native,background,,5558431,22.279274,15.618781,290,6.660493
raw_native,background,,5564774,18.952467,10.690452,273,8.262015
raw_native,gt,94.0,5533682,31.91128,26.069025,420,5.8422546
raw_native,gt,664.0,5565604,38.226078,35.23383,433,2.9922485
raw_native,gt,1122.0,5560250,31.584602,25.268227,216,6.3163757
raw_native,gt,793.0,5572627,15.997745,11.208559,112,4.7891855
raw_native,gt,1129.0,5562517,13.32371,11.976532,231,1.3471785
raw_native,background,,5585528,5.124637,5.0547614,95,0.06987572
raw_native,background,,5593066,14.928837,10.343594,193,4.585243
raw_native,background,,5595800,5.5485754,5.4111724,150,0.13740301
raw_native,background,,5601824,6.4834323,3.510856,211,2.9725764
raw_native,background,,5624057,5.730563,5.335329,123,0.3952341
raw_native,background,,5626162,5.1119676,4.723349,26,0.38861847
raw_native,background,,5628053,13.879945,8.946011,197,4.933934
raw_native,background,,5634842,6.6033134,6.1628494,311,0.44046402
raw_native,gt,1300.0,5599822,12.433642,12.226302,150,0.20734024
raw_native,gt,1122.0,5580853,18.970903,15.129592,372,3.8413115
raw_native,background,,5643595,7.325664,7.264965,549,0.060698986
raw_native,background,,5648007,7.6677966,6.16466,294,1.5031366
raw_native,background,,5648471,12.684003,10.960524,213,1.7234793
raw_native,background,,5650897,9.802993,8.449976,196,1.3530169
raw_native,background,,5676504,10.806096,9.897149,41,0.908947
raw_native,background,,5676527,5.733522,5.6664586,347,0.06706333
raw_native,background,,5682175,5.2152295,5.0165668,348,0.19866276
raw_native,background,,5686970,17.194489,12.867178,516,4.3273106
raw_native,background,,5688447,21.35331,19.843628,206,1.5096817
raw_native,gt,664.0,5651625,10.103573,7.7249494,550,2.3786235
raw_native,gt,1300.0,5691130,14.963874,14.910175,250,0.05369854
raw_native,gt,1122.0,5673936,11.163231,8.878978,171,2.2842531
raw_native,background,,5711239,20.219961,14.9859915,286,5.2339697
raw_native,background,,5722017,13.65886,11.768028,232,1.890832
raw_native,background,,5734708,17.88426,16.531801,266,1.352459
raw_native,background,,5746308,10.396141,8.020941,197,2.3752003
raw_native,background,,5748938,9.945371,7.0645313,193,2.8808393
raw_native,gt,1300.0,5736101,7.9846115,6.8428774,150,1.1417341
raw_native,gt,793.0,5738946,17.602468,14.641202,112,2.9612665
raw_native,background,,5786336,6.3262825,5.3798246,103,0.94645786
raw_native,background,,5787679,6.8441296,6.332476,181,0.5116534
raw_native,background,,5789957,15.500189,14.607443,479,0.892746
raw_native,background,,5795478,30.08988,25.102526,275,4.9873543
raw_native,gt,94.0,5805155,25.87074,24.89553,295,0.9752102
raw_native,gt,337.0,5815472,16.045015,12.773496,70,3.2715197
raw_native,gt,1143.0,5808910,14.427032,12.556994,197,1.870038
raw_native,gt,720.0,5793009,18.502632,14.655642,302,3.8469906
raw_native,gt,720.0,5801926,19.569569,19.222734,302,0.34683418
raw_native,gt,1300.0,5794106,17.239906,10.089378,178,7.150528
raw_native,gt,793.0,5761887,21.694654,14.04685,112,7.6478043
raw_native,gt,793.0,5791111,15.555361,13.301652,112,2.2537088
raw_native,background,,5820529,7.94753,7.40385,48,0.5436797
raw_native,background,,5847737,17.946836,16.694338,438,1.2524986
raw_native,background,,5868209,14.168324,11.003163,314,3.1651611
raw_native,gt,337.0,5843182,11.292375,10.480975,185,0.81139946
raw_native,gt,337.0,5860601,31.07825,30.81418,190,0.2640705
raw_native,gt,793.0,5853178,19.296913,14.822022,112,4.4748907
raw_native,gt,1129.0,5866513,12.207863,8.963665,350,3.2441978
raw_native,background,,5883417,8.425935,7.148488,533,1.2774467
raw_native,background,,5907150,13.322445,12.367784,406,0.95466137
raw_native,background,,5908320,5.227771,5.1539598,587,0.073811054
raw_native,background,,5914359,13.267469,8.52518,305,4.7422895
raw_native,background,,5935054,5.7821226,4.9058185,58,0.87630415
raw_native,gt,337.0,5883100,11.323666,10.880755,497,0.4429102
raw_native,gt,1122.0,5893758,10.232583,9.581853,444,0.65073013
raw_native,gt,1122.0,5902060,17.112246,12.001469,334,5.110777
raw_native,gt,1122.0,5932740,19.85904,16.94494,275,2.9140987
raw_native,gt,1129.0,5916827,30.69566,24.821627,206,5.874033
raw_native,background,,5942029,5.867864,5.8599825,5,0.007881641
raw_native,background,,5946018,11.961374,7.6612854,415,4.300089
raw_native,background,,5950969,5.582697,5.0813365,49,0.5013604
raw_native,background,,5951238,11.181586,8.999027,292,2.182559
raw_native,background,,5951610,17.993172,10.610755,302,7.3824167
raw_native,background,,5962706,8.566717,7.11761,349,1.4491072
raw_native,background,,5963189,12.654447,10.047064,200,2.6073828
raw_native,background,,5967862,7.2285614,6.186013,54,1.0425482
raw_native,background,,5979186,6.3664804,6.000291,339,0.36618948
raw_native,background,,5979846,6.161034,6.001374,177,0.15966034
raw_native,background,,5980993,9.632291,9.341574,154,0.29071712
raw_native,background,,5986502,12.2105255,12.170712,502,0.03981304
raw_native,background,,5986560,10.37061,6.667042,86,3.7035685
raw_native,gt,94.0,5998523,15.6680355,13.7861,56,1.8819351
raw_native,gt,337.0,5979717,9.43898,9.229913,504,0.20906734
raw_native,gt,1129.0,5949688,46.145412,38.524223,237,7.621189
raw_native,gt,1129.0,5993902,10.188352,7.458188,52,2.7301636
raw_native,background,,6021795,7.9760027,4.7829995,467,3.1930032
raw_native,background,,6052786,5.32939,5.241378,554,0.08801222
raw_native,background,,6057813,14.410732,12.096743,314,2.3139896
raw_native,background,,6057849,8.565718,4.7191424,351,3.8465753
raw_native,gt,720.0,6054266,20.413952,17.771427,296,2.6425247
raw_native,background,,6062041,10.584069,8.331258,455,2.2528114
raw_native,background,,6068712,4.8144283,4.6558204,175,0.15860796
raw_native,background,,6068741,13.762589,12.912716,3,0.84987354
raw_native,background,,6077820,14.408062,9.708279,48,4.6997833
raw_native,background,,6094188,6.186028,5.088731,77,1.0972972
raw_native,background,,6105036,18.081705,15.839861,451,2.2418442
raw_native,gt,94.0,6069241,27.473562,21.278101,192,6.1954613
raw_native,gt,337.0,6107508,15.880205,13.9714775,305,1.9087276
raw_native,gt,1143.0,6088353,18.157341,16.513968,181,1.6433735
raw_native,background,,6135328,5.1462183,4.9913125,28,0.1549058
raw_native,background,,6148087,7.843801,6.9083023,289,0.9354987
raw_native,background,,6152960,17.860075,16.7048,61,1.1552753
raw_native,background,,6156848,31.40971,23.728706,286,7.6810036
raw_native,background,,6157766,8.013904,7.978867,514,0.035036564
raw_native,background,,6161797,17.198372,9.771867,516,7.426505
raw_native,gt,94.0,6136007,27.938084,27.589039,289,0.3490448
raw_native,gt,1143.0,6161131,13.445298,11.328355,330,2.1169434
raw_native,gt,720.0,6132713,24.784939,24.626778,316,0.15816116
raw_native,gt,1122.0,6139254,12.341887,11.945171,47,0.39671612
raw_native,background,,6183176,6.317358,5.597956,547,0.71940184
raw_native,background,,6184934,8.385677,7.149758,399,1.2359195
raw_native,background,,6190212,24.875399,24.301842,259,0.5735569
raw_native,background,,6196836,9.57236,8.768131,354,0.8042288
raw_native,background,,6203826,5.439228,4.944591,66,0.494637
raw_native,background,,6204317,4.577941,4.1306524,81,0.4472885
raw_native,background,,6208438,6.3612604,4.592004,382,1.7692566
raw_native,background,,6214949,6.924824,6.300931,81,0.62389326
raw_native,gt,94.0,6219093,38.51961,38.15457,433,0.36503983
raw_native,gt,664.0,6229903,10.697978,8.946015,492,1.7519627
raw_native,gt,1300.0,6180500,29.397955,23.105991,328,6.2919636
raw_native,gt,1122.0,6204804,9.969114,8.687898,93,1.2812166
raw_native,gt,1129.0,6237058,15.647614,10.5010805,64,5.146533
raw_native,background,,6249217,14.085408,13.863366,362,0.22204208
raw_native,background,,6253948,14.566036,14.1717415,4,0.39429474
raw_native,background,,6257160,9.263083,6.926062,460,2.3370214
raw_native,background,,6287210,25.867117,19.569445,210,6.2976723
raw_native,background,,6287796,10.4878025,9.749957,426,0.7378454
raw_native,background,,6291974,5.8663917,5.6980796,568,0.16831207
raw_native,background,,6294048,7.138598,6.6408067,132,0.4977913
raw_native,gt,94.0,6248447,13.430818,10.395146,325,3.0356712
raw_native,gt,793.0,6248459,17.047228,12.9083605,112,4.1388674
raw_native,gt,793.0,6261718,31.12607,22.993921,206,8.132149
raw_native,background,,6300269,32.47919,31.417608,235,1.0615826
raw_native,background,,6306832,4.46188,4.235697,83,0.22618341
raw_native,background,,6306862,7.883117,6.9532094,107,0.9299078
raw_native,background,,6322334,6.3596215,5.1508255,201,1.208796
raw_native,background,,6334310,8.779425,8.194572,62,0.5848522
raw_native,background,,6356084,13.17595,12.28397,334,0.8919802
raw_native,background,,6357818,8.774134,7.899372,556,0.8747616
raw_native,gt,2143.0,6313590,25.928698,16.929888,124,8.99881
raw_native,gt,2143.0,6341048,29.34948,18.61078,124,10.738699
raw_native,gt,94.0,6345784,23.244587,17.409557,435,5.8350296
raw_native,gt,94.0,6347742,15.529381,13.335201,197,2.1941795
raw_native,gt,1143.0,6306519,13.992153,13.599236,30,0.39291763
raw_native,gt,664.0,6359734,7.601194,7.325764,347,0.27542973
raw_native,gt,1300.0,6304069,20.223888,13.586421,182,6.6374674
raw_native,gt,1122.0,6326329,22.771252,20.194653,187,2.5765991
raw_native,background,,6361285,18.544498,14.057403,302,4.487096
raw_native,background,,6364142,17.278566,14.017132,73,3.2614346
raw_native,background,,6381111,33.70412,27.828274,448,5.875847
raw_native,background,,6385883,5.65213,5.494039,41,0.15809107
raw_native,background,,6386688,10.380897,9.265408,30,1.115489
raw_native,background,,6394161,21.632956,19.171352,479,2.4616032
raw_native,background,,6416805,8.2239895,7.482758,81,0.74123144
raw_native,gt,337.0,6414185,29.517262,26.240643,464,3.276619
raw_native,gt,1122.0,6369252,20.134432,17.032665,289,3.1017666
raw_native,gt,1122.0,6413479,12.035859,11.841518,132,0.1943407
raw_native,gt,793.0,6369274,18.079409,12.630355,112,5.449054
raw_native,gt,793.0,6411435,16.200863,10.713956,112,5.486907
raw_native,gt,1129.0,6366419,12.045411,8.682997,311,3.3624144
raw_native,background,,6420581,4.5264783,4.430183,540,0.09629536
raw_native,background,,6422543,28.076447,20.34143,206,7.735016
raw_native,background,,6423807,7.5977015,7.0669985,130,0.53070307
raw_native,background,,6432029,6.763121,6.3633556,50,0.3997655
raw_native,background,,6440754,7.6995735,7.5217123,385,0.17786121
raw_native,background,,6443298,5.031494,4.421148,30,0.6103463
raw_native,background,,6464099,5.3575416,5.0299864,409,0.32755518
raw_native,background,,6471432,5.226753,4.745176,2,0.4815774
raw_native,background,,6474141,6.6801653,6.5951705,41,0.08499479
raw_native,background,,6478760,9.410719,5.793333,43,3.6173859
raw_native,gt,337.0,6464284,12.277757,10.89316,497,1.3845968
raw_native,gt,1143.0,6475993,12.603266,11.720201,197,0.8830652
raw_native,gt,793.0,6426411,17.05142,15.777413,302,1.2740068
raw_native,background,,6480250,14.978101,11.619321,247,3.35878
raw_native,background,,6481742,16.14021,15.013588,532,1.1266212
raw_native,background,,6482811,5.530103,5.5124283,67,0.017674923
raw_native,background,,6509796,9.995878,8.457335,265,1.5385427
raw_native,background,,6517665,21.835087,15.435021,182,6.4000654
raw_native,gt,1143.0,6529036,11.965277,8.861783,143,3.1034937
raw_native,gt,1122.0,6503954,11.564117,11.5323515,426,0.031765938
raw_native,gt,793.0,6522006,31.13878,23.02299,182,8.115791
raw_native,gt,1129.0,6493357,15.791345,15.706609,413,0.08473587
raw_native,gt,1129.0,6494999,20.566404,17.279514,472,3.28689
raw_native,background,,6552452,5.5224953,5.349037,411,0.1734581
raw_native,background,,6556072,34.252213,21.754547,474,12.497665
raw_native,background,,6558522,20.155268,13.688967,22,6.466301
raw_native,background,,6598203,8.65436,7.063371,59,1.5909886
raw_native,gt,337.0,6573937,34.955566,18.730999,301,16.224567
raw_native,gt,1143.0,6546214,31.410124,29.081596,328,2.3285275
raw_native,gt,720.0,6557680,24.050251,23.370604,260,0.67964745
raw_native,gt,1300.0,6564814,21.914131,19.582197,65,2.331934
raw_native,gt,1300.0,6586709,14.563615,13.510775,179,1.0528402
raw_native,gt,1122.0,6592685,9.039618,7.9825892,171,1.0570283
raw_native,gt,793.0,6584750,15.864288,15.163397,112,0.7008915
raw_native,gt,1129.0,6557157,19.993917,17.394207,273,2.5997105
raw_native,background,,6606040,6.0524507,5.5785465,560,0.47390413
raw_native,background,,6620983,6.648788,6.6130443,175,0.035743713
raw_native,background,,6627160,10.956584,10.269418,431,0.6871662
raw_native,background,,6630408,10.491801,10.227299,546,0.26450253
raw_native,background,,6632929,6.2382016,5.956389,9,0.28181267
raw_native,background,,6644821,7.5658584,5.9661326,107,1.5997257
raw_native,background,,6650104,7.6971354,5.9195867,200,1.7775488
raw_native,background,,6650430,7.384314,5.1451087,363,2.2392054
raw_native,background,,6651364,10.078663,9.292602,300,0.7860613
raw_native,background,,6665590,7.4401455,7.4304442,48,0.009701252
raw_native,background,,6684269,21.856157,21.58883,464,0.26732635
raw_native,background,,6692215,21.275381,16.149878,512,5.1255035
raw_native,background,,6697653,7.3337207,7.188142,46,0.14557886
raw_native,background,,6702445,11.4605255,10.913708,362,0.5468178
raw_native,background,,6704786,9.63061,9.054174,47,0.57643604
raw_native,gt,2143.0,6685837,23.325829,14.006902,124,9.318927
raw_native,gt,720.0,6701154,8.606461,8.033773,304,0.57268715
raw_native,gt,720.0,6715017,24.489374,22.123022,192,2.366352
raw_native,gt,1300.0,6670459,19.646326,12.803373,178,6.8429527
raw_native,gt,1129.0,6665383,6.149626,5.902803,11,0.24682283
raw_native,background,,6722284,16.015905,11.817761,324,4.198144
raw_native,background,,6724493,26.120735,16.284765,182,9.83597
raw_native,background,,6731400,12.193859,10.28011,262,1.9137487
raw_native,background,,6744778,7.504652,5.6156583,256,1.8889937
raw_native,background,,6764530,24.823233,10.281495,301,14.541738
raw_native,background,,6774424,12.810268,10.956634,472,1.8536348
raw_native,gt,2143.0,6733341,25.337688,13.812048,124,11.5256405
raw_native,gt,94.0,6752067,8.3028755,8.114324,475,0.1885519
raw_native,gt,94.0,6772410,47.744892,36.874977,23,10.869915
raw_native,gt,337.0,6772154,14.629527,12.881667,73,1.74786
raw_native,background,,6784920,9.408155,8.84159,32,0.5665655
raw_native,background,,6787072,6.6734095,6.0870085,177,0.586401
raw_native,background,,6799177,16.872028,11.083074,213,5.7889547
raw_native,background,,6824524,14.3033,14.276866,406,0.026433945
raw_native,background,,6828935,6.7159214,6.5323896,104,0.18353176
raw_native,gt,94.0,6807788,41.821407,40.678402,237,1.1430054
raw_native,gt,337.0,6807582,8.62124,7.8014555,497,0.81978416
raw_native,gt,1143.0,6796159,12.59033,12.321887,143,0.2684431
raw_native,gt,1122.0,6806116,39.843792,37.04759,433,2.7962036
raw_native,gt,1122.0,6815349,9.657549,8.410052,53,1.2474966
raw_native,gt,793.0,6780186,20.045969,19.294546,302,0.7514229
raw_native,background,,6852957,8.045794,7.17418,234,0.8716135
raw_native,background,,6858192,20.279726,18.42521,273,1.8545151
raw_native,background,,6863760,11.765281,8.08119,60,3.6840906
raw_native,background,,6871634,5.993905,4.326365,523,1.6675401
raw_native,background,,6879354,11.483257,10.508094,0,0.97516346
raw_native,background,,6885574,32.778343,22.132092,407,10.646252
raw_native,background,,6888948,16.136768,13.457101,63,2.6796675
raw_native,background,,6892924,10.742,8.650543,292,2.0914564
raw_native,background,,6892930,16.904928,11.988606,53,4.9163218
raw_native,background,,6894214,19.494875,18.26678,454,1.2280941
raw_native,gt,94.0,6891966,19.239407,18.864729,287,0.37467766
raw_native,gt,1143.0,6893719,20.412424,19.327547,180,1.084877
raw_native,gt,1122.0,6889678,22.187115,16.857826,302,5.3292885
raw_native,gt,793.0,6889196,18.584692,12.877186,112,5.707506
raw_native,background,,6906243,6.9173574,6.179342,151,0.73801565
raw_native,background,,6911101,6.2882633,5.992362,143,0.2959013
raw_native,background,,6931390,7.3175445,7.0709877,211,0.24655676
raw_native,background,,6934216,15.254525,12.584766,61,2.6697588
raw_native,background,,6937843,4.7524014,4.188412,558,0.56398916
raw_native,background,,6952093,8.116509,6.531555,32,1.5849543
raw_native,background,,6955444,5.8931437,5.6865625,562,0.20658112
raw_native,background,,6956786,19.056555,15.418393,243,3.6381617
raw_native,gt,94.0,6958435,7.479725,6.526572,52,0.95315266
raw_native,gt,337.0,6950571,11.630549,10.732959,497,0.89759064
raw_native,gt,664.0,6951212,26.70899,18.62754,407,8.0814495
raw_native,background,,6965974,10.009296,8.732651,426,1.2766457
raw_native,background,,6966752,8.13101,7.8474436,338,0.28356647
raw_native,background,,6968297,5.2256002,4.9553638,63,0.2702365
raw_native,background,,6984055,7.1143456,6.1118717,539,1.0024738
raw_native,background,,6993548,9.491223,5.5518985,249,3.9393249
raw_native,background,,6999584,7.159816,6.193151,47,0.9666648
raw_native,background,,7000783,11.0525465,4.092501,249,6.9600453
raw_native,background,,7016789,5.81426,4.4603777,9,1.3538823
raw_native,gt,1143.0,6963371,13.963092,13.306556,143,0.6565361
raw_native,background,,7031425,26.017138,22.824099,479,3.193039
raw_native,background,,7065150,19.326393,15.793659,273,3.532734
raw_native,background,,7065215,11.720117,11.318963,284,0.40115356
raw_native,gt,1143.0,7026800,16.92679,13.417798,112,3.5089922
raw_native,gt,1143.0,7041091,27.014805,16.486076,543,10.5287285
raw_native,gt,1143.0,7079397,11.636884,9.793758,175,1.8431253
raw_native,gt,664.0,7035212,20.269396,20.119297,487,0.1500988
raw_native,gt,664.0,7060441,30.647026,29.334574,494,1.3124523
raw_native,gt,1300.0,7065565,17.803646,17.338032,315,0.46561432
raw_native,gt,1122.0,7043732,11.976182,8.129383,171,3.846799
raw_native,gt,793.0,7050791,19.451944,14.019657,112,5.432287
raw_native,background,,7092473,8.558368,6.2099323,145,2.3484354
raw_native,background,,7098091,8.103239,5.6961613,249,2.4070778
raw_native,background,,7100717,25.674524,18.214487,328,7.460037
raw_native,background,,7108242,17.333275,17.223957,265,0.10931778
raw_native,background,,7125270,7.3433743,6.8011394,256,0.5422349
raw_native,background,,7126525,10.546537,9.655409,261,0.89112854
raw_native,background,,7135187,32.24204,27.676891,219,4.5651474
raw_native,background,,7136887,5.8674088,5.673205,479,0.19420385
raw_native,gt,94.0,7120669,18.293116,17.081068,438,1.2120476
raw_native,gt,337.0,7080993,10.872041,10.808198,157,0.06384277
raw_native,gt,1129.0,7128560,26.903559,21.771788,432,5.131771
raw_native,background,,7145568,8.14891,7.686268,278,0.46264172
raw_native,background,,7153049,4.1316066,3.8515944,43,0.28001213
raw_native,background,,7156323,4.3141074,3.3918662,131,0.9222412
raw_native,background,,7156490,4.4998364,4.398494,354,0.10134268
raw_native,background,,7195595,13.697579,12.752086,230,0.9454937
raw_native,gt,2143.0,7140534,26.599377,16.70078,124,9.898596
raw_native,gt,94.0,7161630,12.782512,11.124587,62,1.6579247
raw_native,gt,337.0,7155003,23.086151,19.699293,238,3.386858
raw_native,gt,664.0,7164829,32.847218,27.85606,389,4.9911575
raw_native,gt,1122.0,7160698,18.924204,14.0639925,190,4.8602114
raw_native,gt,1122.0,7164507,21.13124,15.380634,302,5.7506065
raw_native,gt,1129.0,7169578,27.901508,25.630268,40,2.2712402
raw_native,background,,7200691,7.244195,5.604233,174,1.6399622
raw_native,background,,7201407,14.946111,11.8281975,73,3.1179132
raw_native,background,,7202475,7.4020333,6.694636,411,0.70739746
raw_native,background,,7212190,5.889121,5.693652,313,0.1954689
raw_native,background,,7220739,23.18906,14.260438,473,8.928622
raw_native,background,,7221930,7.77899,6.330445,334,1.448545
raw_native,background,,7255322,9.426044,9.184931,556,0.24111366
raw_native,gt,2143.0,7229300,31.733147,25.671055,467,6.062092
raw_native,gt,94.0,7222724,18.006546,17.030832,273,0.97571373
raw_native,gt,337.0,7247866,26.889063,26.35331,91,0.53575325
raw_native,gt,1143.0,7215113,15.9784,14.602281,302,1.3761196
raw_native,gt,720.0,7250186,9.421601,9.235516,148,0.1860857
raw_native,gt,664.0,7209130,11.670637,10.7895565,391,0.8810806
raw_native,gt,1122.0,7208290,23.859907,19.271564,303,4.5883427
raw_native,gt,793.0,7239164,18.96237,18.239975,216,0.72239494
raw_native,background,,7266062,8.369754,6.7668595,53,1.6028943
raw_native,background,,7266070,11.047364,8.775058,211,2.2723064
raw_native,background,,7266886,7.675928,6.7642183,368,0.9117098
raw_native,background,,7296145,29.295065,27.847282,226,1.4477825
raw_native,background,,7299561,5.3672905,4.546214,341,0.8210764
raw_native,background,,7302287,16.668238,14.854579,255,1.8136587
raw_native,background,,7303707,5.4894905,5.342468,30,0.14702272
raw_native,background,,7309740,10.506602,8.700436,185,1.8061666
raw_native,background,,7312628,7.584391,7.288364,181,0.29602718
raw_native,background,,7313409,7.152205,6.232722,12,0.9194832
raw_native,background,,7317679,6.4578705,6.167113,175,0.29075766
raw_native,gt,2143.0,7261400,28.786266,23.345886,274,5.44038
raw_native,gt,337.0,7311922,9.3372755,8.332336,504,1.0049391
raw_native,gt,664.0,7317955,14.815007,14.764283,546,0.05072403
raw_native,gt,1300.0,7305254,31.821394,27.909218,275,3.9121761
raw_native,gt,1129.0,7272054,25.909061,22.258554,543,3.650507
raw_native,background,,7329670,14.0223,11.644761,503,2.3775387
raw_native,background,,7329671,15.191178,12.931664,488,2.2595139
raw_native,background,,7354592,10.323393,8.776108,441,1.5472851
raw_native,background,,7359477,13.134183,12.952924,300,0.18125916
raw_native,background,,7362414,9.399575,8.113055,510,1.28652
raw_native,background,,7368046,7.057096,4.2127056,475,2.8443904
raw_native,background,,7371889,12.9545965,9.724307,266,3.2302895
raw_native,background,,7372888,19.894579,14.283688,320,5.6108913
raw_native,gt,94.0,7377228,17.657276,14.776826,273,2.8804502
raw_native,gt,1143.0,7364100,18.176083,16.596642,272,1.5794411
raw_native,background,,7380904,15.405868,14.546973,549,0.85889435
raw_native,background,,7391025,5.0712924,4.942606,63,0.12868643
raw_native,background,,7405141,16.43941,9.621136,302,6.8182735
raw_native,background,,7410276,14.769929,13.477047,214,1.292882
raw_native,background,,7420797,23.170338,18.77088,40,4.399458
raw_native,background,,7420798,24.36984,18.937643,40,5.4321976
raw_native,gt,664.0,7434120,12.791432,9.72705,193,3.0643826
raw_native,gt,1300.0,7386832,21.067812,15.175688,187,5.892124
raw_native,gt,1122.0,7392758,12.760586,11.448088,231,1.3124981
raw_native,gt,1122.0,7435145,24.98627,20.334305,258,4.651966
raw_native,gt,1129.0,7424167,24.389484,22.779215,259,1.6102695
raw_native,background,,7448324,12.5200205,4.8264565,176,7.693564
raw_native,background,,7448340,15.2786875,11.383165,3,3.895522
raw_native,background,,7465287,7.3369765,6.907709,58,0.4292674
raw_native,background,,7468876,7.2952585,6.653387,334,0.64187145
raw_native,background,,7479937,9.574838,6.010696,498,3.5641418
raw_native,gt,337.0,7462001,19.61148,14.286591,512,5.32489
raw_native,gt,337.0,7463061,13.950472,13.874185,550,0.07628727
raw_native,gt,1143.0,7447702,7.31724,7.066823,20,0.25041723
raw_native,gt,1122.0,7493835,9.398573,8.53195,46,0.8666229
raw_native,background,,7503356,5.636803,5.2353783,511,0.40142488
raw_native,background,,7505126,11.284452,8.7194605,10,2.564992
raw_native,background,,7506265,7.3650846,7.202983,587,0.16210175
raw_native,background,,7506862,20.290176,19.03565,218,1.2545261
raw_native,background,,7524189,8.4611635,7.548442,550,0.91272163
raw_native,background,,7531418,20.762932,19.44453,192,1.3184013
raw_native,background,,7551563,6.12221,5.4384627,460,0.6837473
raw_native,gt,1143.0,7538791,23.515297,18.07736,303,5.437937
raw_native,gt,1143.0,7543460,14.484624,14.38105,26,0.1035738
raw_native,gt,720.0,7531154,23.214746,15.437093,176,7.7776537
raw_native,gt,1129.0,7559765,21.428621,16.360754,16,5.0678673
raw_native,background,,7562085,16.21812,13.276819,273,2.9413013
raw_native,background,,7572583,13.2575245,8.310211,294,4.9473133
raw_native,background,,7574569,13.77621,12.685458,149,1.0907516
raw_native,background,,7589694,20.147568,18.108368,260,2.0391998
raw_native,background,,7589755,21.032976,17.674232,182,3.3587437
raw_native,background,,7589957,6.7108626,6.243744,177,0.46711874
raw_native,background,,7594909,13.57024,13.3557,131,0.21454048
raw_native,background,,7599868,7.3281612,6.912713,523,0.4154482
raw_native,background,,7612928,5.386218,5.0779567,181,0.3082614
raw_native,gt,337.0,7611952,23.671335,14.731016,473,8.940319
raw_native,gt,1143.0,7607237,20.842302,19.131622,270,1.71068
raw_native,background,,7621440,19.345041,11.74191,19,7.6031313
raw_native,background,,7630909,16.349218,13.292239,197,3.0569792
raw_native,background,,7639677,18.758457,11.762366,315,6.996091
raw_native,background,,7644290,6.64647,5.7553453,326,0.8911247
raw_native,background,,7653690,9.38763,8.984286,268,0.40334415
raw_native,background,,7654426,14.706877,8.922519,429,5.784358
raw_native,gt,1300.0,7631343,16.001839,12.642599,301,3.3592396
raw_native,gt,793.0,7630653,18.157364,13.246437,112,4.910927
raw_native,background,,7687049,6.77278,6.619163,484,0.1536169
raw_native,background,,7687247,45.284206,31.047789,237,14.236418
raw_native,background,,7692722,12.786177,6.323421,211,6.4627557
raw_native,background,,7706485,5.480903,4.7119226,163,0.7689805
raw_native,background,,7712042,9.615897,8.963432,200,0.65246487
raw_native,background,,7727351,27.09443,26.880991,207,0.21343994
raw_native,background,,7729522,17.376484,10.736979,302,6.6395054
raw_native,gt,2143.0,7704418,26.8766,25.34946,407,1.5271397
raw_native,gt,720.0,7715022,26.811916,24.346405,290,2.4655113
raw_native,background,,7746334,5.105264,4.7094026,19,0.39586163
raw_native,background,,7751648,20.534157,15.58293,210,4.951227
raw_native,background,,7758650,5.6868925,5.620025,188,0.06686735
raw_native,background,,7769734,6.821467,6.431696,47,0.38977098
raw_native,background,,7776539,7.700416,6.810022,254,0.8903942
raw_native,background,,7792880,5.5783806,5.439811,6,0.13856936
raw_native,background,,7797862,7.324407,5.949989,41,1.3744183
raw_native,gt,793.0,7754360,18.528976,11.660494,112,6.8684826
raw_native,background,,7804632,8.625267,6.7787714,30,1.8464956
raw_native,background,,7812385,13.011411,12.435108,414,0.5763025
raw_native,background,,7822306,9.934237,9.307679,11,0.62655735
raw_native,background,,7831484,10.224725,8.820267,330,1.404458
raw_native,background,,7845018,8.87035,7.407581,541,1.462769
raw_native,background,,7845733,5.803168,5.5694466,43,0.23372126
raw_native,background,,7846353,26.728184,23.234009,208,3.494175
raw_native,background,,7853338,8.289252,7.9555206,467,0.33373165
raw_native,background,,7855349,9.407967,5.053357,509,4.3546095
raw_native,gt,337.0,7858198,26.564613,17.428387,328,9.136227
raw_native,gt,720.0,7827228,24.206425,17.677513,226,6.5289116
raw_native,gt,793.0,7848478,21.407736,15.630118,112,5.7776175
raw_native,background,,7881686,13.332944,8.704798,302,4.628146
raw_native,background,,7886061,12.826316,12.419809,290,0.40650654
raw_native,background,,7887409,11.336383,9.569281,297,1.7671022
raw_native,background,,7888640,22.175762,18.35044,18,3.825323
raw_native,background,,7892607,7.6452127,6.1448035,5,1.5004091
raw_native,background,,7899485,23.279861,20.340992,22,2.9388695
raw_native,background,,7899719,8.526072,7.969388,393,0.55668354
raw_native,background,,7903113,9.24506,8.547289,184,0.6977711
raw_native,background,,7909126,6.6360736,6.2255507,358,0.41052294
raw_native,background,,7916830,12.399879,8.590599,294,3.8092804
raw_native,gt,337.0,7904058,15.809866,10.705189,352,5.104677
raw_native,gt,1300.0,7886721,17.815205,14.537848,197,3.2773561
raw_native,gt,1122.0,7883468,30.785248,29.443663,259,1.3415852
raw_native,background,,7922332,8.608272,8.411643,81,0.19662857
raw_native,background,,7923902,8.307299,7.574245,524,0.7330537
raw_native,background,,7941268,11.295591,10.57482,463,0.7207718
raw_native,background,,7942591,8.138022,7.9457994,18,0.19222307
raw_native,background,,7967914,10.944014,9.197441,416,1.7465725
raw_native,background,,7975807,12.496584,7.9052896,193,4.5912943
raw_native,background,,7975916,21.12512,19.154057,39,1.9710636
raw_native,background,,7978077,13.453248,11.455034,410,1.9982138
raw_native,gt,94.0,7965954,15.542633,14.359707,304,1.1829262
raw_native,gt,664.0,7950169,18.544582,13.564351,182,4.9802313
raw_native,gt,1300.0,7958996,9.600803,8.608007,149,0.99279594
raw_native,background,,8011291,15.074846,15.032143,240,0.04270363
raw_native,background,,8019014,13.155156,10.989006,74,2.16615
raw_native,background,,8033382,11.50096,8.461944,57,3.0390167
raw_native,background,,8036650,16.370966,11.550205,59,4.8207607
raw_native,gt,2143.0,7986424,22.296774,19.98416,124,2.3126144
raw_native,gt,94.0,8014865,22.414808,18.913166,182,3.5016422
raw_native,gt,720.0,7992948,13.421423,11.225707,184,2.195716
raw_native,gt,793.0,8027341,25.372036,21.64827,192,3.7237663
raw_native,gt,1129.0,7982802,24.198399,14.870331,301,9.328068
raw_native,gt,1129.0,8036888,39.4164,37.95482,433,1.4615822
raw_native,background,,8052975,7.9667263,7.9316306,474,0.03509569
raw_native,background,,8059477,8.904915,7.881126,391,1.0237889
raw_native,background,,8077884,5.498855,5.3948846,156,0.10397053
raw_native,background,,8080314,6.515358,5.452729,287,1.0626287
raw_native,background,,8080596,10.8112335,9.516204,467,1.2950296
raw_native,gt,1143.0,8042243,12.970456,10.856135,525,2.1143208
raw_native,gt,1143.0,8095395,27.630266,22.127556,192,5.5027103
raw_native,gt,1122.0,8047860,15.484193,13.004052,334,2.4801407
raw_native,gt,1122.0,8085383,12.186297,9.441745,26,2.7445526
raw_native,background,,8103884,8.985929,8.642763,270,0.3431654
raw_native,background,,8116052,5.2325163,4.8588166,211,0.37369967
raw_native,background,,8118197,14.371354,9.022458,243,5.348896
raw_native,background,,8144954,7.9118333,7.657383,178,0.25445032
raw_native,background,,8148044,4.809579,3.98909,570,0.8204889
raw_native,background,,8156090,7.6933136,6.444372,278,1.2489414
raw_native,gt,94.0,8114252,8.320839,7.8816123,61,0.43922663
raw_native,gt,94.0,8131020,12.58295,11.839753,496,0.7431965
raw_native,gt,337.0,8146587,21.867022,21.80151,212,0.0655117
raw_native,gt,1143.0,8152916,12.594896,11.72143,143,0.8734665
raw_native,gt,1122.0,8111067,14.998422,14.4854145,300,0.51300716
raw_native,background,,8160041,24.755733,18.305868,40,6.4498653
raw_native,background,,8161850,23.53933,13.735992,243,9.803337
raw_native,background,,8163903,7.120796,5.8496385,175,1.2711577
raw_native,background,,8173105,14.549972,12.675326,279,1.8746452
raw_native,background,,8173196,7.8910766,7.6994734,25,0.19160318
raw_native,background,,8179924,13.581399,12.372677,498,1.2087221
raw_native,background,,8199437,8.872545,7.4409966,16,1.4315486
raw_native,background,,8199776,6.9236946,6.6137896,211,0.30990505
raw_native,background,,8202604,11.360741,7.087346,86,4.2733946
raw_native,background,,8202957,5.8375096,4.4369884,82,1.4005213
raw_native,background,,8206084,20.376133,19.791826,496,0.5843067
raw_native,gt,337.0,8201352,11.172868,9.629115,497,1.5437527
raw_native,gt,1143.0,8181514,16.174314,10.813827,69,5.360488
raw_native,gt,1143.0,8203521,13.168609,9.350037,5,3.818572
raw_native,gt,1300.0,8171517,45.71722,39.119495,23,6.597725
raw_native,gt,1300.0,8184937,9.419603,8.412314,154,1.0072889
raw_native,gt,793.0,8181243,22.01307,16.878723,112,5.134346
raw_native,background,,8222485,10.288742,9.542484,118,0.7462578
raw_native,background,,8224404,15.930139,14.04137,473,1.8887682
raw_native,background,,8225417,13.650964,10.007841,56,3.6431227
raw_native,background,,8233936,5.0657024,4.943778,513,0.1219244
raw_native,background,,8251215,13.054148,11.0903225,201,1.9638252
raw_native,background,,8251679,8.628856,6.7868214,38,1.8420343
raw_native,background,,8258353,9.994153,9.756847,250,0.23730564
raw_native,background,,8267250,29.57086,25.6039,232,3.966959
raw_native,background,,8269255,11.944008,8.566457,199,3.377551
raw_native,gt,2143.0,8228227,22.0616,21.776669,124,0.28493118
raw_native,gt,2143.0,8252022,28.092007,18.600332,124,9.491674
raw_native,gt,2143.0,8257472,31.186533,31.084019,210,0.10251427
raw_native,gt,720.0,8229865,10.249874,9.115258,201,1.1346159
raw_native,gt,720.0,8251525,12.277875,11.142333,144,1.1355419
raw_native,background,,8287336,15.247173,15.197154,42,0.050019264
raw_native,background,,8303085,11.296882,10.493372,140,0.8035097
raw_native,background,,8304891,10.939762,7.511599,53,3.428163
raw_native,background,,8305871,9.869505,7.8397684,172,2.0297365
raw_native,background,,8310199,8.395097,7.1740007,304,1.221096
raw_native,background,,8316961,24.819859,15.938419,407,8.881439
raw_native,background,,8333387,5.099009,4.087514,95,1.0114951
raw_native,gt,720.0,8311917,18.938478,17.059278,277,1.8792
raw_native,gt,664.0,8318034,22.407207,15.967519,320,6.4396887
raw_native,gt,793.0,8283777,19.344122,17.221025,273,2.1230965
raw_native,background,,8341713,9.667465,8.371946,116,1.2955189
raw_native,background,,8360259,6.235098,6.1160502,523,0.11904764
raw_native,background,,8365167,13.323193,10.187117,390,3.136076
raw_native,background,,8368951,15.006073,10.507136,215,4.4989367
raw_native,background,,8371543,7.810924,6.479492,322,1.3314319
raw_native,background,,8371609,3.1894631,3.1755192,586,0.013943911
raw_native,background,,8393724,5.11088,4.8099184,177,0.3009615
raw_native,gt,2143.0,8357291,27.540318,27.191122,303,0.34919548
raw_native,gt,2143.0,8361154,25.67323,22.258791,124,3.4144382
raw_native,gt,94.0,8387759,7.9773374,7.9366555,227,0.04068184
raw_native,gt,337.0,8392244,13.987096,9.686094,197,4.3010015
raw_native,gt,664.0,8398905,18.404171,18.198074,112,0.20609665
raw_native,gt,1300.0,8376596,14.109649,12.812413,190,1.2972355
raw_native,background,,8411119,24.300226,16.014002,206,8.286224
raw_native,background,,8418005,12.552547,10.446299,210,2.1062489
raw_native,background,,8445793,7.660652,7.5304418,242,0.1302104
raw_native,background,,8446594,8.136243,6.11094,475,2.025303
raw_native,background,,8448802,6.926414,6.6741233,13,0.25229073
raw_native,gt,1143.0,8414381,19.271635,18.202566,188,1.0690689
raw_native,gt,720.0,8446831,16.214218,12.456008,413,3.7582102
raw_native,gt,1122.0,8415736,7.739215,6.1165066,171,1.6227083
raw_native,background,,8465997,14.569999,9.920592,63,4.6494064
raw_native,background,,8471999,4.8085985,4.768083,201,0.040515423
raw_native,background,,8484860,8.701091,7.8039947,528,0.89709616
raw_native,background,,8491014,33.64752,30.279387,552,3.3681316
raw_native,background,,8497106,4.8462944,4.3713846,402,0.47490978
raw_native,background,,8506485,27.02002,24.717365,316,2.3026543
raw_native,gt,2143.0,8462010,24.030918,15.305814,124,8.725104
raw_native,gt,1143.0,8511692,12.625069,8.697273,426,3.9277954
raw_native,gt,664.0,8480105,8.958045,6.8123865,166,2.1456585
raw_native,gt,664.0,8481965,22.628813,18.711056,66,3.917757
raw_native,gt,664.0,8504772,15.056258,14.720906,230,0.33535194
raw_native,gt,1300.0,8495994,12.972812,11.064951,3,1.9078608
raw_native,gt,1122.0,8494072,14.189334,11.742582,63,2.4467516
raw_native,background,,8532157,7.6980762,7.644097,211,0.053979397
raw_native,background,,8533633,5.658408,5.1409492,81,0.5174589
raw_native,background,,8545934,6.32432,5.682794,47,0.64152575
raw_native,background,,8555101,14.151299,11.062656,292,3.088643
raw_native,background,,8556301,4.340185,3.909331,370,0.43085408
raw_native,background,,8572196,16.75382,12.497353,286,4.256468
raw_native,background,,8572260,10.952526,10.771234,140,0.18129253
raw_native,gt,337.0,8571498,18.56965,15.267768,273,3.3018827
raw_native,gt,720.0,8551917,11.868732,10.981483,12,0.887249
raw_native,gt,664.0,8537372,24.83311,20.481873,181,4.3512383
raw_native,gt,664.0,8571330,25.282263,24.938263,290,0.34399986
raw_native,background,,8595624,34.521717,31.985039,453,2.5366783
raw_native,background,,8601155,18.720201,17.97184,541,0.7483616
raw_native,background,,8603933,11.927819,11.47993,288,0.44788933
raw_native,background,,8609753,16.43673,15.9665985,218,0.47013092
raw_native,background,,8618098,24.11144,17.727604,243,6.3838367
raw_native,gt,94.0,8608162,23.430323,16.184889,320,7.245434
raw_native,gt,337.0,8586493,13.297719,12.144281,311,1.1534376
raw_native,gt,337.0,8602833,10.6077795,10.378146,497,0.22963333
raw_native,gt,664.0,8580668,9.791434,9.065557,347,0.72587776
raw_native,gt,1122.0,8599856,34.909786,26.269632,465,8.640154
raw_native,background,,8645548,15.257925,11.884137,26,3.3737879
raw_native,background,,8654185,15.317708,12.782452,5,2.5352564
raw_native,background,,8660768,11.438474,8.944231,315,2.4942427
raw_native,background,,8664210,7.5623717,6.6840377,177,0.87833405
raw_native,background,,8667765,6.8815327,6.0625944,211,0.81893826
raw_native,background,,8671762,6.40971,6.0319095,530,0.37780046
raw_native,background,,8687113,4.976411,4.9192705,421,0.05714035
raw_native,background,,8691997,11.183075,9.341552,35,1.8415232
raw_native,gt,2143.0,8679560,26.569159,25.717426,407,0.85173225
raw_native,gt,337.0,8693035,18.203987,14.396914,68,3.8070736
raw_native,gt,1143.0,8656557,17.094526,16.775217,150,0.31930923
raw_native,gt,720.0,8694795,6.7133436,6.5550423,403,0.15830135
raw_native,gt,664.0,8666137,20.169718,17.268896,372,2.9008217
raw_native,gt,1129.0,8663544,30.26517,12.696413,301,17.568756
raw_native,background,,8703356,8.592297,5.8912487,503,2.701048
raw_native,background,,8708604,5.1648207,4.9058566,391,0.25896406
raw_native,background,,8712143,21.962687,15.041383,320,6.9213037
raw_native,background,,8720061,5.8490167,5.4125204,302,0.43649626
raw_native,background,,8720573,6.0414267,5.591322,71,0.4501047
raw_native,background,,8739827,8.755229,6.6258817,144,2.1293473
raw_native,gt,1143.0,8752840,16.680927,12.505416,265,4.1755114
raw_native,gt,720.0,8720891,7.0293355,6.9946375,264,0.03469801
raw_native,gt,720.0,8749588,17.750391,16.515713,206,1.2346783
raw_native,gt,1300.0,8737520,8.555528,6.53225,150,2.0232778
raw_native,background,,8765272,6.92415,5.3710713,177,1.5530787
raw_native,background,,8776577,14.95282,12.072873,313,2.8799467
raw_native,background,,8778463,8.3857765,7.700078,175,0.6856985
raw_native,background,,8790507,4.926529,4.528351,36,0.3981781
raw_native,background,,8794259,7.0966797,6.9695625,181,0.12711716
raw_native,background,,8807661,6.0780697,5.7072644,479,0.37080526
raw_native,background,,8808847,13.885623,13.661917,472,0.22370625
raw_native,background,,8813991,6.61196,5.6594024,107,0.95255756
raw_native,background,,8814327,24.617638,21.088385,42,3.529253
raw_native,background,,8819160,20.966843,13.632894,302,7.333949
raw_native,gt,94.0,8800042,20.99651,19.847235,289,1.1492748
raw_native,gt,337.0,8814671,11.255677,11.044099,497,0.21157837
raw_native,gt,664.0,8800093,8.616993,7.4641414,347,1.1528516
raw_native,gt,1300.0,8781118,18.22763,14.8565445,26,3.3710861
raw_native,gt,1129.0,8763491,22.13771,21.331678,454,0.8060322
raw_native,background,,8822370,11.856911,8.02739,249,3.8295212
raw_native,background,,8823849,7.5323462,5.6942663,355,1.8380799
raw_native,background,,8832309,30.341316,22.494566,328,7.8467503
raw_native,background,,8833165,12.699852,10.676448,238,2.0234041
raw_native,background,,8841662,8.417687,8.288711,52,0.12897682
raw_native,background,,8858585,13.349867,6.0512815,426,7.2985854
raw_native,background,,8865304,6.990814,5.9637237,87,1.0270905
raw_native,background,,8871999,10.7899275,9.852463,85,0.9374647
raw_native,background,,8874709,8.845446,6.088499,25,2.7569466
raw_native,gt,2143.0,8828785,33.035023,30.468176,138,2.5668468
raw_native,gt,94.0,8856088,19.530613,15.199888,273,4.3307247
raw_native,gt,664.0,8834868,6.9261217,5.971186,2,0.95493555
raw_native,gt,664.0,8850147,40.12517,32.532745,206,7.5924263
raw_native,gt,1300.0,8822750,26.44372,23.452347,494,2.991373
raw_native,gt,1300.0,8843025,17.302372,13.285963,236,4.016409
raw_native,background,,8887616,6.1583147,5.7349763,408,0.4233384
raw_native,background,,8894787,10.950593,10.559155,56,0.39143753
raw_native,background,,8897208,5.900252,5.461629,517,0.43862295
raw_native,background,,8899353,8.191818,7.7417912,310,0.450027
raw_native,background,,8913448,18.36244,11.678356,302,6.684084
raw_native,background,,8923813,12.204908,10.381878,31,1.8230305
raw_native,gt,1300.0,8895434,10.228749,9.299392,354,0.9293575
raw_native,gt,1300.0,8939126,20.90148,18.985403,438,1.9160767
raw_native,background,,8948361,22.42552,20.663296,192,1.7622242
raw_native,background,,8957665,15.822334,15.387768,61,0.4345665
raw_native,background,,8957991,6.3768764,5.690798,377,0.68607855
raw_native,background,,8966539,5.03587,4.7357306,483,0.30013943
raw_native,background,,8968442,14.662868,11.57795,313,3.084918
raw_native,background,,8972376,16.165394,6.8195,178,9.345894
raw_native,background,,8977358,5.469142,5.1554337,539,0.3137083
raw_native,background,,8977988,8.411343,7.597903,156,0.81343985
raw_native,background,,8989733,29.87705,24.027452,275,5.849598
raw_native,background,,8992225,7.9188232,7.5233727,134,0.3954506
raw_native,background,,8993188,7.0011754,6.6130114,163,0.38816404
raw_native,gt,337.0,8967923,22.631508,19.652822,42,2.9786854
raw_native,gt,337.0,8994789,13.37374,13.144026,266,0.2297144
raw_native,background,,9014039,8.090411,7.9140425,314,0.17636871
raw_native,background,,9027133,5.3472395,4.816186,423,0.53105354
raw_native,background,,9028680,4.596696,4.2614765,9,0.33521938
raw_native,background,,9036423,11.058527,10.899908,248,0.15861893
raw_native,background,,9038117,8.989297,7.118061,157,1.8712358
raw_native,background,,9044000,6.266964,5.8927565,354,0.3742075
raw_native,background,,9057705,11.48354,11.030655,30,0.45288467
raw_native,gt,1143.0,9008457,24.154593,16.416637,407,7.737955
raw_native,gt,1143.0,9015256,11.987473,10.010308,143,1.9771643
raw_native,gt,720.0,9052160,18.880445,16.809654,187,2.0707912
raw_native,gt,793.0,9020295,24.40953,21.13594,219,3.27359
raw_native,gt,1129.0,9013566,51.323765,45.84968,237,5.474083
raw_native,background,,9065270,12.993138,12.747062,283,0.24607658
raw_native,background,,9065885,5.4138846,4.6988196,514,0.715065
raw_native,background,,9084187,15.526603,13.535467,200,1.9911356
raw_native,background,,9087092,9.238334,8.867995,463,0.37033844
raw_native,background,,9095605,12.901565,10.006215,297,2.8953495
raw_native,background,,9099844,4.871656,3.9882643,521,0.8833916
raw_native,background,,9102348,4.806067,4.6566987,179,0.14936829
raw_native,background,,9107843,4.329381,3.6876597,510,0.64172125
raw_native,background,,9112729,18.112148,14.98775,218,3.1243982
raw_native,gt,94.0,9118380,8.273096,7.0217414,278,1.2513547
raw_native,gt,337.0,9086886,12.618396,12.49654,497,0.121855736
raw_native,gt,337.0,9114548,12.204856,10.599194,497,1.6056623
raw_native,gt,720.0,9070897,21.82196,16.072182,529,5.7497787
raw_native,gt,664.0,9101535,23.594,20.343273,40,3.2507267
raw_native,gt,1122.0,9093420,28.334198,26.493454,229,1.840744
raw_native,background,,9122978,7.619749,5.2011733,151,2.4185758
raw_native,background,,9125280,9.334395,7.782513,368,1.5518823
raw_native,background,,9138217,6.9913454,6.9383254,10,0.05302
raw_native,background,,9161745,6.269448,5.3440223,409,0.9254255
raw_native,background,,9171223,6.2413464,5.9265485,46,0.31479788
raw_native,background,,9175219,14.223518,7.3793206,407,6.8441978
raw_native,gt,793.0,9177023,15.965655,11.676617,112,4.2890387
raw_native,background,,9182986,15.288413,15.151718,300,0.13669491
raw_native,background,,9184927,9.620816,9.104848,196,0.5159683
raw_native,background,,9185929,6.708535,6.3441033,211,0.36443186
raw_native,background,,9204930,8.853473,6.747995,2,2.1054778
raw_native,background,,9206429,9.0013275,8.217041,231,0.7842865
raw_native,background,,9224116,8.957374,8.509949,211,0.4474249
raw_native,gt,2143.0,9221328,23.557112,15.910584,124,7.6465273
raw_native,gt,94.0,9237244,7.7472324,7.542001,52,0.20523167
raw_native,gt,720.0,9213787,15.019457,13.058583,326,1.9608736
raw_native,gt,793.0,9226137,17.758553,12.846117,112,4.9124355
raw_native,gt,1129.0,9212296,13.953268,9.953372,334,3.999896
raw_native,background,,9248187,12.425057,9.936456,280,2.4886017
raw_native,background,,9252271,23.94953,17.640656,206,6.308874
raw_native,background,,9261859,11.907532,10.778951,474,1.128581
raw_native,background,,9266126,8.629754,6.869381,265,1.7603731
raw_native,background,,9275258,10.814597,10.747276,181,0.06732082
raw_native,background,,9275995,7.299616,6.242535,26,1.0570807
raw_native,background,,9279786,4.894788,4.4102044,74,0.48458338
raw_native,background,,9279857,12.712622,12.539857,45,0.17276478
raw_native,background,,9289906,5.694364,5.2305684,76,0.46379566
raw_native,background,,9292036,8.857621,7.859046,141,0.9985752
raw_native,background,,9292062,19.553328,16.274685,277,3.2786427
raw_native,gt,720.0,9242874,18.211102,14.026397,334,4.184705
raw_native,gt,720.0,9260830,11.028986,10.711787,184,0.31719875
raw_native,gt,1122.0,9244736,8.369302,8.055069,171,0.31423283
raw_native,background,,9314104,6.1735506,5.5887914,248,0.58475924
raw_native,background,,9314310,18.292171,17.90335,266,0.38882065
raw_native,background,,9317011,6.5079117,5.3360815,566,1.1718302
raw_native,background,,9329066,8.176172,7.7238836,295,0.45228863
raw_native,gt,2143.0,9309048,23.21216,15.605009,124,7.607151
raw_native,gt,337.0,9301092,31.711954,22.903578,543,8.808376
raw_native,gt,1300.0,9354119,13.87277,10.525926,150,3.3468447
raw_native,gt,1122.0,9306955,11.109933,10.547372,171,0.56256104
raw_native,gt,1129.0,9302800,33.62761,30.854782,447,2.7728271
raw_native,background,,9363329,6.3002,5.8806257,519,0.41957426
raw_native,background,,9364606,7.8548694,7.66006,481,0.19480944
raw_native,background,,9365076,3.8344567,3.7849855,367,0.04947114
raw_native,background,,9369554,8.397696,6.444289,262,1.9534063
raw_native,background,,9379692,9.045215,5.723634,523,3.321581
raw_native,background,,9380475,11.440255,9.527967,200,1.9122877
raw_native,background,,9384630,5.3464785,5.1502175,430,0.19626093
raw_native,background,,9389093,5.910062,5.4229946,177,0.48706722
raw_native,background,,9416836,15.0189295,13.715726,444,1.3032036
raw_native,gt,337.0,9377914,12.87698,11.053355,497,1.8236246
raw_native,gt,1300.0,9419571,27.807285,23.048437,219,4.758848
raw_native,gt,1122.0,9404021,12.824291,9.985554,503,2.8387375
raw_native,gt,1129.0,9368200,25.528358,22.960335,301,2.5680237
raw_native,background,,9437329,7.3563895,6.663736,211,0.69265366
raw_native,background,,9447287,9.933447,8.697254,390,1.2361927
raw_native,background,,9454876,14.700827,13.606611,508,1.0942154
raw_native,background,,9462003,7.2681046,6.008382,207,1.2597227
raw_native,background,,9473870,19.064753,15.882146,73,3.1826067
raw_native,background,,9479697,16.988745,12.543832,327,4.444913
raw_native,gt,720.0,9431204,6.0973234,5.9979234,96,0.09940004
raw_native,gt,664.0,9466665,17.845613,14.961791,42,2.8838224
raw_native,gt,1122.0,9439044,12.613602,7.1594567,171,5.454145
raw_native,gt,1129.0,9445105,17.643854,14.966045,315,2.6778088
raw_native,background,,9483351,7.204959,6.5878634,383,0.6170955
raw_native,background,,9488698,8.830615,8.326821,304,0.5037937
raw_native,background,,9489097,25.93699,22.821314,464,3.1156769
raw_native,background,,9498971,8.088755,7.712596,76,0.3761587
raw_native,background,,9514912,10.842851,9.339332,182,1.503519
raw_native,background,,9528219,11.314118,5.011478,305,6.3026404
raw_native,background,,9531176,6.176821,4.7948136,573,1.3820076
raw_native,background,,9537123,7.2985516,7.0025954,185,0.29595613
raw_native,background,,9537358,8.513057,5.716033,181,2.7970238
raw_native,gt,2143.0,9490728,25.374846,17.089458,124,8.285387
raw_native,gt,337.0,9525669,12.419369,11.167691,73,1.2516775
raw_native,gt,337.0,9539165,14.00098,11.623408,210,2.377572
raw_native,gt,1143.0,9488224,29.750774,20.083075,301,9.6677
raw_native,background,,9550189,13.965989,12.952514,184,1.0134754
raw_native,background,,9551892,12.640162,12.349659,497,0.2905035
raw_native,background,,9559333,7.41585,6.877379,537,0.5384712
raw_native,background,,9561119,16.53383,7.18816,301,9.345671
raw_native,background,,9564127,33.922802,30.590048,432,3.3327541
raw_native,background,,9587117,10.090518,10.02459,279,0.06592846
raw_native,background,,9589031,11.849016,11.529686,211,0.31933022
raw_native,background,,9591362,13.531725,12.302042,279,1.2296829
raw_native,background,,9593742,11.521514,9.957431,196,1.5640831
raw_native,gt,2143.0,9586955,26.86291,17.474272,124,9.388638
raw_native,gt,337.0,9540076,16.074959,16.064919,372,0.010040283
raw_native,gt,720.0,9560814,18.865732,10.949787,529,7.915945
raw_native,gt,1122.0,9560113,12.072601,10.3460045,362,1.7265968
raw_native,background,,9606113,8.163136,7.2405815,156,0.922554
raw_native,background,,9621152,6.2360935,6.166807,57,0.06928635
raw_native,background,,9626567,11.855663,11.566704,245,0.2889595
raw_native,background,,9632916,7.2154136,6.409326,207,0.8060875
raw_native,background,,9632952,5.513918,5.297218,415,0.21670008
raw_native,background,,9634847,7.580763,7.0416913,339,0.53907156
raw_native,background,,9653679,8.208309,7.2640333,266,0.94427586
raw_native,gt,1143.0,9648322,26.10389,23.459114,259,2.6447754
raw_native,gt,720.0,9615130,30.288576,24.678461,464,5.610115
raw_native,background,,9676732,37.240665,30.574322,371,6.6663437
raw_native,background,,9683233,15.060157,9.356398,45,5.703759
raw_native,background,,9699727,12.005806,11.647601,296,0.35820484
raw_native,background,,9704214,6.828021,3.9330177,426,2.8950033
raw_native,background,,9709558,7.705305,7.4656553,280,0.23964977
raw_native,background,,9709796,14.847995,12.250101,287,2.5978937
raw_native,gt,1143.0,9683958,16.75843,11.8610935,309,4.897337
raw_native,gt,720.0,9675668,12.380346,12.036908,443,0.34343815
raw_native,gt,1122.0,9668548,22.181145,19.080685,407,3.10046
raw_native,gt,1122.0,9717635,16.89137,14.303573,559,2.587798
raw_native,background,,9736836,10.562165,9.082859,304,1.4793062
raw_native,background,,9743484,20.578804,19.426756,327,1.1520481
raw_native,background,,9760466,10.873943,8.846361,33,2.0275822
raw_native,gt,2143.0,9731049,24.40338,18.025488,124,6.3778915
raw_native,gt,2143.0,9754726,31.817194,25.613115,538,6.2040787
raw_native,gt,94.0,9740223,41.355156,38.601734,433,2.7534218
raw_native,gt,337.0,9755295,27.42117,21.528183,211,5.8929863
raw_native,gt,1300.0,9753891,10.578412,9.151787,150,1.4266253
raw_native,gt,1122.0,9763651,16.380074,14.294251,190,2.085822
raw_native,gt,1129.0,9740076,18.34666,17.289762,315,1.0568981
raw_native,background,,9793426,9.844397,7.7439494,209,2.1004472
raw_native,background,,9799150,13.033635,11.571953,481,1.4616823
raw_native,background,,9802775,15.991648,15.035264,288,0.9563837
raw_native,background,,9819693,5.081334,5.0303755,146,0.050958633
raw_native,gt,2143.0,9824853,23.579247,15.445083,124,8.134164
raw_native,gt,1300.0,9832414,13.128802,11.779826,255,1.3489761
raw_native,gt,793.0,9813211,15.627273,10.755577,112,4.8716955
raw_native,gt,793.0,9821479,16.549706,13.574303,112,2.9754028
raw_native,gt,1129.0,9787178,8.978257,8.705287,57,0.2729702
raw_native,gt,1129.0,9803457,9.121551,7.3419986,32,1.779552
raw_native,background,,9841353,4.850455,4.528462,351,0.32199287
raw_native,background,,9843325,6.2946553,5.758429,0,0.5362263
raw_native,background,,9856927,5.866882,5.8304224,50,0.036459446
raw_native,background,,9885027,19.7808,18.441633,454,1.3391666
raw_native,background,,9887676,4.683428,4.5881395,81,0.09528828
raw_native,background,,9888947,5.694977,5.4293017,318,0.26567507
raw_native,background,,9897179,5.1278462,4.9807363,442,0.14710999
raw_native,gt,1300.0,9864912,8.965963,7.83399,150,1.1319733
raw_native,gt,1300.0,9873889,29.80987,26.332533,40,3.477337
raw_native,gt,1300.0,9879704,26.28625,21.727966,543,4.558283
raw_native,gt,1122.0,9858844,10.556708,8.190905,171,2.3658037
raw_native,gt,793.0,9883752,19.703287,15.302047,112,4.4012403
raw_native,background,,9913190,6.3902907,6.267385,0,0.12290573
raw_native,background,,9921874,6.65222,6.1271353,193,0.5250845
raw_native,background,,9928300,7.942536,6.3789163,9,1.5636196
raw_native,background,,9934453,17.01628,16.365232,486,0.65104675
raw_native,background,,9949766,20.131,19.694965,289,0.43603516
raw_native,background,,9953901,7.2196255,6.4395742,158,0.78005123
raw_native,gt,94.0,9936655,17.4704,17.289566,280,0.18083382
raw_native,gt,337.0,9921432,13.795407,12.462933,558,1.3324747
raw_native,gt,720.0,9918094,25.707212,24.458387,259,1.2488251
raw_native,gt,664.0,9940450,14.384451,11.417629,288,2.9668217
raw_native,gt,793.0,9921454,16.080172,13.239914,112,2.8402576
raw_native,gt,1129.0,9925754,26.4345,21.77714,206,4.65736
raw_native,background,,9960738,13.550412,11.590079,285,1.9603329
raw_native,background,,9962443,7.060769,6.1614523,150,0.8993168
raw_native,background,,9964458,11.107887,9.75496,298,1.3529272
raw_native,background,,9968256,5.6680326,5.5830507,591,0.08498192
raw_native,background,,9992308,6.998567,6.2074437,443,0.7911234
raw_native,gt,2143.0,10008059,27.558165,23.548725,124,4.0094395
raw_native,gt,94.0,10013786,21.695156,15.076702,187,6.618454
raw_native,gt,337.0,9979500,28.394653,23.089788,192,5.304865
raw_native,gt,337.0,9991600,44.2219,38.0247,493,6.197201
raw_native,gt,1143.0,9987394,9.642622,7.5670466,143,2.0755754
raw_native,gt,793.0,9999140,27.228529,23.748665,206,3.4798641
raw_native,background,,10021332,6.7171197,6.0900683,463,0.62705135
raw_native,background,,10033681,5.1312976,4.932368,357,0.19892979
raw_native,background,,10044312,20.861212,15.697389,529,5.163823
raw_native,background,,10052056,7.6747637,7.636779,566,0.037984848
raw_native,background,,10056191,7.7860374,7.785513,177,0.0005245209
raw_native,background,,10057475,6.946299,6.7060084,86,0.24029064
raw_native,background,,10065989,6.9529357,6.666066,158,0.28686953
raw_native,gt,2143.0,10042502,31.817104,25.436483,182,6.380621
raw_native,gt,94.0,10020201,12.45152,8.341896,358,4.109624
raw_native,gt,1143.0,10026320,13.290292,12.042115,143,1.2481766
raw_native,background,,10080470,12.252583,8.388227,334,3.864355
raw_native,background,,10088528,13.024474,9.352442,211,3.6720324
raw_native,background,,10101009,16.364876,15.989388,328,0.37548733
raw_native,background,,10116947,10.604765,9.745869,211,0.85889626
raw_native,background,,10123365,11.549267,10.429998,264,1.1192684
raw_native,background,,10127133,23.395126,22.796381,224,0.59874535
raw_native,background,,10133728,17.080967,15.129699,234,1.9512682
raw_native,background,,10135954,13.616122,9.462476,182,4.1536465
raw_native,background,,10136173,21.683283,10.724021,434,10.959262
raw_native,background,,10137041,4.7541685,4.244339,181,0.5098295
raw_native,gt,1143.0,10116665,27.963196,22.788677,40,5.1745186
raw_native,gt,664.0,10087968,21.77115,20.699562,454,1.0715885
raw_native,gt,664.0,10097648,16.656317,16.28463,26,0.37168694
raw_native,gt,1129.0,10083388,29.91186,27.336275,239,2.5755844
raw_native,background,,10143720,6.6144323,5.9864035,341,0.62802887
raw_native,background,,10150509,6.8238564,3.7285469,100,3.0953095
raw_native,background,,10156380,12.241959,11.50731,306,0.7346487
raw_native,background,,10168220,6.37372,6.1309385,554,0.24278164
raw_native,background,,10175333,4.844033,4.557885,584,0.2861476
raw_native,background,,10177305,10.274222,7.3400054,83,2.934217
raw_native,gt,720.0,10159028,26.320265,21.79325,192,4.5270157
raw_native,gt,1122.0,10191541,9.975621,9.330815,171,0.6448059
raw_native,background,,10201486,5.7629795,5.3227997,24,0.44017982
raw_native,background,,10205997,18.87559,16.550978,504,2.3246117
raw_native,background,,10219149,9.373682,8.678049,47,0.69563293
raw_native,background,,10256075,12.641698,11.27638,184,1.3653183
raw_native,gt,94.0,10211290,11.057546,10.611444,396,0.4461012
raw_native,gt,94.0,10222859,22.049252,14.320566,303,7.7286854
raw_native,gt,94.0,10252423,32.1095,29.466413,440,2.6430874
raw_native,gt,1122.0,10239411,25.29741,19.983812,260,5.3135967
raw_native,gt,1122.0,10246245,24.872408,22.096315,260,2.7760925
raw_native,gt,1122.0,10254650,13.641027,12.386031,82,1.2549963
raw_native,background,,10302085,9.939489,9.065431,30,0.8740587
raw_native,gt,2143.0,10293702,24.394234,22.591806,124,1.8024273
raw_native,gt,337.0,10312590,12.864237,10.740601,497,2.1236362
raw_native,gt,1129.0,10280230,12.2280035,11.145661,30,1.0823421
raw_native,background,,10334387,5.133882,4.813449,49,0.32043314
raw_native,background,,10339937,14.215403,6.7032433,178,7.5121593
raw_native,background,,10340296,5.215276,4.837292,166,0.37798357
raw_native,background,,10363335,14.324952,12.578387,252,1.7465649
raw_native,background,,10370262,5.5974035,4.766632,353,0.83077145
raw_native,background,,10370729,15.560893,8.095966,69,7.4649267
raw_native,background,,10375488,23.700531,19.13074,258,4.569792
raw_native,gt,1300.0,10333023,15.939647,14.777062,250,1.1625843
raw_native,background,,10381136,6.218223,5.0879354,83,1.1302876
raw_native,background,,10424347,5.0048018,4.9177217,416,0.08708
raw_native,background,,10427132,16.767628,14.281132,3,2.486496
raw_native,background,,10430294,19.461681,9.399212,243,10.0624695
raw_native,background,,10435312,7.239432,6.319919,455,0.91951275
raw_native,gt,1143.0,10429161,11.907123,10.173937,562,1.7331858
raw_native,gt,720.0,10399094,44.268192,28.204779,536,16.063414
raw_native,gt,1300.0,10383717,18.522936,11.177792,112,7.3451443
raw_native,gt,1122.0,10419669,52.004272,46.674816,237,5.3294563
raw_native,gt,1129.0,10404184,6.635582,6.302746,107,0.33283615
raw_native,background,,10440302,6.9520564,6.534725,52,0.41733122
raw_native,background,,10446253,9.478665,8.674823,329,0.80384254
raw_native,background,,10448184,10.086234,9.673468,414,0.41276646
raw_native,background,,10458531,19.174128,16.87474,438,2.299387
raw_native,background,,10462287,18.727589,8.073108,407,10.654481
raw_native,background,,10494478,15.714925,12.345382,287,3.369543
raw_native,background,,10497952,16.536734,14.807468,312,1.7292652
raw_native,gt,94.0,10454998,18.74256,18.539314,309,0.20324516
raw_native,gt,337.0,10463764,20.748535,17.752455,182,2.9960804
raw_native,gt,337.0,10471758,16.835926,13.6577,143,3.1782265
raw_native,gt,1143.0,10442135,14.042678,10.650253,178,3.3924246
raw_native,gt,1143.0,10444360,37.257908,17.933975,301,19.323933
raw_native,gt,720.0,10481666,6.1234846,5.8994255,357,0.2240591
raw_native,gt,1300.0,10465862,40.35311,36.010303,433,4.342808
raw_native,background,,10516127,7.871867,6.6633487,586,1.2085185
raw_native,background,,10520907,11.613277,10.538571,463,1.0747061
raw_native,background,,10521042,8.367092,7.704717,295,0.662375
raw_native,background,,10538826,16.060379,13.134376,314,2.9260035
raw_native,background,,10548339,5.4352126,5.3751383,50,0.06007433
raw_native,background,,10553274,8.713862,7.8147283,301,0.89913416
raw_native,background,,10559438,6.769669,6.7298117,488,0.039857388
raw_native,gt,94.0,10527485,11.32323,9.148405,358,2.1748247
raw_native,gt,94.0,10558147,38.39092,35.811676,235,2.5792427
raw_native,gt,1122.0,10556529,24.729559,23.67625,407,1.0533085
raw_native,gt,1129.0,10555063,9.482804,7.075578,135,2.407226
raw_native,gt,1129.0,10557494,30.214294,12.203251,301,18.011044
raw_native,background,,10560454,14.637809,13.568368,305,1.0694408
raw_native,background,,10563309,8.816034,8.689783,401,0.12625122
raw_native,background,,10566022,8.931946,7.9139204,177,1.0180254
raw_native,background,,10571594,11.305499,11.261975,472,0.04352379
raw_native,background,,10573068,7.609843,6.290606,45,1.3192368
raw_native,background,,10575217,32.305485,19.729189,208,12.576296
raw_native,background,,10599158,5.856242,5.4990673,367,0.35717487
raw_native,background,,10605259,13.9605875,13.504448,288,0.45613956
raw_native,background,,10608977,9.06588,8.03331,453,1.0325699
raw_native,gt,94.0,10606986,18.900782,17.85374,268,1.0470409
raw_native,gt,94.0,10608273,13.544973,13.226748,298,0.3182249
raw_native,gt,337.0,10613219,30.010204,21.700272,301,8.309933
raw_native,gt,1143.0,10560942,17.38337,15.221209,273,2.1621609
raw_native,gt,664.0,10603403,32.195553,24.988987,328,7.206566
raw_native,gt,1300.0,10561036,10.315149,9.350642,150,0.9645071
raw_native,gt,1122.0,10601044,11.854829,11.127167,282,0.7276621
raw_native,gt,793.0,10581232,25.463272,21.342361,218,4.1209106
raw_native,gt,1129.0,10576852,18.975704,17.156,543,1.819704
raw_native,gt,1129.0,10598474,13.805963,8.099301,211,5.706661
raw_native,gt,1129.0,10602623,8.529224,7.3474936,9,1.1817307
raw_native,background,,10636170,17.97499,14.67679,273,3.2982006
raw_native,background,,10647085,5.7615614,4.9400625,45,0.8214989
raw_native,background,,10648211,23.584839,18.232279,182,5.35256
raw_native,background,,10648378,5.2960753,5.0718064,181,0.22426891
raw_native,background,,10651249,6.788837,6.7043843,469,0.08445263
raw_native,background,,10663456,4.8730173,4.177111,308,0.69590616
raw_native,background,,10674995,7.0504546,6.7599473,358,0.29050732
raw_native,gt,94.0,10623568,18.748266,15.124951,260,3.6233149
raw_native,gt,94.0,10648866,13.004719,9.606621,10,3.398098
raw_native,gt,1300.0,10639858,15.601893,9.338159,178,6.263735
raw_native,gt,793.0,10645121,19.490595,12.929329,112,6.561266
raw_native,background,,10681168,9.535181,4.538261,149,4.99692
raw_native,background,,10712401,5.9029016,5.658192,463,0.24470949
raw_native,background,,10716157,17.486444,10.212224,367,7.2742205
raw_native,background,,10719085,8.548824,6.8702865,179,1.6785378
raw_native,background,,10725162,5.7448273,4.7720203,185,0.97280693
raw_native,background,,10730450,5.012577,4.6920853,286,0.3204918
raw_native,background,,10731302,9.152889,6.790352,409,2.3625374
raw_native,gt,94.0,10694898,33.910244,30.474667,274,3.4355774
raw_native,gt,94.0,10732077,22.295584,18.45181,259,3.843773
raw_native,gt,1143.0,10721739,15.396973,15.351701,84,0.045271873
raw_native,gt,793.0,10692126,21.76711,19.561634,252,2.2054768
raw_native,gt,1129.0,10705345,13.782366,9.142705,312,4.639661
raw_native,background,,10749288,14.849155,11.282566,550,3.5665894
raw_native,background,,10767454,12.332937,5.0300508,305,7.3028865
raw_native,background,,10772324,16.069069,13.121462,429,2.947607
raw_native,background,,10782058,18.256016,18.001097,267,0.25491905
raw_native,background,,10783548,8.758031,7.793964,517,0.964067
raw_native,background,,10794022,19.872133,15.647575,63,4.224558
raw_native,gt,2143.0,10789567,27.403522,21.906748,124,5.4967747
raw_native,gt,337.0,10750194,16.434782,13.59421,262,2.8405724
raw_native,gt,720.0,10768242,14.6926775,14.08995,285,0.6027279
raw_native,gt,664.0,10775912,9.064685,7.812416,523,1.2522688
raw_native,gt,1122.0,10766729,29.033594,22.215813,328,6.8177814
raw_native,background,,10801397,17.121769,12.037795,181,5.083974
raw_native,background,,10803481,8.662625,7.047959,169,1.6146665
raw_native,background,,10803535,18.9212,16.798927,407,2.1222725
raw_native,background,,10808643,8.560513,7.7552996,48,0.805213
raw_native,background,,10823582,4.6466136,4.520939,526,0.12567472
raw_native,background,,10826956,33.247276,24.538216,315,8.709061
raw_native,background,,10827333,6.5344415,5.7361217,166,0.7983198
raw_native,background,,10829808,16.039854,12.077148,410,3.9627056
raw_native,background,,10834662,8.195551,6.548501,539,1.6470499
raw_native,background,,10840612,27.282568,26.867702,274,0.4148655
raw_native,background,,10842500,10.649071,8.898606,517,1.7504644
raw_native,gt,2143.0,10815526,23.395535,16.75062,124,6.6449146
raw_native,gt,337.0,10836129,10.001823,8.993072,497,1.0087519
raw_native,gt,720.0,10837044,39.646667,30.763191,465,8.883476
raw_native,gt,1122.0,10803705,27.416243,23.32337,464,4.0928726
raw_native,gt,1129.0,10820708,10.19229,8.448868,285,1.7434225
raw_native,background,,10865103,4.886978,4.6909294,101,0.19604874
raw_native,background,,10881262,12.85911,12.784497,305,0.07461262
raw_native,background,,10892638,25.061275,24.138388,454,0.9228878
raw_native,gt,94.0,10878114,6.600766,6.535515,225,0.06525135
raw_native,gt,94.0,10913091,25.554638,21.68952,182,3.865118
raw_native,gt,337.0,10864974,30.181513,22.433475,206,7.7480373
raw_native,gt,1129.0,10895781,31.463797,30.160778,22,1.3030186
raw_native,background,,10923993,6.844697,5.895095,41,0.9496021
raw_native,background,,10925847,6.637697,6.0797253,590,0.55797195
raw_native,background,,10927258,13.5722475,10.03662,243,3.5356274
raw_native,background,,10927393,21.493086,17.485748,258,4.0073376
raw_native,background,,10956068,10.145041,8.778464,211,1.3665771
raw_native,gt,1122.0,10932005,9.695643,9.490331,169,0.20531273
raw_native,gt,793.0,10922819,21.781548,18.947866,112,2.833681
raw_native,background,,10993268,5.868849,5.4784374,351,0.39041138
raw_native,background,,10995131,14.346089,13.818866,179,0.5272236
raw_native,background,,10999668,9.028893,8.728725,358,0.30016804
raw_native,background,,11019726,9.797558,7.667505,47,2.130053
raw_native,background,,11022593,23.632917,17.612246,290,6.020672
raw_native,background,,11025094,6.3754954,6.338134,165,0.03736162
raw_native,background,,11029567,4.22949,4.2146916,77,0.014798164
raw_native,background,,11038531,14.84703,13.925395,288,0.9216347
raw_native,gt,94.0,10983443,34.834835,30.428595,471,4.4062405
raw_native,gt,1300.0,10983210,17.920452,13.736292,309,4.18416
raw_native,gt,1122.0,10993784,7.584682,7.5704656,211,0.014216423
raw_native,gt,1122.0,10996001,35.830345,32.02344,206,3.8069038
raw_native,gt,1129.0,11005547,8.191171,7.54582,179,0.64535046
raw_native,background,,11040752,8.280369,6.668024,47,1.6123447
raw_native,background,,11041700,7.8135853,7.347344,13,0.46624136
raw_native,background,,11047116,16.24323,16.198961,494,0.04426956
raw_native,background,,11052402,5.039776,3.8486693,347,1.1911066
raw_native,background,,11054872,8.971649,8.720467,193,0.25118256
raw_native,background,,11086758,11.996889,9.920398,184,2.0764914
raw_native,background,,11091527,27.326864,23.541481,274,3.7853832
raw_native,gt,2143.0,11059289,26.396122,16.381418,124,10.014704
raw_native,gt,720.0,11092037,9.571627,7.7869835,369,1.7846432
raw_native,gt,1122.0,11071030,9.545133,8.5643,297,0.98083305
raw_native,gt,1129.0,11091107,14.459333,9.945184,112,4.5141497
raw_native,background,,11110538,10.802675,8.651997,75,2.1506786
raw_native,background,,11116240,4.4693904,4.078886,352,0.39050436
raw_native,background,,11129747,18.930395,17.502125,258,1.4282703
raw_native,background,,11145782,6.410663,5.896594,436,0.5140691
raw_native,gt,664.0,11126727,13.133398,11.21465,193,1.9187479
raw_native,background,,11162896,8.8710985,6.974122,74,1.8969765
raw_native,background,,11168555,14.277446,7.5039973,273,6.7734485
raw_native,background,,11181894,29.794188,17.21721,303,12.576977
raw_native,background,,11182980,29.83712,23.438227,303,6.3988934
raw_native,background,,11208251,5.3893924,5.1184745,175,0.2709179
raw_native,background,,11208878,7.5614924,6.9111648,27,0.6503277
raw_native,gt,2143.0,11182472,29.300058,27.91948,316,1.380579
raw_native,gt,94.0,11207886,10.707845,10.677798,58,0.030046463
raw_native,gt,337.0,11173136,22.819124,21.915384,462,0.9037399
raw_native,gt,1122.0,11171379,12.177805,8.42356,171,3.7542448
raw_native,background,,11220464,22.480742,21.085482,454,1.3952599
raw_native,background,,11221136,19.517706,16.889202,182,2.6285038
raw_native,background,,11234812,11.612008,10.250897,354,1.3611107
raw_native,background,,11239494,9.526321,9.353275,298,0.17304611
raw_native,background,,11250152,11.213362,9.751032,32,1.4623299
raw_native,background,,11263745,14.316958,13.579046,453,0.7379122
raw_native,background,,11266594,28.6439,22.14172,328,6.50218
raw_native,gt,2143.0,11279526,24.728184,19.245264,124,5.4829197
raw_native,gt,720.0,11242910,14.119004,9.3462105,48,4.772794
raw_native,gt,1300.0,11264226,9.09688,7.612051,231,1.484829
raw_native,gt,793.0,11228407,14.984618,10.036312,112,4.948306
raw_native,background,,11291116,7.9786487,7.2641935,411,0.7144551
raw_native,background,,11299620,5.352011,5.110884,531,0.24112701
raw_native,background,,11300528,21.832739,18.644434,275,3.188305
raw_native,background,,11301810,18.437449,12.745389,243,5.6920595
raw_native,background,,11305774,16.591156,16.090523,243,0.50063324
raw_native,background,,11306269,4.4375105,4.1346316,408,0.30287886
raw_native,background,,11329686,6.557749,5.4730077,82,1.0847411
raw_native,gt,337.0,11292153,28.35859,26.592936,259,1.7656536
raw_native,gt,337.0,11319827,15.272098,13.618058,324,1.6540394
raw_native,background,,11345120,7.72641,7.359832,528,0.3665781
raw_native,background,,11348527,9.542922,7.131267,387,2.411655
raw_native,background,,11352605,14.462229,8.444879,178,6.01735
raw_native,background,,11357490,11.82323,9.638087,364,2.1851425
raw_native,background,,11363935,7.7424226,6.5392027,83,1.2032199
raw_native,background,,11367740,17.301733,8.079981,429,9.221752
raw_native,background,,11371721,13.688894,5.1807942,211,8.5081005
raw_native,background,,11391150,10.3979435,10.018541,53,0.37940216
raw_native,background,,11394006,6.629475,6.3186073,533,0.3108678
raw_native,gt,94.0,11363241,11.608367,10.912632,53,0.695735
raw_native,gt,1143.0,11350557,38.19566,24.542507,543,13.653152
raw_native,background,,11400880,5.0397925,4.9551044,374,0.08468819
raw_native,background,,11409479,21.707182,19.269379,192,2.4378033
raw_native,background,,11413107,5.695555,5.391523,529,0.30403233
raw_native,background,,11425647,9.850583,8.630995,217,1.2195883
raw_native,background,,11429631,4.953363,4.711336,54,0.2420268
raw_native,background,,11432084,4.9902573,4.294346,483,0.6959114
raw_native,background,,11435092,8.921715,8.837064,5,0.08465099
raw_native,background,,11439572,5.266351,5.1231403,175,0.14321089
raw_native,background,,11449969,6.5793734,5.75365,475,0.8257232
raw_native,background,,11450622,8.652697,8.521333,533,0.13136387
raw_native,background,,11451396,9.010912,7.175885,50,1.8350267
raw_native,background,,11453884,11.509499,10.1386595,266,1.3708391
raw_native,background,,11455557,5.8944798,5.475473,304,0.41900682
raw_native,gt,2143.0,11426594,24.952986,15.179154,124,9.773831
raw_native,gt,94.0,11438812,30.499823,29.750277,8,0.74954605
raw_native,gt,337.0,11449597,24.712826,22.921124,259,1.7917023
raw_native,gt,720.0,11407789,29.726036,24.817902,206,4.9081345
raw_native,gt,1300.0,11441363,8.70262,8.197859,143,0.50476074
raw_native,gt,1300.0,11450261,19.204367,14.106594,302,5.0977726
raw_native,gt,1122.0,11406847,7.760749,6.399474,569,1.3612747
raw_native,gt,1122.0,11430150,16.644672,10.530577,498,6.1140957
raw_native,background,,11472666,5.3930736,4.9106655,41,0.48240805
raw_native,background,,11478165,16.700285,12.125461,73,4.5748243
raw_native,background,,11478505,17.51412,15.596634,65,1.9174862
raw_native,background,,11482989,7.0646553,4.3787494,539,2.685906
raw_native,background,,11499848,4.705162,4.48679,168,0.21837187
raw_native,background,,11506443,5.611135,5.5375466,217,0.07358837
raw_native,background,,11506494,9.397136,8.700233,310,0.6969023
raw_native,background,,11508728,7.770946,5.959832,33,1.8111138
raw_native,gt,94.0,11483134,16.916574,13.988232,240,2.9283428
raw_native,gt,337.0,11503207,26.660574,17.394651,516,9.265923
raw_native,gt,720.0,11466687,19.144438,18.074638,200,1.0697994
raw_native,background,,11529448,38.429157,38.176674,89,0.25248337
raw_native,background,,11549496,13.508498,10.532817,217,2.9756813
raw_native,background,,11571909,8.210589,8.1851845,326,0.02540493
raw_native,background,,11579727,10.925915,10.907345,266,0.018569946
raw_native,gt,94.0,11562709,22.554367,18.153662,260,4.4007053
raw_native,gt,337.0,11531100,10.5538,9.995967,161,0.5578327
raw_native,gt,664.0,11568656,39.68683,33.910034,474,5.7767944
raw_native,gt,1122.0,11527697,18.604172,15.5746765,504,3.0294952
raw_native,gt,1129.0,11563031,20.917063,19.055212,91,1.8618507
raw_native,background,,11599245,5.566667,5.527552,59,0.039114952
raw_native,background,,11600075,5.6893263,5.2738585,390,0.41546774
raw_native,background,,11602303,15.831558,12.2015295,187,3.6300287
raw_native,background,,11616537,5.8924694,5.5155835,201,0.3768859
raw_native,background,,11618246,11.762113,10.758792,295,1.0033207
raw_native,background,,11624413,7.6884685,6.564071,416,1.1243973
raw_native,background,,11624559,5.5236473,5.192207,519,0.33144045
raw_native,background,,11624609,6.2515345,5.8871913,387,0.36434317
raw_native,background,,11628112,13.637145,12.545035,277,1.0921097
raw_native,gt,2143.0,11617704,26.808603,15.321241,124,11.487362
raw_native,gt,1143.0,11617265,11.714615,11.215422,143,0.4991932
raw_native,gt,664.0,11609872,8.263766,7.7178807,215,0.54588556
raw_native,gt,1300.0,11602504,22.040594,16.63409,63,5.4065037
raw_native,gt,1300.0,11634509,11.650389,9.321951,35,2.3284378
raw_native,background,,11643248,6.6961703,5.83924,44,0.85693026
raw_native,background,,11648337,6.45289,5.880731,66,0.5721588
raw_native,background,,11649898,9.630356,9.601973,338,0.028383255
raw_native,background,,11651069,6.8068423,5.4864182,90,1.3204241
raw_native,background,,11659513,21.081192,19.578583,200,1.5026093
raw_native,background,,11661547,11.649044,8.538161,66,3.1108828
raw_native,background,,11665333,5.4369073,4.888389,387,0.5485182
raw_native,background,,11671587,4.8622837,4.6241097,358,0.23817396
raw_native,gt,94.0,11692414,18.08531,16.16079,302,1.9245205
raw_native,gt,1143.0,11677681,10.645999,9.670602,398,0.9753971
raw_native,gt,720.0,11673934,15.502304,14.489529,6,1.0127754
raw_native,gt,1300.0,11680323,24.988844,18.932217,277,6.0566273
raw_native,gt,1122.0,11643932,19.542173,17.494118,504,2.0480556
raw_native,gt,1129.0,11647438,6.463027,6.1025367,329,0.36049032
raw_native,background,,11702976,35.473724,34.980473,433,0.4932518
raw_native,background,,11704257,15.681508,6.1661963,305,9.515312
raw_native,background,,11714464,9.337345,8.721671,24,0.615674
raw_native,background,,11715007,8.768352,8.562439,38,0.20591259
raw_native,background,,11723258,18.136889,16.725426,66,1.4114628
raw_native,background,,11752453,5.3939257,4.828858,74,0.56506777
raw_native,background,,11758686,15.252852,14.759705,287,0.49314785
raw_native,gt,94.0,11744406,8.333313,8.203328,79,0.12998486
raw_native,gt,664.0,11709977,12.849337,12.580579,463,0.26875782
raw_native,gt,1300.0,11717676,15.314674,13.0268755,3,2.287799
raw_native,gt,1122.0,11735452,21.35276,20.72998,128,0.62277985
raw_native,gt,1129.0,11700398,12.7091875,11.508209,315,1.2009783
raw_native,background,,11765733,5.2873516,4.8580103,590,0.42934132
raw_native,background,,11766943,5.179867,4.513529,110,0.66633797
raw_native,background,,11770958,19.008892,17.41275,265,1.5961418
raw_native,background,,11788074,14.258385,13.71083,245,0.54755497
raw_native,background,,11802705,7.954131,7.291558,523,0.66257334
raw_native,gt,1143.0,11791164,11.188695,10.549046,523,0.6396494
raw_native,gt,720.0,11760899,7.5997567,7.23348,45,0.36627674
raw_native,gt,1129.0,11783832,7.5661044,6.7051325,83,0.8609719
raw_native,background,,11823290,5.614736,5.0075116,470,0.60722446
raw_native,background,,11823305,30.01322,11.34258,301,18.670639
raw_native,background,,11823580,11.023938,10.319308,201,0.7046299
raw_native,background,,11830250,9.653402,8.670921,147,0.982481
raw_native,background,,11844546,10.902532,5.8046,467,5.097932
raw_native,background,,11850443,7.3654375,6.877145,566,0.4882927
raw_native,background,,11851233,9.631011,7.7145166,362,1.9164944
raw_native,background,,11869794,4.4451575,4.3422637,570,0.10289383
raw_native,background,,11870535,19.249449,16.656467,287,2.5929813
raw_native,background,,11873444,19.754858,15.466731,197,4.288127
raw_native,background,,11873890,18.266594,13.123383,73,5.1432114
raw_native,background,,11878092,7.5471144,6.6134267,500,0.9336877
raw_native,gt,94.0,11824079,9.729973,9.581695,217,0.14827824
raw_native,gt,1300.0,11844784,39.100185,30.625542,303,8.474644
raw_native,gt,1300.0,11876821,10.699612,10.37598,47,0.3236313
raw_native,gt,1122.0,11868199,14.158641,13.530628,240,0.62801266
raw_native,gt,1129.0,11868949,15.35205,9.628471,68,5.7235785
raw_native,background,,11899097,13.990926,13.265172,200,0.7257538
raw_native,background,,11902580,7.3253455,6.0608907,377,1.2644548
raw_native,background,,11903306,14.92299,12.082251,309,2.8407393
raw_native,background,,11922720,7.2149563,6.473475,54,0.7414813
raw_native,background,,11929866,5.4141192,5.3325834,586,0.081535816
raw_native,background,,11936027,9.158785,7.559311,249,1.599474
raw_native,background,,11938940,7.2953067,6.430153,64,0.8651538
raw_native,background,,11939598,21.941021,18.88547,216,3.0555515
raw_native,gt,2143.0,11910554,25.652565,18.772219,124,6.8803463
raw_native,gt,2143.0,11937204,23.797438,20.253674,124,3.543764
raw_native,gt,1143.0,11899279,9.856109,9.5055685,234,0.35054016
raw_native,gt,1143.0,11910080,19.294327,12.841796,68,6.452531
raw_native,gt,1300.0,11910335,8.230481,8.197346,248,0.033135414
raw_native,gt,1300.0,11917587,16.4774,15.983112,112,0.4942875
raw_native,gt,1129.0,11923081,16.96214,15.758847,283,1.2032919
raw_native,background,,11941606,10.977877,9.629161,236,1.3487158
raw_native,background,,11943411,7.314542,6.6943197,287,0.6202221
raw_native,background,,11948570,6.457486,4.5533056,445,1.9041805
raw_native,background,,11963215,12.121539,9.802167,314,2.3193722
raw_native,background,,11967190,12.776206,11.429761,247,1.3464451
raw_native,background,,11967914,8.033828,6.862213,175,1.1716146
raw_native,background,,11976047,5.8424172,5.3156776,333,0.5267396
raw_native,background,,11981563,9.294402,7.1040835,398,2.1903186
raw_native,gt,337.0,11940815,18.845282,16.923216,497,1.9220657
raw_native,gt,1143.0,11994667,19.48609,14.990287,214,4.495803
raw_native,gt,720.0,11960928,45.80682,37.811356,23,7.9954643
raw_native,gt,664.0,11951320,10.24267,10.2313795,415,0.01129055
raw_native,gt,664.0,11974247,16.84017,13.406163,26,3.4340067
raw_native,gt,1300.0,11989481,7.9583755,7.634901,255,0.3234744
raw_native,gt,1122.0,11965072,10.57353,8.465085,280,2.1084452
raw_native,background,,12006407,11.33415,10.668992,284,0.6651583
raw_native,background,,12011040,5.8210983,5.5530877,505,0.26801062
raw_native,background,,12016583,8.332091,7.51814,308,0.8139515
raw_native,background,,12021627,11.000193,10.796981,127,0.20321178
raw_native,background,,12023148,8.101674,5.030812,523,3.0708623
raw_native,background,,12034773,10.992328,9.604581,76,1.3877468
raw_native,background,,12035692,14.07052,13.194739,89,0.87578106
raw_native,background,,12039681,7.489572,6.7232127,211,0.7663593
raw_native,background,,12044134,7.3863344,5.9377112,580,1.4486232
raw_native,background,,12058378,12.052401,6.7192254,539,5.333175
raw_native,gt,1129.0,12048427,11.380447,9.081219,47,2.2992287
raw_native,background,,12069296,5.304692,4.9221563,444,0.38253546
raw_native,background,,12070774,15.748789,15.718341,201,0.03044796
raw_native,background,,12076132,18.425776,14.333717,324,4.092058
raw_native,background,,12091869,30.728907,19.365423,543,11.363483
raw_native,background,,12099586,5.5356765,4.619708,9,0.9159684
raw_native,background,,12109823,8.079623,7.36228,181,0.71734333
raw_native,background,,12111405,8.020011,6.348244,11,1.6717668
raw_native,background,,12119846,11.79725,8.370409,39,3.4268408
raw_native,gt,720.0,12114572,17.715914,6.6454554,68,11.070458
raw_native,gt,793.0,12071965,25.008865,19.306828,328,5.702038
raw_native,gt,1129.0,12064079,14.703825,12.785045,325,1.9187803
raw_native,background,,12132065,34.422234,23.277498,538,11.144735
raw_native,background,,12136469,21.173172,16.22407,65,4.9491024
raw_native,background,,12140508,14.118761,7.7774196,353,6.3413415
raw_native,background,,12149349,12.483284,12.437197,441,0.046087265
raw_native,background,,12175589,12.069395,10.166326,147,1.9030695
raw_native,gt,664.0,12153091,32.00386,25.60687,274,6.39699
raw_native,gt,664.0,12166065,15.658597,15.203337,522,0.45526028
raw_native,background,,12193687,21.399605,16.732784,190,4.6668205
raw_native,background,,12196834,29.3587,19.354156,206,10.004543
raw_native,background,,12197045,7.13741,6.7280207,463,0.4093895
raw_native,background,,12197200,16.736984,14.835797,441,1.901187
raw_native,background,,12214692,6.8019085,6.130799,60,0.6711097
raw_native,background,,12223699,6.176192,5.7261367,127,0.45005512
raw_native,background,,12239200,13.428344,12.8797035,463,0.54864025
raw_native,gt,2143.0,12191906,27.963686,27.778414,274,0.18527222
raw_native,gt,2143.0,12234680,23.301569,19.518032,124,3.783537
raw_native,gt,1129.0,12225222,6.6339993,5.8281717,304,0.8058276
raw_native,background,,12245750,7.3060174,6.648909,115,0.6571083
raw_native,background,,12261255,7.8015113,7.3825545,280,0.41895676
raw_native,background,,12269712,11.872327,11.069913,334,0.80241394
raw_native,background,,12278525,9.986384,9.847851,496,0.13853359
raw_native,background,,12280528,9.804539,8.815827,335,0.98871136
raw_native,background,,12280832,7.5476913,4.8519197,325,2.6957717
raw_native,background,,12288568,25.055836,23.36547,438,1.6903648
raw_native,gt,94.0,12272272,16.403517,8.723728,178,7.6797886
raw_native,gt,1143.0,12243390,31.599749,29.29134,479,2.3084087
raw_native,gt,720.0,12243094,7.022851,6.679721,278,0.3431301
raw_native,gt,1300.0,12293911,15.1612,8.612096,178,6.5491037
raw_native,gt,793.0,12248848,28.338612,27.79505,218,0.54356194
raw_native,gt,793.0,12272745,17.579613,10.2449045,112,7.334708
raw_native,background,,12302304,6.435521,6.214687,24,0.22083426
raw_native,background,,12310346,14.505396,10.76689,305,3.7385063
raw_native,background,,12310822,6.1751223,5.9187202,67,0.25640202
raw_native,background,,12314704,7.431756,7.426358,266,0.0053977966
raw_native,gt,720.0,12319834,13.745199,11.311283,254,2.433916
raw_native,gt,1300.0,12350911,22.789097,15.05749,512,7.7316065
raw_native,gt,1129.0,12305307,8.37463,6.67132,211,1.70331
raw_native,background,,12361133,3.930705,3.8181791,48,0.11252594
raw_native,background,,12374181,21.06278,19.242128,286,1.820652
raw_native,background,,12391626,8.939741,5.631018,46,3.308723
raw_native,background,,12391998,6.56725,6.062927,2,0.504323
raw_native,background,,12414539,4.7932525,4.5836945,569,0.20955801
raw_native,gt,1143.0,12360709,12.92163,11.418803,143,1.5028267
raw_native,gt,720.0,12385161,6.637834,6.557091,67,0.080742836
raw_native,gt,793.0,12375991,18.481558,12.720912,112,5.760646
raw_native,gt,1129.0,12381633,17.455648,16.68456,273,0.77108765
raw_native,background,,12425276,7.6608152,7.259479,196,0.4013362
raw_native,background,,12429318,7.614139,6.934855,257,0.6792841
raw_native,background,,12433919,9.130545,8.048204,196,1.0823402
raw_native,background,,12450343,5.3207803,5.0385375,571,0.28224277
raw_native,background,,12462254,5.0845637,4.4948783,295,0.58968544
raw_native,background,,12463353,7.663488,7.489981,83,0.17350674
raw_native,gt,1143.0,12464018,13.413949,12.184415,256,1.2295341
raw_native,gt,664.0,12426775,11.173269,10.3766575,147,0.7966118
raw_native,gt,793.0,12424729,18.104982,11.891538,112,6.2134447
raw_native,gt,793.0,12427421,17.920437,14.701453,112,3.2189837
raw_native,background,,12485486,15.592662,13.973578,182,1.6190834
raw_native,background,,12491361,6.6516337,5.758925,44,0.8927088
raw_native,background,,12505813,21.945274,16.288351,258,5.6569233
raw_native,background,,12518399,28.79618,24.928005,192,3.8681755
raw_native,gt,94.0,12517511,26.115175,19.035566,206,7.079609
raw_native,gt,94.0,12539378,10.889217,10.670637,5,0.21858025
raw_native,gt,1143.0,12525610,17.408379,16.212635,73,1.1957436
raw_native,gt,720.0,12485677,6.981349,6.0631886,256,0.91816044
raw_native,gt,664.0,12521158,7.525567,7.293756,347,0.23181105
raw_native,gt,1300.0,12480713,31.489382,27.947983,447,3.541399
raw_native,gt,1122.0,12480652,10.488716,9.580918,298,0.9077978
raw_native,gt,1129.0,12489818,24.651388,19.586708,249,5.06468
raw_native,gt,1129.0,12499923,10.0820675,9.995732,43,0.08633518
raw_native,background,,12540451,8.503057,8.431508,54,0.07154846
raw_native,background,,12546743,8.456956,5.977757,342,2.479199
raw_native,background,,12558801,9.559063,7.481174,228,2.077889
raw_native,background,,12560668,6.4869246,5.693601,228,0.7933235
raw_native,background,,12560762,25.723505,20.442957,15,5.280548
raw_native,background,,12568437,7.2503624,5.7273045,11,1.5230579
raw_native,background,,12572156,7.129133,5.1665244,59,1.9626088
raw_native,background,,12579598,7.435273,6.0740623,414,1.3612108
raw_native,background,,12598811,4.32262,4.130088,57,0.19253206
raw_native,gt,2143.0,12542113,25.772047,14.256317,124,11.51573
raw_native,gt,1143.0,12586333,34.615757,25.44432,538,9.171436
raw_native,gt,720.0,12544474,11.264166,10.619359,14,0.64480686
raw_native,gt,720.0,12574224,21.054691,15.982371,73,5.07232
raw_native,gt,793.0,12559026,24.948576,24.747412,195,0.20116425
raw_native,gt,1129.0,12581282,45.82804,41.834785,237,3.9932556
raw_native,background,,12600107,21.120342,17.598095,182,3.5222473
raw_native,background,,12600527,8.909972,5.1228533,41,3.787119
raw_native,background,,12612259,5.154069,4.2379518,150,0.9161172
raw_native,background,,12627801,10.394051,10.11661,71,0.27744102
raw_native,background,,12628170,5.0950847,4.5757113,135,0.5193734
raw_native,background,,12650805,16.211369,10.301053,303,5.9103155
raw_native,background,,12651986,6.5195665,6.404077,161,0.11548948
raw_native,gt,720.0,12644227,25.44366,18.794603,55,6.6490574
raw_native,gt,1122.0,12645597,11.953893,11.5776615,171,0.3762312
raw_native,gt,1129.0,12638166,20.795776,20.47948,300,0.31629562
raw_native,background,,12690061,14.144734,13.103977,146,1.0407572
raw_native,background,,12701580,14.27136,13.762548,177,0.50881195
raw_native,background,,12709811,7.9698725,5.913838,328,2.0560346
raw_native,background,,12717267,11.90483,6.9165688,475,4.988261
raw_native,background,,12717793,12.581638,11.76127,145,0.82036877
raw_native,gt,2143.0,12674481,23.487133,15.538474,124,7.948659
raw_native,gt,94.0,12700509,35.382843,26.869759,543,8.513084
raw_native,gt,337.0,12678063,11.829961,11.700762,497,0.12919903
raw_native,gt,337.0,12686088,25.730396,19.356401,407,6.373995
raw_native,gt,664.0,12686139,32.19492,27.065912,240,5.1290073
raw_native,gt,1122.0,12706196,21.055933,16.476227,282,4.579706
raw_native,background,,12736267,6.6119537,6.493585,17,0.118368626
raw_native,background,,12736374,5.493282,4.17859,377,1.314692
raw_native,background,,12736585,6.238854,5.930135,26,0.30871916
raw_native,background,,12741852,18.397278,16.773115,190,1.6241627
raw_native,background,,12745994,4.139133,3.7334914,52,0.40564156
raw_native,background,,12746400,20.309265,14.9374485,242,5.3718166
raw_native,background,,12760681,10.327647,8.851859,201,1.4757881
raw_native,background,,12761866,5.1037164,4.9787617,192,0.1249547
raw_native,background,,12765686,6.9212675,4.4194937,395,2.5017738
raw_native,background,,12767163,5.51881,5.4216847,156,0.09712505
raw_native,background,,12771837,6.4189115,5.693247,396,0.7256646
raw_native,background,,12775090,11.007669,6.057657,209,4.9500127
raw_native,gt,337.0,12747112,18.17499,16.72615,283,1.4488392
raw_native,gt,720.0,12740876,16.003468,14.015227,213,1.9882402
raw_native,gt,1122.0,12749676,17.650763,15.846764,218,1.803999
raw_native,gt,1129.0,12747405,12.237315,10.833375,329,1.4039402
raw_native,background,,12782215,5.2644124,4.530327,545,0.73408556
raw_native,background,,12792301,10.510627,9.575211,61,0.9354162
raw_native,background,,12798439,5.202555,5.045625,57,0.15692997
raw_native,background,,12809596,7.3687005,6.6082864,175,0.7604141
raw_native,background,,12813426,10.737223,6.579261,149,4.157962
raw_native,background,,12813430,8.211446,7.014703,149,1.196743
raw_native,background,,12827127,13.815122,11.679284,94,2.1358376
raw_native,background,,12829958,13.296053,7.315432,475,5.980621
raw_native,gt,1143.0,12803162,18.331396,16.696527,273,1.6348686
raw_native,gt,793.0,12799716,19.006588,12.388931,112,6.6176567
raw_native,gt,1129.0,12831537,43.000698,32.339844,23,10.660854
raw_native,background,,12861907,12.773342,8.914314,305,3.8590279
raw_native,background,,12870815,7.2132654,7.100484,404,0.112781525
raw_native,background,,12877756,21.471771,18.782057,269,2.6897144
raw_native,background,,12880244,20.779379,19.678066,479,1.1013126
raw_native,background,,12888731,11.106085,5.3409843,294,5.7651005
raw_native,background,,12892198,6.35619,6.1551256,309,0.20106459
raw_native,gt,2143.0,12890629,24.163857,13.968703,124,10.195153
raw_native,gt,94.0,12853947,14.241451,12.6355295,262,1.6059217
raw_native,gt,94.0,12860958,11.55706,9.308606,289,2.248454
raw_native,gt,1143.0,12878019,31.797321,28.21308,274,3.5842419
raw_native,gt,1300.0,12881260,28.937138,27.014324,328,1.9228134
raw_native,background,,12905657,6.4243255,5.8220887,409,0.60223675
raw_native,background,,12925946,10.485613,9.012714,533,1.4728985
raw_native,background,,12926935,26.149939,18.509226,303,7.6407127
raw_native,background,,12934081,15.398396,14.910723,315,0.4876728
raw_native,background,,12957832,11.563064,10.240422,17,1.3226414
raw_native,gt,1143.0,12948300,17.163692,16.769123,51,0.3945694
raw_native,gt,664.0,12924674,12.788884,11.411806,347,1.377078
raw_native,gt,1300.0,12917558,24.182566,19.492662,516,4.6899033
raw_native,gt,1300.0,12959788,8.314414,7.817895,143,0.4965191
raw_native,background,,12965650,16.145002,10.8506365,498,5.294366
raw_native,background,,12967716,10.015596,8.601302,185,1.4142942
raw_native,background,,12986737,10.916113,10.54481,378,0.3713026
raw_native,background,,12986839,5.8779287,5.5846915,406,0.2932372
raw_native,background,,12986858,4.8185916,4.508684,132,0.30990744
raw_native,background,,12991638,6.5282736,6.0808377,60,0.44743586
raw_native,background,,13016452,6.7961855,5.984363,41,0.8118224
raw_native,gt,94.0,13010729,11.012025,10.9909525,86,0.021072388
raw_native,gt,337.0,12996810,16.029821,13.271237,273,2.758584
raw_native,gt,720.0,12988089,15.850355,12.987785,334,2.8625698
raw_native,background,,13022099,9.811737,6.6440697,252,3.1676674
raw_native,background,,13028976,8.785488,6.008972,304,2.776516
raw_native,background,,13056810,15.086552,12.161749,200,2.9248028
raw_native,background,,13058936,8.502388,6.8992066,509,1.6031814
raw_native,background,,13062675,4.1107965,3.8495343,93,0.26126218
raw_native,background,,13065338,10.238108,9.870166,313,0.36794186
raw_native,gt,2143.0,13052679,25.172129,13.399358,124,11.772771
raw_native,gt,1143.0,13036367,14.717618,13.512751,279,1.2048674
raw_native,gt,1122.0,13044981,17.712116,15.610756,273,2.1013603
raw_native,gt,1129.0,13026648,11.276687,11.015209,150,0.26147747
raw_native,background,,13080152,19.940573,17.870895,287,2.0696774
raw_native,background,,13081448,12.483828,5.7248745,273,6.758953
raw_native,background,,13081467,5.8838305,4.7676225,203,1.1162081
raw_native,background,,13090246,7.9829664,6.222989,146,1.7599773
raw_native,background,,13096613,11.832162,9.83104,497,2.0011215
raw_native,background,,13098351,8.482765,8.215107,557,0.26765823
raw_native,background,,13121234,40.221363,35.100574,433,5.1207886
raw_native,background,,13126507,6.164823,4.310774,161,1.8540492
raw_native,background,,13134011,14.067562,13.811646,230,0.25591564
raw_native,background,,13138890,15.8570385,14.761433,253,1.0956059
raw_native,background,,13138937,13.402362,12.849763,334,0.55259895
raw_native,gt,94.0,13102303,41.93347,36.98769,237,4.9457817
raw_native,gt,337.0,13131127,11.996905,9.684557,497,2.3123484
raw_native,gt,1143.0,13116462,17.110428,13.731075,310,3.3793526
raw_native,gt,720.0,13083013,30.607077,26.74548,192,3.861597
raw_native,gt,1300.0,13092960,20.562231,17.948614,187,2.613617
raw_native,background,,13163077,7.8512793,7.448353,27,0.40292645
raw_native,background,,13166928,12.169566,8.656174,211,3.5133924
raw_native,background,,13170529,7.268924,6.6385436,172,0.63038063
raw_native,background,,13170663,10.703108,8.63165,466,2.0714579
raw_native,background,,13170693,14.882092,6.726234,273,8.155859
raw_native,gt,2143.0,13168937,26.223677,20.585453,124,5.6382236
raw_native,gt,1143.0,13156560,13.461165,11.043745,143,2.4174204
raw_native,gt,1143.0,13195421,28.313427,24.164253,464,4.1491737
raw_native,gt,664.0,13195799,10.208042,8.884814,358,1.3232279
raw_native,background,,13201940,5.7371182,4.906643,177,0.83047533
raw_native,background,,13223741,12.41273,8.736132,410,3.6765985
raw_native,gt,1143.0,13217567,25.194992,23.914463,407,1.280529
raw_native,background,,13271759,14.504224,11.326186,535,3.1780376
raw_native,background,,13272444,17.343626,14.775554,257,2.5680723
raw_native,background,,13277243,6.36083,6.2984576,306,0.062372208
raw_native,background,,13292524,15.177696,14.18738,223,0.9903164
raw_native,background,,13294295,13.008097,10.593133,314,2.4149637
raw_native,background,,13297960,5.1767936,4.7475834,33,0.4292102
raw_native,background,,13305505,10.868553,10.1807165,210,0.68783665
raw_native,background,,13305997,9.411422,8.99894,300,0.4124813
raw_native,gt,2143.0,13275878,26.19339,24.161026,124,2.032364
raw_native,gt,1143.0,13306836,15.544508,14.421791,143,1.1227169
raw_native,gt,664.0,13285083,9.1979265,8.745204,32,0.45272255
raw_native,gt,1300.0,13289545,19.580856,16.000755,302,3.580101
raw_native,gt,1122.0,13279721,19.539303,18.35424,527,1.1850624
raw_native,gt,1122.0,13303115,25.478746,13.852155,301,11.626592
raw_native,background,,13323425,3.7312794,3.5366879,64,0.19459152
raw_native,background,,13326525,5.82239,5.5757217,32,0.24666834
raw_native,background,,13330022,5.5604696,5.272946,497,0.28752375
raw_native,background,,13330153,10.406301,4.8637447,558,5.542556
raw_native,background,,13333600,9.255626,8.986496,13,0.26912975
raw_native,background,,13344990,17.617428,13.335687,182,4.281741
raw_native,background,,13363445,5.345563,5.071154,502,0.27440882
raw_native,background,,13368940,25.881495,22.130943,420,3.7505512
raw_native,background,,13375918,20.373093,19.137201,29,1.2358913
raw_native,gt,664.0,13345207,24.579935,20.946901,187,3.6330338
raw_native,gt,1300.0,13355259,10.052013,8.87025,150,1.1817636
raw_native,gt,793.0,13320919,18.567839,13.696401,112,4.871438
raw_native,gt,793.0,13346269,24.36355,22.02804,257,2.3355103
raw_native,background,,13384975,8.618361,7.8468018,523,0.7715597
raw_native,background,,13392665,8.415766,6.668097,26,1.7476687
raw_native,background,,13393855,12.354478,7.9780664,533,4.3764114
raw_native,background,,13433025,6.053366,5.912179,363,0.14118719
raw_native,gt,2143.0,13439176,27.148096,22.921255,124,4.226841
raw_native,gt,337.0,13430233,32.171642,28.178177,148,3.9934654
raw_native,gt,720.0,13408523,19.030708,17.715885,273,1.3148232
raw_native,gt,664.0,13384689,8.568271,8.326641,59,0.2416296
raw_native,gt,1129.0,13384148,11.32504,11.070709,127,0.25433064
raw_native,gt,1129.0,13412809,6.4905043,5.9200215,17,0.57048273
raw_native,gt,1129.0,13429535,19.817997,16.939323,286,2.8786736
raw_native,background,,13443223,5.5608816,5.420543,233,0.14033842
raw_native,background,,13446578,15.973616,14.810786,250,1.1628294
raw_native,background,,13453382,11.910869,10.75022,76,1.1606483
raw_native,background,,13465660,6.2881975,5.9219337,163,0.36626387
raw_native,background,,13466431,11.05287,10.119059,53,0.9338112
raw_native,background,,13477296,5.531241,5.4785757,135,0.052665234
raw_native,background,,13477488,9.775731,9.56277,10,0.2129612
raw_native,background,,13486085,16.241268,15.714274,146,0.52699375
raw_native,background,,13486391,5.5342407,4.6036525,347,0.93058825
raw_native,gt,2143.0,13496082,27.161785,18.04389,124,9.117895
raw_native,gt,337.0,13499544,13.271998,12.168925,497,1.1030731
raw_native,gt,1143.0,13479728,12.146544,11.774653,38,0.37189102
raw_native,gt,664.0,13469195,19.714552,15.372794,260,4.341758
raw_native,gt,1122.0,13478264,36.467823,26.450073,237,10.01775
raw_native,background,,13500259,23.985462,19.641918,290,4.343544
raw_native,background,,13517854,3.7709248,3.5522127,180,0.21871209
raw_native,background,,13554700,7.184371,6.332735,211,0.85163593
raw_native,background,,13557637,11.654381,10.316966,444,1.3374147
raw_native,gt,2143.0,13546513,24.107716,14.67137,124,9.436346
raw_native,gt,1143.0,13508951,11.712361,11.3389635,475,0.37339783
raw_native,gt,1122.0,13501616,14.197673,11.3988695,257,2.7988033
raw_native,gt,793.0,13508756,17.915543,12.63875,112,5.2767925
raw_native,gt,793.0,13529911,17.867226,17.38577,112,0.48145485
raw_native,gt,793.0,13545672,17.183475,12.716375,112,4.4671
raw_native,gt,793.0,13551959,17.72099,11.30076,112,6.420229
raw_native,background,,13562165,12.043619,10.369108,263,1.674511
raw_native,background,,13568218,10.540168,8.470602,354,2.0695658
raw_native,background,,13584989,21.158566,18.60443,219,2.5541363
raw_native,background,,13588143,15.356853,5.3973017,467,9.959551
raw_native,gt,337.0,13570558,17.018446,14.713101,252,2.3053446
raw_native,gt,337.0,13590898,12.820699,9.359337,497,3.461362
raw_native,gt,1143.0,13575512,19.076887,18.851032,182,0.22585487
raw_native,gt,793.0,13593772,18.231583,13.61095,112,4.620632
raw_native,background,,13638632,11.073289,8.612976,71,2.4603128
raw_native,background,,13666271,18.934391,17.685848,186,1.2485428
raw_native,background,,13666350,8.780471,6.9716334,76,1.8088374
raw_native,background,,13673088,14.271492,13.3408165,270,0.9306755
raw_native,gt,2143.0,13673533,26.030703,15.191905,124,10.838798
raw_native,gt,337.0,13668601,13.0621395,10.295996,334,2.7661438
raw_native,gt,1143.0,13651262,12.066965,11.759986,143,0.30697918
raw_native,gt,1122.0,13669996,14.494018,13.652732,209,0.8412857
raw_native,gt,793.0,13644864,19.82451,13.868891,112,5.95562
raw_native,background,,13681680,6.901639,6.5612254,471,0.34041357
raw_native,background,,13692817,7.5563636,7.439662,308,0.1167016
raw_native,background,,13698100,6.5511837,6.0200934,52,0.53109026
raw_native,background,,13707177,7.1946363,5.8754807,209,1.3191557
raw_native,background,,13707253,6.9526563,5.069465,56,1.8831911
raw_native,background,,13708777,9.680135,6.681475,163,2.9986596
raw_native,background,,13709245,34.974514,31.119736,275,3.8547783
raw_native,background,,13724653,5.499278,5.1439877,217,0.3552904
raw_native,background,,13728731,5.566395,5.4477825,192,0.11861229
raw_native,background,,13731910,10.613039,10.509791,438,0.10324764
raw_native,background,,13737850,9.165413,7.828089,54,1.3373237
raw_native,gt,1300.0,13719375,26.845812,21.632835,40,5.2129765
raw_native,gt,1129.0,13703056,6.8785553,6.8603277,83,0.018227577
raw_native,background,,13751170,4.5479436,4.317993,331,0.22995043
raw_native,background,,13771608,9.544014,9.293858,32,0.2501564
raw_native,background,,13783061,4.8898644,4.574442,30,0.31542253
raw_native,gt,1122.0,13778536,7.139903,7.100755,441,0.039147854
raw_native,gt,1129.0,13798623,24.56963,19.776886,42,4.7927437
raw_native,background,,13805796,6.0815377,3.645699,289,2.4358387
raw_native,background,,13808017,4.1070485,3.805713,211,0.30133557
raw_native,background,,13827347,6.970068,6.834363,496,0.135705
raw_native,background,,13827431,4.8189216,4.5989237,166,0.21999788
raw_native,background,,13829039,5.7394557,4.8734837,57,0.86597204
raw_native,background,,13832901,9.585798,7.163906,100,2.4218922
raw_native,background,,13840138,7.211329,6.8293324,50,0.38199663
raw_native,background,,13857263,12.746215,10.986376,315,1.759839
raw_native,gt,2143.0,13804856,25.43532,16.32738,124,9.107941
raw_native,gt,94.0,13813767,12.350102,9.468976,550,2.8811264
raw_native,gt,337.0,13809529,13.093794,11.098771,550,1.9950228
raw_native,gt,720.0,13808461,9.818778,8.774779,149,1.0439987
raw_native,gt,720.0,13832385,15.460225,13.714075,455,1.74615
raw_native,gt,1300.0,13842703,18.320257,16.895775,372,1.4244823
raw_native,gt,1300.0,13858453,33.200695,23.378246,465,9.822449
raw_native,background,,13899094,8.699733,8.389544,352,0.31018925
raw_native,background,,13907096,14.356872,12.764533,250,1.5923386
raw_native,background,,13910847,5.5621657,5.031776,52,0.5303898
raw_native,background,,13919561,7.729909,7.6484303,335,0.081478596
raw_native,gt,2143.0,13883857,30.630817,27.670572,21,2.9602451
raw_native,gt,337.0,13889512,38.938057,31.991869,446,6.946188
raw_native,gt,664.0,13897501,34.438,31.070822,487,3.367178
raw_native,gt,664.0,13905589,9.047135,6.557634,347,2.4895015
raw_native,gt,1122.0,13908208,10.829379,5.2761564,171,5.5532227
raw_native,gt,793.0,13883022,20.590498,16.513502,112,4.076996
raw_native,gt,1129.0,13867213,10.932058,10.889208,270,0.042850494
raw_native,background,,13920453,12.632207,11.939145,230,0.6930618
raw_native,background,,13929981,13.672265,12.787156,243,0.88510895
raw_native,background,,13930429,4.812243,4.2080903,95,0.6041527
raw_native,background,,13931981,6.4829793,5.446911,249,1.0360684
raw_native,background,,13938053,8.001176,6.085354,369,1.915822
raw_native,background,,13956567,20.091063,18.53797,315,1.553093
raw_native,background,,13961730,12.785598,12.74026,250,0.045337677
raw_native,background,,13963386,37.053486,27.222841,560,9.830645
raw_native,background,,13963392,19.456507,14.347948,566,5.1085587
raw_native,gt,94.0,13959201,12.669795,11.659992,498,1.0098028
raw_native,gt,720.0,13968562,15.469788,13.252731,277,2.2170563
raw_native,background,,13981892,18.010124,17.544046,267,0.4660778
raw_native,background,,13988669,7.9050303,6.435455,559,1.4695754
raw_native,background,,13991011,15.316823,11.685934,73,3.630889
raw_native,background,,13996712,15.863667,13.645504,287,2.2181625
raw_native,background,,14001268,11.7780905,6.3801575,498,5.397933
raw_native,background,,14007860,30.300934,22.859064,538,7.4418697
raw_native,background,,14021396,8.42733,5.253566,201,3.1737642
raw_native,background,,14026584,14.909934,12.470865,296,2.4390688
raw_native,background,,14029620,9.348086,9.209134,182,0.13895226
raw_native,background,,14030021,6.6943345,5.8652573,353,0.82907724
raw_native,background,,14032461,8.340967,6.6818323,467,1.6591349
raw_native,background,,14035702,29.485199,24.112171,274,5.373028
raw_native,background,,14036501,5.2223034,4.5036197,25,0.7186837
raw_native,gt,2143.0,14010930,29.854992,26.579811,434,3.2751808
raw_native,gt,94.0,14000067,11.478815,11.356986,312,0.12182903
raw_native,gt,94.0,14037405,10.25805,9.251527,335,1.0065231
raw_native,gt,337.0,14010716,21.773235,21.764532,301,0.008703232
raw_native,gt,720.0,14004146,12.958297,11.83796,196,1.1203365
raw_native,gt,1122.0,13985679,35.235622,25.613262,301,9.62236
raw_native,gt,1122.0,14010488,13.63643,13.108715,262,0.5277147
raw_native,gt,1129.0,14035068,34.26205,28.774746,552,5.4873047
raw_native,background,,14043916,10.943029,8.539754,61,2.4032755
raw_native,background,,14078124,13.494488,8.172933,63,5.321555
raw_native,background,,14089659,8.031779,7.422268,318,0.6095114
raw_native,background,,14090935,4.8809285,4.813232,337,0.06769657
raw_native,background,,14092363,5.1745043,4.9476438,173,0.22686052
raw_native,gt,2143.0,14041728,23.3777,13.387167,124,9.990534
raw_native,gt,1122.0,14076414,15.644608,11.123274,182,4.5213337
raw_native,gt,793.0,14044466,19.867405,17.811327,265,2.056078
raw_native,gt,793.0,14044896,22.843922,16.755686,407,6.088236
raw_native,gt,793.0,14047915,22.016825,18.568775,315,3.4480495
raw_native,gt,793.0,14048667,31.344955,25.266153,328,6.078802
raw_native,background,,14102962,7.082512,5.8509064,517,1.2316055
raw_native,gt,720.0,14112739,13.50924,10.691444,26,2.8177958
raw_native,gt,664.0,14158716,9.766766,9.666478,347,0.10028744
raw_native,background,,14168483,13.86598,13.060176,432,0.80580425
raw_native,background,,14170180,5.1826005,5.026686,55,0.1559143
raw_native,background,,14197287,8.155697,8.08356,191,0.07213688
raw_native,background,,14200336,12.956275,12.724645,238,0.23163033
raw_native,background,,14200517,14.056528,13.756425,250,0.3001032
raw_native,background,,14219385,10.743805,8.51409,175,2.2297153
raw_native,gt,94.0,14181344,36.09112,14.819156,301,21.271965
raw_native,gt,720.0,14180322,7.8234086,6.672491,144,1.1509175
raw_native,gt,1129.0,14217774,30.130486,24.002874,192,6.127611
raw_native,background,,14228789,13.205647,10.254895,83,2.9507523
raw_native,background,,14231385,8.202555,6.766359,405,1.4361959
raw_native,background,,14239092,6.100813,5.9219017,180,0.17891121
raw_native,background,,14245403,9.365466,7.5010333,144,1.8644328
raw_native,background,,14257103,5.378217,4.2272387,592,1.1509786
raw_native,background,,14273899,14.548444,12.130847,558,2.4175968
raw_native,gt,94.0,14247099,11.074833,10.937695,145,0.13713837
raw_native,gt,1300.0,14237480,16.23997,13.306514,265,2.9334555
raw_native,background,,14283939,4.4957123,3.8618608,539,0.6338515
raw_native,background,,14284247,30.764956,28.522982,452,2.2419739
raw_native,background,,14285105,5.6441894,5.576735,496,0.06745434
raw_native,background,,14286997,7.664081,7.6121035,172,0.051977634
raw_native,background,,14298295,28.485403,24.339367,303,4.146036
raw_native,background,,14319467,6.7811832,6.557041,377,0.22414207
raw_native,background,,14323085,12.1936245,10.359358,319,1.8342667
raw_native,background,,14329405,4.5793047,4.0357337,135,0.543571
raw_native,background,,14329566,14.567247,14.56059,250,0.0066576004
raw_native,gt,2143.0,14323431,25.652271,16.17782,124,9.474451
raw_native,gt,1143.0,14282422,29.63211,21.867344,303,7.7647667
raw_native,gt,1143.0,14336124,12.206457,10.588009,193,1.6184483
raw_native,gt,1122.0,14323592,14.398786,11.72951,214,2.6692753
raw_native,gt,793.0,14309149,19.122396,18.338652,112,0.7837448
raw_native,gt,1129.0,14291114,7.133788,6.5545754,193,0.57921267
raw_native,background,,14364401,14.87682,11.353783,231,3.523037
raw_native,background,,14369288,4.8064947,4.671124,497,0.13537073
raw_native,background,,14384091,8.468228,7.617665,461,0.8505635
raw_native,background,,14385257,25.475533,24.701954,217,0.77357864
raw_native,background,,14390015,9.274355,8.640943,278,0.63341236
raw_native,background,,14390650,25.870348,18.46223,219,7.4081173
raw_native,background,,14399146,44.57562,36.607227,23,7.9683914
raw_native,gt,2143.0,14354461,26.881449,15.70335,124,11.178099
raw_native,gt,1300.0,14390332,29.044353,14.390715,301,14.653639
raw_native,gt,1122.0,14388215,26.72308,22.31929,42,4.4037895
raw_native,gt,793.0,14348602,18.875788,13.899753,112,4.976035
raw_native,background,,14403959,17.993832,17.891058,285,0.10277367
raw_native,background,,14406670,15.635349,14.958668,295,0.6766815
raw_native,background,,14418119,4.8095045,4.8043737,211,0.005130768
raw_native,background,,14428298,17.709929,15.760987,530,1.9489412
raw_native,background,,14428957,11.439269,10.651687,392,0.7875824
raw_native,background,,14432399,35.324585,21.148598,538,14.175987
raw_native,background,,14437088,5.4464927,5.298979,194,0.14751387
raw_native,background,,14450493,7.059386,6.8727827,163,0.18660307
raw_native,background,,14452523,13.101709,12.4614,250,0.64030933
raw_native,background,,14455367,7.809382,7.322767,177,0.48661518
raw_native,gt,1143.0,14406413,18.289831,13.044938,73,5.244893
raw_native,gt,1300.0,14400081,24.46819,20.01078,42,4.457409
raw_native,gt,1300.0,14409178,10.231744,8.124946,254,2.1067982
raw_native,gt,793.0,14427439,18.887999,13.565787,112,5.3222113
raw_native,background,,14482752,8.9718685,8.734631,513,0.23723793
raw_native,background,,14498457,7.265446,7.016943,483,0.24850321
raw_native,background,,14502412,8.944234,8.428544,209,0.51568985
raw_native,background,,14503555,15.03486,10.628041,410,4.4068184
raw_native,gt,2143.0,14473872,29.728092,24.746572,216,4.9815197
raw_native,gt,94.0,14510811,14.3686,8.070449,301,6.298151
raw_native,background,,14526442,14.395949,12.152731,252,2.2432184
raw_native,background,,14528793,6.862146,6.2713103,175,0.5908356
raw_native,background,,14534301,8.752774,8.305214,130,0.4475603
raw_native,background,,14534926,7.7003813,7.4516788,73,0.24870253
raw_native,background,,14546435,15.422469,14.679555,315,0.7429142
raw_native,background,,14561983,5.7919893,5.528732,15,0.2632575
raw_native,gt,337.0,14543371,22.688225,20.322954,316,2.3652706
raw_native,gt,1143.0,14520327,13.177406,11.701941,358,1.4754658
raw_native,gt,1300.0,14579282,10.980739,10.154448,362,0.8262911
raw_native,background,,14581416,18.655155,13.953702,197,4.701453
raw_native,background,,14591732,5.2778378,5.2492375,211,0.028600216
raw_native,background,,14599021,11.213708,10.173144,243,1.0405636
raw_native,background,,14601721,11.9285145,10.6134205,257,1.315094
raw_native,background,,14604323,6.496763,6.0087724,26,0.48799086
raw_native,background,,14622810,12.063465,11.945303,309,0.118162155
raw_native,background,,14627585,5.6377225,5.44361,181,0.1941123
raw_native,background,,14633894,10.676816,10.50595,3,0.17086601
raw_native,background,,14634741,7.0162373,6.875062,150,0.14117527
raw_native,gt,2143.0,14624461,32.604515,26.190413,301,6.4141026
raw_native,gt,94.0,14622459,21.178917,15.152856,434,6.026061
raw_native,gt,664.0,14599447,26.02658,23.816948,462,2.2096329
raw_native,gt,664.0,14615978,20.29523,19.54319,277,0.75204086
raw_native,gt,1122.0,14625234,8.690867,7.8678546,38,0.8230128
raw_native,gt,793.0,14602469,22.497541,19.447304,258,3.0502377
raw_native,background,,14648245,18.831654,17.447594,4,1.3840599
raw_native,background,,14682879,17.119175,14.703204,207,2.4159708
raw_native,background,,14684658,9.57258,8.736224,191,0.83635616
raw_native,gt,94.0,14662923,25.97593,24.953154,328,1.0227757
raw_native,background,,14701005,22.297482,21.25968,210,1.0378017
raw_native,background,,14701207,7.9675064,7.629041,557,0.3384652
raw_native,background,,14706501,23.407822,16.546087,320,6.8617344
raw_native,background,,14729780,20.824968,14.268127,210,6.556841
raw_native,background,,14730750,8.853801,3.959494,304,4.8943067
raw_native,background,,14748818,7.9980226,7.2875032,533,0.7105193
raw_native,background,,14749642,13.792252,11.092653,48,2.6995983
raw_native,background,,14754566,6.5644794,5.8835607,502,0.6809187
raw_native,background,,14756136,5.890665,5.0109954,43,0.87966967
raw_native,gt,2143.0,14708467,23.288439,20.869925,124,2.4185143
raw_native,gt,1143.0,14703140,25.048042,14.862235,543,10.185807
raw_native,gt,720.0,14712503,27.459505,24.358168,206,3.1013374
raw_native,gt,720.0,14729376,6.4946294,6.0863514,54,0.408278
raw_native,background,,14805859,15.743491,11.659089,236,4.084402
raw_native,background,,14813485,9.080398,8.023619,16,1.0567789
raw_native,gt,94.0,14760591,7.2131643,6.94006,464,0.2731042
raw_native,gt,94.0,14799566,17.228369,14.764232,273,2.464137
raw_native,gt,337.0,14795432,12.837353,12.640351,485,0.19700146
raw_native,gt,720.0,14784361,6.36931,6.3038507,558,0.06545925
raw_native,gt,664.0,14783446,26.609161,22.941803,192,3.6673584
raw_native,gt,1129.0,14785766,20.282845,18.19706,454,2.085785
raw_native,background,,14836258,7.845652,7.8198495,2,0.025802612
raw_native,background,,14843210,9.336591,5.5681405,76,3.7684503
raw_native,background,,14843233,6.4375253,6.116949,28,0.3205762
raw_native,background,,14847178,6.208896,5.780029,194,0.42886734
raw_native,background,,14854882,6.4395704,5.2464314,2,1.1931391
raw_native,background,,14854911,8.681128,6.68533,539,1.9957976
raw_native,background,,14858638,7.0575705,5.984048,228,1.0735226
raw_native,background,,14875376,6.0423126,5.7736435,444,0.26866913
raw_native,gt,94.0,14833577,16.834705,12.845506,289,3.9891996
raw_native,gt,793.0,14851081,19.193243,14.700669,112,4.4925737
raw_native,background,,14889920,7.2988257,7.1345477,222,0.16427803
raw_native,background,,14909496,11.667263,10.678817,243,0.98844624
raw_native,background,,14909905,11.125546,8.83402,309,2.2915268
raw_native,background,,14920385,6.704672,5.1641726,41,1.5404992
raw_native,background,,14921244,16.449568,16.352444,266,0.0971241
raw_native,background,,14926260,8.821538,8.250337,354,0.5712013
raw_native,gt,2143.0,14889745,26.626654,16.4851,124,10.141554
raw_native,gt,94.0,14896699,27.734667,25.588547,239,2.14612
raw_native,background,,14952105,4.7460194,4.641801,175,0.10421848
raw_native,background,,14961138,19.11809,16.912325,473,2.2057648
raw_native,background,,14967828,7.38664,7.34588,294,0.04076004
raw_native,background,,14988073,7.764565,7.447406,500,0.31715918
raw_native,gt,94.0,14972295,12.881645,10.507633,35,2.374012
raw_native,gt,94.0,14993718,15.969195,13.475556,334,2.493639
raw_native,gt,337.0,14944872,47.13519,44.7222,237,2.4129906
raw_native,gt,337.0,14989165,23.889906,15.347815,320,8.542091
raw_native,gt,720.0,14956576,13.978076,12.082978,268,1.8950977
raw_native,gt,664.0,14949416,34.982357,34.59603,434,0.38632584
raw_native,gt,1300.0,14979078,9.533142,7.5820937,150,1.9510484
raw_native,gt,1129.0,14955755,15.514659,10.907032,334,4.607627
raw_native,gt,1129.0,14972337,10.882751,10.763405,47,0.11934662
raw_native,background,,15002987,10.764168,10.110712,218,0.65345573
raw_native,background,,15012081,18.458275,15.266694,300,3.1915808
raw_native,background,,15026375,25.544765,14.670773,301,10.873993
raw_native,background,,15028701,10.353305,9.0833435,13,1.2699614
raw_native,background,,15028969,8.915236,5.9123216,304,3.002915
raw_native,background,,15029912,11.82497,7.9999213,53,3.825049
raw_native,background,,15031920,6.6406193,6.1568613,11,0.48375797
raw_native,background,,15044595,7.3340993,7.0272703,264,0.30682898
raw_native,background,,15048547,6.1301265,6.0878463,45,0.042280197
raw_native,gt,720.0,15058322,21.869019,21.365456,182,0.5035629
raw_native,gt,664.0,15001735,10.037445,9.736866,488,0.30057907
raw_native,gt,1300.0,15008406,11.112033,10.8262005,150,0.2858324
raw_native,gt,1122.0,15026868,19.572302,9.542028,70,10.030273
raw_native,background,,15067531,36.11661,35.225613,433,0.89099884
raw_native,background,,15077617,21.511374,20.170887,465,1.3404865
raw_native,background,,15086935,6.2448096,5.8783646,249,0.36644506
raw_native,gt,2143.0,15101228,24.058954,16.322485,124,7.7364693
raw_native,gt,2143.0,15112742,26.946712,17.89511,124,9.051603
raw_native,gt,94.0,15091126,11.831313,11.060586,321,0.77072716
raw_native,gt,94.0,15105298,10.354217,9.877337,204,0.47687912
raw_native,gt,337.0,15114683,15.00449,14.82206,287,0.18243027
raw_native,gt,1143.0,15075606,12.151249,10.367106,143,1.7841425
raw_native,gt,1300.0,15072700,13.70973,12.516154,270,1.1935759
raw_native,gt,1122.0,15096786,31.04337,18.937054,543,12.106316
raw_native,gt,1122.0,15117511,8.650647,8.122225,171,0.52842236
raw_native,gt,1129.0,15069768,7.8495216,7.321992,271,0.5275297
raw_native,background,,15123675,12.808091,5.647624,149,7.160467
raw_native,background,,15123740,7.1757636,6.563677,72,0.6120868
raw_native,background,,15123795,15.678133,13.366967,226,2.3111658
raw_native,background,,15151660,17.028051,15.680544,127,1.3475075
raw_native,background,,15160546,4.9429026,4.4665174,329,0.47638512
raw_native,background,,15165831,6.6689534,5.9729476,269,0.6960058
raw_native,background,,15177580,5.5347476,5.5046754,418,0.030072212
raw_native,gt,2143.0,15141227,27.258017,16.13168,124,11.126337
raw_native,gt,337.0,15147050,12.098997,10.352615,497,1.7463818
raw_native,gt,337.0,15173980,9.956132,9.55736,497,0.39877224
raw_native,gt,1122.0,15156905,10.973175,10.149636,171,0.8235388
raw_native,background,,15193183,6.0677214,5.666206,461,0.40151548
raw_native,background,,15220140,13.371007,11.162591,305,2.208416
raw_native,background,,15226563,25.460836,23.659666,303,1.8011703
raw_native,background,,15239337,9.341931,7.3569536,523,1.9849777
raw_native,gt,1143.0,15202734,24.030144,23.72735,290,0.3027935
raw_native,background,,15248067,7.465972,5.9416122,308,1.5243597
raw_native,background,,15248953,4.432014,4.056021,577,0.37599277
raw_native,background,,15272570,34.982323,32.939335,219,2.0429878
raw_native,background,,15274835,18.650583,17.574884,438,1.0756989
raw_native,background,,15277154,13.837861,13.62523,413,0.21263123
raw_native,gt,94.0,15267325,10.660875,7.117789,358,3.5430865
raw_native,gt,1143.0,15241227,14.758527,14.395513,150,0.36301422
raw_native,gt,720.0,15281798,28.571634,24.454039,216,4.1175957
raw_native,gt,1129.0,15288291,13.73962,12.66167,295,1.0779505
raw_native,background,,15303692,15.346358,7.150199,305,8.196159
raw_native,background,,15308007,9.356913,9.030495,217,0.32641792
raw_native,background,,15314406,6.3890996,5.505377,157,0.8837228
raw_native,background,,15314450,9.721323,9.58803,194,0.13329315
raw_native,background,,15316193,9.121427,8.670013,539,0.45141315
raw_native,background,,15340809,11.4934845,9.115342,266,2.3781424
raw_native,background,,15353952,8.239684,5.1165624,149,3.1231217
raw_native,background,,15356404,6.5036473,6.235112,308,0.26853514
raw_native,gt,2143.0,15316916,29.406107,21.817371,124,7.5887356
raw_native,gt,94.0,15350105,7.787308,7.3396664,9,0.44764185
raw_native,gt,337.0,15329216,27.298246,25.333658,252,1.9645882
raw_native,gt,720.0,15304874,24.708563,24.523926,124,0.18463707
raw_native,gt,1122.0,15321114,13.524127,9.978298,311,3.5458288
raw_native,gt,1122.0,15326400,32.89357,20.856913,538,12.036657
raw_native,gt,1122.0,15328351,12.332867,9.429569,10,2.9032974
raw_native,gt,1122.0,15358416,10.711048,7.274396,171,3.4366522
raw_native,gt,793.0,15304915,19.968481,14.379007,112,5.5894737
raw_native,background,,15371659,13.156622,12.6803465,204,0.47627544
raw_native,background,,15372092,6.1469755,5.821296,177,0.3256793
raw_native,background,,15376482,6.403646,5.603958,41,0.79968786
raw_native,background,,15376491,13.764875,8.099324,410,5.665551
raw_native,background,,15377424,15.634216,13.470251,30,2.1639652
raw_native,background,,15378455,5.354538,4.998945,285,0.35559273
raw_native,background,,15384577,23.526983,21.153097,182,2.373886
raw_native,background,,15405194,8.480807,7.8489566,313,0.6318507
raw_native,background,,15413425,6.5393615,4.728709,45,1.8106523
raw_native,background,,15414340,8.083943,6.29797,53,1.7859735
raw_native,gt,337.0,15393040,21.908335,14.772567,407,7.135768
raw_native,gt,664.0,15390895,17.84231,14.901836,287,2.9404736
raw_native,gt,1122.0,15406849,10.543236,5.9580846,171,4.585151
raw_native,gt,1129.0,15405865,21.272442,18.235712,36,3.0367298
raw_native,background,,15442675,4.408864,4.028054,100,0.38080978
raw_native,background,,15453326,7.2417808,5.6481204,50,1.5936604
raw_native,background,,15465452,16.76561,14.4422245,273,2.3233852
raw_native,background,,15466092,8.04912,6.023216,53,2.0259042
raw_native,background,,15470444,6.7778163,4.625211,398,2.1526055
raw_native,gt,2143.0,15430377,25.879562,15.508537,124,10.371025
raw_native,gt,94.0,15448892,13.079356,12.544524,4,0.534832
raw_native,gt,337.0,15440099,14.92953,12.849512,581,2.080018
raw_native,gt,337.0,15446281,15.310401,15.276142,255,0.034258842
raw_native,gt,1143.0,15420395,38.03037,32.779015,23,5.251354
raw_native,gt,720.0,15457560,18.048132,16.218979,252,1.8291531
raw_native,gt,1122.0,15438340,13.051543,11.336916,257,1.7146273
raw_native,gt,1129.0,15464304,9.629126,8.358914,458,1.2702112
raw_native,background,,15482662,8.497878,6.9152985,383,1.5825796
raw_native,background,,15492846,9.028441,7.4735527,240,1.5548887
raw_native,background,,15498477,8.970446,8.4769125,270,0.49353313
raw_native,background,,15506434,11.210028,10.306364,283,0.90366364
raw_native,background,,15529250,8.331393,6.9631276,41,1.3682656
raw_native,background,,15531530,11.343706,5.627609,411,5.7160974
raw_native,background,,15537887,12.373867,11.954744,406,0.4191227
raw_native,background,,15539199,7.4225917,5.8808265,429,1.5417652
raw_native,gt,1143.0,15480629,22.790937,18.544428,315,4.2465096
raw_native,gt,1143.0,15538752,13.524942,12.843499,115,0.6814432
raw_native,gt,1122.0,15491031,8.548187,7.4089003,171,1.139287
raw_native,gt,793.0,15499140,20.48527,19.066324,112,1.4189453
raw_native,background,,15542999,14.304437,12.373227,200,1.9312096
raw_native,background,,15543975,15.061591,14.721216,432,0.34037495
raw_native,background,,15560534,6.4618382,5.356319,38,1.1055193
raw_native,background,,15562248,12.969074,11.180182,222,1.7888918
raw_native,background,,15584964,6.829401,5.067695,523,1.7617059
raw_native,background,,15592888,4.721623,4.656163,474,0.06545973
raw_native,background,,15596470,5.2920094,5.273343,30,0.018666267
raw_native,background,,15598658,5.773899,4.4229574,198,1.3509417
raw_native,background,,15598748,41.815334,39.796085,237,2.019249
raw_native,background,,15599372,7.2342744,5.8279414,84,1.406333
raw_native,gt,2143.0,15582526,28.850637,18.099966,124,10.750671
raw_native,gt,1143.0,15541322,12.601484,11.479331,143,1.1221533
raw_native,gt,1143.0,15546950,12.565891,11.603093,143,0.9627981
raw_native,gt,1143.0,15564587,19.247349,17.44135,294,1.8059978
raw_native,gt,720.0,15587968,15.477759,12.384236,5,3.093523
raw_native,gt,1122.0,15580579,11.064707,9.737337,198,1.3273697
raw_native,gt,793.0,15587127,20.720375,16.776266,112,3.944109
raw_native,background,,15605449,14.593585,11.27098,334,3.3226051
raw_native,background,,15609097,22.613718,14.784736,290,7.8289824
raw_native,background,,15612403,7.655571,7.111991,397,0.54358006
raw_native,background,,15612445,7.8468122,7.325671,387,0.52114105
raw_native,background,,15614613,10.770619,10.704634,410,0.06598568
raw_native,background,,15615975,12.233764,5.305971,146,6.9277925
raw_native,background,,15617522,41.810696,31.745813,237,10.064882
raw_native,background,,15641302,5.2482953,5.090836,372,0.15745926
raw_native,background,,15641419,9.856235,7.2572303,252,2.5990043
raw_native,background,,15651323,13.025403,12.030802,201,0.99460125
raw_native,background,,15651934,6.3505287,4.973517,365,1.3770118
raw_native,background,,15659622,9.9479265,9.324108,175,0.6238184
raw_native,gt,337.0,15633405,9.57595,9.304674,497,0.27127552
raw_native,gt,1143.0,15646074,11.725946,11.7241535,26,0.0017929077
raw_native,gt,1300.0,15648279,12.27916,11.761012,143,0.51814747
raw_native,background,,15670883,6.360607,6.1006536,51,0.2599535
raw_native,background,,15685431,17.968746,9.888995,273,8.079751
raw_native,background,,15687255,15.526956,14.252996,501,1.2739592
raw_native,background,,15687457,33.463615,32.046387,453,1.4172287
raw_native,background,,15708443,12.979216,9.045898,56,3.9333172
raw_native,gt,94.0,15698999,18.353493,15.070461,242,3.2830315
raw_native,gt,337.0,15686675,11.088121,10.020585,497,1.0675364
raw_native,gt,1122.0,15699581,20.616331,17.725513,461,2.8908176
raw_native,gt,793.0,15702355,19.074802,12.228668,112,6.846134
raw_native,gt,1129.0,15693120,22.358807,21.248812,224,1.1099949
raw_native,background,,15722436,11.365529,7.986942,581,3.3785872
raw_native,background,,15724135,4.9163795,4.223689,467,0.6926904
raw_native,background,,15732609,11.269485,5.2509913,69,6.018494
raw_native,background,,15753585,9.244472,8.470587,327,0.7738848
raw_native,background,,15771342,27.652288,23.947918,275,3.7043705
raw_native,background,,15778809,8.153857,7.668736,180,0.48512125
raw_native,gt,720.0,15770545,17.216196,16.434187,423,0.7820091
raw_native,gt,1300.0,15752771,11.125992,10.386736,354,0.7392559
raw_native,gt,793.0,15767298,18.374048,14.395794,286,3.9782543
raw_native,background,,15786260,17.215982,14.751084,274,2.464898
raw_native,background,,15798220,11.1332245,10.42706,215,0.70616436
raw_native,background,,15811714,11.6657505,9.361251,244,2.3044996
raw_native,background,,15817367,11.547143,10.774156,92,0.77298737
raw_native,background,,15817726,10.168852,9.696431,248,0.4724207
raw_native,background,,15825759,10.346879,9.751474,289,0.5954046
raw_native,background,,15839681,24.21241,19.226398,182,4.9860115
raw_native,gt,1143.0,15818982,12.853754,10.597082,429,2.256672
raw_native,gt,1300.0,15809086,31.044802,28.092014,274,2.9527874
raw_native,gt,1122.0,15836646,29.688774,28.190802,293,1.4979725
raw_native,gt,1129.0,15789264,18.321127,13.656154,48,4.6649733
raw_native,background,,15845353,9.282376,7.7754292,431,1.506947
raw_native,background,,15845404,18.172033,13.572106,73,4.599927
raw_native,background,,15845407,14.421466,14.069089,190,0.35237694
raw_native,background,,15853552,8.287667,6.949016,84,1.3386512
raw_native,background,,15861374,4.579573,4.499822,30,0.079751015
raw_native,background,,15865321,10.058958,9.498891,270,0.5600672
raw_native,background,,15866589,8.714217,8.065234,222,0.648983
raw_native,background,,15869555,6.629131,5.094826,76,1.5343046
raw_native,background,,15873229,6.9634542,6.5548124,5,0.40864182
raw_native,background,,15881584,9.734845,8.49974,304,1.2351055
raw_native,background,,15885727,7.2805514,7.206835,151,0.07371664
raw_native,gt,2143.0,15889933,26.9687,15.242421,124,11.726279
raw_native,gt,94.0,15846719,13.277356,12.9635935,73,0.31376266
raw_native,gt,720.0,15889518,10.668323,7.831594,10,2.8367286
raw_native,gt,1300.0,15892846,14.457692,11.100545,150,3.3571472
raw_native,background,,15911271,25.928946,18.07155,208,7.857395
raw_native,background,,15920241,10.113801,9.943457,209,0.17034435
raw_native,background,,15923084,17.916046,13.658246,68,4.2578
raw_native,background,,15934884,13.550252,8.275979,243,5.274273
raw_native,background,,15939042,9.648872,9.5990715,217,0.049800873
raw_native,background,,15948052,12.152684,11.7915945,475,0.3610897
raw_native,background,,15950965,5.409309,4.471615,397,0.9376941
raw_native,background,,15952767,10.875551,9.094624,64,1.7809277
raw_native,gt,337.0,15917964,15.422278,14.867618,305,0.5546608
raw_native,gt,664.0,15910921,11.408285,11.223303,24,0.1849823
raw_native,gt,793.0,15909203,15.774743,10.298831,112,5.475912
raw_native,gt,1129.0,15922023,19.644293,14.849595,260,4.7946978
raw_native,background,,15961856,21.583838,15.972674,512,5.611163
raw_native,background,,15971678,8.828292,7.9802403,285,0.84805155
raw_native,background,,15975056,12.16911,11.892131,334,0.27697945
raw_native,background,,15980836,7.456839,7.2620263,498,0.19481277
raw_native,background,,16001669,15.755793,13.681279,201,2.0745134
raw_native,background,,16004359,5.569254,4.181199,177,1.3880548
raw_native,background,,16004418,5.6737757,5.5844507,122,0.08932495
raw_native,gt,337.0,15975448,12.529285,11.274233,497,1.2550526
raw_native,gt,1300.0,15975724,11.531,11.474906,523,0.05609417
raw_native,gt,1300.0,16017885,28.183205,25.832844,239,2.3503609
raw_native,gt,1122.0,15979692,7.0637574,6.414788,391,0.64896965
raw_native,gt,1122.0,15998009,20.647654,18.411095,210,2.236559
raw_native,gt,793.0,15966683,21.925571,19.982641,222,1.9429302
raw_native,gt,1129.0,16019848,34.799862,29.188105,538,5.6117573
raw_native,background,,16045006,6.4995985,6.28995,149,0.20964861
raw_native,background,,16073314,12.554485,12.133983,245,0.42050266
raw_native,gt,2143.0,16024270,38.003925,33.671516,433,4.332409
raw_native,gt,720.0,16027864,14.275919,9.5306635,303,4.7452555
raw_native,gt,664.0,16039525,22.686762,20.090895,315,2.5958672
raw_native,gt,793.0,16042073,19.70985,19.183994,501,0.525856
raw_native,background,,16102678,4.2698793,4.1649237,58,0.10495567
raw_native,background,,16122229,4.89355,4.7672114,112,0.12633848
raw_native,background,,16126012,7.550671,7.3387256,41,0.21194553
raw_native,background,,16138821,6.4951353,5.2627325,184,1.2324028
raw_native,gt,94.0,16137635,8.503396,7.425492,38,1.0779042
raw_native,gt,337.0,16131376,12.458821,11.230759,177,1.2280626
raw_native,gt,1143.0,16109780,10.296419,9.7445965,570,0.55182266
raw_native,gt,720.0,16109265,15.965526,9.715054,10,6.250472
raw_native,gt,664.0,16126913,33.357883,29.883034,148,3.4748497
raw_native,gt,1129.0,16112521,13.681604,10.117812,252,3.5637922
raw_native,background,,16141005,29.111546,25.516909,316,3.594637
raw_native,background,,16148046,6.471111,5.1346345,196,1.3364763
raw_native,background,,16172679,24.62776,8.035856,301,16.591904
raw_native,background,,16188283,6.287424,6.1793528,524,0.10807133
raw_native,background,,16190886,16.644253,15.858729,260,0.7855234
raw_native,background,,16192093,10.032627,8.344671,292,1.6879559
raw_native,gt,1143.0,16151664,12.436753,9.930831,143,2.5059223
raw_native,gt,720.0,16171055,20.505285,17.140678,40,3.3646069
raw_native,gt,664.0,16162491,10.260295,9.485749,369,0.77454567
raw_native,gt,1300.0,16162559,13.88652,13.303539,483,0.5829811
raw_native,gt,1300.0,16191409,30.254862,25.45852,464,4.796341
raw_native,background,,16204710,5.045003,4.710567,279,0.33443594
raw_native,background,,16209706,9.953446,7.0157304,403,2.937716
raw_native,background,,16219411,30.87511,11.86754,301,19.00757
raw_native,background,,16226947,6.5643063,5.9001646,272,0.66414165
raw_native,background,,16236400,12.680795,10.106171,210,2.574624
raw_native,background,,16246673,6.99336,6.0275016,120,0.96585846
raw_native,background,,16249429,5.292834,5.2638345,166,0.028999329
raw_native,background,,16256743,30.447987,23.12912,274,7.3188667
raw_native,gt,2143.0,16236809,36.85724,34.60931,433,2.2479286
raw_native,gt,94.0,16259261,26.758232,19.85149,192,6.906742
raw_native,gt,720.0,16243286,19.589344,9.533363,197,10.055981
raw_native,gt,1300.0,16242177,13.088048,12.742965,416,0.34508324
raw_native,gt,1122.0,16238991,9.551013,9.394667,267,0.15634632
raw_native,gt,793.0,16219716,19.621906,14.892625,112,4.7292814
raw_native,gt,793.0,16234023,22.808353,15.0419445,112,7.766409
raw_native,background,,16265866,12.494251,12.482087,29,0.012164116
raw_native,background,,16276945,10.911839,8.611154,211,2.300685
raw_native,background,,16295880,12.067323,12.061759,250,0.005563736
raw_native,background,,16299344,11.421331,8.077521,243,3.34381
raw_native,background,,16317972,7.4243298,7.1336937,215,0.29063606
raw_native,gt,337.0,16263988,22.907022,15.457941,286,7.4490814
raw_native,gt,337.0,16266814,16.826742,11.818743,66,5.0079994
raw_native,gt,1143.0,16286336,13.218046,12.523376,127,0.6946697
raw_native,gt,1143.0,16313363,21.049786,17.245436,260,3.80435
raw_native,gt,664.0,16288352,17.29029,17.098675,73,0.19161606
raw_native,gt,664.0,16294132,13.892125,12.954664,539,0.9374609
raw_native,gt,1300.0,16291843,29.656813,25.472979,420,4.183834
raw_native,gt,1129.0,16284395,7.90911,7.4830294,71,0.4260807
raw_native,background,,16328035,5.2115645,4.6336455,105,0.577919
raw_native,background,,16339542,17.816324,13.472711,252,4.3436136
raw_native,background,,16341026,8.071659,7.963564,472,0.10809517
raw_native,background,,16341890,14.542499,13.905233,215,0.6372652
raw_native,background,,16346587,9.212119,9.170184,177,0.041934967
raw_native,background,,16347037,18.932352,18.110327,184,0.8220253
raw_native,background,,16347700,6.2006187,6.0012183,146,0.19940042
raw_native,background,,16355078,7.6105337,5.3922806,49,2.2182531
raw_native,background,,16358352,4.9414263,4.6885395,96,0.25288677
raw_native,background,,16367707,5.5112786,5.235804,264,0.27547455
raw_native,background,,16374743,10.291612,9.868333,198,0.4232788
raw_native,background,,16374867,18.893394,14.48369,273,4.409704
raw_native,background,,16375662,7.147992,6.4468813,54,0.70111084
raw_native,background,,16375850,7.7152014,6.084644,252,1.6305575
raw_native,gt,337.0,16364293,30.437958,24.58818,328,5.849777
raw_native,gt,1143.0,16349144,16.272783,13.695365,262,2.5774183
raw_native,gt,664.0,16329848,8.85078,8.431954,204,0.41882515
raw_native,gt,664.0,16360890,15.009379,12.377421,262,2.631958
raw_native,background,,16391600,7.962356,7.4947624,47,0.46759367
raw_native,background,,16405484,10.34792,10.047906,31,0.3000145
raw_native,background,,16406921,21.353355,18.20448,258,3.1488762
raw_native,background,,16410640,3.8658926,3.73613,526,0.12976265
raw_native,background,,16417610,13.779991,13.744781,252,0.03521061
raw_native,background,,16420131,8.907268,6.9833727,67,1.9238949
raw_native,gt,1143.0,16431047,15.78049,14.606399,236,1.1740913
raw_native,gt,664.0,16381419,9.182217,8.525417,347,0.6567993
raw_native,gt,1300.0,16418360,28.082663,25.759336,449,2.323326
raw_native,gt,793.0,16402613,28.019735,25.378527,438,2.6412086
raw_native,gt,793.0,16422671,19.903337,14.183221,112,5.7201166
raw_native,background,,16446183,10.977232,9.751527,306,1.2257051
raw_native,background,,16451276,4.982755,4.8248606,209,0.15789461
raw_native,background,,16452038,14.695593,11.441967,181,3.2536259
raw_native,background,,16463093,5.565248,5.3975835,283,0.16766453
raw_native,background,,16484461,8.045365,8.029115,318,0.01625061
raw_native,gt,337.0,16490038,23.198301,19.526594,182,3.6717072
raw_native,gt,1300.0,16476325,17.246145,12.426596,48,4.8195496
raw_native,gt,1300.0,16489434,16.546358,14.686125,250,1.8602333
raw_native,gt,793.0,16497714,16.828495,15.207928,112,1.6205673
raw_native,background,,16507017,10.103212,6.4490714,311,3.654141
raw_native,background,,16508723,21.627058,19.33897,315,2.2880878
raw_native,background,,16533856,6.765658,6.2833686,353,0.4822893
raw_native,gt,2143.0,16541836,26.281672,24.594156,42,1.6875153
raw_native,background,,16577860,13.110639,10.846908,279,2.263731
raw_native,background,,16581920,8.658864,7.6955404,47,0.9633236
raw_native,background,,16596332,8.266933,6.913304,266,1.3536296
raw_native,background,,16596352,5.3993716,4.898975,215,0.5003967
raw_native,background,,16596472,9.32722,7.5442696,523,1.7829504
raw_native,background,,16618126,6.583436,5.635569,54,0.9478669
raw_native,gt,2143.0,16600562,27.874952,17.647964,124,10.226988
raw_native,gt,1300.0,16567154,43.28422,36.837257,474,6.4469643
raw_native,gt,793.0,16575363,21.629345,17.131256,407,4.498089
raw_native,gt,1129.0,16605866,15.559841,11.635932,312,3.9239092
raw_native,background,,16631418,8.160489,6.872173,552,1.2883162
raw_native,background,,16643119,5.621992,4.9687343,568,0.65325785
raw_native,background,,16657040,6.4190283,6.156193,161,0.2628355
raw_native,background,,16662914,11.046154,10.573213,146,0.4729414
raw_native,background,,16677220,30.91403,24.331709,465,6.582321
raw_native,background,,16678100,8.003872,7.7949576,75,0.20891428
raw_native,background,,16679909,10.019168,9.381297,71,0.6378708
raw_native,gt,720.0,16632597,12.899201,12.794239,421,0.10496235
raw_native,gt,664.0,16644673,15.534216,13.633697,502,1.9005194
raw_native,gt,664.0,16671003,8.969043,7.692926,532,1.2761168
raw_native,gt,1300.0,16668502,14.039603,13.873506,181,0.16609764
raw_native,gt,793.0,16622338,21.476908,19.582075,124,1.8948326
raw_native,background,,16690364,22.757051,19.685936,420,3.0711155
raw_native,background,,16692910,22.394625,21.605173,128,0.7894516
raw_native,background,,16697297,10.511817,10.398447,120,0.11336994
raw_native,background,,16712408,7.40068,6.817427,26,0.5832529
raw_native,gt,337.0,16739291,16.113594,14.744218,252,1.3693762
raw_native,gt,1143.0,16693191,15.374914,13.524374,26,1.8505402
raw_native,gt,720.0,16739304,14.947142,14.012136,252,0.9350052
raw_native,gt,664.0,16705568,31.263004,30.135523,446,1.1274815
raw_native,gt,1122.0,16736492,21.122286,16.191277,260,4.9310093
raw_native,gt,793.0,16730226,26.110506,25.852032,88,0.25847435
raw_native,background,,16752258,15.465014,14.668445,197,0.7965698
raw_native,background,,16763034,19.534756,18.522087,315,1.0126686
raw_native,background,,16769157,6.060399,5.57718,51,0.48321915
raw_native,background,,16770129,6.721083,5.200625,434,1.5204582
raw_native,background,,16771040,11.944264,7.5938354,240,4.350429
raw_native,background,,16783722,11.702296,11.666849,479,0.03544712
raw_native,background,,16795393,4.9596567,4.8019342,119,0.15772247
raw_native,background,,16797981,7.0330176,6.019009,132,1.0140085
raw_native,gt,94.0,16761981,10.485506,10.142426,523,0.34308052
raw_native,background,,16816206,12.491902,11.396996,328,1.0949068
raw_native,background,,16817171,6.549146,4.6780276,393,1.8711185
raw_native,background,,16817621,12.92609,10.476001,306,2.4500895
raw_native,background,,16841421,16.38236,14.418938,213,1.9634228
raw_native,background,,16848481,8.299288,6.3648877,249,1.9344001
raw_native,background,,16849016,22.757622,18.985603,40,3.7720184
raw_native,background,,16859112,25.373363,14.296816,182,11.076548
raw_native,gt,1300.0,16812723,14.756102,12.873367,5,1.8827343
raw_native,gt,1300.0,16851452,14.356366,12.435399,413,1.9209671
raw_native,gt,1122.0,16820538,21.980879,21.0535,195,0.9273796
raw_native,gt,793.0,16854026,23.04644,15.086489,112,7.9599514
raw_native,background,,16867065,16.5774,9.066138,527,7.511262
raw_native,background,,16888831,17.238615,15.216135,334,2.02248
raw_native,background,,16888876,10.312405,9.285834,318,1.0265703
raw_native,background,,16894412,5.4998894,5.1264973,590,0.3733921
raw_native,background,,16898701,10.12382,8.070582,63,2.053238
raw_native,background,,16901088,21.751566,19.78719,407,1.9643764
raw_native,background,,16901249,11.538628,8.209633,202,3.3289948
raw_native,background,,16911869,11.780986,5.749122,145,6.0318637
raw_native,gt,337.0,16892659,37.352776,23.451221,538,13.901554
raw_native,background,,16932357,7.578795,7.306931,444,0.27186394
raw_native,background,,16947309,6.726942,6.272307,156,0.45463514
raw_native,background,,16948362,6.3570724,5.3917646,55,0.9653077
raw_native,background,,16955715,12.657307,11.538574,177,1.1187325
raw_native,background,,16957750,15.2939005,10.290509,305,5.0033913
raw_native,background,,16974946,12.526803,9.29173,290,3.235073
raw_native,background,,16979254,6.733172,5.6269817,173,1.1061902
raw_native,gt,94.0,16964472,9.978344,7.8987784,43,2.0795655
raw_native,gt,94.0,16971740,8.567626,8.131941,76,0.43568516
raw_native,gt,337.0,16934421,21.30402,20.648962,462,0.6550579
raw_native,gt,337.0,16959236,13.531534,11.952085,334,1.5794497
raw_native,gt,1300.0,16924828,9.781844,9.724041,408,0.057803154
raw_native,gt,793.0,16962413,21.551788,14.347615,112,7.204173
raw_native,gt,793.0,16972775,18.009764,12.142021,112,5.8677425
raw_native,background,,16983912,14.310477,9.1143265,211,5.196151
raw_native,background,,16996118,13.981623,13.472853,60,0.50877
raw_native,background,,17006967,9.451411,6.6613135,179,2.7900977
raw_native,background,,17008519,12.054029,9.194464,53,2.8595657
raw_native,background,,17021538,11.836777,8.573638,35,3.2631388
raw_native,background,,17027217,8.2036,5.0997796,72,3.1038203
raw_native,gt,337.0,17020782,10.543431,8.748354,497,1.7950773
raw_native,gt,1122.0,17006832,13.9768715,11.92065,30,2.056222
raw_native,background,,17055428,13.231277,12.809884,302,0.4213934
raw_native,background,,17070169,15.420084,14.71465,250,0.70543385
raw_native,background,,17075338,21.20643,19.184677,315,2.0217533
raw_native,background,,17087054,11.952392,7.1969676,426,4.755424
raw_native,background,,17099477,6.9084163,6.6945276,542,0.21388865
raw_native,gt,2143.0,17055657,25.078798,14.52914,124,10.549658
raw_native,gt,720.0,17086358,18.553816,18.393269,472,0.16054726
raw_native,gt,664.0,17092269,10.922343,8.845956,523,2.0763874
raw_native,gt,1129.0,17046458,15.7017355,14.650996,406,1.0507393
raw_native,background,,17100740,11.14662,10.825378,305,0.32124138
raw_native,background,,17106165,5.6125703,5.3274307,60,0.28513956
raw_native,background,,17113915,6.951044,6.1438336,222,0.80721045
raw_native,background,,17115873,13.042804,10.20417,333,2.8386335
raw_native,background,,17138111,18.131844,16.011826,472,2.120018
raw_native,background,,17139728,12.375646,9.855017,26,2.520629
raw_native,background,,17151755,19.955957,16.881256,36,3.0747013
raw_native,background,,17155143,8.0648155,6.877917,254,1.1868987
raw_native,background,,17157079,5.4867153,5.2206087,15,0.2661066
raw_native,gt,94.0,17112702,22.502172,21.7595,315,0.74267197
raw_native,gt,1143.0,17106919,10.796089,8.14641,143,2.6496792
raw_native,gt,1143.0,17147170,15.690784,13.30008,252,2.3907042
raw_native,gt,1122.0,17132029,13.585321,10.191067,83,3.3942547
raw_native,background,,17166362,8.768136,8.436685,523,0.33145142
raw_native,background,,17174100,6.360674,6.317013,128,0.043661118
raw_native,background,,17184105,10.606487,9.289394,147,1.3170929
raw_native,gt,2143.0,17168806,23.475193,21.24234,124,2.232853
raw_native,gt,720.0,17169888,11.406481,9.524435,287,1.8820457
raw_native,gt,720.0,17205116,20.502556,19.312153,516,1.190403
raw_native,gt,793.0,17173870,16.791489,15.181995,112,1.6094933
raw_native,gt,793.0,17182547,20.594677,20.219439,112,0.37523842
raw_native,gt,793.0,17184772,20.880438,14.850233,112,6.030205
raw_native,gt,793.0,17187194,30.530842,21.438091,182,9.092751
raw_native,background,,17221026,4.6061726,4.6022263,190,0.0039463043
raw_native,background,,17221046,14.122017,11.12342,257,2.9985971
raw_native,background,,17235705,15.741535,14.264517,313,1.4770184
raw_native,background,,17255833,16.28234,15.517255,215,0.76508427
raw_native,background,,17259291,10.213049,10.02701,156,0.18603897
raw_native,background,,17259422,7.477286,5.550567,144,1.9267187
raw_native,gt,337.0,17241405,21.255493,18.483307,179,2.7721863
raw_native,gt,664.0,17227753,31.06055,22.987366,182,8.073185
raw_native,gt,664.0,17236433,15.876773,15.462963,252,0.41380978
raw_native,gt,1129.0,17257360,19.624437,19.024141,42,0.600296
raw_native,background,,17290723,9.8471775,8.908429,409,0.93874836
raw_native,background,,17295812,10.283907,9.503961,45,0.7799463
raw_native,background,,17296342,14.7456045,14.218267,215,0.5273371
raw_native,background,,17314161,8.063434,5.648049,201,2.4153848
raw_native,background,,17317296,28.246342,26.38246,275,1.8638821
raw_native,gt,2143.0,17283666,27.231167,18.545397,124,8.68577
raw_native,gt,94.0,17311571,12.902649,11.416153,278,1.486496
raw_native,gt,1300.0,17281986,14.157066,13.5556555,211,0.60141087
raw_native,gt,1300.0,17282432,8.573283,8.099442,201,0.47384167
raw_native,gt,793.0,17312554,17.622622,13.446057,112,4.176564
raw_native,gt,793.0,17321298,15.924044,11.386251,112,4.537792
raw_native,background,,17349723,4.8773003,4.2132816,370,0.66401863
raw_native,background,,17353329,8.574546,7.8259263,334,0.74861956
raw_native,background,,17358682,8.205327,8.094337,289,0.11098957
raw_native,background,,17359103,5.909535,5.5389843,526,0.37055063
raw_native,background,,17372781,14.988792,14.883305,266,0.10548782
raw_native,background,,17378137,31.08494,20.208717,543,10.876223
raw_native,background,,17388563,12.429833,7.7530837,240,4.6767497
raw_native,background,,17399264,7.0891037,6.31476,358,0.7743435
raw_native,gt,2143.0,17366820,24.762512,19.973772,124,4.78874
raw_native,gt,337.0,17386834,31.183115,27.557238,219,3.6258774
raw_native,gt,664.0,17361402,8.79208,8.261563,304,0.5305166
raw_native,gt,664.0,17384982,14.436291,11.282668,334,3.1536226
raw_native,gt,1300.0,17369469,11.425063,8.528513,150,2.8965502
raw_native,gt,1122.0,17372408,28.976578,25.360102,449,3.616476
raw_native,gt,1122.0,17382251,8.67698,8.361169,171,0.31581116
raw_native,gt,1122.0,17392973,10.670194,10.290319,500,0.37987423
raw_native,gt,793.0,17358348,19.705814,19.543749,112,0.1620655
raw_native,gt,793.0,17370520,22.262177,19.295752,315,2.966425
raw_native,gt,1129.0,17365383,15.076171,14.983588,10,0.0925827
raw_native,background,,17411940,25.706446,22.709538,237,2.9969082
raw_native,background,,17417491,6.8327427,6.2327914,390,0.59995127
raw_native,background,,17424041,6.509839,6.386811,393,0.12302828
raw_native,background,,17432849,10.503618,5.8687243,211,4.634894
raw_native,background,,17443714,17.112213,14.25649,236,2.8557234
raw_native,background,,17457362,9.371155,7.778352,72,1.592803
raw_native,gt,94.0,17437701,37.97532,25.307936,303,12.667383
raw_native,gt,720.0,17422614,10.776468,10.380769,217,0.3956995
raw_native,gt,1122.0,17419236,10.303362,10.223415,293,0.07994652
raw_native,gt,1129.0,17415717,20.293863,16.9819,260,3.311964
raw_native,background,,17492256,11.085909,8.004551,151,3.081358
raw_native,background,,17493766,15.635855,14.354023,42,1.2818317
raw_native,background,,17494954,17.000025,16.41472,334,0.58530426
raw_native,background,,17507066,5.6539607,5.4519334,32,0.20202732
raw_native,gt,1300.0,17460037,26.9389,26.725313,462,0.2135868
raw_native,gt,1300.0,17507927,17.439478,14.935185,406,2.5042925
raw_native,background,,17521245,7.260663,6.4164605,426,0.8442025
raw_native,background,,17559263,20.165323,16.445093,470,3.72023
raw_native,background,,17560091,17.600512,15.290054,372,2.3104572
raw_native,background,,17577856,4.466005,4.359824,555,0.10618067
raw_native,gt,1300.0,17527443,34.737225,19.77098,301,14.966244
raw_native,background,,17585418,30.85311,23.123985,274,7.729124
raw_native,background,,17587087,7.242534,6.9532194,217,0.28931475
raw_native,background,,17587101,6.6805196,6.568327,150,0.11219263
raw_native,background,,17605246,19.386248,12.785874,294,6.6003733
raw_native,background,,17608939,6.6425776,5.704706,295,0.93787146
raw_native,background,,17614892,6.8191595,6.6337657,43,0.18539381
raw_native,background,,17618990,8.628801,8.138827,233,0.48997402
raw_native,background,,17624265,6.463622,5.842319,556,0.6213031
raw_native,background,,17626212,12.454734,10.368529,146,2.0862045
raw_native,background,,17630592,6.432913,5.5976024,145,0.83531046
raw_native,background,,17633910,21.106342,21.017994,278,0.08834839
raw_native,background,,17634250,17.570263,16.858137,303,0.7121258
raw_native,background,,17638895,7.0672317,6.337478,383,0.7297535
raw_native,background,,17639827,11.890339,6.398601,304,5.491738
raw_native,gt,793.0,17594176,19.29629,13.9023285,112,5.393961
raw_native,background,,17641840,7.086081,6.2944374,506,0.7916436
raw_native,background,,17654598,14.875228,12.800384,47,2.0748444
raw_native,background,,17668791,4.5069737,4.4476295,9,0.05934429
raw_native,background,,17677746,7.6621714,7.5043583,288,0.15781307
raw_native,background,,17680939,5.676704,5.316615,567,0.36008883
raw_native,background,,17681030,6.575954,5.4689336,156,1.1070204
raw_native,background,,17685844,5.6534705,5.603119,166,0.05035162
raw_native,background,,17692608,5.2055507,5.0852547,211,0.120296
raw_native,background,,17697798,8.763912,6.576465,177,2.187447
raw_native,gt,337.0,17668949,11.816388,9.14664,497,2.6697483
raw_native,gt,1143.0,17666068,31.165112,28.686419,452,2.478693
raw_native,gt,720.0,17640379,14.40363,14.140957,295,0.26267338
raw_native,gt,720.0,17693788,10.178636,7.9968777,359,2.181758
raw_native,gt,1122.0,17651735,14.942865,11.997885,334,2.9449806
raw_native,gt,1122.0,17695522,11.1015005,9.492851,425,1.6086493
raw_native,background,,17709606,17.059162,13.720218,561,3.3389444
raw_native,background,,17712647,7.1888742,7.0058365,142,0.18303776
raw_native,background,,17725287,6.733527,6.0506306,76,0.6828966
raw_native,background,,17737617,13.01753,8.332576,305,4.6849546
raw_native,background,,17743173,12.746321,10.4571,13,2.2892208
raw_native,background,,17750932,7.0842233,6.575527,72,0.5086961
raw_native,gt,1143.0,17736849,11.04569,10.972471,4,0.073218346
raw_native,gt,720.0,17719184,12.313943,10.1326685,443,2.1812744
raw_native,gt,664.0,17720298,14.491699,14.076804,5,0.41489506
raw_native,gt,1122.0,17714295,11.747006,9.243373,358,2.5036335
raw_native,gt,1129.0,17745305,14.682684,12.5105,507,2.172184
raw_native,background,,17760596,17.007332,16.205744,438,0.80158806
raw_native,background,,17764924,6.2614803,5.3782177,557,0.88326263
raw_native,background,,17768499,6.8861346,6.5177035,86,0.3684311
raw_native,background,,17799705,7.722335,6.5293984,503,1.1929364
raw_native,background,,17815267,7.122107,6.4181867,411,0.70392036
raw_native,gt,337.0,17782939,11.07884,10.174158,523,0.90468216
raw_native,background,,17825751,29.38107,22.487297,206,6.893772
raw_native,background,,17839412,3.8600805,3.481815,51,0.37826538
raw_native,background,,17871051,15.767868,13.790749,455,1.9771194
raw_native,gt,94.0,17878474,35.096737,29.450354,389,5.6463833
raw_native,gt,1143.0,17843170,11.913335,9.023562,143,2.8897724
raw_native,gt,720.0,17861276,20.506472,18.473118,412,2.0333538
raw_native,gt,793.0,17854811,18.482424,15.562708,112,2.919716
raw_native,background,,17883588,4.441333,4.428568,197,0.012764931
raw_native,background,,17898509,12.570977,10.941022,44,1.6299553
raw_native,background,,17899110,6.1948457,5.7202444,116,0.47460127
raw_native,background,,17903862,22.000214,21.23339,232,0.7668228
raw_native,background,,17904822,4.9275136,4.8122997,61,0.11521387
raw_native,background,,17914493,8.893326,8.478811,66,0.41451454
raw_native,background,,17914553,9.189338,5.8586283,434,3.3307095
raw_native,background,,17927848,14.187375,14.0824,227,0.10497475
raw_native,background,,17931803,5.9371305,5.6941776,45,0.24295282
raw_native,gt,2143.0,17897926,28.965738,25.284124,206,3.681614
raw_native,gt,2143.0,17923806,25.794325,15.884546,124,9.909779
raw_native,gt,94.0,17936398,42.38402,42.251698,237,0.13232422
raw_native,gt,664.0,17889981,7.174734,6.5632195,347,0.61151457
raw_native,gt,793.0,17902534,15.655085,15.30938,179,0.34570503
raw_native,background,,17947318,17.035995,14.7981,392,2.237895
raw_native,background,,17959471,5.6788216,4.93341,30,0.7454114
raw_native,background,,17967719,7.6245465,6.01928,177,1.6052666
raw_native,background,,17986966,8.9624195,8.231985,267,0.7304344
raw_native,gt,664.0,17980631,17.395811,14.823265,277,2.572546
raw_native,gt,793.0,17989585,23.219908,16.19811,112,7.021797
raw_native,background,,18003545,21.240084,16.542984,68,4.6970997
raw_native,background,,18005649,7.753257,5.5032425,294,2.2500143
raw_native,background,,18025856,13.811485,9.897042,39,3.914443
raw_native,background,,18037543,13.750206,11.6764765,184,2.0737295
raw_native,background,,18058816,4.552733,4.3366785,211,0.21605444
raw_native,gt,2143.0,18001101,25.868645,17.86234,124,8.006304
raw_native,gt,2143.0,18007436,25.429012,14.180695,124,11.248318
raw_native,gt,337.0,18048145,9.576874,9.532053,72,0.044820786
raw_native,gt,1143.0,18026234,14.594556,14.309112,143,0.28544426
raw_native,gt,1143.0,18029681,21.9749,20.323057,502,1.6518421
raw_native,gt,720.0,18025039,21.080172,20.756573,190,0.32359886
raw_native,gt,1300.0,18013712,17.926851,13.952165,53,3.9746866
raw_native,gt,1129.0,18018710,45.473347,32.98851,23,12.484837
raw_native,background,,18067960,6.424684,5.9603786,79,0.4643054
raw_native,background,,18068097,10.942251,10.8296585,470,0.1125927
raw_native,background,,18069929,21.812263,19.424944,240,2.3873196
raw_native,background,,18073030,13.059565,10.70511,240,2.354455
raw_native,background,,18074805,5.3943233,5.116931,58,0.2773924
raw_native,background,,18076957,8.127628,7.1387715,143,0.9888568
raw_native,background,,18088163,4.236868,3.8609543,56,0.37591362
raw_native,background,,18090334,9.335238,8.643761,328,0.6914778
raw_native,gt,1143.0,18061910,13.606704,12.783127,197,0.8235769
raw_native,background,,18132741,6.6090145,5.6127586,211,0.9962559
raw_native,background,,18132746,6.2654605,6.083754,207,0.18170643
raw_native,background,,18134937,8.787488,8.533801,369,0.2536869
raw_native,background,,18150024,7.9234295,6.765442,562,1.1579876
raw_native,background,,18155827,16.973438,14.410047,539,2.5633917
raw_native,background,,18156281,16.518223,15.179157,250,1.3390656
raw_native,background,,18174472,9.977672,7.6407185,267,2.3369532
raw_native,background,,18177532,18.679632,12.507802,242,6.17183
raw_native,gt,2143.0,18120992,26.550262,18.588284,124,7.961979
raw_native,gt,2143.0,18164189,24.751137,19.045366,124,5.7057705
raw_native,gt,94.0,18126245,21.322071,19.633348,472,1.6887226
raw_native,gt,337.0,18122924,17.74275,14.753406,419,2.9893446
raw_native,gt,1143.0,18137925,13.78851,12.952651,540,0.8358593
raw_native,gt,720.0,18126582,18.173927,18.125357,305,0.048570633
raw_native,gt,1300.0,18139278,12.807709,11.582514,489,1.2251949
raw_native,gt,1122.0,18138168,17.127625,15.893581,438,1.2340431
raw_native,background,,18181786,8.880965,8.525823,252,0.3551426
raw_native,background,,18191277,4.6423225,4.12138,124,0.5209427
raw_native,background,,18198503,7.7092395,7.526663,110,0.18257666
raw_native,background,,18205708,6.588937,6.369272,157,0.21966457
raw_native,background,,18205753,14.364775,11.441008,493,2.923767
raw_native,background,,18235829,4.045204,3.9204667,27,0.1247375
raw_native,gt,337.0,18184429,14.408139,12.20766,262,2.2004795
raw_native,gt,1143.0,18185749,12.920213,11.247672,294,1.6725407
raw_native,gt,1143.0,18215224,14.933055,13.007252,334,1.9258032
raw_native,gt,664.0,18186610,11.968183,11.069706,262,0.8984766
raw_native,gt,1300.0,18204640,11.620165,9.752757,539,1.8674078
raw_native,gt,1300.0,18217848,8.025607,7.6813593,150,0.34424782
raw_native,gt,1129.0,18232581,31.125092,30.036411,328,1.0886803
raw_native,background,,18257217,17.551746,5.9794955,302,11.57225
raw_native,background,,18265663,14.874831,13.499136,181,1.3756952
raw_native,background,,18280161,7.647157,7.0531025,285,0.5940547
raw_native,background,,18282662,5.4249744,5.0787854,308,0.34618902
raw_native,gt,2143.0,18279995,32.197693,29.89869,215,2.2990036
raw_native,gt,337.0,18241613,11.574541,10.525341,497,1.0492
raw_native,gt,664.0,18273617,22.157885,21.752539,407,0.40534592
raw_native,gt,664.0,18293430,21.235779,18.034134,42,3.201645
raw_native,gt,1300.0,18292610,9.606627,9.06451,244,0.5421171
raw_native,gt,793.0,18290146,27.073025,24.059765,274,3.01326
raw_native,background,,18301971,23.197456,13.770078,290,9.427379
raw_native,background,,18310712,7.6753955,6.7633486,54,0.9120469
raw_native,background,,18324757,10.31793,9.389514,145,0.92841625
raw_native,background,,18335777,12.178021,8.828703,210,3.3493185
raw_native,background,,18347071,5.1415925,4.4438896,25,0.6977029
raw_native,background,,18348573,11.636339,11.436771,297,0.1995678
raw_native,background,,18354406,12.094788,9.3753805,209,2.719407
raw_native,gt,94.0,18343638,11.568743,8.891693,68,2.6770496
raw_native,gt,1143.0,18311379,12.061763,11.796189,4,0.2655735
raw_native,gt,720.0,18303493,8.320325,8.303365,61,0.016960144
raw_native,gt,720.0,18336522,37.762104,33.394737,474,4.367367
raw_native,gt,793.0,18300178,23.301123,16.857412,286,6.4437103
raw_native,gt,1129.0,18342011,20.253565,14.067621,112,6.1859436
raw_native,background,,18367205,5.6549764,4.9405804,211,0.714396
raw_native,background,,18374622,6.919934,5.949104,470,0.97082996
raw_native,background,,18383918,8.17935,8.0863,261,0.09305
raw_native,background,,18386277,6.597934,6.051229,314,0.54670477
raw_native,background,,18387175,9.996379,9.682953,443,0.31342602
raw_native,background,,18405785,13.811672,10.915245,306,2.8964272
raw_native,background,,18407379,8.849475,8.379737,61,0.469738
raw_native,background,,18409973,20.575478,16.548576,353,4.0269012
raw_native,background,,18413628,6.7193065,4.9957905,57,1.723516
raw_native,background,,18415859,6.42563,6.0619187,211,0.36371136
raw_native,background,,18417241,5.4290447,5.372938,175,0.056106567
raw_native,gt,2143.0,18412498,24.656166,15.252488,124,9.403678
raw_native,gt,1143.0,18412603,29.59583,23.876566,434,5.719265
raw_native,gt,1300.0,18393410,9.830212,9.170011,510,0.6602011
raw_native,gt,1129.0,18378734,10.45587,9.682089,244,0.7737808
raw_native,gt,1129.0,18386152,10.436642,8.990576,549,1.4460659
raw_native,gt,1129.0,18388616,32.27431,26.00642,22,6.267891
raw_native,background,,18423730,6.571528,6.4211144,162,0.15041351
raw_native,background,,18441792,7.771666,7.2195945,455,0.5520716
raw_native,background,,18453049,15.255122,12.631738,73,2.6233845
raw_native,background,,18468126,32.52022,29.719015,471,2.8012066
raw_native,background,,18475728,9.905746,9.402547,503,0.5031996
raw_native,background,,18478508,13.167545,9.516057,63,3.6514883
raw_native,gt,94.0,18439821,26.636852,23.502037,182,3.1348152
raw_native,gt,1143.0,18438622,15.784649,15.249861,265,0.53478813
raw_native,gt,1143.0,18465368,12.395444,11.998899,410,0.39654446
raw_native,gt,720.0,18422888,27.094978,26.0375,29,1.057478
raw_native,gt,720.0,18426348,9.699627,9.359281,151,0.34034634
raw_native,gt,720.0,18437794,23.777027,19.22871,40,4.548317
raw_native,gt,1300.0,18460032,25.604548,23.429745,490,2.1748028
raw_native,gt,1122.0,18451664,20.56292,19.53937,454,1.02355
raw_native,background,,18485944,11.814449,10.912989,248,0.90146065
raw_native,background,,18505703,18.051374,16.429756,294,1.6216183
raw_native,background,,18517242,11.431137,7.7934284,179,3.6377087
raw_native,background,,18518905,14.553607,11.339723,207,3.2138844
raw_native,background,,18519034,17.243544,8.650253,429,8.59329
raw_native,background,,18524553,11.896732,11.367932,419,0.5288
raw_native,background,,18531459,8.773341,8.44096,181,0.33238125
raw_native,gt,720.0,18481211,31.376272,30.312828,462,1.0634441
raw_native,gt,793.0,18502194,22.198492,19.130081,192,3.0684109
raw_native,background,,18540824,5.6656094,5.383729,572,0.28188038
raw_native,background,,18545679,16.297369,11.043793,182,5.2535763
raw_native,background,,18562240,7.432509,6.2720423,265,1.1604667
raw_native,background,,18564720,7.4642596,5.1669326,49,2.297327
raw_native,background,,18568372,8.957351,8.595206,508,0.36214447
raw_native,background,,18580314,5.2861443,5.0411534,28,0.24499083
raw_native,background,,18587382,34.672035,30.353226,471,4.3188095
raw_native,background,,18597758,13.128054,12.228465,483,0.8995886
raw_native,gt,94.0,18595936,8.367566,7.878569,311,0.48899698
raw_native,gt,793.0,18560212,19.185926,15.100914,112,4.0850124
raw_native,gt,1129.0,18541336,17.597836,14.077635,334,3.5202007
raw_native,gt,1129.0,18544080,16.353455,9.985337,48,6.3681173
raw_native,gt,1129.0,18592945,12.861043,9.994486,434,2.8665571
raw_native,background,,18614962,8.109668,5.8936205,134,2.2160473
raw_native,background,,18622523,7.93343,7.6680517,332,0.26537848
raw_native,gt,2143.0,18616192,26.361301,21.650389,124,4.7109127
raw_native,gt,664.0,18657726,14.61427,11.947729,26,2.666541
raw_native,gt,1129.0,18623591,13.535074,10.064704,178,3.4703703
raw_native,background,,18667788,8.925284,6.4757247,266,2.4495597
raw_native,background,,18675544,12.347149,12.250597,92,0.096551895
raw_native,background,,18677757,15.311805,13.1103115,19,2.2014933
raw_native,background,,18684155,20.7257,11.083611,302,9.64209
raw_native,background,,18684790,8.152648,7.7858095,209,0.36683846
raw_native,background,,18688223,9.45314,6.910438,177,2.5427022
raw_native,background,,18691536,7.2395744,4.966916,329,2.2726583
raw_native,background,,18695317,16.02154,15.919011,513,0.10252857
raw_native,background,,18695472,29.251184,18.49563,208,10.755554
raw_native,background,,18699430,14.389656,13.499677,273,0.88997936
raw_native,background,,18710261,8.949281,8.562372,30,0.38690853
raw_native,gt,94.0,18673201,9.15499,8.480641,171,0.67434883
raw_native,gt,793.0,18718583,29.733305,27.698902,527,2.0344028
raw_native,background,,18745046,12.99173,7.1274166,149,5.864313
raw_native,background,,18750523,8.708717,8.338636,333,0.37008095
raw_native,background,,18774097,24.185293,21.479086,440,2.7062073
raw_native,background,,18774742,12.831284,10.514358,30,2.316926
raw_native,background,,18775072,7.4638124,6.5470166,434,0.91679573
raw_native,background,,18775224,18.462343,11.813122,309,6.6492214
raw_native,gt,2143.0,18720350,34.914192,29.604958,552,5.3092346
raw_native,gt,1300.0,18750655,13.907221,11.453451,164,2.4537697
raw_native,gt,1122.0,18735359,11.625553,11.36792,171,0.2576332
raw_native,background,,18788578,11.213031,9.830612,181,1.3824186
raw_native,background,,18827415,27.584314,23.914093,275,3.6702213
raw_native,background,,18836479,15.325083,10.790206,266,4.534877
raw_native,gt,2143.0,18830231,29.898468,24.766108,328,5.1323605
raw_native,gt,2143.0,18837508,32.66635,31.455067,208,1.2112846
raw_native,gt,1122.0,18838615,24.401575,15.842327,301,8.559248
raw_native,gt,793.0,18805222,17.472683,14.834418,112,2.6382647
raw_native,background,,18852494,7.4396014,6.3732047,84,1.0663967
raw_native,background,,18854130,24.104965,21.42046,483,2.6845055
raw_native,background,,18857632,24.526466,21.546213,290,2.9802532
raw_native,background,,18895515,20.183283,17.370201,79,2.8130817
raw_native,gt,337.0,18885533,19.941437,18.373026,40,1.5684109
raw_native,gt,720.0,18859874,8.558094,8.406553,267,0.15154076
raw_native,background,,18900110,8.704018,7.920187,44,0.78383064
raw_native,background,,18906199,20.697332,16.901505,242,3.7958279
raw_native,background,,18906575,7.656104,6.7307944,126,0.92530966
raw_native,background,,18907257,19.501278,17.231123,468,2.270155
raw_native,background,,18907278,15.261172,14.330407,87,0.93076515
raw_native,background,,18908647,5.535148,4.9398646,56,0.5952835
raw_native,background,,18912739,7.020441,6.6765885,407,0.34385252
raw_native,background,,18915007,23.808413,18.551037,192,5.2573757
raw_native,background,,18931489,13.455495,7.1800933,56,6.2754016
raw_native,gt,94.0,18955868,9.551856,7.728115,171,1.823741
raw_native,gt,720.0,18913813,18.6392,15.674657,257,2.9645433
raw_native,gt,664.0,18916782,9.756541,7.403114,133,2.3534274
raw_native,gt,664.0,18946988,9.536493,7.208965,347,2.3275285
raw_native,gt,1300.0,18900487,14.29524,12.693049,283,1.602191
raw_native,gt,1129.0,18928308,12.746782,11.058728,68,1.6880541
raw_native,gt,1129.0,18947103,6.9324765,6.1971087,388,0.7353678
raw_native,background,,18961969,20.667686,18.880558,472,1.7871284
raw_native,background,,18963524,6.8183217,4.7536216,349,2.0647001
raw_native,background,,18964250,6.495603,6.3815846,66,0.11401844
raw_native,background,,18969592,4.6978316,4.453845,143,0.2439866
raw_native,background,,18970492,4.889059,4.688032,141,0.20102692
raw_native,background,,18970642,12.447319,10.029352,272,2.4179668
raw_native,background,,18972699,5.521877,4.814486,215,0.7073908
raw_native,background,,18972793,6.1033487,5.771745,179,0.33160353
raw_native,background,,18980750,20.611666,12.23532,211,8.376346
raw_native,background,,18984939,4.4586806,4.389298,568,0.06938267
raw_native,background,,18998459,8.521861,7.576399,334,0.9454622
raw_native,background,,18999891,12.174068,11.23817,33,0.9358988
raw_native,background,,19007685,8.04103,7.5245695,233,0.5164604
raw_native,background,,19018250,34.80048,23.654854,21,11.145626
raw_native,gt,1300.0,18997101,11.388548,11.335295,71,0.053253174
raw_native,gt,1300.0,19001903,16.567839,14.09056,330,2.4772787
raw_native,background,,19024042,12.883162,7.8051543,294,5.078007
raw_native,background,,19035567,18.135218,17.29447,306,0.84074783
raw_native,background,,19037680,8.791811,5.732763,59,3.0590482
raw_native,background,,19061534,4.7291207,4.7116385,479,0.01748228
raw_native,background,,19072698,11.2784815,9.855123,50,1.4233589
raw_native,background,,19072806,9.151715,5.677603,174,3.4741125
raw_native,background,,19074125,7.6929193,7.2549896,47,0.43792963
raw_native,gt,2143.0,19048714,27.540932,16.959917,124,10.581015
raw_native,gt,2143.0,19078691,28.073868,15.292517,124,12.781351
raw_native,gt,337.0,19029211,28.591654,25.864388,464,2.7272663
raw_native,gt,1129.0,19029029,13.722705,11.438396,231,2.2843084
raw_native,gt,1129.0,19050385,13.1671715,12.46499,203,0.7021818
raw_native,background,,19081066,11.902859,10.102199,358,1.8006601
raw_native,background,,19081312,23.594595,23.055286,453,0.53930855
raw_native,background,,19093058,8.011906,6.4564133,570,1.5554924
raw_native,background,,19101242,6.7722473,6.251963,59,0.5202842
raw_native,background,,19102020,6.1363077,6.0516014,446,0.08470631
raw_native,background,,19108071,22.780943,12.893728,211,9.887215
raw_native,background,,19119429,5.0979795,4.93706,584,0.16091967
raw_native,background,,19126073,16.3233,13.211512,240,3.1117878
raw_native,background,,19127744,25.151844,22.179035,274,2.9728088
raw_native,background,,19132011,7.5188255,6.484048,163,1.0347776
raw_native,background,,19137475,8.053661,7.3565907,521,0.6970706
raw_native,gt,337.0,19116115,9.236159,9.019143,497,0.21701622
raw_native,gt,1143.0,19085725,12.626546,11.23506,143,1.3914862
raw_native,gt,720.0,19118406,13.970796,12.365897,185,1.6048985
raw_native,gt,1300.0,19104722,13.154331,12.939972,145,0.21435928
raw_native,gt,1122.0,19082008,25.273453,18.667246,407,6.606207
raw_native,gt,1129.0,19086514,22.970144,16.072924,182,6.8972206
raw_native,background,,19141070,8.437003,8.116556,177,0.32044697
raw_native,background,,19148345,23.299566,22.59697,361,0.70259666
raw_native,background,,19149024,9.342014,9.056604,2,0.28540993
raw_native,background,,19184335,6.999486,6.8302426,52,0.16924334
raw_native,background,,19191231,13.078358,10.97826,218,2.1000977
raw_native,gt,720.0,19170251,15.809724,13.481277,289,2.3284464
raw_native,gt,793.0,19199054,18.24278,14.708976,66,3.533805
raw_native,gt,1129.0,19160652,16.969933,16.352736,446,0.61719704
raw_native,background,,19203138,20.978731,20.321863,210,0.656868
raw_native,background,,19209874,9.772626,8.660978,64,1.1116476
raw_native,background,,19217253,7.391702,6.6128855,526,0.7788167
raw_native,background,,19217282,7.7414975,6.396131,152,1.3453665
raw_native,background,,19223664,13.033765,11.466801,269,1.5669641
raw_native,background,,19233476,6.141823,5.4725885,141,0.6692343
raw_native,background,,19243213,12.960982,9.286117,539,3.6748657
raw_native,background,,19253105,6.324932,6.097732,592,0.22720003
raw_native,background,,19254498,22.294962,15.779541,407,6.515421
raw_native,gt,94.0,19208791,12.356746,9.729625,182,2.627121
raw_native,gt,1122.0,19210802,23.917322,22.402163,259,1.5151596
raw_native,gt,1129.0,19229227,18.080233,17.190638,304,0.88959503
raw_native,background,,19265082,15.492465,13.753158,279,1.7393074
raw_native,background,,19276325,4.6568136,4.5845895,557,0.07222414
raw_native,background,,19281895,14.01722,13.499418,264,0.5178013
raw_native,background,,19281916,6.974719,4.5308046,362,2.4439144
raw_native,background,,19293611,21.646091,15.979431,429,5.6666603
raw_native,background,,19293651,12.19798,9.95922,328,2.23876
raw_native,gt,720.0,19299539,22.747536,17.90768,206,4.839855
raw_native,gt,1300.0,19275067,8.320471,7.919852,46,0.40061903
raw_native,gt,793.0,19308012,19.194616,16.615194,112,2.579422
raw_native,background,,19331241,7.4353456,4.773308,41,2.6620378
raw_native,background,,19335550,8.007151,7.557102,45,0.45004845
raw_native,background,,19335631,15.771958,12.743616,227,3.0283422
raw_native,background,,19362386,5.716262,4.7571025,25,0.9591594
raw_native,background,,19362588,17.074911,7.844626,69,9.230286
raw_native,background,,19376364,23.723352,23.60949,541,0.11386299
raw_native,gt,2143.0,19378873,24.53126,14.493031,124,10.038229
raw_native,gt,1143.0,19344131,26.804483,24.493475,238,2.3110085
raw_native,gt,720.0,19329378,15.706919,11.83558,325,3.8713388
raw_native,background,,19387150,3.9860332,3.6766627,10,0.30937052
raw_native,background,,19418669,5.3662834,5.0888405,24,0.27744293
raw_native,background,,19458267,9.166143,8.969931,313,0.19621277
raw_native,background,,19459200,5.6546254,5.4303646,423,0.2242608
raw_native,background,,19465438,8.062941,7.8215475,483,0.24139309
raw_native,background,,19482495,5.25905,4.504391,498,0.7546587
raw_native,background,,19485672,7.046889,5.9660935,175,1.0807953
raw_native,background,,19487701,8.324124,7.4103827,211,0.9137416
raw_native,background,,19487705,18.582708,13.615586,315,4.967122
raw_native,background,,19496695,19.144041,16.369286,274,2.7747555
raw_native,background,,19499761,8.069556,6.555121,53,1.5144353
raw_native,gt,2143.0,19451887,23.792116,22.725655,124,1.0664616
raw_native,gt,2143.0,19495112,23.495277,14.517533,124,8.977744
raw_native,gt,793.0,19490120,17.328478,12.214478,112,5.1140003
raw_native,gt,1129.0,19459859,6.9532275,6.838058,450,0.115169525
raw_native,background,,19501681,5.159267,4.7817388,71,0.3775282
raw_native,background,,19508516,15.997054,13.171964,273,2.8250904
raw_native,background,,19508912,11.080245,9.8413515,10,1.2388935
raw_native,background,,19516726,16.466213,12.91111,48,3.5551033
raw_native,background,,19517739,4.6915627,4.200619,168,0.49094343
raw_native,background,,19537220,8.639634,7.018633,180,1.6210012
raw_native,gt,1143.0,19524762,27.357845,20.226398,274,7.131447
raw_native,gt,664.0,19511442,19.839396,19.72987,417,0.10952568
raw_native,gt,1122.0,19509209,35.587017,32.542297,433,3.0447197
raw_native,gt,1122.0,19531018,17.14844,13.070581,273,4.077858
raw_native,gt,793.0,19527667,19.102304,14.008443,112,5.0938616
raw_native,background,,19564471,5.986377,4.863245,163,1.1231318
raw_native,background,,19586812,5.866155,5.579155,325,0.28700018
raw_native,background,,19589742,7.777049,7.156109,146,0.6209402
raw_native,background,,19593832,9.973819,5.604828,523,4.368991
raw_native,background,,19603329,13.31732,11.924004,236,1.3933163
raw_native,background,,19619646,16.264978,13.640915,505,2.6240635
raw_native,gt,1143.0,19590686,12.352999,11.379436,143,0.9735632
raw_native,gt,1129.0,19570573,13.003149,10.21036,436,2.7927895
raw_native,background,,19631000,6.5909295,6.1274924,166,0.46343708
raw_native,background,,19632395,4.381117,4.1479607,322,0.2331562
raw_native,background,,19637274,7.391017,6.2797103,48,1.1113067
raw_native,background,,19640732,9.540698,9.451012,13,0.089686394
raw_native,background,,19651492,9.658132,7.719409,59,1.9387226
raw_native,background,,19657636,6.912448,4.663346,177,2.249102
raw_native,gt,664.0,19645090,10.83084,6.9824734,523,3.8483667
raw_native,gt,664.0,19652331,12.536729,11.794334,310,0.74239445
raw_native,gt,1122.0,19637703,30.22287,28.671696,219,1.5511742
raw_native,background,,19688159,7.3481674,7.290819,276,0.05734825
raw_native,background,,19721305,23.063086,16.99938,238,6.0637054
raw_native,background,,19728547,5.067573,4.889103,581,0.17847013
raw_native,gt,1300.0,19684445,7.953092,7.680006,436,0.27308607
raw_native,background,,19742852,19.54541,14.282787,192,5.262623
raw_native,background,,19761480,17.93551,16.9024,438,1.0331116
raw_native,background,,19773076,22.913834,14.1206,206,8.793234
raw_native,background,,19774096,9.020922,5.7217803,47,3.2991414
raw_native,background,,19778502,12.256302,8.572602,177,3.6836996
raw_native,gt,337.0,19747630,14.01545,11.255116,497,2.760333
raw_native,gt,720.0,19780090,17.297134,12.498658,63,4.798476
raw_native,gt,793.0,19744649,17.4627,12.651334,112,4.811366
raw_native,gt,793.0,19788177,58.67143,51.600925,459,7.070503
raw_native,background,,19803017,14.7099695,5.2441187,211,9.465851
raw_native,background,,19815034,7.5203757,7.3429193,494,0.17745638
raw_native,background,,19815317,5.874284,5.6999855,242,0.17429829
raw_native,background,,19820828,10.319665,8.661872,26,1.657793
raw_native,background,,19830866,9.518908,8.773539,257,0.74536896
raw_native,background,,19838600,10.554678,10.107177,208,0.44750118
raw_native,background,,19840260,14.008197,13.916088,265,0.09210873
raw_native,background,,19841603,5.742539,5.321905,365,0.4206338
raw_native,background,,19847981,6.258212,6.04781,116,0.21040201
raw_native,background,,19847999,7.88572,6.7482715,76,1.1374483
raw_native,background,,19848112,4.18626,4.136425,398,0.049835205
raw_native,background,,19856739,6.587544,5.550413,387,1.0371308
raw_native,background,,19857228,18.3036,15.610208,222,2.6933928
raw_native,gt,2143.0,19836341,26.083063,16.110489,124,9.972574
raw_native,gt,94.0,19856351,19.258583,17.775286,128,1.4832973
raw_native,gt,720.0,19802790,36.34363,31.254345,328,5.089287
raw_native,gt,720.0,19831137,10.272451,9.97489,414,0.29756165
raw_native,gt,720.0,19840686,28.534704,28.292967,295,0.24173737
raw_native,gt,1300.0,19825036,35.78822,31.907593,303,3.8806267
raw_native,background,,19861060,8.663145,8.053843,539,0.6093025
raw_native,background,,19869996,8.662896,6.7618523,380,1.9010439
raw_native,background,,19885560,7.887776,5.6678004,41,2.2199755
raw_native,background,,19891140,25.43333,24.836456,454,0.59687424
raw_native,background,,19892240,19.678936,19.339296,454,0.33963966
raw_native,background,,19899023,8.8965025,5.812613,211,3.0838895
raw_native,background,,19917220,6.1773424,5.311772,9,0.86557055
raw_native,gt,94.0,19900226,14.165876,12.733172,410,1.432704
raw_native,gt,664.0,19875915,11.294043,10.805676,523,0.48836613
raw_native,background,,19921809,8.583201,8.113554,73,0.4696474
raw_native,background,,19922319,10.175271,9.419005,285,0.75626564
raw_native,background,,19929737,7.496154,6.3460956,264,1.1500583
raw_native,background,,19940079,13.806454,11.247482,26,2.5589714
raw_native,background,,19952806,5.2660956,4.9393926,77,0.32670307
raw_native,background,,19961452,4.809612,4.174842,25,0.6347699
raw_native,background,,19966946,8.956503,8.18389,475,0.7726126
raw_native,gt,94.0,19935474,30.883984,24.545076,328,6.3389072
raw_native,gt,337.0,19927780,28.609892,27.944944,462,0.6649475
raw_native,gt,720.0,19956235,25.753218,23.401743,239,2.3514748
raw_native,gt,720.0,19961310,9.55176,8.29395,47,1.2578096
raw_native,gt,720.0,19975496,25.583267,19.560696,274,6.0225716
raw_native,gt,664.0,19941236,11.748802,10.223916,426,1.5248861
raw_native,gt,1122.0,19968485,9.463477,9.174713,368,0.288764
raw_native,gt,793.0,19934168,26.771954,19.555662,182,7.2162914
raw_native,background,,19988839,8.813092,5.6784472,304,3.134645
raw_native,background,,20000629,7.437634,7.293692,194,0.14394188
raw_native,background,,20008077,9.636444,7.425606,56,2.2108383
raw_native,background,,20033860,8.888026,8.329262,198,0.55876446
raw_native,background,,20034273,8.003573,6.4286857,107,1.5748878
raw_native,gt,2143.0,20012722,22.867407,13.254558,124,9.612849
raw_native,gt,1129.0,20004721,8.568339,7.554873,216,1.0134664
raw_native,gt,1129.0,20018834,23.380125,16.919533,55,6.4605923
raw_native,background,,20051277,9.608043,9.073759,475,0.53428364
raw_native,background,,20052729,9.790067,6.5289464,425,3.2611203
raw_native,background,,20053586,7.83143,7.141893,552,0.68953705
raw_native,background,,20055252,11.906488,11.268598,535,0.6378908
raw_native,background,,20084915,6.971412,6.190075,408,0.78133726
raw_native,background,,20085589,10.669233,9.679269,16,0.9899645
raw_native,gt,1143.0,20045712,12.217135,11.7986,143,0.41853523
raw_native,gt,1143.0,20064973,9.30547,7.524268,143,1.7812023
raw_native,gt,720.0,20090388,10.073341,8.643848,152,1.429493
raw_native,gt,664.0,20061716,15.501524,10.810779,63,4.6907454
raw_native,gt,664.0,20076236,17.450235,14.606523,5,2.8437128
raw_native,gt,1129.0,20055619,18.454094,13.071238,273,5.3828564
raw_native,background,,20107325,30.745924,21.795467,219,8.950457
raw_native,background,,20118901,20.458427,20.164244,541,0.29418373
raw_native,background,,20121426,13.098257,12.562316,502,0.5359411
raw_native,background,,20128476,6.403155,4.951138,193,1.4520168
raw_native,background,,20130371,17.455677,15.315407,185,2.1402702
raw_native,background,,20138268,5.535177,5.403035,2,0.13214207
raw_native,background,,20140789,22.12507,17.502516,274,4.622555
raw_native,background,,20150251,6.9227095,6.1231375,524,0.799572
raw_native,background,,20156740,5.5323195,4.3163214,209,1.2159982
raw_native,gt,94.0,20139419,31.964441,30.952862,328,1.0115795
raw_native,gt,337.0,20131351,38.779522,30.450493,303,8.329029
raw_native,gt,1122.0,20131217,29.93339,27.005001,219,2.9283886
raw_native,gt,793.0,20121938,25.207405,19.837141,214,5.370264
raw_native,gt,793.0,20157481,15.186421,12.802286,112,2.3841352
raw_native,background,,20165221,10.525937,10.188476,506,0.33746147
raw_native,background,,20171908,11.940842,7.619161,211,4.3216805
raw_native,background,,20186624,6.2698193,4.6588907,523,1.6109285
raw_native,background,,20202896,9.667642,7.4294887,278,2.238153
raw_native,background,,20203529,14.088308,11.864529,200,2.2237797
raw_native,background,,20208100,15.574651,10.155685,292,5.4189653
raw_native,background,,20211647,15.802151,15.800921,175,0.0012292862
raw_native,gt,337.0,20193296,13.632806,13.308051,272,0.32475471
raw_native,gt,1143.0,20209230,8.777022,7.976425,231,0.8005972
raw_native,gt,720.0,20181455,6.1399164,5.217329,359,0.9225874
raw_native,gt,664.0,20199565,9.03317,5.989296,347,3.0438738
raw_native,gt,793.0,20166572,18.29446,16.618093,65,1.6763668
raw_native,gt,793.0,20201605,17.049559,11.823817,112,5.2257414
raw_native,background,,20229281,6.6333494,6.3313866,541,0.30196285
raw_native,background,,20253815,18.182024,14.139119,236,4.042905
raw_native,gt,94.0,20277163,35.119934,33.472775,303,1.6471596
raw_native,gt,337.0,20265842,21.271032,20.957914,232,0.31311798
raw_native,gt,1300.0,20265894,12.338381,8.965235,68,3.373146
raw_native,gt,1122.0,20224482,9.479585,7.4385962,171,2.0409884
raw_native,background,,20287117,8.118368,7.0244784,76,1.0938897
raw_native,background,,20287245,6.932267,6.55077,11,0.38149738
raw_native,background,,20309135,8.410853,8.090505,24,0.32034874
raw_native,background,,20311128,17.410854,13.823898,40,3.586956
raw_native,background,,20315131,14.040798,13.711882,201,0.32891655
raw_native,background,,20320968,9.00186,5.085089,11,3.9167705
raw_native,background,,20322383,16.408482,16.327238,240,0.081243515
raw_native,gt,94.0,20302139,19.343971,16.446047,273,2.8979244
raw_native,gt,337.0,20288344,13.802693,12.01393,497,1.788763
raw_native,gt,1143.0,20315763,12.344347,10.706416,143,1.6379309
raw_native,gt,720.0,20283223,19.344875,16.60869,527,2.736185
raw_native,gt,1122.0,20327862,31.006744,27.121532,219,3.885212
raw_native,background,,20340339,33.487625,9.5310955,301,23.95653
raw_native,background,,20356060,6.826366,6.5850306,180,0.24133539
raw_native,background,,20361032,7.058179,6.5163827,412,0.5417962
raw_native,background,,20391346,6.2068377,6.1403403,372,0.066497326
raw_native,background,,20393411,12.773185,10.919237,209,1.8539476
raw_native,background,,20396578,15.616271,14.766341,375,0.8499298
raw_native,gt,2143.0,20343926,23.553858,15.009663,124,8.544195
raw_native,gt,664.0,20351806,14.647502,14.56674,334,0.08076191
raw_native,gt,1300.0,20398733,37.3242,23.332993,474,13.991207
raw_native,gt,1122.0,20359979,15.768798,13.5109415,413,2.2578564
raw_native,background,,20404806,20.976564,18.112684,372,2.8638802
raw_native,background,,20406614,7.1616764,5.923784,304,1.2378926
raw_native,background,,20410304,10.13293,9.432765,305,0.7001648
raw_native,background,,20418313,6.531747,5.8662868,177,0.6654601
raw_native,background,,20421456,6.0821285,5.180231,286,0.90189743
raw_native,background,,20438337,7.548192,6.913056,46,0.6351361
raw_native,background,,20449010,7.2239013,6.803657,173,0.42024422
raw_native,gt,337.0,20406801,15.512668,15.392448,497,0.12021923
raw_native,gt,1143.0,20437336,20.56319,19.205133,275,1.358057
raw_native,gt,1300.0,20429673,12.039558,11.748105,47,0.29145336
raw_native,gt,1122.0,20408119,24.647038,21.665253,258,2.9817848
raw_native,gt,793.0,20417167,20.710674,19.74656,287,0.96411514
raw_native,gt,1129.0,20455594,24.679848,23.332785,208,1.3470631
raw_native,background,,20463293,7.7262573,7.515023,207,0.2112341
raw_native,background,,20465239,8.118276,5.183643,467,2.9346328
raw_native,background,,20465275,11.181851,10.176311,48,1.0055408
raw_native,background,,20466134,5.5844927,4.9956393,526,0.58885336
raw_native,background,,20503664,8.730872,8.18032,266,0.55055237
raw_native,gt,2143.0,20486097,28.22703,24.631632,552,3.595398
raw_native,gt,2143.0,20492260,24.261023,16.566294,124,7.694729
raw_native,gt,337.0,20461242,13.14614,11.223234,497,1.9229059
raw_native,background,,20537340,18.565216,15.896182,192,2.669034
raw_native,background,,20537492,5.139497,4.820364,521,0.3191328
raw_native,background,,20539870,6.6612806,4.242092,467,2.4191885
raw_native,background,,20541172,11.22044,8.518032,213,2.7024078
raw_native,background,,20544745,14.002569,13.527435,482,0.4751339
raw_native,background,,20552214,3.6390183,3.508115,403,0.13090324
raw_native,background,,20561288,14.244429,11.342147,238,2.9022818
raw_native,background,,20563388,10.181651,9.743131,44,0.43852043
raw_native,gt,94.0,20557722,34.141186,18.361053,543,15.780132
raw_native,gt,94.0,20568577,33.387135,27.14259,389,6.244545
raw_native,gt,337.0,20561846,15.833412,13.341226,305,2.4921865
raw_native,gt,337.0,20575627,24.422283,22.718065,259,1.7042179
raw_native,gt,1122.0,20530787,12.324747,10.069905,150,2.2548418
raw_native,gt,1122.0,20570531,13.182552,12.588997,419,0.59355545
raw_native,gt,793.0,20538336,20.661236,16.53426,112,4.126976
raw_native,background,,20594833,23.465107,18.484943,18,4.9801636
raw_native,background,,20599258,27.253323,23.466326,447,3.7869968
raw_native,background,,20609994,15.66752,11.714854,71,3.9526653
raw_native,background,,20611434,9.686068,7.2128572,64,2.4732103
raw_native,background,,20614320,7.3470054,6.6407166,201,0.7062888
raw_native,background,,20628002,29.056885,24.331182,279,4.7257023
raw_native,background,,20632056,23.833847,17.464201,208,6.369646
raw_native,background,,20639338,27.429502,15.857168,386,11.572334
raw_native,gt,2143.0,20615185,36.605022,26.050844,182,10.554178
raw_native,gt,337.0,20603705,26.380405,12.600252,327,13.780153
raw_native,gt,1143.0,20629567,13.022031,10.178742,330,2.8432884
raw_native,gt,1122.0,20625468,8.683214,7.9745846,13,0.7086296
raw_native,background,,20644081,9.426987,8.800447,249,0.62653923
raw_native,background,,20661716,8.120669,7.450739,26,0.66993046
raw_native,background,,20662348,12.051387,7.773462,358,4.277925
raw_native,background,,20672293,7.922207,5.588285,411,2.333922
raw_native,background,,20675456,6.6127195,5.7193575,197,0.89336205
raw_native,background,,20680494,7.777854,6.2907934,556,1.4870605
raw_native,background,,20681018,7.5450654,7.49789,293,0.047175407
raw_native,background,,20696163,16.538448,14.0771675,217,2.4612808
raw_native,background,,20699510,15.792281,13.817514,472,1.9747667
raw_native,gt,664.0,20645963,11.601854,10.461502,96,1.1403522
raw_native,gt,664.0,20674739,7.233525,6.1221857,347,1.1113391
raw_native,background,,20703933,10.375447,9.727462,402,0.64798546
raw_native,background,,20718052,7.2268286,5.81791,185,1.4089184
raw_native,background,,20718053,6.7935243,5.4941783,185,1.299346
raw_native,background,,20719904,34.55182,22.94627,182,11.605549
raw_native,background,,20723915,20.551064,19.58191,300,0.96915436
raw_native,background,,20729949,8.121438,7.590276,2,0.53116226
raw_native,background,,20742628,6.047271,5.624445,158,0.4228258
raw_native,background,,20743784,10.071859,5.777971,523,4.2938886
raw_native,gt,664.0,20724930,8.217458,7.5987835,141,0.6186743
raw_native,gt,1122.0,20742434,26.514862,26.37399,307,0.14087296
raw_native,gt,793.0,20753802,40.328396,36.17899,493,4.1494064
raw_native,gt,1129.0,20705637,12.371448,11.439681,178,0.9317665
raw_native,background,,20769337,19.506662,17.864773,438,1.6418896
raw_native,background,,20773849,19.573627,12.615254,522,6.958373
raw_native,background,,20775474,6.1418877,5.254473,569,0.88741446
raw_native,background,,20778835,8.170489,7.869556,181,0.30093336
raw_native,background,,20780260,9.383862,8.776613,231,0.6072483
raw_native,background,,20781347,7.7290916,7.1594696,9,0.56962204
raw_native,background,,20798740,14.049434,10.539976,10,3.5094576
raw_native,background,,20801370,7.5057507,7.404666,509,0.10108471
raw_native,background,,20804913,9.464982,8.213334,28,1.251648
raw_native,background,,20808652,7.4767118,7.282131,362,0.19458055
raw_native,background,,20809460,18.705954,12.667929,193,6.038025
raw_native,background,,20813414,8.8046055,7.954125,174,0.85048056
raw_native,gt,2143.0,20768848,25.780432,13.845749,124,11.934683
raw_native,gt,94.0,20771442,19.217003,17.139688,53,2.0773144
raw_native,gt,94.0,20797842,13.264272,10.22054,126,3.0437317
raw_native,gt,337.0,20813556,16.572664,12.878009,493,3.6946554
raw_native,gt,1129.0,20764602,11.795828,11.778842,32,0.016985893
raw_native,background,,20825171,21.14515,14.144585,182,7.0005646
raw_native,background,,20844699,14.572043,7.7751956,426,6.796848
raw_native,background,,20845409,5.4716587,4.6709566,530,0.8007021
raw_native,background,,20859136,29.05408,25.896952,219,3.1571274
raw_native,background,,20866744,8.87806,7.1233077,279,1.7547526
raw_native,background,,20871432,17.82709,11.3378525,302,6.489237
raw_native,gt,94.0,20838590,18.226957,15.535912,268,2.6910458
raw_native,gt,94.0,20855625,15.956479,15.630788,302,0.32569122
raw_native,background,,20902371,4.3229,4.199704,375,0.12319565
raw_native,background,,20906114,14.520935,12.21663,295,2.304305
raw_native,background,,20916367,13.986102,13.304093,281,0.68200874
raw_native,background,,20922270,15.921098,15.506197,314,0.41490078
raw_native,background,,20939073,4.9071198,4.8325543,510,0.07456541
raw_native,gt,2143.0,20918187,25.234255,15.97304,124,9.261215
raw_native,gt,94.0,20898500,12.5890045,11.420487,296,1.1685171
raw_native,gt,1143.0,20910447,10.299196,8.990448,202,1.3087482
raw_native,gt,664.0,20880906,7.593453,7.1044645,211,0.4889884
raw_native,gt,664.0,20890314,24.96373,23.96984,274,0.99389076
raw_native,gt,664.0,20939673,14.703133,14.284706,496,0.4184265
raw_native,gt,1300.0,20902674,21.766102,19.538376,206,2.227726
raw_native,gt,793.0,20919239,17.762177,11.642243,112,6.119933
raw_native,background,,20940053,5.987295,5.4715376,103,0.51575756
raw_native,background,,20947350,9.061803,8.210498,587,0.851305
raw_native,background,,20961409,9.212013,8.3771105,583,0.83490276
raw_native,background,,20968882,11.013477,9.610396,255,1.4030809
raw_native,background,,20974691,18.517168,11.057321,185,7.4598475
raw_native,background,,20975326,4.4416127,3.3248081,209,1.1168046
raw_native,background,,20975806,4.71624,4.455755,586,0.2604847
raw_native,gt,94.0,20957095,25.829224,22.241932,239,3.5872917
raw_native,gt,94.0,20963716,17.816593,16.443033,273,1.37356
raw_native,gt,94.0,20981021,9.508568,8.607137,53,0.9014311
raw_native,gt,337.0,20962106,23.425163,21.248259,206,2.1769047
raw_native,gt,337.0,20972398,11.94561,11.502205,497,0.44340515
raw_native,gt,1143.0,20993762,10.539903,9.341296,217,1.1986065
raw_native,gt,720.0,20964126,8.673476,8.372332,304,0.3011446
raw_native,gt,664.0,20940837,8.142267,8.092014,9,0.050252914
raw_native,gt,664.0,20996573,16.491163,14.962776,273,1.5283871
raw_native,background,,21016996,5.599721,5.2655897,25,0.33413124
raw_native,background,,21022026,19.415981,18.149973,200,1.2660084
raw_native,background,,21024862,5.740231,4.432528,292,1.307703
raw_native,background,,21029777,5.7911596,4.4562225,46,1.3349371
raw_native,background,,21034621,5.969953,4.7869773,408,1.1829758
raw_native,background,,21044364,15.221468,12.824921,300,2.3965473
raw_native,background,,21048965,32.385582,21.628496,182,10.757086
raw_native,background,,21050375,16.773968,14.642723,90,2.1312447
raw_native,gt,94.0,21019236,26.958,17.98562,15,8.97238
raw_native,gt,337.0,21023881,11.254167,9.186644,497,2.067523
raw_native,gt,337.0,21057757,11.463864,8.245447,497,3.2184172
raw_native,background,,21066731,16.830807,16.013178,258,0.81762886
raw_native,background,,21066825,10.7338505,10.584626,534,0.14922428
raw_native,background,,21100253,13.334485,12.945864,472,0.38862133
raw_native,background,,21105622,8.427734,7.9118857,249,0.51584864
raw_native,background,,21113251,6.808557,6.715997,517,0.092559814
raw_native,gt,664.0,21110268,8.652854,7.407032,185,1.245822
raw_native,background,,21140170,14.310119,9.453273,407,4.856846
raw_native,background,,21145247,4.5626845,4.3013005,155,0.261384
raw_native,background,,21154729,10.623665,9.916704,261,0.7069607
raw_native,background,,21155163,20.655426,18.394823,218,2.260603
raw_native,background,,21157328,5.658992,4.365331,577,1.2936606
raw_native,background,,21166100,14.623454,13.102702,453,1.520752
raw_native,gt,94.0,21124775,33.398838,26.916264,328,6.4825745
raw_native,gt,337.0,21159917,15.561056,12.301989,497,3.2590675
raw_native,gt,720.0,21121727,8.455295,7.850533,32,0.6047616
raw_native,gt,664.0,21132921,10.548636,10.422178,32,0.12645817
raw_native,background,,21192523,6.458298,6.0293517,537,0.4289465
raw_native,background,,21193543,4.6606445,4.461299,145,0.19934559
raw_native,background,,21195761,16.227745,15.391935,242,0.8358097
raw_native,background,,21206270,20.741127,20.691484,89,0.049642563
raw_native,background,,21212639,11.587767,10.009867,294,1.5778999
raw_native,background,,21213823,4.7779264,4.523298,18,0.25462866
raw_native,background,,21216310,6.1074433,5.4004107,47,0.7070327
raw_native,background,,21219534,7.201172,7.0775113,30,0.123660564
raw_native,background,,21223462,7.5115814,6.5076118,497,1.0039697
raw_native,background,,21231513,11.481869,10.409536,240,1.0723324
raw_native,background,,21236272,8.376521,7.8972826,193,0.4792385
raw_native,background,,21237906,6.1787915,5.4391537,396,0.73963785
raw_native,gt,664.0,21234132,15.079294,12.176467,228,2.9028273
raw_native,background,,21241609,10.164702,7.495136,508,2.6695666
raw_native,background,,21259840,13.809365,12.175161,276,1.6342039
raw_native,background,,21271218,15.104756,5.967151,68,9.137606
raw_native,background,,21279514,14.785287,13.580989,289,1.204298
raw_native,background,,21288480,7.6879506,7.2570014,321,0.4309492
raw_native,background,,21290384,12.657065,11.328106,17,1.3289595
raw_native,background,,21294740,11.93021,11.497172,254,0.43303776
raw_native,gt,1143.0,21250309,37.85138,32.359596,23,5.491783
raw_native,background,,21308243,11.685178,10.680164,209,1.0050135
raw_native,background,,21316850,32.918198,27.670425,552,5.247772
raw_native,background,,21320308,25.205719,18.613745,529,6.5919743
raw_native,background,,21326155,9.515604,6.176966,53,3.3386378
raw_native,background,,21339742,4.556609,4.3665495,193,0.19005966
raw_native,background,,21343104,19.320665,17.480906,217,1.8397598
raw_native,background,,21356708,11.340258,7.274309,358,4.0659485
raw_native,gt,1143.0,21357954,12.200638,11.580912,44,0.6197262
raw_native,gt,720.0,21348581,15.939388,12.45425,406,3.485138
raw_native,gt,793.0,21306516,15.378111,11.189045,112,4.189066
raw_native,gt,793.0,21309145,18.566246,11.457409,112,7.108837
raw_native,background,,21376787,9.307006,8.052397,374,1.2546091
raw_native,background,,21378349,13.136365,11.813048,236,1.3233166
raw_native,background,,21379870,12.853407,10.619372,324,2.2340345
raw_native,background,,21385437,5.172828,5.0995626,383,0.07326555
raw_native,background,,21393937,15.129135,11.336354,10,3.7927809
raw_native,background,,21395573,5.6442046,5.5711694,367,0.07303524
raw_native,background,,21396628,17.652775,15.790088,288,1.8626871
raw_native,background,,21396726,10.719524,6.96939,539,3.7501345
raw_native,background,,21404007,8.715811,8.092751,249,0.6230602
raw_native,background,,21410053,5.8829336,5.7683673,175,0.114566326
raw_native,background,,21417819,26.178246,18.736351,239,7.4418945
raw_native,background,,21417857,16.328781,11.549087,182,4.7796946
raw_native,gt,2143.0,21367203,22.907784,17.018267,124,5.889517
raw_native,background,,21431581,6.6226554,6.162972,530,0.45968342
raw_native,background,,21431979,6.103597,5.80319,50,0.30040693
raw_native,background,,21435658,6.149247,5.9368205,24,0.21242666
raw_native,background,,21457318,5.214615,4.933407,554,0.28120804
raw_native,background,,21457749,6.019467,5.5222974,75,0.4971695
raw_native,background,,21463215,7.479112,5.225146,83,2.2539663
raw_native,gt,720.0,21420772,23.017435,19.617615,206,3.3998203
raw_native,gt,720.0,21442900,25.811205,17.653854,15,8.157351
raw_native,gt,1300.0,21441177,15.840213,13.295991,3,2.5442219
raw_native,gt,1129.0,21466159,42.129894,33.552967,23,8.576927
raw_native,gt,1129.0,21477121,14.831719,12.08938,330,2.7423391
raw_native,background,,21482953,19.40655,13.203093,273,6.203457
raw_native,background,,21484958,5.0335116,4.8118834,26,0.22162819
raw_native,background,,21485514,10.486606,7.8481975,19,2.6384082
raw_native,background,,21489894,20.929089,17.315226,315,3.613863
raw_native,background,,21493099,11.303716,10.555618,449,0.7480974
raw_native,background,,21494853,6.2345705,4.464473,348,1.7700977
raw_native,background,,21495042,6.936565,6.059424,32,0.877141
raw_native,background,,21511872,8.23184,8.158229,278,0.07361126
raw_native,background,,21517054,7.9953256,5.772981,280,2.2223444
raw_native,background,,21518053,5.270234,5.214139,29,0.056095123
raw_native,background,,21527221,5.8106937,5.741086,50,0.069607735
raw_native,gt,94.0,21507094,16.375223,10.474312,57,5.9009113
raw_native,gt,337.0,21484480,15.106321,10.94182,19,4.164501
raw_native,gt,720.0,21534892,23.92599,23.440113,454,0.48587608
raw_native,gt,1300.0,21499437,19.453876,16.39941,287,3.0544662
raw_native,gt,1122.0,21529769,13.487217,12.687603,171,0.79961395
raw_native,gt,793.0,21514651,16.716288,11.247799,112,5.4684887
raw_native,background,,21552762,8.995995,7.4461555,97,1.549839
raw_native,background,,21558007,24.49387,16.824324,40,7.669546
raw_native,background,,21562482,3.627898,3.6160579,377,0.011840105
raw_native,background,,21566492,9.034112,8.027128,367,1.0069838
raw_native,background,,21578028,12.245093,10.097672,581,2.147421
raw_native,background,,21582004,7.977666,7.6389675,173,0.3386984
raw_native,background,,21592288,17.965824,9.174089,273,8.791735
raw_native,background,,21593194,10.087073,9.519434,524,0.56763935
raw_native,background,,21593834,13.828226,10.200616,47,3.6276102
raw_native,background,,21597524,7.662296,6.7465463,369,0.91574955
raw_native,gt,1143.0,21569970,14.516759,13.236237,143,1.2805223
raw_native,gt,1143.0,21572752,11.739121,10.885565,143,0.85355663
raw_native,gt,1300.0,21546281,13.9116,12.841532,4,1.0700684
raw_native,gt,1122.0,21587003,10.278513,9.11202,331,1.1664934
raw_native,background,,21608947,15.839279,14.307247,469,1.532032
raw_native,background,,21620936,13.282694,8.24954,10,5.0331535
raw_native,background,,21621119,11.54575,10.28879,201,1.2569599
raw_native,background,,21621359,16.907736,14.933813,543,1.9739227
raw_native,background,,21648120,10.177135,8.159361,207,2.0177746
raw_native,background,,21657618,7.5886474,5.469146,566,2.1195016
raw_native,gt,1143.0,21600678,29.611486,26.02205,316,3.5894356
raw_native,gt,1143.0,21627267,17.908104,16.956348,240,0.9517555
raw_native,gt,720.0,21614926,23.813543,21.726152,327,2.087391
raw_native,gt,1300.0,21607472,42.530197,42.485023,208,0.045173645
raw_native,gt,1300.0,21636281,12.529667,10.81332,314,1.7163467
raw_native,gt,1300.0,21637946,11.704686,10.609178,305,1.0955086
raw_native,gt,1129.0,21634058,36.272617,32.40095,275,3.871666
raw_native,gt,1129.0,21641439,12.6502,11.5342865,304,1.1159134
raw_native,background,,21666939,7.1345134,6.780301,185,0.35421228
raw_native,background,,21672777,14.248146,10.57332,413,3.6748257
raw_native,background,,21686485,6.3583856,5.0943217,53,1.2640638
raw_native,background,,21688021,20.12015,12.80214,181,7.3180094
raw_native,background,,21689308,4.5413356,4.477737,145,0.06359863
raw_native,background,,21692453,32.22722,29.818478,257,2.408741
raw_native,gt,720.0,21670480,6.268327,6.193704,5,0.07462311
raw_native,background,,21725071,25.169231,13.439776,529,11.729455
raw_native,background,,21748393,6.709687,6.157334,491,0.5523534
raw_native,background,,21748604,12.82473,12.625897,26,0.19883251
raw_native,background,,21768106,12.758267,9.416023,262,3.3422441
raw_native,background,,21768261,16.061499,14.383898,372,1.6776009
raw_native,background,,21771734,20.307777,19.218855,303,1.0889225
raw_native,gt,2143.0,21738678,23.800768,16.073166,124,7.727602
raw_native,gt,720.0,21725323,17.329966,14.025338,5,3.3046274
raw_native,gt,720.0,21757355,45.220936,30.481659,536,14.739277
raw_native,gt,793.0,21761836,16.625803,16.555555,305,0.07024765
raw_native,gt,1129.0,21761334,23.761648,15.082307,529,8.679341
raw_native,gt,1129.0,21777296,32.036705,31.939846,432,0.09685898
raw_native,background,,21810086,9.996847,7.2076263,310,2.7892208
raw_native,background,,21810562,7.293821,6.9513316,90,0.34248924
raw_native,background,,21823777,5.091271,4.44267,393,0.64860106
raw_native,gt,2143.0,21813752,25.180738,14.369849,124,10.810889
raw_native,gt,94.0,21803989,10.817582,10.196909,142,0.6206732
raw_native,background,,21845289,10.165967,9.677704,509,0.48826313
raw_native,background,,21870701,8.195307,5.7738028,54,2.421504
raw_native,background,,21872966,4.9554877,4.9489636,542,0.006524086
raw_native,background,,21873891,30.68589,19.063452,543,11.622438
raw_native,background,,21878640,12.31008,10.732324,288,1.5777559
raw_native,gt,337.0,21879984,22.184452,21.675209,287,0.509243
raw_native,gt,793.0,21885366,18.805824,13.719209,112,5.0866156
raw_native,background,,21905584,18.219776,13.774073,247,4.4457035
raw_native,background,,21911756,8.845608,8.841524,362,0.0040836334
raw_native,background,,21916320,27.518267,27.436138,454,0.082128525
raw_native,background,,21926512,10.44172,8.713656,415,1.7280636
raw_native,background,,21932936,18.315865,18.026691,19,0.28917313
raw_native,gt,94.0,21901991,17.405594,13.455733,31,3.9498606
raw_native,gt,94.0,21942134,15.76032,14.29761,262,1.4627094
raw_native,gt,337.0,21915607,16.875683,16.32357,143,0.5521126
raw_native,gt,1300.0,21951013,10.394339,10.117318,150,0.27702045
raw_native,background,,21961622,7.592943,6.3756495,20,1.2172937
raw_native,background,,21982698,9.305102,7.440393,193,1.8647094
raw_native,background,,21999379,8.42817,7.1911907,231,1.2369795
raw_native,background,,22005011,7.489656,5.4721556,445,2.0175004
raw_native,background,,22011840,15.018869,13.142164,565,1.8767052
raw_native,gt,1143.0,22002612,11.058592,8.4722595,143,2.5863323
raw_native,gt,664.0,21974431,13.101899,13.07835,412,0.02354908
raw_native,background,,22021782,4.864356,4.580382,133,0.28397417
raw_native,background,,22032136,7.0784664,6.679361,500,0.39910555
raw_native,background,,22042328,4.2901225,4.109838,387,0.1802845
raw_native,background,,22045217,11.243015,11.139113,313,0.10390186
raw_native,background,,22055701,19.744242,18.593267,292,1.1509743
raw_native,background,,22062177,11.087838,10.556699,368,0.5311394
raw_native,background,,22072927,24.500107,24.247608,89,0.25249863
raw_native,background,,22074636,15.522559,10.415908,26,5.1066513
raw_native,gt,2143.0,22052497,25.550734,15.92792,124,9.622813
raw_native,gt,94.0,22047240,34.911705,30.844347,23,4.067358
raw_native,gt,94.0,22048084,17.663118,14.059557,290,3.6035614
raw_native,gt,1300.0,22032636,39.567738,34.629345,275,4.9383926
raw_native,background,,22087520,12.035557,9.003164,550,3.0323925
raw_native,background,,22127217,11.5348835,9.764804,265,1.7700796
raw_native,gt,664.0,22108095,10.914998,10.514891,234,0.40010738
raw_native,gt,664.0,22121959,8.114732,7.9693403,347,0.14539146
raw_native,gt,793.0,22118212,16.829842,12.080474,112,4.7493677
raw_native,gt,1129.0,22110029,26.05912,20.929815,464,5.129305
raw_native,gt,1129.0,22113174,17.180136,14.955631,334,2.2245045
raw_native,background,,22151247,14.11616,13.320761,127,0.79539967
raw_native,background,,22156221,6.254878,5.25928,568,0.99559784
raw_native,background,,22169909,20.480438,17.940266,27,2.5401726
raw_native,background,,22170930,27.14188,24.35397,23,2.7879105
raw_native,background,,22186642,9.638632,9.406867,270,0.2317648
raw_native,gt,1143.0,22175206,13.253175,11.809509,143,1.4436655
raw_native,gt,1122.0,22144648,27.9193,24.940557,464,2.9787426
raw_native,gt,1122.0,22188765,11.575744,8.041831,171,3.5339127
raw_native,background,,22214244,8.860978,7.4861693,193,1.3748088
raw_native,background,,22232493,28.534475,23.233545,554,5.30093
raw_native,background,,22234349,5.1281204,4.025399,9,1.1027212
raw_native,background,,22241763,11.731938,7.060742,294,4.6711965
raw_native,background,,22242086,16.252287,6.533469,327,9.718818
raw_native,gt,2143.0,22218045,26.266666,18.998627,124,7.2680397
raw_native,gt,1300.0,22257260,11.5131445,11.393963,539,0.11918163
raw_native,background,,22261695,18.846735,16.157951,197,2.6887836
raw_native,background,,22261765,12.675055,10.323903,326,2.3511515
raw_native,background,,22280858,8.1568,5.857037,358,2.2997632
raw_native,background,,22317065,9.70354,9.364481,292,0.33905888
raw_native,gt,337.0,22305540,13.268408,10.96731,305,2.3010979
raw_native,gt,1143.0,22274513,18.655787,14.42055,112,4.235236
raw_native,gt,664.0,22284924,16.942808,13.548363,71,3.3944454
raw_native,gt,664.0,22300236,31.189394,24.134981,328,7.054413
raw_native,gt,793.0,22310313,18.38557,14.968305,112,3.417266
raw_native,background,,22324507,11.303267,10.747114,250,0.55615234
raw_native,background,,22324645,19.391787,17.234476,128,2.1573105
raw_native,background,,22338850,14.93194,11.527361,213,3.4045792
raw_native,background,,22347281,16.10424,12.928305,37,3.1759357
raw_native,background,,22370247,11.798212,11.277532,145,0.5206804
raw_native,background,,22378723,17.60905,14.360943,182,3.248108
raw_native,gt,2143.0,22327837,30.20831,19.772257,124,10.436052
raw_native,gt,2143.0,22364300,22.371582,15.827632,124,6.54395
raw_native,gt,94.0,22335675,11.607317,11.038423,495,0.5688944
raw_native,gt,337.0,22348646,36.95776,34.588795,226,2.3689651
raw_native,gt,1143.0,22330759,16.02474,14.57006,150,1.4546804
raw_native,gt,1143.0,22374326,15.545857,12.661145,305,2.8847122
raw_native,gt,720.0,22363992,13.262637,11.785968,550,1.4766693
raw_native,gt,793.0,22324169,18.87612,14.316942,112,4.5591774
raw_native,background,,22385419,12.296154,11.572691,125,0.72346306
raw_native,background,,22385731,6.6641393,6.3037443,181,0.36039495
raw_native,background,,22398088,21.696299,21.233355,190,0.46294403
raw_native,background,,22399163,7.3852243,5.985053,25,1.4001713
raw_native,background,,22415352,16.67528,13.580143,236,3.0951366
raw_native,background,,22418209,7.2260623,6.371246,568,0.85481644
raw_native,background,,22424930,31.141016,15.309156,301,15.83186
raw_native,background,,22437883,8.856567,8.433542,503,0.42302513
raw_native,gt,2143.0,22402318,41.67549,35.418407,371,6.257084
raw_native,gt,793.0,22432129,18.039894,14.393838,112,3.6460562
raw_native,background,,22444750,10.946546,10.566476,43,0.38006973
raw_native,background,,22448648,18.312014,13.101599,315,5.210415
raw_native,background,,22456587,9.546705,8.170919,51,1.3757858
raw_native,background,,22458689,35.84079,31.892889,275,3.9479008
raw_native,background,,22461731,10.0538435,6.451882,529,3.6019616
raw_native,background,,22469822,11.466325,9.945874,53,1.5204506
raw_native,background,,22481514,6.660494,6.1251383,14,0.53535557
raw_native,background,,22486361,7.5146856,6.2586827,580,1.2560029
raw_native,background,,22486826,14.739929,11.992613,33,2.7473164
raw_native,gt,337.0,22462505,13.236623,11.223167,455,2.0134554
raw_native,gt,337.0,22483582,10.789389,9.981639,497,0.80774975
raw_native,gt,337.0,22488486,14.729223,13.004999,334,1.7242241
raw_native,gt,1143.0,22464403,27.020676,26.025547,277,0.99512863
raw_native,gt,720.0,22475867,9.418837,8.984275,523,0.43456173
raw_native,background,,22517696,16.566832,15.730083,63,0.8367481
raw_native,background,,22519235,24.944944,21.86621,192,3.0787334
raw_native,background,,22521856,8.31427,6.2120795,93,2.1021905
raw_native,background,,22538472,8.373207,5.991895,467,2.381312
raw_native,background,,22540055,6.02737,5.3500886,549,0.6772814
raw_native,background,,22544608,10.8157835,10.24302,300,0.57276344
raw_native,background,,22545208,18.278475,16.287994,185,1.9904804
raw_native,background,,22548302,15.84868,14.988866,314,0.8598137
raw_native,background,,22556514,7.831451,6.3710237,2,1.4604273
raw_native,gt,793.0,22556251,15.785812,13.22731,112,2.5585022
raw_native,background,,22562357,5.600529,5.5213995,508,0.079129696
raw_native,background,,22599528,6.0381255,5.298946,371,0.7391796
raw_native,background,,22614136,11.764822,11.045837,177,0.7189846
raw_native,background,,22616241,15.592524,14.020621,253,1.5719023
raw_native,gt,1143.0,22584972,23.321838,19.97878,206,3.3430576
raw_native,gt,1143.0,22603063,12.347703,9.778058,143,2.569645
raw_native,gt,793.0,22613983,20.010601,12.010398,112,8.000203
raw_native,background,,22631939,11.058868,10.92282,37,0.13604832
raw_native,background,,22641712,13.368026,9.351738,211,4.016288
raw_native,background,,22652569,13.195957,11.307534,410,1.888423
raw_native,background,,22654333,22.036718,19.468088,219,2.5686302
raw_native,background,,22667561,8.495876,7.886036,32,0.6098404
raw_native,background,,22678201,6.0623503,5.058764,75,1.0035863
raw_native,gt,2143.0,22627357,28.711542,16.565605,124,12.145937
raw_native,gt,2143.0,22635234,25.969395,23.362583,124,2.6068115
raw_native,gt,2143.0,22675714,24.151398,16.575117,124,7.5762806
raw_native,gt,94.0,22651557,6.354635,5.6604595,438,0.69417524
raw_native,gt,94.0,22676211,13.505633,11.897676,438,1.6079569
raw_native,gt,1143.0,22670205,12.875532,11.130701,143,1.7448311
raw_native,gt,664.0,22623261,12.961607,12.03323,254,0.92837715
raw_native,gt,1300.0,22620613,17.782759,11.811008,398,5.9717503
raw_native,gt,1122.0,22637842,6.3877,6.1524816,328,0.23521852
raw_native,gt,1129.0,22632932,9.742263,8.1924,293,1.5498629
raw_native,gt,1129.0,22639200,18.777822,16.330086,260,2.4477367
raw_native,background,,22687045,8.018215,7.170063,196,0.84815216
raw_native,background,,22690067,16.71396,13.095946,305,3.6180143
raw_native,background,,22696046,12.717445,12.270828,479,0.44661713
raw_native,background,,22702568,5.345012,5.2837086,568,0.061303616
raw_native,background,,22704616,14.023751,11.674806,495,2.3489456
raw_native,background,,22704690,8.552965,8.33799,525,0.21497536
raw_native,background,,22715652,4.6561785,4.5291433,196,0.12703514
raw_native,background,,22724058,6.3143935,5.948921,87,0.36547232
raw_native,gt,1300.0,22683291,24.886372,22.449966,259,2.4364052
raw_native,gt,1300.0,22690826,21.37237,15.4434,208,5.9289694
raw_native,gt,1300.0,22714009,20.488497,18.84932,223,1.6391773
raw_native,gt,793.0,22715399,19.52836,18.592045,112,0.93631554
raw_native,background,,22741090,9.164646,6.8959746,47,2.2686715
raw_native,background,,22745318,22.444353,21.772533,92,0.6718197
raw_native,background,,22751055,5.8303175,5.7653885,49,0.06492901
raw_native,background,,22760560,9.991886,9.023453,417,0.9684334
raw_native,background,,22770542,5.382176,5.2907805,16,0.09139538
raw_native,background,,22786292,8.3461075,7.6857615,579,0.66034603
raw_native,background,,22794890,8.53708,8.336648,227,0.20043182
raw_native,background,,22796568,20.887886,12.517931,242,8.369955
raw_native,gt,2143.0,22764826,23.47046,14.711836,124,8.758625
raw_native,gt,94.0,22780291,22.73795,16.450903,529,6.2870464
raw_native,background,,22807608,7.1132736,5.502151,43,1.6111226
raw_native,background,,22825016,10.082323,9.444745,181,0.637578
raw_native,background,,22831373,10.520813,9.345746,146,1.175067
raw_native,background,,22835184,8.834097,8.805837,556,0.028260231
raw_native,background,,22842969,8.863773,8.369708,334,0.49406528
raw_native,background,,22844587,10.999136,9.701747,488,1.297389
raw_native,background,,22855057,20.887087,17.478807,40,3.4082794
raw_native,background,,22855427,7.6072893,6.559519,368,1.0477705
raw_native,background,,22857169,23.92115,21.17443,315,2.7467194
raw_native,gt,94.0,22818259,19.284182,16.252645,286,3.031536
raw_native,gt,337.0,22809773,21.842266,14.500237,299,7.3420286
raw_native,gt,720.0,22808381,11.032494,10.453053,185,0.5794401
raw_native,gt,1122.0,22827010,26.464697,15.975607,124,10.48909
raw_native,background,,22866722,11.5699415,7.1818285,405,4.388113
raw_native,background,,22870587,22.100203,19.107594,301,2.992609
raw_native,background,,22898302,4.8629713,4.561502,564,0.30146933
raw_native,background,,22906290,21.88149,17.993505,386,3.8879852
raw_native,gt,2143.0,22889405,24.749468,15.203431,124,9.546037
raw_native,gt,94.0,22919063,22.493998,16.639446,208,5.8545513
raw_native,gt,337.0,22866024,12.423607,11.9549055,149,0.46870136
raw_native,gt,664.0,22881682,15.327427,14.732042,30,0.5953846
raw_native,gt,664.0,22915251,22.573778,22.514278,90,0.05949974
raw_native,gt,1129.0,22871371,15.351815,13.346073,4,2.005742
raw_native,background,,22941222,21.67506,21.431467,31,0.24359322
raw_native,background,,22943212,9.897672,8.81036,13,1.0873117
raw_native,background,,22943236,5.2429504,4.84985,338,0.39310026
raw_native,background,,22945347,15.265748,11.859962,324,3.4057856
raw_native,background,,22952651,6.5796366,5.609607,362,0.97002935
raw_native,background,,22955775,9.213425,8.865866,362,0.34755898
raw_native,background,,22959569,8.321242,7.960676,211,0.36056614
raw_native,background,,22962687,15.735685,11.372982,413,4.3627033
raw_native,background,,22967235,6.4847674,5.0836115,474,1.401156
raw_native,background,,22969077,6.027685,5.831863,233,0.19582224
raw_native,background,,22975968,21.954163,11.659241,516,10.294922
raw_native,gt,337.0,22955432,16.637192,11.361488,518,5.2757034
raw_native,gt,1143.0,22973724,15.988266,14.605586,413,1.3826799
raw_native,gt,1300.0,22979472,18.854809,16.720001,262,2.1348076
raw_native,gt,1129.0,22954785,13.986795,13.609083,56,0.37771225
raw_native,background,,22981217,7.4349008,5.0535626,211,2.3813381
raw_native,background,,22993713,12.714812,12.237988,283,0.4768238
raw_native,background,,22995233,7.297808,5.197357,426,2.100451
raw_native,background,,22996471,10.63203,9.746527,302,0.8855028
raw_native,background,,23019687,15.048777,13.3669615,539,1.6818151
raw_native,background,,23019910,31.097738,28.586472,471,2.5112667
raw_native,gt,793.0,22997002,18.342522,13.157472,112,5.18505
raw_native,gt,1129.0,23034268,12.134228,10.686676,32,1.4475517
raw_native,background,,23046633,22.064453,20.076326,386,1.9881268
raw_native,background,,23052242,10.157474,9.861584,298,0.29588985
raw_native,background,,23063818,4.697582,4.236378,131,0.46120358
raw_native,background,,23066440,4.784995,4.420749,10,0.3642459
raw_native,background,,23075079,15.858026,10.589888,207,5.268138
raw_native,background,,23092838,9.501196,7.423403,434,2.0777931
raw_native,background,,23097203,8.651637,6.9141145,228,1.7375226
raw_native,background,,23097324,29.868698,25.428589,192,4.4401093
raw_native,gt,1300.0,23050150,19.852406,16.493086,257,3.3593197
raw_native,gt,793.0,23092679,17.92653,13.615117,112,4.311414
raw_native,gt,793.0,23093151,19.02635,18.342506,455,0.6838436
raw_native,gt,1129.0,23043984,22.630045,21.103598,316,1.5264473
raw_native,gt,1129.0,23047581,22.552729,20.012562,238,2.5401669
raw_native,background,,23112179,7.0091653,5.442232,523,1.5669332
raw_native,background,,23125050,16.630482,16.112732,26,0.5177498
raw_native,background,,23134386,7.2413154,6.4910398,284,0.7502756
raw_native,background,,23142001,14.570704,13.50911,247,1.061594
raw_native,background,,23144834,6.4304605,5.5373154,39,0.8931451
raw_native,background,,23154168,8.760039,8.334334,329,0.42570496
raw_native,gt,2143.0,23152333,27.606878,15.425675,124,12.181203
raw_native,gt,94.0,23115061,12.112354,10.923778,284,1.1885767
raw_native,gt,720.0,23109365,13.649278,13.609923,321,0.039354324
raw_native,gt,1122.0,23111974,17.376019,15.011596,455,2.3644228
raw_native,gt,1122.0,23156748,21.563726,18.836348,241,2.7273788
raw_native,background,,23174896,11.905868,10.500696,305,1.4051714
raw_native,background,,23174936,6.5234838,5.966618,99,0.5568657
raw_native,background,,23178106,19.377542,17.01363,42,2.3639126
raw_native,background,,23178763,5.990848,5.5010676,506,0.48978043
raw_native,background,,23182059,18.662413,13.782209,93,4.8802032
raw_native,background,,23187649,10.522199,9.398092,240,1.1241064
raw_native,background,,23200458,4.8145432,4.406903,375,0.40764046
raw_native,gt,2143.0,23175384,33.09944,28.943771,447,4.15567
raw_native,gt,94.0,23198901,33.91414,32.462025,452,1.4521141
raw_native,gt,793.0,23175149,20.415026,14.526881,112,5.8881445
raw_native,background,,23243634,5.8966985,5.806199,63,0.0904994
raw_native,background,,23244572,15.732605,14.627968,278,1.1046371
raw_native,background,,23277623,7.4069915,7.1944957,50,0.2124958
raw_native,gt,2143.0,23252375,24.612116,13.84663,124,10.765486
raw_native,gt,94.0,23227812,26.89669,22.955616,8,3.9410744
raw_native,gt,94.0,23227967,26.854609,16.483562,15,10.371046
raw_native,gt,94.0,23271509,14.48832,11.510702,63,2.9776182
raw_native,gt,94.0,23271675,13.435992,11.89189,368,1.5441027
raw_native,gt,337.0,23232929,20.767414,18.603157,282,2.164257
raw_native,gt,1143.0,23241623,20.37922,17.779692,216,2.5995274
raw_native,gt,1143.0,23251757,29.039783,24.788073,474,4.251711
raw_native,gt,664.0,23254709,9.441717,7.2453265,347,2.1963906
raw_native,gt,1300.0,23250995,10.834925,10.195448,580,0.6394768
raw_native,background,,23291688,10.273353,8.944451,534,1.3289013
raw_native,background,,23299041,13.19023,10.5368395,302,2.653391
raw_native,background,,23314904,5.193638,5.0089054,558,0.18473244
raw_native,background,,23322304,10.06278,8.817641,535,1.2451391
raw_native,background,,23334356,24.426292,20.031126,328,4.3951664
raw_native,background,,23335135,22.509123,20.967113,407,1.5420094
raw_native,background,,23338802,17.162468,14.819945,187,2.3425226
raw_native,gt,337.0,23295517,22.230093,20.69986,299,1.5302334
raw_native,gt,337.0,23315429,15.036814,14.452087,289,0.58472633
raw_native,gt,793.0,23293689,17.62756,15.225648,122,2.4019117
raw_native,gt,1129.0,23307916,24.299465,23.890194,274,0.40927124
raw_native,background,,23364462,18.926579,15.134326,260,3.7922525
raw_native,background,,23369429,7.0177317,5.7419,9,1.2758317
raw_native,background,,23377108,9.466869,6.6377425,142,2.8291268
raw_native,background,,23383213,9.180194,8.682673,418,0.49752045
raw_native,background,,23389890,13.614514,12.747901,200,0.8666134
raw_native,background,,23390065,23.810024,23.684914,272,0.12511063
raw_native,background,,23392898,16.53323,16.439484,241,0.093746185
raw_native,gt,94.0,23378942,13.097234,12.497359,5,0.5998745
raw_native,gt,1143.0,23359256,22.043747,20.869463,128,1.174284
raw_native,gt,664.0,23345116,15.30901,13.0702,252,2.2388096
raw_native,gt,793.0,23434487,20.617716,13.050246,112,7.5674696
raw_native,gt,793.0,23449093,19.124605,13.366599,112,5.758006
raw_native,background,,23469212,9.084273,6.6039224,184,2.480351
raw_native,background,,23473325,7.745943,7.094463,0,0.6514802
raw_native,background,,23477892,9.325002,8.397842,375,0.9271593
raw_native,background,,23479965,32.755604,21.50213,182,11.253473
raw_native,background,,23487620,3.653114,3.1675148,475,0.48559928
raw_native,background,,23490144,21.605639,13.634935,543,7.970703
raw_native,background,,23490426,5.81621,5.612814,339,0.20339584
raw_native,background,,23500281,8.452001,8.370828,2,0.08117294
raw_native,background,,23500882,38.744743,32.09855,23,6.6461945
raw_native,background,,23502263,6.235493,4.7554,211,1.480093
raw_native,background,,23514206,9.458803,8.85009,334,0.60871315
raw_native,gt,2143.0,23506958,27.33117,20.955685,124,6.3754845
raw_native,gt,337.0,23504893,19.495577,13.474596,19,6.020981
raw_native,gt,793.0,23509450,18.194824,12.3319235,112,5.8629007
raw_native,background,,23540165,4.4040294,4.2140665,14,0.18996286
raw_native,background,,23554697,5.4624815,4.997225,380,0.4652567
raw_native,background,,23556312,14.150396,12.712949,31,1.4374475
raw_native,background,,23565524,3.9519575,3.9206178,62,0.031339645
raw_native,gt,720.0,23551451,33.574665,33.250645,487,0.3240204
raw_native,gt,720.0,23557260,16.747137,15.840221,73,0.90691566
raw_native,background,,23581775,17.201492,6.910395,273,10.291098
raw_native,background,,23607204,8.436981,7.013215,475,1.4237661
raw_native,background,,23609208,19.337736,16.138468,226,3.1992683
raw_native,background,,23609351,4.7997117,4.717732,25,0.08197975
raw_native,background,,23611311,8.049059,6.8990793,58,1.1499796
raw_native,gt,337.0,23591234,8.977634,8.582586,497,0.39504814
raw_native,gt,1143.0,23584448,14.380921,13.588743,541,0.79217815
raw_native,gt,1143.0,23610747,13.558654,12.412235,451,1.1464186
raw_native,gt,1129.0,23617904,36.82763,29.364279,474,7.4633503
raw_native,background,,23642701,6.383277,4.4473896,426,1.9358873
raw_native,background,,23663072,7.351334,6.39187,145,0.9594641
raw_native,background,,23667376,5.700895,4.993857,510,0.7070379
raw_native,background,,23678637,10.234272,9.052725,271,1.1815472
raw_native,background,,23687427,17.328037,6.647693,273,10.680344
raw_native,background,,23687543,4.096605,4.012718,46,0.08388662
raw_native,background,,23693553,14.659719,11.391817,334,3.2679024
raw_native,background,,23695838,4.9022684,4.2118835,437,0.69038486
raw_native,background,,23696804,9.595367,9.5188675,289,0.07649994
raw_native,background,,23697647,23.953094,17.766603,474,6.186491
raw_native,gt,337.0,23663686,24.489683,19.77598,274,4.713703
raw_native,gt,1143.0,23697479,21.162422,20.179005,300,0.9834175
raw_native,gt,720.0,23644580,10.660733,10.092036,44,0.568697
raw_native,gt,664.0,23645098,11.73252,10.646793,358,1.0857267
raw_native,gt,1300.0,23698811,8.530114,8.117299,150,0.4128151
raw_native,background,,23715546,15.281898,7.5178556,467,7.764042
raw_native,background,,23733812,13.575211,7.452936,229,6.1222744
raw_native,background,,23733821,6.0624146,5.8770475,426,0.1853671
raw_native,background,,23753683,12.6723795,11.313851,281,1.3585281
raw_native,background,,23754913,7.613697,7.0121784,429,0.60151863
raw_native,background,,23756492,17.152235,15.746882,453,1.4053526
raw_native,background,,23757055,5.531662,5.2885947,168,0.24306726
raw_native,background,,23758343,15.954696,10.8537445,243,5.100951
raw_native,gt,2143.0,23709699,30.151062,28.470818,219,1.6802444
raw_native,gt,793.0,23704577,19.771515,16.97547,112,2.7960453
raw_native,background,,23764843,16.643644,11.780482,287,4.863162
raw_native,background,,23766347,7.0285454,6.690023,285,0.33852243
raw_native,background,,23771024,19.192091,14.634717,315,4.557374
raw_native,background,,23771046,18.363506,17.65727,189,0.7062359
raw_native,background,,23774841,14.178987,11.829664,6,2.3493223
raw_native,background,,23775006,13.853705,7.3156676,177,6.538038
raw_native,background,,23793421,26.483587,25.78783,454,0.6957569
raw_native,background,,23814035,19.079948,15.340071,407,3.7398777
raw_native,background,,23815904,10.910345,8.464009,362,2.4463358
raw_native,background,,23818031,7.0688586,5.986362,584,1.0824966
raw_native,gt,337.0,23788721,31.98355,26.402445,219,5.5811043
raw_native,gt,1143.0,23772058,19.335196,15.500683,39,3.8345127
raw_native,gt,1143.0,23797171,19.733835,15.816921,470,3.916914
raw_native,gt,1143.0,23799431,7.525973,5.973619,143,1.5523539
raw_native,background,,23839688,11.862811,11.387138,315,0.47567272
raw_native,background,,23843416,13.596318,13.479584,191,0.116734505
raw_native,background,,23849388,15.528624,11.495232,273,4.033392
raw_native,background,,23857413,14.053779,13.636397,252,0.4173813
raw_native,background,,23869656,10.342946,9.008727,59,1.334219
raw_native,background,,23876190,6.5441427,5.5006084,295,1.0435343
raw_native,gt,337.0,23834331,18.460821,17.163721,273,1.2971001
raw_native,gt,664.0,23835098,8.199334,8.107617,347,0.09171677
raw_native,gt,664.0,23850586,25.19565,21.422707,74,3.7729435
raw_native,gt,793.0,23825991,27.241837,25.453531,462,1.7883053
raw_native,gt,1129.0,23853371,7.6579494,7.2182326,135,0.43971682
raw_native,background,,23909546,23.956917,19.480581,192,4.4763355
raw_native,background,,23918513,7.360651,5.883884,63,1.4767671
raw_native,background,,23930836,8.587667,7.6196566,548,0.9680109
raw_native,gt,337.0,23891010,22.860043,18.693369,42,4.1666737
raw_native,gt,337.0,23902666,15.708973,13.463671,185,2.2453022
raw_native,gt,1143.0,23908948,20.282911,20.282585,257,0.00032615662
raw_native,gt,664.0,23904449,24.060074,21.377754,407,2.6823196
raw_native,gt,664.0,23935818,19.490925,18.993055,263,0.4978695
raw_native,gt,1122.0,23938501,14.82487,11.847412,426,2.977458
raw_native,gt,1129.0,23906558,13.8694105,7.8978834,72,5.971527
raw_native,background,,23949732,13.030164,10.493756,467,2.5364075
raw_native,background,,23970199,19.870773,17.608608,438,2.262165
raw_native,background,,23973287,5.577741,5.553289,568,0.02445221
raw_native,background,,23978308,5.4773636,5.2602396,346,0.21712399
raw_native,background,,23978403,7.17576,6.2349997,62,0.94076014
raw_native,background,,23981091,14.023944,12.948982,62,1.0749617
raw_native,background,,23990240,8.61734,8.050101,44,0.5672388
raw_native,background,,23997241,4.7514644,4.453806,78,0.29765844
raw_native,gt,2143.0,23958085,28.222713,17.01291,124,11.209803
raw_native,gt,2143.0,23977141,25.255608,18.896921,124,6.3586864
raw_native,gt,94.0,23980514,19.32346,18.220066,315,1.1033936
raw_native,gt,720.0,23968835,25.209366,23.68812,462,1.521246
raw_native,gt,793.0,23972734,33.00439,31.739553,453,1.2648373
raw_native,gt,793.0,23979006,29.748856,20.051779,301,9.697077
raw_native,background,,24000570,7.9733467,7.187444,293,0.7859025
raw_native,background,,24000602,7.066225,6.310902,75,0.75532293
raw_native,background,,24010668,14.3698225,13.759072,24,0.6107502
raw_native,background,,24020255,5.7899623,5.5944,311,0.19556236
raw_native,gt,337.0,24059137,24.73411,22.352337,238,2.381773
raw_native,gt,1143.0,24030707,32.301502,27.230728,238,5.070774
raw_native,gt,1122.0,24045186,13.39698,12.896422,252,0.5005579
raw_native,background,,24064787,8.764234,8.280825,227,0.48340893
raw_native,background,,24065452,6.1190267,5.7451797,519,0.373847
raw_native,background,,24074370,7.7307935,7.18363,125,0.5471635
raw_native,background,,24076050,9.966833,8.650663,24,1.3161697
raw_native,background,,24078142,8.66044,4.4695377,146,4.1909027
raw_native,background,,24081362,30.230848,24.036133,316,6.1947155
raw_native,background,,24098855,11.112306,5.8341336,68,5.278172
raw_native,background,,24101291,15.516841,14.846927,215,0.66991425
raw_native,background,,24102559,4.848931,4.3534875,95,0.49544334
raw_native,gt,2143.0,24066800,26.096378,18.372398,124,7.72398
raw_native,gt,2143.0,24068896,25.192648,22.86356,176,2.3290882
raw_native,gt,2143.0,24087628,26.968239,19.529945,124,7.4382935
raw_native,gt,337.0,24073738,11.773059,10.533182,284,1.2398767
raw_native,gt,664.0,24078516,20.024881,16.8517,502,3.1731815
raw_native,gt,1122.0,24063244,18.597404,14.661252,39,3.9361525
raw_native,gt,1122.0,24083172,40.7072,28.132313,303,12.574886
raw_native,gt,793.0,24103088,21.030668,19.145542,112,1.8851261
raw_native,gt,1129.0,24090283,15.204083,14.202514,453,1.0015697
raw_native,background,,24123991,8.902734,6.581408,211,2.3213258
raw_native,background,,24125549,15.137216,13.020355,227,2.1168604
raw_native,background,,24143759,12.182575,10.979599,495,1.2029762
raw_native,background,,24150752,16.20312,13.117304,559,3.0858154
raw_native,background,,24153966,5.4182673,4.8151336,116,0.6031337
raw_native,background,,24160144,8.408635,6.9859924,332,1.4226427
raw_native,background,,24166167,23.886469,22.80716,290,1.0793095
raw_native,gt,2143.0,24129073,39.78051,28.280502,538,11.500008
raw_native,gt,1300.0,24130867,15.656939,15.626595,438,0.03034401
raw_native,gt,1300.0,24176932,18.304419,13.735736,507,4.5686827
raw_native,gt,1129.0,24139813,13.040604,10.688994,39,2.3516092
raw_native,background,,24180357,6.608509,5.4880013,174,1.1205077
raw_native,background,,24183377,5.8138685,5.810144,86,0.003724575
raw_native,background,,24195449,8.553014,7.756771,509,0.7962427
raw_native,background,,24212544,5.04707,4.8184114,408,0.22865868
raw_native,background,,24215177,20.281698,15.55211,260,4.7295885
raw_native,background,,24219759,16.465149,15.803479,198,0.66166973
raw_native,background,,24235673,8.201795,8.179014,295,0.022780418
raw_native,background,,24237028,7.6533837,6.494069,76,1.1593146
raw_native,gt,94.0,24218903,15.670117,9.913358,304,5.7567596
raw_native,gt,1143.0,24227003,12.505235,9.857133,143,2.6481018
raw_native,gt,664.0,24212288,7.205068,5.656969,347,1.548099
raw_native,gt,1129.0,24212749,24.800873,18.143738,516,6.657135
raw_native,background,,24247417,17.204794,7.545032,273,9.659761
raw_native,background,,24249190,5.887221,5.514254,133,0.37296677
raw_native,background,,24269177,12.645023,11.555617,530,1.089406
raw_native,background,,24269282,13.646471,13.155608,252,0.49086285
raw_native,background,,24276473,7.3305078,5.396629,50,1.9338789
raw_native,background,,24277495,16.344667,13.556415,419,2.7882528
raw_native,background,,24282780,11.882277,11.779783,253,0.102493286
raw_native,background,,24292069,16.96284,16.804014,309,0.15882492
raw_native,gt,720.0,24299783,32.50089,32.4618,432,0.039089203
raw_native,background,,24312292,14.309136,12.120281,5,2.1888552
raw_native,background,,24323475,21.893261,19.691969,273,2.201292
raw_native,background,,24326927,6.759648,6.7106986,248,0.04894924
raw_native,background,,24330697,5.943883,5.4385495,174,0.5053334
raw_native,background,,24330874,6.9498844,6.339764,53,0.6101203
raw_native,background,,24336410,9.287262,8.731293,254,0.55596924
raw_native,gt,337.0,24326352,18.878798,15.127637,26,3.7511606
raw_native,gt,1143.0,24318071,22.06474,19.984863,389,2.079876
raw_native,gt,1122.0,24329456,11.813613,9.277172,83,2.5364408
raw_native,background,,24373226,9.548389,9.030343,475,0.5180464
raw_native,background,,24374155,7.557124,6.884873,180,0.6722512
raw_native,background,,24377491,14.439225,13.930927,44,0.5082979
raw_native,background,,24383393,5.1682878,4.6592903,211,0.50899744
raw_native,background,,24387631,20.74841,17.473932,328,3.274477
raw_native,background,,24403687,15.669629,14.014928,305,1.6547012
raw_native,background,,24409258,9.336451,7.969584,227,1.3668666
raw_native,gt,1143.0,24418668,12.327648,11.198117,143,1.1295309
raw_native,gt,1300.0,24363222,18.769747,10.343124,243,8.426622
raw_native,gt,793.0,24404455,20.766476,12.729917,112,8.036559
raw_native,gt,1129.0,24404211,9.217971,8.894522,217,0.32344913
raw_native,background,,24420729,7.355341,6.3181033,564,1.0372376
raw_native,background,,24431698,8.988476,7.5388613,27,1.4496145
raw_native,background,,24433408,8.683762,7.9880533,180,0.6957083
raw_native,background,,24437613,9.378871,9.002903,76,0.37596798
raw_native,background,,24451554,14.994182,14.291095,30,0.70308685
raw_native,background,,24462270,12.19482,11.108246,57,1.0865746
raw_native,background,,24465201,4.329423,3.931119,232,0.398304
raw_native,background,,24471066,23.708138,23.210836,454,0.4973011
raw_native,background,,24477106,6.6712127,6.089192,53,0.58202076
raw_native,gt,94.0,24465980,17.381525,13.071549,207,4.3099756
raw_native,gt,1143.0,24437819,30.444172,27.099623,316,3.3445492
raw_native,gt,664.0,24421098,9.85726,9.726863,3,0.13039684
raw_native,gt,664.0,24479945,10.817119,9.556407,410,1.2607117
raw_native,background,,24480739,6.019832,5.602106,206,0.41772604
raw_native,background,,24503138,18.111145,15.482306,226,2.6288395
raw_native,background,,24503731,6.1212173,4.943801,43,1.1774163
raw_native,background,,24503948,4.7032666,4.444575,361,0.2586918
raw_native,background,,24511163,7.9959416,5.8752728,539,2.120669
raw_native,background,,24514114,5.840477,4.947608,302,0.892869
raw_native,background,,24524309,5.778244,5.0868936,184,0.69135046
raw_native,background,,24530929,7.4582005,7.201904,487,0.25629663
raw_native,background,,24536580,6.7997665,6.081716,475,0.7180505
raw_native,background,,24537026,22.708126,18.599411,328,4.108715
raw_native,background,,24537281,5.662705,5.444187,48,0.21851778
raw_native,gt,2143.0,24528377,26.756773,16.063921,124,10.692852
raw_native,gt,1129.0,24493729,18.440289,18.1119,266,0.3283882
raw_native,background,,24540774,7.7917094,4.4232683,305,3.368441
raw_native,background,,24551043,5.3142667,4.4038057,15,0.91046095
raw_native,background,,24555985,19.22743,16.323326,292,2.9041042
raw_native,background,,24561450,9.976311,8.879949,198,1.0963621
raw_native,background,,24566142,13.631377,11.713467,272,1.9179106
raw_native,background,,24575844,9.295178,8.941334,514,0.35384464
raw_native,background,,24578306,47.64888,42.4686,538,5.180279
raw_native,gt,720.0,24591119,27.810318,22.200146,206,5.6101723
raw_native,gt,793.0,24571325,27.802902,23.436886,274,4.3660164
raw_native,background,,24606228,11.4066105,7.1768427,509,4.229768
raw_native,background,,24617613,20.072662,17.56947,190,2.503193
raw_native,background,,24622654,12.293255,10.557798,280,1.7354565
raw_native,background,,24624411,9.536148,6.5304666,47,3.0056815
raw_native,background,,24627256,22.221218,16.573425,206,5.647793
raw_native,background,,24630911,9.677408,9.046081,472,0.6313276
raw_native,background,,24652266,10.167884,6.812362,26,3.3555217
raw_native,background,,24652911,28.194653,23.642366,465,4.552286
raw_native,background,,24653269,21.0385,19.969847,287,1.0686531
raw_native,background,,24655281,14.916914,10.066979,305,4.8499346
raw_native,gt,2143.0,24638780,24.198023,15.770416,124,8.427607
raw_native,gt,94.0,24656756,18.40917,14.991741,273,3.417429
raw_native,gt,1143.0,24628973,17.07798,14.25768,525,2.8203
raw_native,background,,24662288,20.803782,18.35922,327,2.444561
raw_native,background,,24680782,12.100442,10.304429,252,1.7960129
raw_native,background,,24689893,5.267123,4.5802155,177,0.68690777
raw_native,background,,24690764,17.510527,14.556933,241,2.9535933
raw_native,background,,24692043,24.43516,20.934269,328,3.5008907
raw_native,background,,24716520,23.024668,17.59694,197,5.4277287
raw_native,gt,337.0,24705427,14.011598,11.351724,240,2.659874
raw_native,gt,720.0,24662161,18.655426,16.164358,288,2.491068
raw_native,gt,720.0,24682371,14.987048,11.551721,5,3.4353275
raw_native,gt,664.0,24701300,18.285063,16.546303,419,1.73876
raw_native,gt,793.0,24718141,43.104927,33.434586,23,9.6703415
raw_native,background,,24754657,6.385418,6.0488205,163,0.33659744
raw_native,background,,24755276,6.1904755,4.8380675,71,1.3524079
raw_native,background,,24755645,9.419685,5.8571215,53,3.562564
raw_native,background,,24756428,6.894305,6.414043,556,0.48026228
raw_native,background,,24763120,6.1789594,4.498954,146,1.6800056
raw_native,background,,24779317,15.342266,13.665234,197,1.6770325
raw_native,gt,94.0,24758988,7.7131567,6.9928703,33,0.72028637
raw_native,gt,1143.0,24754791,34.17791,32.073524,433,2.1043854
raw_native,gt,664.0,24749170,13.6853285,9.503519,87,4.1818094
raw_native,gt,1300.0,24765637,32.163128,18.434187,473,13.728941
raw_native,background,,24781283,11.965569,11.534794,453,0.4307747
raw_native,background,,24784060,8.046039,7.988828,533,0.057210445
raw_native,background,,24796686,6.4993834,6.2863073,374,0.21307611
raw_native,background,,24798013,6.2530885,4.894143,474,1.3589454
raw_native,background,,24800616,8.564097,7.848973,122,0.7151246
raw_native,background,,24800801,24.551296,24.495258,548,0.056037903
raw_native,background,,24800817,11.2756815,10.6957245,17,0.579957
raw_native,background,,24801583,7.4582973,6.515817,177,0.9424801
raw_native,background,,24805879,4.443246,4.3085155,524,0.13473034
raw_native,background,,24805955,5.340975,5.2412915,8,0.099683285
raw_native,background,,24815409,23.459635,19.057781,40,4.4018536
raw_native,background,,24822599,13.120606,11.227622,6,1.8929844
raw_native,background,,24839735,10.098418,8.270564,228,1.8278542
raw_native,gt,720.0,24822742,18.842913,18.469269,197,0.37364388
raw_native,gt,720.0,24829973,24.103714,18.514063,206,5.589651
raw_native,gt,720.0,24839611,8.551688,7.646675,306,0.9050131
raw_native,background,,24841081,5.413254,5.391413,469,0.021840572
raw_native,background,,24844233,11.754196,9.018315,201,2.7358809
raw_native,background,,24866475,13.819024,11.933484,285,1.88554
raw_native,background,,24876899,10.278196,8.991799,44,1.286397
raw_native,background,,24886442,7.4504085,6.705365,326,0.7450433
raw_native,gt,337.0,24847319,15.877626,15.836037,26,0.041589737
raw_native,gt,664.0,24858696,11.507599,11.430196,217,0.07740307
raw_native,background,,24901177,8.077689,5.6921587,41,2.3855305
raw_native,background,,24904925,7.110126,6.518727,436,0.5913992
raw_native,background,,24911113,9.542418,9.023405,554,0.51901245
raw_native,background,,24925606,14.061306,6.1746254,178,7.8866806
raw_native,background,,24930867,5.408797,4.9066386,166,0.50215816
raw_native,background,,24936724,10.041439,8.562657,530,1.4787817
raw_native,background,,24936794,6.1782656,6.102775,397,0.075490475
raw_native,background,,24938198,8.360719,7.3665366,534,0.9941821
raw_native,background,,24938286,7.0581985,6.5386953,372,0.5195031
raw_native,background,,24940289,10.785638,7.6747694,193,3.1108685
raw_native,background,,24944139,14.474577,9.807962,10,4.6666145
raw_native,background,,24951318,6.7535315,5.956596,362,0.79693556
raw_native,background,,24959444,15.293042,15.054031,302,0.23901081
raw_native,gt,2143.0,24957176,26.577328,16.39747,124,10.179857
raw_native,gt,1143.0,24942815,13.83705,12.138523,143,1.6985273
raw_native,background,,24961957,7.6819267,7.4905524,479,0.1913743
raw_native,background,,24962817,6.322086,5.512319,285,0.80976677
raw_native,background,,24975750,17.618864,16.070704,502,1.5481606
raw_native,background,,24979860,19.824316,16.860527,196,2.963789
raw_native,background,,24992113,21.170628,19.664911,315,1.5057163
raw_native,background,,25009834,12.886216,12.667047,550,0.21916962
raw_native,background,,25011130,13.715939,9.684095,76,4.031843
raw_native,background,,25016528,6.420151,6.0560412,33,0.36411
raw_native,gt,94.0,24960633,26.711542,25.339403,216,1.372139
raw_native,background,,25022078,14.065303,10.645575,328,3.4197283
raw_native,background,,25047789,26.439285,25.503536,462,0.93574905
raw_native,background,,25073861,6.902727,6.885486,64,0.017241001
raw_native,gt,94.0,25028992,14.888743,12.72637,527,2.1623735
raw_native,gt,94.0,25059046,28.062695,20.143251,208,7.919443
raw_native,gt,720.0,25057502,16.219791,16.16074,524,0.059051514
raw_native,gt,793.0,25070760,19.423384,13.516811,112,5.9065723
raw_native,background,,25089670,28.518599,24.179817,516,4.3387814
raw_native,background,,25104385,28.74115,28.262966,469,0.47818375
raw_native,background,,25118038,10.173316,7.965416,310,2.2079
raw_native,background,,25119500,5.8175015,5.600337,72,0.21716452
raw_native,gt,94.0,25100934,23.013708,19.334486,216,3.679222
raw_native,gt,1122.0,25101232,16.243185,13.960064,404,2.283121
raw_native,gt,1122.0,25136232,15.923436,15.40671,40,0.5167265
raw_native,gt,1129.0,25117258,15.586962,13.09497,496,2.491992
raw_native,background,,25141308,33.39004,22.473337,474,10.916704
raw_native,background,,25147907,17.088572,12.145098,286,4.943474
raw_native,background,,25157246,12.655044,12.055816,250,0.5992279
raw_native,background,,25159112,7.349841,6.427533,173,0.92230797
raw_native,background,,25159236,34.41732,30.656471,552,3.760849
raw_native,background,,25161305,8.417206,7.841698,475,0.57550764
raw_native,background,,25176786,7.023798,6.365293,43,0.65850496
raw_native,background,,25184627,11.572841,11.083038,32,0.48980236
raw_native,gt,2143.0,25150776,26.332571,14.734498,124,11.598073
raw_native,gt,664.0,25174935,7.64403,6.9318547,167,0.71217537
raw_native,background,,25204796,13.785796,11.287559,334,2.4982376
raw_native,background,,25208430,11.328533,11.189511,541,0.13902187
raw_native,background,,25230095,10.74544,9.09999,463,1.6454496
raw_native,background,,25233447,5.2276225,4.6127954,212,0.61482716
raw_native,background,,25235888,24.504196,22.907299,472,1.5968971
raw_native,background,,25243181,4.7051377,4.354776,39,0.35036182
raw_native,background,,25248156,6.5847692,5.8921876,539,0.69258165
raw_native,gt,94.0,25230723,6.8919783,6.6538796,149,0.23809862
raw_native,gt,337.0,25253036,11.335189,8.984156,497,2.3510332
raw_native,gt,1143.0,25249546,21.18517,19.696627,287,1.4885426
raw_native,gt,720.0,25236593,11.084344,10.914946,477,0.16939831
raw_native,gt,793.0,25248764,16.98012,11.7577715,112,5.222348
raw_native,gt,1129.0,25202300,12.016071,9.513672,145,2.5023994
raw_native,gt,1129.0,25246703,9.376605,8.807857,254,0.5687485
raw_native,background,,25273537,14.433844,13.994723,250,0.4391203
raw_native,background,,25299475,11.0279,9.363112,60,1.6647873
raw_native,background,,25299918,16.886202,16.2353,461,0.6509018
raw_native,background,,25304507,6.591057,6.400265,359,0.1907916
raw_native,background,,25305631,14.719453,9.546154,294,5.173299
raw_native,gt,2143.0,25271259,27.246502,19.15106,124,8.095442
raw_native,gt,664.0,25290852,37.5925,27.195694,182,10.396805
raw_native,gt,1122.0,25287030,10.811717,9.747883,540,1.0638342
raw_native,background,,25329497,10.284736,9.341998,327,0.9427376
raw_native,background,,25334384,23.629457,16.712458,473,6.917
raw_native,background,,25337542,6.8314,6.425137,382,0.40626287
raw_native,background,,25350005,7.472104,6.756996,166,0.7151079
raw_native,background,,25351490,9.439716,9.064099,409,0.37561703
raw_native,background,,25373122,7.1709366,6.1629853,67,1.0079513
raw_native,background,,25379180,6.5017595,6.1917253,35,0.31003428
raw_native,gt,720.0,25361151,9.976384,8.329954,314,1.64643
raw_native,gt,664.0,25350464,14.081032,13.430537,504,0.6504946
raw_native,gt,1300.0,25371351,25.597086,20.626574,529,4.9705124
raw_native,background,,25387781,6.5059,6.1747484,100,0.3311515
raw_native,background,,25398894,20.163239,19.070005,552,1.0932331
raw_native,background,,25410268,19.863829,15.579972,269,4.2838564
raw_native,background,,25414083,7.8415437,5.880672,320,1.9608717
raw_native,gt,94.0,25429185,12.40243,11.856507,90,0.5459223
raw_native,gt,94.0,25436264,15.845765,13.292641,32,2.5531244
raw_native,gt,1143.0,25401803,38.50046,24.207796,543,14.2926655
raw_native,gt,1143.0,25407670,14.79736,13.5704975,143,1.2268629
raw_native,gt,793.0,25381232,43.04637,37.766,493,5.2803726
raw_native,gt,1129.0,25436935,12.84178,8.100971,325,4.7408085
raw_native,background,,25445927,8.760966,7.715407,54,1.0455594
raw_native,background,,25446550,7.9488716,7.348447,30,0.60042477
raw_native,background,,25447527,11.9103365,11.399252,35,0.51108456
raw_native,background,,25452355,8.027607,7.4676533,378,0.5599537
raw_native,background,,25460294,6.2459617,5.7135696,374,0.532392
raw_native,background,,25492757,10.438897,9.238396,549,1.2005014
raw_native,background,,25499537,24.690786,18.697834,206,5.9929523
raw_native,gt,337.0,25455640,15.037144,14.060861,207,0.9762831
raw_native,gt,664.0,25455520,12.354522,8.238944,475,4.1155777
raw_native,gt,664.0,25457046,7.9696918,7.402831,347,0.5668607
raw_native,gt,1300.0,25443726,30.32895,27.358032,552,2.9709187
raw_native,gt,1300.0,25469772,16.93783,16.375345,294,0.56248474
raw_native,gt,793.0,25447235,44.553722,33.73307,23,10.820652
raw_native,background,,25503458,5.55359,4.6703553,359,0.8832345
raw_native,background,,25510420,9.477136,7.721215,19,1.7559209
raw_native,background,,25522608,9.809042,8.411968,30,1.3970737
raw_native,background,,25543213,12.4701185,11.265924,566,1.2041941
raw_native,background,,25543300,17.12855,14.988845,546,2.1397047
raw_native,background,,25547879,14.383067,13.896888,213,0.48617935
raw_native,gt,2143.0,25536824,28.921625,18.193977,124,10.727648
raw_native,gt,2143.0,25537991,27.719606,24.265606,124,3.4540005
raw_native,gt,337.0,25520972,12.226642,8.516793,497,3.7098484
raw_native,gt,1143.0,25534423,15.544805,12.458368,236,3.0864363
raw_native,gt,793.0,25533064,20.011393,14.934925,112,5.0764675
raw_native,background,,25565088,6.6590614,6.0804405,54,0.5786209
raw_native,background,,25567297,7.693894,6.87494,139,0.818954
raw_native,background,,25571318,6.531474,6.270823,304,0.2606511
raw_native,background,,25590253,5.8144636,5.1515765,304,0.6628871
raw_native,background,,25595915,11.851354,10.99981,147,0.8515434
raw_native,background,,25598381,7.0970187,6.9860272,28,0.11099148
raw_native,background,,25604719,20.172153,18.388844,472,1.7833099
raw_native,background,,25605387,10.481749,6.6493006,46,3.832448
raw_native,gt,94.0,25574290,8.774313,8.282175,36,0.4921379
raw_native,gt,337.0,25576787,12.538599,12.289388,489,0.24921131
raw_native,gt,720.0,25603002,12.2566595,11.235865,145,1.0207949
raw_native,background,,25620614,13.098178,11.829761,196,1.2684174
raw_native,background,,25636864,8.433207,7.7542334,257,0.6789732
raw_native,background,,25648803,7.448981,4.7319493,211,2.7170315
raw_native,background,,25654248,15.278069,11.681023,231,3.597046
raw_native,background,,25662409,7.7473435,5.135104,49,2.6122394
raw_native,background,,25663915,16.251148,11.4151,334,4.836048
raw_native,background,,25669638,11.03163,8.239743,410,2.7918863
raw_native,background,,25670403,22.452057,18.939888,40,3.512169
raw_native,background,,25671005,4.203358,4.077403,508,0.1259551
raw_native,background,,25673580,15.99421,13.518521,334,2.475689
raw_native,gt,2143.0,25676341,26.199947,21.795399,124,4.4045486
raw_native,gt,1122.0,25621413,19.204376,18.338568,68,0.8658085
raw_native,gt,793.0,25623303,22.14455,17.191788,112,4.9527626
raw_native,gt,1129.0,25625835,11.544784,7.1009393,305,4.4438443
raw_native,gt,1129.0,25649654,17.363968,17.135637,320,0.22833061
raw_native,gt,1129.0,25677058,10.167983,5.9063053,355,4.2616777
raw_native,background,,25683077,4.8150396,4.6161227,32,0.19891691
raw_native,background,,25698231,14.872221,11.137146,299,3.735075
raw_native,background,,25698650,22.984219,22.61447,454,0.36974907
raw_native,background,,25699032,4.5975494,3.8372345,162,0.76031494
raw_native,background,,25704470,10.637497,5.1094747,539,5.5280223
raw_native,gt,2143.0,25714421,26.857798,21.554533,124,5.3032646
raw_native,gt,94.0,25697534,20.205744,16.29585,128,3.909893
raw_native,gt,94.0,25706678,6.8558526,6.1836123,2,0.67224026
raw_native,gt,337.0,25706924,16.75721,14.658857,334,2.0983524
raw_native,gt,1300.0,25715417,13.576922,12.051164,150,1.5257587
raw_native,gt,1129.0,25731839,13.422688,13.126814,86,0.29587364
raw_native,background,,25745488,16.831278,10.290028,301,6.54125
raw_native,background,,25750471,4.940816,4.422002,154,0.5188141
raw_native,background,,25757483,7.7435145,5.9869556,18,1.7565589
raw_native,background,,25771749,12.770009,11.748334,69,1.0216751
raw_native,background,,25775741,13.077801,12.148428,14,0.9293728
raw_native,background,,25780284,10.976733,8.358213,57,2.6185198
raw_native,background,,25786193,15.878367,12.144268,413,3.7340994
raw_native,background,,25791123,5.796958,5.664035,169,0.13292313
raw_native,gt,2143.0,25746263,26.924694,17.294662,124,9.630032
raw_native,gt,337.0,25786329,32.807068,28.196753,301,4.6103153
raw_native,gt,664.0,25798399,18.04217,16.849043,287,1.1931267
raw_native,background,,25800200,4.3504014,4.2999983,510,0.050403118
raw_native,background,,25814353,9.37979,7.9159827,163,1.4638076
raw_native,background,,25818924,16.54299,11.941996,201,4.600994
raw_native,background,,25819468,8.488085,7.0004916,48,1.4875932
raw_native,background,,25825688,6.4815435,5.6383786,48,0.8431649
raw_native,background,,25826379,20.77395,20.487103,287,0.28684807
raw_native,background,,25826806,19.15595,19.130024,470,0.02592659
raw_native,background,,25830093,5.679837,5.365712,537,0.31412506
raw_native,background,,25833122,5.3849807,4.737671,41,0.6473098
raw_native,background,,25833126,5.7562118,4.9025197,72,0.85369205
raw_native,background,,25847979,9.857537,9.487432,0,0.37010574
raw_native,background,,25857615,8.030961,6.885963,404,1.1449981
raw_native,background,,25859532,27.60682,24.970003,462,2.636816
raw_native,background,,25860629,7.1019177,6.705318,70,0.39659977
raw_native,background,,25863668,19.067755,14.523864,197,4.543891
raw_native,background,,25882380,9.088279,5.3894196,329,3.6988592
raw_native,background,,25892583,17.366596,15.064328,12,2.302268
raw_native,background,,25900990,15.356442,15.028127,230,0.32831573
raw_native,background,,25913849,9.186378,5.7279043,59,3.4584732
raw_native,gt,2143.0,25869546,26.147257,21.547636,124,4.599621
raw_native,gt,337.0,25902970,22.17839,17.798769,512,4.3796215
raw_native,gt,337.0,25909030,11.239476,10.08614,497,1.1533365
raw_native,gt,1129.0,25865625,21.290028,18.93383,192,2.3561974
raw_native,background,,25941685,6.2379446,5.5062156,175,0.73172903
raw_native,background,,25955206,8.828554,7.8484387,24,0.9801154
raw_native,background,,25957155,9.067117,6.4555306,509,2.611586
raw_native,background,,25964012,12.311515,9.513717,254,2.7977982
raw_native,background,,25966303,8.770452,4.9619837,211,3.8084679
raw_native,background,,25976773,7.371666,6.74301,523,0.6286559
raw_native,gt,2143.0,25920440,26.676563,15.970381,124,10.7061825
raw_native,gt,2143.0,25941476,20.031433,11.328913,124,8.70252
raw_native,gt,94.0,25958040,23.843548,20.965208,192,2.8783398
raw_native,gt,94.0,25969374,42.080593,21.292597,303,20.787996
raw_native,gt,664.0,25953004,23.900263,23.817717,247,0.082546234
raw_native,gt,793.0,25927762,19.284014,14.667817,112,4.6161966
raw_native,background,,26018319,18.171968,14.317616,300,3.854352
raw_native,background,,26025990,8.072901,7.6302204,371,0.44268036
raw_native,gt,1300.0,25998877,15.138551,12.842708,215,2.2958431
raw_native,gt,1122.0,26007626,11.869637,9.974806,455,1.8948307
raw_native,gt,337.0,26067635,14.586517,12.894586,497,1.6919317
raw_native,gt,1143.0,26079699,12.365987,10.786897,143,1.5790901
raw_native,gt,1300.0,26085959,26.085764,24.276463,259,1.8093014
raw_native,background,,26100182,9.530314,8.864585,268,0.6657295
raw_native,background,,26102313,50.293888,40.10905,446,10.184837
raw_native,background,,26102402,4.31305,3.939431,10,0.37361884
raw_native,background,,26110911,5.939835,5.322569,431,0.6172662
raw_native,background,,26112712,6.374871,5.9090214,434,0.4658494
raw_native,background,,26133111,9.016782,6.5235453,73,2.4932365
raw_native,background,,26144870,16.482513,15.054249,187,1.4282646
raw_native,background,,26157245,11.665317,7.4902306,467,4.175086
raw_native,gt,2143.0,26120015,43.41431,28.257458,303,15.156853
raw_native,gt,94.0,26127290,7.4854035,7.326889,554,0.1585145
raw_native,gt,1122.0,26107410,20.716269,19.02129,35,1.6949787
raw_native,gt,793.0,26131027,17.183285,14.18157,112,3.0017147
raw_native,background,,26182963,4.551008,4.3168144,209,0.2341938
raw_native,background,,26202129,21.576393,19.14432,36,2.4320736
raw_native,background,,26208163,13.57192,8.156471,523,5.415449
raw_native,background,,26211581,34.74732,11.561593,301,23.185726
raw_native,background,,26213751,7.754342,6.1323953,411,1.6219468
raw_native,background,,26216194,6.2355146,5.509422,49,0.7260928
raw_native,gt,664.0,26195179,11.63185,11.177428,243,0.454422
raw_native,background,,26249185,11.989166,8.215529,197,3.7736368
raw_native,background,,26268780,19.639416,18.739672,267,0.89974403
raw_native,background,,26292763,29.03646,23.188702,328,5.8477592
raw_native,background,,26294677,32.52538,28.081337,303,4.444042
raw_native,background,,26315087,6.8463073,6.246973,548,0.59933424
raw_native,background,,26315201,12.088268,10.153537,48,1.9347315
raw_native,background,,26325354,12.493833,10.143029,211,2.3508034
raw_native,gt,2143.0,26319164,26.703327,18.212488,124,8.490839
raw_native,gt,2143.0,26337239,25.116783,24.618523,407,0.4982605
raw_native,gt,664.0,26323934,7.558271,7.5337305,72,0.024540424
raw_native,gt,1129.0,26311557,20.813585,19.626734,471,1.1868515
raw_native,gt,1129.0,26333770,19.191109,19.006805,234,0.18430328
raw_native,background,,26356337,8.001347,6.5980625,75,1.4032841
raw_native,background,,26357261,11.964048,9.237282,315,2.7267666
raw_native,background,,26362164,4.928189,4.730879,180,0.19730997
raw_native,background,,26366478,23.451265,21.98861,92,1.462656
raw_native,background,,26372755,5.785635,5.606807,157,0.17882776
raw_native,background,,26375676,6.7822304,6.7373796,173,0.044850826
raw_native,background,,26378331,13.204883,12.437766,308,0.76711655
raw_native,background,,26387225,30.318537,21.859215,328,8.459322
raw_native,background,,26396098,11.408807,10.062168,354,1.3466387
raw_native,background,,26398989,13.844672,12.890257,461,0.9544153
raw_native,gt,337.0,26390464,10.219469,10.136481,304,0.082987785
raw_native,gt,720.0,26374116,13.171364,11.6460285,358,1.5253353
raw_native,gt,1300.0,26368543,17.161858,14.327571,16,2.8342867
raw_native,gt,1122.0,26361875,23.06241,18.225096,128,4.8373146
raw_native,gt,1129.0,26362939,7.689066,6.7624044,76,0.9266615
raw_native,background,,26401292,15.551122,13.1622095,240,2.3889122
raw_native,background,,26405375,6.064966,5.128024,526,0.9369421
raw_native,background,,26415398,5.7521563,5.267557,83,0.4845991
raw_native,background,,26415553,5.385881,4.502426,179,0.8834548
raw_native,background,,26437074,8.582612,7.5938025,146,0.9888096
raw_native,background,,26459427,8.739063,7.966645,382,0.7724185
raw_native,gt,337.0,26400518,10.718239,10.447422,497,0.2708168
raw_native,gt,1143.0,26402107,19.497028,15.610238,273,3.8867903
raw_native,gt,1122.0,26405161,8.7301235,6.7581334,582,1.9719901
raw_native,gt,1122.0,26428843,43.508385,39.79003,235,3.7183533
raw_native,background,,26466053,10.832522,6.0852222,41,4.7473
raw_native,background,,26466799,28.519941,19.716562,474,8.803379
raw_native,background,,26469389,22.914587,21.492134,552,1.4224529
raw_native,background,,26470379,7.839391,6.6569104,263,1.1824808
raw_native,background,,26481161,8.707633,7.7530513,156,0.95458174
raw_native,background,,26484051,8.816591,8.381788,11,0.434803
raw_native,background,,26486195,4.8519015,4.3595796,119,0.49232197
raw_native,background,,26490323,7.5700774,7.1172233,310,0.45285416
raw_native,background,,26492362,6.5102243,6.265283,418,0.24494123
raw_native,background,,26494174,5.7408185,5.6491814,91,0.091637135
raw_native,background,,26496069,9.498158,8.482877,475,1.0152817
raw_native,background,,26512581,5.9912453,4.5078983,41,1.4833469
raw_native,gt,94.0,26489620,6.4066305,6.124363,96,0.28226757
raw_native,gt,720.0,26519380,18.60945,17.597658,216,1.0117912
raw_native,background,,26523011,6.2111206,5.4245014,56,0.7866192
raw_native,background,,26526434,10.107746,10.079147,462,0.028598785
raw_native,background,,26529148,16.612226,15.8481655,438,0.764061
raw_native,background,,26547471,9.079943,9.017269,3,0.06267357
raw_native,background,,26549972,28.075958,24.684765,40,3.3911934
raw_native,background,,26559173,6.428793,6.379,22,0.049792767
raw_native,background,,26566903,26.375837,25.156813,429,1.2190247
raw_native,gt,337.0,26559530,17.578686,13.156484,334,4.422202
raw_native,gt,1300.0,26573677,29.264154,23.413181,328,5.850973
raw_native,gt,1122.0,26548782,18.909992,11.188711,273,7.721281
raw_native,background,,26602654,14.31877,13.1180935,334,1.2006769
raw_native,background,,26602765,7.0779777,6.350046,46,0.7279315
raw_native,background,,26607152,10.753043,8.605747,356,2.147296
raw_native,background,,26609358,6.1326427,5.781054,140,0.35158873
raw_native,background,,26616234,11.879309,10.731946,197,1.1473627
raw_native,background,,26618898,12.345162,11.956239,13,0.38892365
raw_native,background,,26620201,9.249381,7.5515056,279,1.6978755
raw_native,background,,26624003,9.344143,9.312765,418,0.031377792
raw_native,background,,26630179,12.631876,10.437121,28,2.1947546
raw_native,background,,26634632,7.1002192,5.7973804,211,1.3028388
raw_native,gt,94.0,26603824,21.712967,20.72177,490,0.9911976
raw_native,gt,337.0,26595172,15.219898,12.552051,66,2.6678476
raw_native,gt,664.0,26593546,15.520381,14.714052,250,0.8063288
raw_native,gt,1122.0,26582066,9.880234,9.527994,304,0.3522396
raw_native,gt,793.0,26613535,22.121037,19.973001,507,2.148035
raw_native,background,,26647714,27.143206,26.314754,462,0.82845116
raw_native,background,,26655800,12.031532,7.8505516,407,4.1809807
raw_native,background,,26660803,8.406789,7.220849,216,1.1859398
raw_native,background,,26670790,14.810652,10.0327015,207,4.7779503
raw_native,background,,26672466,14.24288,7.150219,178,7.092661
raw_native,background,,26679686,28.546753,20.013159,182,8.533594
raw_native,gt,337.0,26698292,20.552393,12.868088,273,7.684305
raw_native,gt,720.0,26672320,35.278976,31.114645,301,4.1643314
raw_native,gt,664.0,26648829,11.740559,10.649786,347,1.0907726
raw_native,gt,1300.0,26699642,30.061522,23.881428,40,6.180094
raw_native,gt,1122.0,26693716,28.242092,25.388998,274,2.853094
raw_native,gt,793.0,26687619,19.107958,15.64809,112,3.4598675
raw_native,background,,26701202,5.4010005,4.721895,67,0.6791053
raw_native,background,,26704795,5.222307,4.4115305,168,0.8107767
raw_native,background,,26708120,11.285142,9.883591,200,1.4015512
raw_native,background,,26708575,6.989947,6.852935,443,0.137012
raw_native,background,,26719143,6.3757286,5.9620504,158,0.41367817
raw_native,background,,26720888,24.399292,23.242062,206,1.1572304
raw_native,background,,26734929,5.3102355,4.9960394,536,0.3141961
raw_native,background,,26738374,7.718717,4.863005,100,2.855712
raw_native,background,,26747447,4.2862134,3.8935027,178,0.3927107
raw_native,gt,1122.0,26723559,33.68378,26.183004,303,7.5007763
raw_native,background,,26768295,9.790992,8.501375,443,1.2896166
raw_native,background,,26769151,48.099667,46.091022,453,2.008644
raw_native,background,,26783323,11.040748,10.168111,306,0.8726368
raw_native,background,,26785149,8.725708,8.5505295,63,0.17517853
raw_native,background,,26792676,9.412665,7.662715,59,1.7499504
raw_native,background,,26801663,19.762115,19.326738,407,0.43537712
raw_native,background,,26806225,11.081825,10.600763,250,0.48106194
raw_native,background,,26815703,16.108122,15.515761,215,0.5923605
raw_native,background,,26816329,4.537275,4.2629223,503,0.27435255
raw_native,gt,664.0,26765650,14.287884,11.392515,314,2.8953686
raw_native,background,,26820364,13.520159,13.440332,479,0.079826355
raw_native,background,,26829687,24.506693,20.894554,316,3.6121387
raw_native,background,,26848121,4.7660775,4.587538,461,0.17853975
raw_native,background,,26865889,12.349836,8.797236,190,3.5526
raw_native,background,,26870572,8.600976,3.8930786,380,4.707897
raw_native,background,,26875897,17.826815,7.2520347,68,10.5747795
raw_native,background,,26878513,11.747885,11.004578,174,0.7433071
raw_native,background,,26878544,7.967988,7.302043,181,0.66594505
raw_native,gt,94.0,26874702,10.778005,9.584773,32,1.1932316
raw_native,gt,664.0,26872577,15.131573,14.397304,217,0.73426914
raw_native,gt,1300.0,26837791,21.938892,16.370302,473,5.56859
raw_native,background,,26881302,7.8043785,6.228354,232,1.5760245
raw_native,background,,26882312,8.725969,6.5015187,149,2.2244506
raw_native,background,,26894326,6.64394,4.1323285,215,2.5116115
raw_native,background,,26901162,12.921105,9.194871,93,3.7262344
raw_native,background,,26918444,7.166731,6.426913,156,0.7398181
raw_native,gt,2143.0,26886383,24.537542,15.202939,124,9.334603
raw_native,gt,664.0,26902796,23.06859,20.869694,461,2.1988964
raw_native,gt,793.0,26882073,19.164541,12.138194,112,7.026347
raw_native,background,,26951112,32.831993,31.17677,457,1.6552238
raw_native,background,,26952278,14.978882,12.483431,187,2.495451
raw_native,background,,26953508,6.725105,6.233081,546,0.49202394
raw_native,background,,26953588,11.701192,8.83768,419,2.863512
raw_native,background,,26967746,7.138417,6.2111626,175,0.9272542
raw_native,background,,26971836,11.768676,8.534823,304,3.2338524
raw_native,background,,26988265,6.695007,5.041008,156,1.6539989
raw_native,background,,26994794,8.644798,6.7257614,146,1.9190369
raw_native,gt,94.0,26972136,16.329662,11.408625,112,4.9210377
raw_native,gt,94.0,26996508,9.210084,7.539959,76,1.670125
raw_native,gt,337.0,26975138,17.270487,14.696715,273,2.5737715
raw_native,gt,1143.0,26958230,33.642117,25.756409,328,7.885708
raw_native,gt,1122.0,26991646,38.56276,36.408737,433,2.1540222
raw_native,background,,27003003,9.310535,8.135339,189,1.1751966
raw_native,background,,27010161,6.4275546,6.241578,493,0.1859765
raw_native,background,,27041945,22.527948,15.594386,239,6.9335623
raw_native,background,,27043318,8.287561,7.7842755,290,0.5032859
raw_native,background,,27048962,12.538369,12.258118,217,0.2802515
raw_native,gt,337.0,27017979,36.335194,34.52363,433,1.8115654
raw_native,gt,1143.0,27009696,34.879707,26.388542,465,8.491165
raw_native,gt,1143.0,27023662,12.714579,11.89243,145,0.8221483
raw_native,gt,664.0,27016878,14.315405,9.635898,131,4.6795073
raw_native,gt,664.0,27055444,11.575055,10.707129,201,0.8679266
raw_native,background,,27063632,6.5310674,6.184187,72,0.34688044
raw_native,background,,27069581,4.8341246,4.5987725,151,0.23535204
raw_native,background,,27081444,8.286056,7.2107644,169,1.0752912
raw_native,background,,27093157,6.971086,5.613029,586,1.358057
raw_native,background,,27109926,12.088026,10.570307,76,1.5177193
raw_native,gt,337.0,27103596,13.938763,11.516621,30,2.422142
raw_native,gt,720.0,27107571,13.330201,10.338156,418,2.9920454
raw_native,background,,27125938,24.272272,19.721514,40,4.5507584
raw_native,background,,27133675,27.265312,25.70328,462,1.5620327
raw_native,background,,27144555,6.763076,6.28814,376,0.474936
raw_native,background,,27157238,11.0560665,6.7535977,26,4.302469
raw_native,background,,27158819,13.00065,10.536133,313,2.4645176
raw_native,background,,27169837,7.306813,7.1187057,11,0.18810701
raw_native,gt,2143.0,27139900,25.507267,15.734059,124,9.773208
raw_native,gt,2143.0,27154006,21.287539,19.548796,124,1.7387428
raw_native,gt,2143.0,27161696,27.922802,27.147287,74,0.7755146
raw_native,gt,94.0,27134980,18.867859,12.497151,182,6.3707075
raw_native,gt,337.0,27129432,11.524595,10.838477,255,0.6861181
raw_native,gt,337.0,27168901,31.933678,30.585186,464,1.3484917
raw_native,gt,337.0,27175369,28.355091,24.321213,328,4.0338783
raw_native,gt,1143.0,27141420,32.299313,20.444931,473,11.854382
raw_native,gt,720.0,27160018,23.005222,18.910606,315,4.094616
raw_native,gt,1122.0,27127949,28.392859,27.496506,301,0.89635277
raw_native,gt,1129.0,27142325,20.006477,17.421644,70,2.5848331
raw_native,background,,27198136,14.637202,9.791741,301,4.845461
raw_native,background,,27208527,8.684121,5.9356585,178,2.7484627
raw_native,background,,27211062,7.433805,6.2950106,54,1.1387944
raw_native,background,,27218549,15.10568,11.68019,65,3.4254904
raw_native,background,,27228497,8.6716175,8.483823,97,0.18779469
raw_native,background,,27234864,13.117584,10.301044,200,2.8165398
raw_native,gt,2143.0,27219403,23.231049,14.494173,124,8.736876
raw_native,gt,2143.0,27221230,27.751972,15.270845,124,12.481127
raw_native,gt,94.0,27225120,11.157008,9.650242,233,1.5067663
raw_native,background,,27244667,10.339534,8.662144,416,1.6773901
raw_native,background,,27250491,14.461387,9.869999,83,4.5913877
raw_native,background,,27256599,8.173033,5.432397,403,2.7406359
raw_native,background,,27285905,12.742881,11.371344,187,1.3715372
raw_native,gt,2143.0,27270201,25.432055,17.387505,124,8.04455
raw_native,gt,720.0,27292902,13.945379,12.5583515,296,1.3870277
raw_native,gt,1129.0,27245728,15.506304,11.260572,362,4.2457314
raw_native,background,,27302141,5.183989,4.6208167,376,0.56317234
raw_native,background,,27311145,11.667093,9.692147,534,1.974946
raw_native,background,,27319532,38.071026,25.626825,303,12.4442005
raw_native,background,,27319617,12.356887,11.402566,481,0.9543209
raw_native,background,,27330628,9.7184105,7.67625,302,2.0421605
raw_native,background,,27331688,11.1376,10.358437,369,0.77916336
raw_native,background,,27339195,6.915801,6.5508966,107,0.3649044
raw_native,background,,27340460,26.307453,15.776688,407,10.530766
raw_native,background,,27343217,5.2047687,4.5662084,125,0.6385603
raw_native,background,,27352412,12.396414,5.9720483,304,6.4243655
raw_native,background,,27359304,14.091824,11.30315,555,2.7886734
raw_native,gt,2143.0,27348616,29.51157,21.677395,124,7.834175
raw_native,gt,1143.0,27305002,23.954311,23.242023,565,0.7122879
raw_native,gt,664.0,27311805,33.71106,31.084148,447,2.6269112
raw_native,gt,1300.0,27328014,12.981667,12.174734,296,0.80693245
raw_native,gt,1300.0,27337518,22.061043,17.142372,328,4.9186707
raw_native,gt,793.0,27313109,30.280748,29.756083,453,0.52466583
raw_native,background,,27380244,17.523468,10.366912,181,7.156556
raw_native,background,,27385123,18.322922,12.854699,527,5.4682226
raw_native,background,,27393763,22.26027,18.044556,420,4.2157135
raw_native,background,,27402362,6.158475,6.006801,15,0.1516738
raw_native,background,,27409747,6.192948,5.0639186,245,1.1290293
raw_native,background,,27414999,11.068529,8.482761,44,2.5857677
raw_native,background,,27415604,9.007719,8.738905,94,0.2688141
raw_native,gt,94.0,27366350,16.772005,15.299647,65,1.4723577
raw_native,gt,1143.0,27413405,15.892055,12.754779,197,3.1372757
raw_native,gt,1300.0,27361870,8.676193,8.566097,287,0.11009598
raw_native,gt,1300.0,27412370,10.296783,9.155913,443,1.1408701
raw_native,gt,1129.0,27406915,41.16032,38.871124,235,2.289196
raw_native,background,,27425127,7.271775,6.757709,92,0.51406574
raw_native,background,,27440167,18.838709,18.697397,259,0.14131165
raw_native,background,,27444124,7.6419125,6.2440815,564,1.397831
raw_native,background,,27459295,5.166162,5.1619267,308,0.0042352676
raw_native,background,,27459437,13.923225,12.291304,301,1.6319218
raw_native,background,,27465237,9.156785,6.566545,38,2.59024
raw_native,gt,2143.0,27425690,26.480902,16.716396,124,9.764505
raw_native,gt,1143.0,27420106,11.079631,10.732379,284,0.3472519
raw_native,gt,720.0,27423741,7.647201,5.935963,249,1.7112379
raw_native,gt,1129.0,27457419,13.855698,11.75795,63,2.0977478
raw_native,background,,27489575,14.065653,13.220579,461,0.8450737
raw_native,background,,27492728,37.7352,23.167004,303,14.568195
raw_native,background,,27495449,11.642481,7.552064,145,4.090417
raw_native,background,,27499484,34.748276,33.561703,453,1.186573
raw_native,background,,27510287,15.98568,14.728799,208,1.2568808
raw_native,background,,27525381,14.232139,11.08513,328,3.147009
raw_native,background,,27527231,13.028992,11.638341,217,1.3906507
raw_native,background,,27530806,7.0731497,6.1091056,154,0.9640441
raw_native,background,,27530924,17.30671,16.576662,265,0.7300472
raw_native,gt,337.0,27533950,19.050558,14.696337,315,4.3542213
raw_native,gt,1143.0,27480835,22.369905,21.27756,274,1.0923462
raw_native,gt,720.0,27504057,23.410477,20.56379,258,2.8466873
raw_native,gt,664.0,27504423,16.532564,16.292614,239,0.23995018
raw_native,gt,1300.0,27524713,14.241771,12.288271,86,1.9534998
raw_native,background,,27547219,5.3293924,5.0146155,32,0.3147769
raw_native,background,,27567943,6.809574,5.2392893,304,1.5702848
raw_native,background,,27583353,22.108925,19.597853,541,2.5110722
raw_native,background,,27588194,14.461358,10.729613,61,3.7317448
raw_native,gt,720.0,27570857,12.433395,10.855999,56,1.5773964
raw_native,gt,664.0,27546101,7.971306,5.6535993,347,2.3177066
raw_native,gt,1129.0,27586698,16.090593,12.47519,178,3.6154032
raw_native,background,,27604802,8.944723,8.497815,299,0.446908
raw_native,background,,27614254,10.380146,6.8463287,539,3.5338173
raw_native,background,,27628724,6.6338024,6.22889,93,0.40491247
raw_native,background,,27629099,16.508055,16.395403,264,0.112651825
raw_native,background,,27631506,14.375903,14.010207,86,0.36569595
raw_native,background,,27639230,4.7418017,4.583623,68,0.1581788
raw_native,background,,27655038,8.642537,8.010377,44,0.6321602
raw_native,gt,94.0,27632322,9.006895,9.00487,474,0.0020246506
raw_native,gt,1143.0,27621712,11.589466,10.909073,143,0.6803932
raw_native,background,,27660972,20.867558,19.375523,92,1.4920349
raw_native,background,,27662123,6.0333714,5.6156087,10,0.41776276
raw_native,background,,27666518,5.7836976,5.4455295,325,0.33816814
raw_native,background,,27668095,6.9301667,6.6953754,154,0.23479128
raw_native,background,,27669374,5.3018746,4.3732696,38,0.9286051
raw_native,background,,27672990,6.3447824,5.844661,281,0.5001211
raw_native,background,,27702180,13.77926,13.4203415,232,0.3589182
raw_native,background,,27702274,12.308105,11.266047,321,1.042059
raw_native,background,,27703824,34.563152,23.390533,182,11.172619
raw_native,background,,27704010,4.3342366,4.30428,175,0.029956818
raw_native,gt,337.0,27668815,10.0374975,7.905183,497,2.1323147
raw_native,gt,337.0,27676610,12.65702,11.22725,285,1.4297695
raw_native,gt,1300.0,27674739,22.45694,19.051785,258,3.4051552
raw_native,gt,1122.0,27676613,12.65702,11.262986,285,1.3940334
raw_native,gt,1122.0,27706346,27.286655,25.428602,216,1.8580532
raw_native,background,,27723871,9.522932,8.818471,210,0.7044611
raw_native,background,,27726418,5.228162,5.000859,72,0.22730303
raw_native,background,,27735354,7.0058885,6.619622,174,0.38626623
raw_native,background,,27737596,15.208977,10.1272135,190,5.0817633
raw_native,background,,27739257,12.912374,11.225857,217,1.6865168
raw_native,background,,27746135,18.029196,13.190573,181,4.838623
raw_native,background,,27753288,14.907023,13.292279,302,1.6147442
raw_native,background,,27779273,13.9923115,7.5415387,178,6.450773
raw_native,background,,27779319,8.493311,8.192057,141,0.30125427
raw_native,gt,337.0,27732365,23.525057,20.872734,219,2.6523228
raw_native,gt,1143.0,27772804,11.5902405,10.834832,86,0.7554083
raw_native,gt,1122.0,27744320,11.520303,8.030292,358,3.4900112
raw_native,background,,27813292,6.721851,6.5802355,79,0.14161539
raw_native,background,,27816686,6.155392,5.1669297,84,0.98846245
raw_native,background,,27818271,11.385654,6.572607,10,4.8130474
raw_native,background,,27818475,8.522258,7.5879107,261,0.93434715
raw_native,background,,27826741,5.9838505,4.8082447,61,1.1756058
raw_native,background,,27831239,7.5717387,5.2531147,333,2.318624
raw_native,background,,27831834,9.188654,7.609208,459,1.5794458
raw_native,gt,337.0,27824897,25.461765,19.526953,74,5.9348125
raw_native,gt,1143.0,27794778,12.694644,10.954683,143,1.7399607
raw_native,gt,720.0,27811344,22.790562,18.747877,40,4.0426846
raw_native,gt,664.0,27784473,36.757507,34.44909,301,2.3084183
raw_native,gt,1300.0,27836361,14.521967,13.291435,128,1.2305317
raw_native,gt,1129.0,27819224,28.429295,24.49798,501,3.9313145
raw_native,gt,1129.0,27835092,16.315395,13.971156,238,2.3442392
raw_native,background,,27853995,31.535666,24.86574,226,6.6699257
raw_native,background,,27862449,31.985563,28.38185,23,3.603714
raw_native,background,,27865494,8.025344,7.144557,231,0.8807869
raw_native,background,,27878659,5.9361525,5.560061,526,0.37609148
raw_native,background,,27881391,37.755108,32.668156,275,5.086952
raw_native,background,,27888531,7.1258206,6.965099,329,0.16072178
raw_native,background,,27890023,8.164729,7.427549,264,0.73718023
raw_native,background,,27891134,11.379527,8.458906,312,2.920621
raw_native,background,,27892243,41.32135,37.32771,237,3.993641
raw_native,gt,337.0,27850683,44.728848,41.2233,493,3.5055466
raw_native,gt,1122.0,27857160,22.967653,19.657331,128,3.3103218
raw_native,gt,1129.0,27890646,14.660142,14.084743,485,0.5753994
raw_native,background,,27900619,8.148421,8.082085,271,0.06633663
raw_native,background,,27923552,6.9265494,5.601044,19,1.3255053
raw_native,background,,27930502,15.249813,14.16655,260,1.0832634
raw_native,background,,27935716,15.8920555,15.5431795,452,0.348876
raw_native,background,,27939047,7.444315,4.234758,530,3.209557
raw_native,background,,27944331,5.473903,5.047187,328,0.42671633
raw_native,background,,27944996,7.2850184,6.458386,306,0.8266325
raw_native,background,,27956505,10.38434,6.9175944,240,3.4667459
raw_native,gt,1300.0,27928713,12.077771,10.109844,282,1.967927
raw_native,background,,27997093,37.492332,32.906303,433,4.586029
raw_native,background,,28012056,26.352808,23.694323,259,2.6584854
raw_native,background,,28015437,7.1096506,7.094588,215,0.015062809
raw_native,background,,28016558,15.642341,12.61628,239,3.026061
raw_native,gt,337.0,27982678,11.808204,9.387381,178,2.420823
raw_native,gt,793.0,28006771,18.735487,12.8798685,112,5.8556185
raw_native,background,,28034851,5.377242,5.3223624,558,0.054879665
raw_native,background,,28037135,10.69802,8.795671,141,1.9023485
raw_native,background,,28071899,7.52921,5.46821,586,2.0609999
raw_native,background,,28075055,7.4404044,6.250436,51,1.1899686
raw_native,background,,28075095,7.2222595,6.709179,177,0.5130806
raw_native,background,,28079600,8.727652,6.3613305,249,2.366321
raw_native,background,,28079676,15.112032,13.516903,313,1.595129
raw_native,background,,28079939,22.357126,19.009155,287,3.347971
raw_native,gt,94.0,28078741,8.090101,6.9500484,377,1.1400528
raw_native,gt,664.0,28025037,12.417862,12.378751,133,0.039111137
raw_native,gt,1300.0,28038946,33.826378,25.019981,301,8.8063965
raw_native,gt,793.0,28039810,19.214935,11.507519,112,7.7074165
raw_native,gt,1129.0,28028797,8.901484,7.3846307,434,1.5168529
raw_native,background,,28080766,24.30163,22.454342,245,1.8472881
raw_native,background,,28084513,6.3861566,5.96511,287,0.42104673
raw_native,background,,28085956,13.752732,12.272553,297,1.4801788
raw_native,background,,28125709,5.0333934,4.919539,467,0.11385441
raw_native,background,,28130255,6.9656987,6.8683248,409,0.09737396
raw_native,background,,28133381,21.038055,16.631144,192,4.406912
raw_native,gt,94.0,28091442,6.578135,6.1709476,530,0.40718746
raw_native,gt,1300.0,28107067,12.551712,11.687201,383,0.8645115
raw_native,gt,1129.0,28101609,20.765427,18.28529,438,2.4801369
raw_native,gt,1129.0,28101997,18.874527,15.439481,179,3.4350462
raw_native,background,,28146956,4.4932456,4.0533304,542,0.43991518
raw_native,background,,28147765,19.303488,16.682917,372,2.6205711
raw_native,background,,28149763,14.112974,12.578232,309,1.5347424
raw_native,background,,28155166,12.551924,7.474962,367,5.0769615
raw_native,background,,28156034,11.324452,10.994373,201,0.33007908
raw_native,background,,28169512,5.300156,5.2908487,142,0.0093073845
raw_native,background,,28181483,20.554035,17.648602,197,2.9054337
raw_native,background,,28188399,10.382544,8.787065,431,1.595479
raw_native,background,,28190972,7.7565355,5.9523935,26,1.804142
raw_native,gt,2143.0,28140516,26.764809,25.51209,124,1.252718
raw_native,gt,1143.0,28154527,12.264414,10.862368,143,1.4020462
raw_native,gt,1122.0,28191401,11.978256,11.081677,315,0.8965788
raw_native,background,,28209441,8.631908,8.196229,43,0.43567944
raw_native,gt,2143.0,28202039,27.466341,21.713634,124,5.7527065
raw_native,gt,94.0,28217561,23.335274,19.949183,274,3.3860912
raw_native,gt,793.0,28200082,19.801645,12.446765,112,7.3548803
raw_native,gt,1129.0,28244088,25.775242,23.399023,29,2.3762188
raw_native,background,,28264584,17.316402,15.03974,249,2.2766628
raw_native,background,,28271282,8.79925,8.050932,284,0.7483177
raw_native,background,,28284835,21.617046,19.778185,93,1.8388615
raw_native,background,,28285199,5.3218694,4.8840423,346,0.4378271
raw_native,background,,28285802,25.997137,21.18743,266,4.8097076
raw_native,background,,28291315,14.45516,13.202362,305,1.2527981
raw_native,background,,28302740,11.871641,10.92523,248,0.94641113
raw_native,background,,28313038,12.46421,10.650415,321,1.8137941
raw_native,gt,2143.0,28317495,26.955957,17.448896,124,9.507061
raw_native,gt,664.0,28263983,11.088588,11.000534,387,0.0880537
raw_native,background,,28323438,10.7245245,6.7276015,415,3.996923
raw_native,background,,28325282,6.0722446,5.731286,211,0.3409586
raw_native,background,,28326559,6.6004024,5.5803843,396,1.0200181
raw_native,background,,28379304,42.488487,29.732567,303,12.75592
raw_native,gt,94.0,28328147,15.949775,14.60111,260,1.3486643
raw_native,gt,94.0,28348320,9.024231,8.738928,383,0.28530312
raw_native,gt,1143.0,28356001,18.44674,16.377474,258,2.0692654
raw_native,gt,720.0,28334359,17.055891,16.993061,257,0.06282997
raw_native,gt,664.0,28370635,13.068494,9.581795,66,3.486699
raw_native,gt,664.0,28379868,9.814614,7.8809023,347,1.933712
raw_native,gt,793.0,28376122,20.399523,14.89814,112,5.501383
raw_native,background,,28390401,7.2539825,7.075129,217,0.17885351
raw_native,background,,28394236,12.661662,7.6669393,83,4.994723
raw_native,background,,28402500,28.763336,20.719778,328,8.043558
raw_native,background,,28402690,8.106116,7.0617995,87,1.0443168
raw_native,background,,28402753,12.34536,11.668413,263,0.67694664
raw_native,background,,28408106,17.356945,13.474347,286,3.882598
raw_native,background,,28418729,30.960691,27.503946,320,3.4567451
raw_native,background,,28425717,7.444246,5.9198217,87,1.5244241
raw_native,background,,28425756,19.559095,17.726202,87,1.8328934
raw_native,background,,28433865,7.705628,7.080301,248,0.6253271
raw_native,background,,28437933,4.9493403,4.6034684,41,0.34587193
raw_native,gt,94.0,28423101,16.867743,16.61233,30,0.25541306
raw_native,gt,720.0,28403438,11.197025,9.408053,41,1.7889719
raw_native,gt,664.0,28398758,34.877045,23.504131,182,11.372913
raw_native,gt,664.0,28403778,9.671304,8.257099,347,1.4142046
raw_native,background,,28480115,6.524383,6.332773,429,0.19160986
raw_native,background,,28481358,17.115377,16.536196,216,0.5791817
raw_native,background,,28499456,5.3775644,4.6015434,66,0.776021
raw_native,gt,2143.0,28498776,25.659224,16.239435,124,9.419788
raw_native,gt,94.0,28464900,13.7883415,13.011834,177,0.7765074
raw_native,gt,720.0,28458563,14.055894,12.06411,265,1.9917841
raw_native,gt,1300.0,28470635,30.721113,23.587492,8,7.133621
raw_native,gt,1129.0,28496262,17.012735,15.636475,295,1.3762608
raw_native,background,,28506196,30.803797,29.927904,182,0.87589264
raw_native,background,,28506778,6.2097893,6.165706,162,0.04408312
raw_native,background,,28529666,5.4692626,4.6831994,59,0.7860632
raw_native,gt,337.0,28518455,21.28359,15.410813,73,5.872777
raw_native,gt,1129.0,28515823,8.421642,8.054065,72,0.36757755
raw_native,background,,28562577,4.4251466,4.415911,581,0.009235382
raw_native,background,,28563442,17.823063,15.728421,273,2.0946417
raw_native,background,,28608421,17.122622,14.240351,529,2.8822708
raw_native,background,,28623380,9.30023,9.131019,178,0.16921139
raw_native,background,,28628000,6.3627825,5.441479,311,0.9213033
raw_native,background,,28636501,19.492659,14.518072,187,4.9745865
raw_native,background,,28639145,13.708343,11.687386,149,2.020957
raw_native,background,,28643688,5.971352,5.8705416,105,0.10081053
raw_native,background,,28648157,9.842454,9.6147175,63,0.22773647
raw_native,background,,28656499,23.022532,15.315437,182,7.707094
raw_native,gt,337.0,28672970,12.957928,12.558051,505,0.3998766
raw_native,gt,720.0,28659590,12.709026,11.975969,68,0.733057
raw_native,background,,28680013,6.911133,5.567777,372,1.3433557
raw_native,background,,28682723,11.924964,10.404284,496,1.5206804
raw_native,background,,28700094,33.81611,30.530275,258,3.2858334
raw_native,background,,28703544,8.505516,7.47453,417,1.0309858
raw_native,background,,28713338,8.7131,4.641089,173,4.0720115
raw_native,background,,28715739,16.903711,16.631746,28,0.27196503
raw_native,background,,28735590,4.129441,4.0244613,6,0.104979515
raw_native,gt,2143.0,28720669,25.560108,17.189358,124,8.37075
raw_native,gt,664.0,28705419,18.547102,15.589259,112,2.9578428
raw_native,background,,28767454,5.1556396,4.57727,349,0.5783696
raw_native,background,,28775229,11.8435335,9.414916,76,2.4286175
raw_native,background,,28795956,5.0312805,4.6824017,4,0.34887886
raw_native,gt,94.0,28749372,15.374618,13.440821,265,1.9337969
raw_native,gt,1143.0,28777702,31.272474,25.267262,464,6.005213
raw_native,gt,720.0,28777461,6.099207,5.906426,45,0.19278097
raw_native,gt,664.0,28761241,30.564709,29.953703,238,0.6110058
raw_native,gt,1122.0,28788944,18.405615,14.918139,273,3.4874754
raw_native,gt,793.0,28775379,20.195543,14.778626,112,5.416917
raw_native,background,,28819358,10.522745,8.154655,254,2.3680897
raw_native,background,,28826729,4.317252,4.127395,59,0.189857
raw_native,background,,28830739,8.668138,7.8017,38,0.86643744
raw_native,background,,28834681,4.3569903,3.8893867,15,0.46760368
raw_native,background,,28846787,6.1992426,5.242419,10,0.9568238
raw_native,background,,28852236,13.737486,11.379132,436,2.3583536
raw_native,background,,28854341,21.130056,16.84366,286,4.286396
raw_native,gt,2143.0,28817994,28.31412,17.99097,124,10.323149
raw_native,gt,337.0,28859722,16.531347,14.557252,288,1.9740953
raw_native,gt,1143.0,28834974,11.806858,11.097406,444,0.7094517
raw_native,gt,664.0,28828776,9.885789,8.252739,169,1.63305
raw_native,gt,1122.0,28816898,10.395081,8.727809,67,1.6672716
raw_native,gt,1129.0,28840285,10.567013,10.435284,0,0.13172913
raw_native,background,,28889569,8.039333,6.886722,53,1.1526113
raw_native,background,,28892433,11.6911545,11.30229,294,0.38886452
raw_native,background,,28900319,4.18378,4.0041065,568,0.17967367
raw_native,background,,28917490,22.003698,17.766243,290,4.2374554
raw_native,gt,2143.0,28900766,28.266888,22.69358,124,5.573307
raw_native,gt,1143.0,28892859,17.294228,16.879227,35,0.41500092
raw_native,gt,720.0,28878580,13.906797,12.810727,358,1.0960703
raw_native,gt,664.0,28865637,22.98095,17.670994,8,5.3099556
raw_native,gt,1122.0,28909818,7.406378,6.880165,171,0.5262127
raw_native,gt,793.0,28901353,21.590649,19.578255,112,2.012394
raw_native,gt,1129.0,28862884,13.424312,12.670853,42,0.753459
raw_native,gt,1129.0,28867477,9.492103,9.274523,523,0.21757984
raw_native,background,,28926026,18.858767,16.08355,474,2.775217
raw_native,background,,28938403,23.714706,17.863026,516,5.8516808
raw_native,background,,28940392,6.9098673,4.4603558,41,2.4495115
raw_native,background,,28944530,10.153311,8.014303,550,2.1390076
raw_native,background,,28952606,30.136059,28.064611,432,2.0714474
raw_native,background,,28955320,15.678261,13.434857,305,2.2434034
raw_native,background,,28956620,25.152617,16.49826,301,8.654356
raw_native,background,,28971993,12.679146,11.02756,30,1.6515856
raw_native,gt,1143.0,28968998,12.327219,11.986688,171,0.34053135
raw_native,gt,720.0,28937067,11.831872,11.114227,244,0.7176447
raw_native,gt,664.0,28952418,19.122854,13.946935,315,5.1759195
raw_native,background,,28989471,19.285395,17.48412,282,1.8012753
raw_native,background,,29002130,5.324388,4.85106,590,0.4733281
raw_native,background,,29007364,16.465015,15.147815,4,1.3172007
raw_native,background,,29009402,4.7127047,4.6972394,2,0.01546526
raw_native,background,,29013906,15.503674,13.760768,314,1.7429056
raw_native,background,,29020518,10.53046,9.572098,227,0.9583626
raw_native,background,,29037269,7.661694,6.079024,95,1.5826702
raw_native,gt,2143.0,28995596,47.134037,32.672092,536,14.461945
raw_native,gt,1143.0,28990500,15.849626,12.426888,262,3.4227371
raw_native,gt,720.0,28999892,13.217096,11.325754,86,1.8913422
raw_native,gt,720.0,29012842,17.548607,16.452818,287,1.095789
raw_native,gt,664.0,28995569,23.285307,16.050667,74,7.23464
raw_native,gt,1129.0,28997894,6.9667444,6.889175,173,0.077569485
raw_native,background,,29051009,7.9954815,7.2495785,30,0.745903
raw_native,background,,29055042,7.286616,7.179865,329,0.106750965
raw_native,background,,29067228,14.649816,12.81007,309,1.8397455
raw_native,background,,29077579,8.372043,7.7989464,495,0.5730963
raw_native,background,,29083215,9.823911,8.212315,144,1.6115961
raw_native,background,,29088855,18.853205,15.871687,179,2.9815178
raw_native,background,,29093682,7.938014,7.1177473,211,0.8202667
raw_native,gt,94.0,29092700,36.110806,33.500404,433,2.6104012
raw_native,gt,1122.0,29079955,10.431616,6.175997,171,4.255619
raw_native,background,,29106300,4.711435,4.5605655,321,0.15086937
raw_native,background,,29123269,11.699004,10.757805,16,0.9411993
raw_native,background,,29131725,6.847935,6.6716404,146,0.1762948
raw_native,background,,29147631,9.9304495,9.6782675,425,0.252182
raw_native,background,,29153695,5.237384,4.3981895,338,0.8391943
raw_native,background,,29157279,5.063594,4.996831,415,0.066762924
raw_native,gt,94.0,29102270,10.917956,9.510722,27,1.4072342
raw_native,gt,720.0,29126337,27.083979,24.785473,259,2.2985058
raw_native,gt,664.0,29115239,21.996897,19.23233,289,2.7645664
raw_native,background,,29190674,8.627298,8.490477,147,0.13682175
raw_native,background,,29191671,13.972832,13.701565,250,0.27126694
raw_native,background,,29202436,8.256485,6.779771,211,1.4767141
raw_native,background,,29206766,6.9310627,4.8661056,329,2.0649571
raw_native,background,,29207584,8.247425,6.0217447,59,2.2256804
raw_native,gt,720.0,29207762,30.059563,29.523777,452,0.5357857
raw_native,gt,664.0,29176582,24.261776,20.108507,192,4.153269
raw_native,gt,793.0,29164301,17.391758,14.115149,504,3.2766094
raw_native,background,,29222086,6.9081674,6.5915627,17,0.3166046
raw_native,background,,29231084,5.8268085,5.5847826,445,0.24202585
raw_native,background,,29232318,6.3193016,5.6002855,305,0.7190161
raw_native,background,,29235732,9.100828,8.585906,52,0.51492214
raw_native,background,,29243982,5.989129,4.759909,179,1.2292199
raw_native,background,,29247448,13.282903,11.115133,194,2.1677694
raw_native,gt,1143.0,29253236,19.76487,16.524944,372,3.2399254
raw_native,gt,1300.0,29254455,15.542097,13.117774,150,2.424323
raw_native,gt,793.0,29229315,21.654495,20.904654,40,0.7498417
raw_native,background,,29303199,14.903704,14.357215,463,0.54648876
raw_native,background,,29322498,6.996255,5.2166424,9,1.7796125
raw_native,background,,29325496,6.4204226,5.442811,355,0.97761154
raw_native,background,,29332597,18.11238,14.328084,243,3.784295
raw_native,gt,2143.0,29295211,28.764252,18.588133,124,10.176119
raw_native,gt,94.0,29292106,22.697908,21.944391,69,0.75351715
raw_native,gt,664.0,29284753,10.537859,5.5397415,347,4.9981174
raw_native,gt,1129.0,29336475,18.419144,15.4471855,315,2.9719582
raw_native,background,,29354765,9.904123,8.671341,57,1.2327824
raw_native,background,,29358049,9.246577,4.7323895,304,4.514188
raw_native,background,,29364947,24.723696,20.968067,239,3.7556286
raw_native,background,,29370264,14.786988,10.014158,63,4.77283
raw_native,background,,29383069,8.231041,7.5106487,304,0.7203922
raw_native,gt,1143.0,29355247,14.676464,13.959939,63,0.7165251
raw_native,gt,1122.0,29364276,9.224626,7.9621716,171,1.262454
raw_native,background,,29405525,14.911548,9.384098,334,5.5274496
raw_native,background,,29407633,8.506867,6.5560737,45,1.9507937
raw_native,background,,29412708,6.436203,6.2688727,27,0.16733027
raw_native,background,,29415094,10.282288,9.102465,321,1.1798229
raw_native,background,,29426899,6.435254,4.6570215,586,1.7782326
raw_native,background,,29441555,11.17526,9.4707775,221,1.7044821
raw_native,background,,29449638,17.05975,16.561502,221,0.49824715
raw_native,background,,29454390,8.17253,6.7511163,365,1.4214139
raw_native,gt,720.0,29444974,20.872793,19.63877,454,1.234024
raw_native,gt,720.0,29453421,11.29695,8.445661,429,2.8512897
raw_native,gt,1300.0,29458783,11.431534,10.555781,272,0.87575245
raw_native,gt,1122.0,29417774,7.5824,7.483358,191,0.09904194
raw_native,gt,793.0,29403347,17.790623,11.299339,112,6.4912834
raw_native,gt,1129.0,29437806,18.596756,18.199196,258,0.39756012
raw_native,gt,1129.0,29440373,6.0957284,5.774144,95,0.32158422
raw_native,background,,29461635,6.0036044,5.830026,20,0.17357826
raw_native,background,,29464023,29.445076,26.091654,479,3.3534222
raw_native,background,,29476452,10.899831,8.95198,280,1.9478512
raw_native,background,,29511779,10.33551,9.580468,499,0.7550421
raw_native,gt,94.0,29476064,10.732696,10.25315,233,0.4795456
raw_native,gt,793.0,29503309,41.58112,30.917416,23,10.663704
raw_native,gt,1129.0,29494256,6.0684886,5.8101864,402,0.2583022
raw_native,background,,29526851,7.616235,7.5652366,572,0.05099821
raw_native,background,,29531269,7.859218,6.9817023,31,0.8775158
raw_native,background,,29534244,7.5561447,7.290444,150,0.26570082
raw_native,background,,29539621,5.4369082,4.553162,162,0.88374615
raw_native,background,,29547571,4.721437,4.067074,133,0.65436316
raw_native,background,,29575080,18.955193,12.743302,273,6.21189
raw_native,background,,29579065,4.435382,4.3312707,84,0.104111195
raw_native,gt,2143.0,29559601,27.062538,18.283382,124,8.779156
raw_native,gt,94.0,29557062,42.06314,27.613274,303,14.449867
raw_native,gt,1143.0,29565853,14.343554,11.09597,210,3.2475834
raw_native,gt,720.0,29541491,7.6138306,7.409193,181,0.20463753
raw_native,gt,1122.0,29540595,21.712399,18.977314,216,2.7350845
raw_native,gt,793.0,29541475,24.171982,22.184492,299,1.9874897
raw_native,gt,793.0,29556258,20.148485,14.525807,112,5.622678
raw_native,background,,29593205,5.383929,5.3672323,216,0.016696453
raw_native,background,,29607500,7.5382295,6.881212,286,0.65701723
raw_native,background,,29618617,6.342137,6.22718,491,0.114956856
raw_native,background,,29621368,6.5202117,5.6009483,536,0.91926336
raw_native,background,,29628684,6.644247,5.821696,87,0.82255125
raw_native,background,,29629363,32.80735,24.296164,516,8.511187
raw_native,background,,29637545,4.8573713,4.04666,403,0.8107114
raw_native,gt,94.0,29599913,16.162613,12.093913,262,4.0687
raw_native,gt,337.0,29597331,21.575914,16.460423,206,5.115492
raw_native,gt,337.0,29609289,19.839525,18.084032,273,1.7554932
raw_native,gt,1129.0,29623457,18.975344,17.600075,258,1.3752689
raw_native,background,,29646127,5.1066804,4.4429893,143,0.66369104
raw_native,background,,29646452,9.648981,8.226607,199,1.4223738
raw_native,background,,29653013,10.384311,10.177682,327,0.2066288
raw_native,background,,29660301,5.0143933,4.2862062,386,0.7281871
raw_native,background,,29661140,7.915046,7.2369514,220,0.67809486
raw_native,background,,29668745,6.2354646,5.0101495,41,1.2253151
raw_native,background,,29671100,7.9443607,6.7221246,528,1.2222362
raw_native,background,,29684482,13.618544,9.529487,70,4.089057
raw_native,background,,29689139,7.050774,5.814163,47,1.2366109
raw_native,background,,29690844,10.295205,8.831398,17,1.4638071
raw_native,background,,29691528,16.523636,15.880603,42,0.643033
raw_native,background,,29697832,8.475326,7.3081026,368,1.167223
raw_native,gt,2143.0,29695279,24.460648,22.599155,124,1.8614922
raw_native,gt,720.0,29676534,37.76628,25.30773,182,12.458551
raw_native,gt,793.0,29663080,23.48646,21.681986,274,1.8044739
raw_native,background,,29706499,9.397209,6.4032454,201,2.9939637
raw_native,background,,29712035,11.273694,8.519295,523,2.7543993
raw_native,background,,29717088,9.750591,9.596853,21,0.15373802
raw_native,background,,29720568,10.422098,9.599552,524,0.822546
raw_native,background,,29723505,5.965664,5.8637714,509,0.10189247
raw_native,background,,29742166,22.428959,22.287355,488,0.14160347
raw_native,background,,29747579,5.1756277,4.7895885,284,0.38603926
raw_native,background,,29752969,4.5185566,4.467656,524,0.05090046
raw_native,gt,2143.0,29726038,24.19263,13.388996,124,10.803635
raw_native,background,,29762058,8.42735,8.360302,185,0.06704807
raw_native,background,,29769063,4.917276,4.1560287,39,0.76124716
raw_native,background,,29769858,6.083826,5.7704287,378,0.3133974
raw_native,background,,29773452,15.590304,9.9930725,334,5.597232
raw_native,background,,29785435,10.026066,9.984102,30,0.041963577
raw_native,background,,29789841,6.9067535,5.8963933,333,1.0103602
raw_native,background,,29798359,7.9143305,6.628965,555,1.2853656
raw_native,background,,29803171,7.124136,6.3349137,477,0.78922224
raw_native,background,,29809596,16.801853,13.671736,193,3.1301174
raw_native,background,,29810840,7.395327,6.414039,38,0.98128796
raw_native,gt,720.0,29802225,11.099724,10.430586,183,0.66913795
raw_native,gt,664.0,29771657,9.608646,7.4617844,347,2.146862
raw_native,gt,1300.0,29774031,31.871374,29.54883,238,2.322544
raw_native,gt,1122.0,29778324,8.898982,8.172698,171,0.726284
raw_native,background,,29822158,21.450811,18.500195,40,2.9506168
raw_native,background,,29835851,8.27934,8.196702,227,0.08263779
raw_native,background,,29836000,8.727288,7.600846,217,1.1264424
raw_native,background,,29841444,17.450504,12.807968,187,4.642536
raw_native,background,,29854377,7.704542,5.4341903,412,2.270352
raw_native,background,,29858111,11.17443,7.963439,45,3.210991
raw_native,background,,29865171,35.62872,22.961199,237,12.6675205
raw_native,gt,1143.0,29858410,10.316391,10.032833,143,0.2835579
raw_native,gt,1300.0,29853041,27.89524,21.05233,192,6.842911
raw_native,gt,1122.0,29855740,8.004153,7.9828467,171,0.021306515
raw_native,gt,1122.0,29861785,16.756165,15.796037,216,0.96012783
raw_native,gt,1129.0,29844616,11.620146,9.503865,45,2.1162806
raw_native,background,,29891300,5.675658,5.017238,175,0.6584201
raw_native,background,,29896511,8.990826,8.132211,50,0.8586149
raw_native,background,,29897343,8.696307,8.329023,81,0.36728382
raw_native,background,,29909235,6.4574695,6.271057,50,0.18641233
raw_native,background,,29912616,13.885644,11.692694,146,2.1929502
raw_native,background,,29928501,4.3473115,4.206179,96,0.14113235
raw_native,background,,29930388,20.834858,16.706388,192,4.1284695
raw_native,gt,2143.0,29889942,25.674137,20.335234,124,5.3389034
raw_native,gt,2143.0,29917768,26.022596,14.959685,124,11.062911
raw_native,gt,720.0,29883332,14.824326,12.449173,319,2.3751526
raw_native,gt,720.0,29884345,9.6764555,6.762014,244,2.9144416
raw_native,gt,720.0,29920644,16.320877,16.297926,305,0.022951126
raw_native,gt,1129.0,29894717,6.5190654,6.4779644,211,0.04110098
raw_native,background,,29954900,11.945482,8.3127575,38,3.6327248
raw_native,background,,29965800,4.106077,3.6573112,84,0.448766
raw_native,background,,29970924,6.2719564,5.299891,539,0.97206545
raw_native,background,,29994619,10.753581,9.561677,0,1.1919041
raw_native,background,,29996112,9.820964,9.126064,140,0.69489956
raw_native,gt,720.0,29990102,7.8374596,7.5645957,84,0.27286386
raw_native,gt,1300.0,29985619,20.781858,18.791687,305,1.9901714
raw_native,gt,1122.0,29984303,12.790398,9.617012,171,3.1733856
raw_native,gt,1129.0,29996714,8.527725,7.29652,24,1.231205
raw_native,background,,30021205,9.346526,7.05834,190,2.288186
raw_native,background,,30021997,9.05462,6.0524545,523,3.0021653
raw_native,background,,30027642,7.706335,5.5853043,249,2.1210308
raw_native,background,,30027829,17.412987,12.429853,73,4.9831333
raw_native,background,,30027845,8.321838,7.753769,46,0.56806946
raw_native,background,,30036245,7.4819574,6.9447913,365,0.5371661
raw_native,background,,30037000,7.912457,6.3146753,193,1.5977817
raw_native,background,,30043136,13.747158,13.664072,225,0.083086014
raw_native,background,,30047449,14.794869,14.046571,315,0.74829865
raw_native,background,,30049137,6.9446263,6.6852274,460,0.25939894
raw_native,background,,30052388,5.665847,4.233394,168,1.4324527
raw_native,background,,30054901,7.0123158,6.6053324,39,0.40698338
raw_native,gt,720.0,30052720,19.62961,18.077942,309,1.5516682
raw_native,gt,1300.0,30007107,11.3652725,10.664244,150,0.7010288
raw_native,gt,1300.0,30021050,18.367277,15.291564,16,3.0757132
raw_native,gt,1122.0,30001586,24.20199,20.850613,40,3.3513775
raw_native,gt,793.0,30002096,23.241259,16.420786,112,6.8204727
raw_native,gt,793.0,30047949,25.86359,22.622074,42,3.241516
raw_native,background,,30063559,19.3044,9.730725,527,9.573674
raw_native,background,,30078693,7.786956,5.414094,421,2.3728619
raw_native,background,,30093830,23.704308,17.455254,290,6.249054
raw_native,background,,30095935,20.290483,17.588808,543,2.7016754
raw_native,background,,30096842,13.288477,11.391928,70,1.8965492
raw_native,background,,30098138,28.338327,25.993587,328,2.34474
raw_native,background,,30100645,7.464567,6.711952,443,0.752615
raw_native,background,,30108133,18.072172,16.7103,190,1.3618717
raw_native,background,,30108660,17.89273,16.418364,212,1.4743671
raw_native,background,,30108860,5.090916,4.874356,565,0.21656036
raw_native,background,,30110459,5.903099,5.3018036,110,0.6012955
raw_native,background,,30115229,14.868923,14.703457,483,0.16546631
raw_native,gt,2143.0,30088471,25.94311,16.283478,124,9.659632
raw_native,gt,2143.0,30113729,23.14658,15.857488,124,7.289092
raw_native,gt,94.0,30083904,26.939312,22.612644,182,4.326668
raw_native,gt,94.0,30103982,9.403915,9.3881035,143,0.01581192
raw_native,gt,1300.0,30069625,22.477928,17.514297,219,4.9636307
raw_native,gt,793.0,30102663,16.255438,11.608489,112,4.646949
raw_native,background,,30128468,6.779542,6.53745,278,0.24209213
raw_native,background,,30129412,7.456491,6.945918,317,0.5105729
raw_native,background,,30132788,12.81988,9.850946,60,2.968933
raw_native,background,,30133101,8.919898,7.631383,364,1.2885151
raw_native,background,,30137947,6.030161,5.7486115,533,0.28154945
raw_native,background,,30148544,10.940362,8.802147,305,2.138215
raw_native,background,,30171043,10.674279,5.986461,59,4.687818
raw_native,gt,94.0,30168587,10.292193,9.737981,425,0.55421257
raw_native,gt,1143.0,30162349,22.414745,14.33627,176,8.078475
raw_native,gt,720.0,30154627,6.5215664,6.0654736,82,0.45609283
raw_native,gt,1122.0,30157826,27.213463,20.070633,219,7.14283
raw_native,gt,1129.0,30151190,11.552292,9.928307,67,1.6239853
raw_native,background,,30194349,11.21694,10.983779,21,0.23316097
raw_native,background,,30204881,9.714505,7.1068754,377,2.6076298
raw_native,background,,30215885,6.972471,6.894135,519,0.07833624
raw_native,background,,30230487,6.0186534,5.7345676,27,0.28408575
raw_native,background,,30233967,6.093729,4.9909616,184,1.1027675
raw_native,gt,2143.0,30182422,22.544724,12.531861,124,10.012862
raw_native,gt,337.0,30232069,18.530874,16.157154,260,2.3737202
raw_native,gt,1143.0,30225020,12.106165,11.122595,143,0.9835701
raw_native,gt,1143.0,30225509,12.919194,11.276191,63,1.6430035
raw_native,background,,30245514,5.818542,5.1589913,374,0.65955067
raw_native,background,,30257064,9.389126,7.871086,455,1.5180397
raw_native,background,,30266819,12.026513,8.399142,21,3.6273708
raw_native,background,,30268052,9.4149885,9.277591,219,0.13739777
raw_native,background,,30273434,12.516002,7.26976,467,5.2462416
raw_native,background,,30284997,11.619855,5.22545,178,6.394405
raw_native,background,,30297101,11.669372,10.599431,217,1.0699406
raw_native,gt,2143.0,30250058,30.646595,27.660828,192,2.9857674
raw_native,gt,94.0,30253620,5.838876,5.4039555,56,0.4349203
raw_native,gt,1143.0,30246666,17.07124,15.470569,294,1.6006708
raw_native,gt,1143.0,30247342,20.61701,17.933477,502,2.6835327
raw_native,gt,664.0,30243755,17.2155,13.985743,141,3.2297573
raw_native,gt,1300.0,30282376,10.87921,10.185697,496,0.6935139
raw_native,gt,1122.0,30253940,12.847844,11.94281,5,0.90503407
raw_native,gt,1122.0,30267012,13.326719,9.183157,48,4.1435623
raw_native,gt,1129.0,30290280,11.635744,8.176712,72,3.459032
raw_native,background,,30300711,5.736519,5.3340187,5,0.40250015
raw_native,background,,30301899,12.065934,5.0597625,475,7.0061717
raw_native,background,,30305453,30.597727,22.87374,208,7.7239876
raw_native,background,,30305863,9.829321,8.371568,279,1.4577532
raw_native,background,,30312395,7.429373,6.8695292,429,0.55984354
raw_native,background,,30320650,10.111245,6.9577804,475,3.1534648
raw_native,background,,30333321,7.3429694,5.6694765,535,1.6734929
raw_native,background,,30339377,10.8168335,6.710291,48,4.1065426
raw_native,background,,30351389,12.218308,11.226012,24,0.9922962
raw_native,background,,30351393,12.423116,11.716586,24,0.7065296
raw_native,background,,30353797,37.085495,30.300451,237,6.7850437
raw_native,background,,30357927,5.750055,5.3517394,491,0.39831543
raw_native,gt,720.0,30326809,19.919008,16.407549,40,3.5114594
raw_native,gt,1122.0,30319875,18.279495,15.72052,260,2.5589752
raw_native,background,,30361558,28.708723,13.914077,327,14.794646
raw_native,background,,30366001,7.32408,4.585238,475,2.738842
raw_native,background,,30370561,7.286243,5.705049,90,1.5811939
raw_native,background,,30372090,6.114921,5.859329,75,0.25559187
raw_native,background,,30379474,14.58666,8.374488,211,6.2121725
raw_native,background,,30395749,6.999252,5.018597,304,1.9806547
raw_native,background,,30402116,22.055815,15.580597,219,6.475218
raw_native,background,,30404834,7.357439,5.5702868,320,1.7871523
raw_native,background,,30410671,5.5788927,4.867589,116,0.7113037
raw_native,gt,94.0,30362859,22.972927,22.607912,315,0.36501503
raw_native,gt,720.0,30374238,25.18712,22.644445,206,2.542675
raw_native,gt,664.0,30414347,22.184633,15.526164,176,6.658469
raw_native,background,,30425101,7.1491556,4.02392,211,3.1252356
raw_native,background,,30444862,12.464163,9.767247,334,2.6969156
raw_native,background,,30445301,16.13983,15.876579,334,0.26325035
raw_native,background,,30450598,10.793198,9.339949,2,1.453249
raw_native,background,,30453101,11.408109,8.314728,556,3.093381
raw_native,background,,30455816,6.7160687,6.344732,167,0.37133694
raw_native,background,,30471582,5.6812625,5.5639324,77,0.117330074
raw_native,gt,2143.0,30464152,33.565445,30.884998,447,2.6804466
raw_native,gt,720.0,30433539,41.945385,28.404718,303,13.540667
raw_native,background,,30483291,4.2805233,4.086471,162,0.19405222
raw_native,background,,30498418,16.510418,15.6952715,315,0.81514645
raw_native,background,,30498456,5.819409,5.582762,388,0.23664713
raw_native,background,,30502445,6.0092406,5.9931803,39,0.016060352
raw_native,background,,30503204,20.340086,18.76665,259,1.5734367
raw_native,background,,30504875,7.473579,6.9249053,245,0.5486736
raw_native,background,,30524446,5.8537035,5.841497,270,0.012206554
raw_native,background,,30534606,12.094587,10.337173,472,1.7574139
raw_native,background,,30535132,8.237815,5.423304,408,2.8145108
raw_native,gt,1143.0,30480914,12.556167,10.933767,143,1.6223993
raw_native,gt,664.0,30518377,9.522425,7.26277,347,2.2596545
raw_native,gt,1122.0,30488481,23.24946,19.606163,40,3.6432972
raw_native,gt,1122.0,30509228,11.461625,9.755455,467,1.7061701
raw_native,gt,793.0,30509898,20.316378,17.98105,252,2.3353271
raw_native,background,,30566276,7.7636943,7.004555,29,0.75913906
raw_native,background,,30569567,12.676071,9.686047,47,2.9900246
raw_native,background,,30578054,14.672798,9.030893,475,5.641905
raw_native,background,,30581383,7.1848845,5.718573,568,1.4663115
raw_native,background,,30583876,7.530556,7.2464733,469,0.2840829
raw_native,background,,30591454,7.533708,7.0389166,455,0.4947915
raw_native,background,,30600488,11.181011,11.171754,17,0.009257317
raw_native,background,,30613992,9.12666,7.489779,491,1.6368814
raw_native,background,,30616913,5.264395,4.238077,373,1.0263181
raw_native,background,,30617594,16.555328,15.559712,61,0.99561596
raw_native,background,,30633363,27.89324,26.24081,462,1.6524296
raw_native,background,,30637184,20.659628,20.610607,440,0.049020767
raw_native,background,,30637237,11.767837,6.3396873,211,5.428149
raw_native,background,,30637301,8.543568,6.269432,9,2.2741356
raw_native,background,,30643185,5.6282997,5.0732355,231,0.5550642
raw_native,background,,30645716,14.86028,12.844889,35,2.0153913
raw_native,background,,30647977,17.80295,11.473647,176,6.329303
raw_native,background,,30658913,6.456802,6.3164406,145,0.14036131
raw_native,gt,1143.0,30608130,15.3000965,13.718126,321,1.5819702
raw_native,gt,1143.0,30654567,14.985922,14.509413,150,0.4765091
raw_native,gt,720.0,30618244,9.898687,9.024112,304,0.8745756
raw_native,gt,793.0,30608112,18.473927,11.911705,112,6.5622215
raw_native,gt,793.0,30624086,17.600956,12.448171,112,5.1527853
raw_native,gt,793.0,30645882,21.610432,20.066458,469,1.5439739
raw_native,background,,30681274,14.960738,9.919929,294,5.0408096
raw_native,background,,30697231,8.155621,7.70182,266,0.45380068
raw_native,background,,30703278,8.504181,8.481602,185,0.022579193
raw_native,background,,30716617,26.106377,23.789293,447,2.3170834
raw_native,gt,2143.0,30674424,26.512,15.887288,124,10.624711
raw_native,gt,2143.0,30693842,26.198372,18.333551,124,7.8648205
raw_native,gt,1143.0,30704613,12.838579,10.538783,143,2.299796
raw_native,gt,720.0,30684176,18.52635,8.1719475,69,10.354403
raw_native,gt,664.0,30712208,16.824684,12.241504,334,4.5831804
raw_native,gt,1300.0,30690928,7.5293717,6.472423,150,1.0569487
raw_native,gt,1129.0,30682338,25.561811,21.144512,214,4.4172993
raw_native,background,,30754727,4.9354467,4.086182,325,0.8492646
raw_native,background,,30771316,10.324366,6.254225,53,4.070141
raw_native,background,,30772988,7.224196,6.484512,391,0.7396841
raw_native,background,,30779171,13.410941,13.084799,472,0.3261423
raw_native,background,,30779843,22.821186,21.55619,473,1.2649956
raw_native,gt,337.0,30724076,17.465729,15.417405,497,2.0483236
raw_native,gt,337.0,30743439,11.076068,9.261593,497,1.814475
raw_native,gt,664.0,30738262,10.866754,7.0626516,347,3.804102
raw_native,gt,1122.0,30748266,8.785874,8.660186,171,0.12568855
raw_native,gt,793.0,30741321,16.95602,11.6946535,112,5.261367
raw_native,background,,30782552,12.359447,6.540111,211,5.8193355
raw_native,background,,30784615,8.303881,7.763694,43,0.5401869
raw_native,background,,30798660,20.721039,19.523825,216,1.1972141
raw_native,background,,30821163,18.032055,16.538036,450,1.4940186
raw_native,background,,30821181,8.77613,7.7340407,285,1.042089
raw_native,background,,30821767,15.104411,13.56608,42,1.538331
raw_native,background,,30832081,5.599356,4.5717077,145,1.0276484
raw_native,gt,94.0,30815567,10.906386,9.288722,254,1.6176643
raw_native,gt,1143.0,30782275,32.552708,31.357534,516,1.1951733
raw_native,gt,1300.0,30786020,12.433098,10.312482,150,2.120616
raw_native,gt,1300.0,30795086,7.6818466,7.2421155,559,0.43973112
raw_native,gt,1122.0,30819941,47.620697,38.670036,446,8.950661
raw_native,background,,30850346,20.512638,19.213814,449,1.2988243
raw_native,background,,30857364,19.978899,16.859743,298,3.119156
raw_native,background,,30860805,11.544558,10.312558,196,1.2319994
raw_native,background,,30868196,4.530326,4.263473,54,0.26685286
raw_native,background,,30884573,6.208218,5.7957544,43,0.41246367
raw_native,background,,30894578,7.145086,6.2727556,276,0.8723302
raw_native,background,,30896347,4.1344023,4.008009,118,0.12639332
raw_native,gt,337.0,30846595,13.943856,12.255494,265,1.6883621
raw_native,gt,1300.0,30890864,8.462061,6.9195037,150,1.5425572
raw_native,gt,793.0,30875155,19.895685,13.810199,112,6.0854864
raw_native,gt,1129.0,30866598,5.7262897,5.5651565,572,0.16113329
raw_native,background,,30912566,14.589247,13.5045595,184,1.0846872
raw_native,background,,30916611,4.962672,4.72107,370,0.24160242
raw_native,background,,30922432,12.527946,11.714259,184,0.8136873
raw_native,background,,30931011,9.727663,4.8954577,177,4.8322053
raw_native,background,,30935392,18.81468,9.347782,498,9.466898
raw_native,background,,30937686,14.821089,13.559613,279,1.2614756
raw_native,background,,30941643,27.40827,26.654402,510,0.7538681
raw_native,gt,94.0,30919910,11.303249,9.622223,12,1.6810265
raw_native,gt,1143.0,30908265,11.4500675,9.59459,143,1.8554773
raw_native,gt,720.0,30915473,25.033613,22.051104,299,2.9825096
raw_native,gt,720.0,30930835,9.743381,8.092152,63,1.6512289
raw_native,gt,664.0,30947105,48.852493,40.490097,446,8.362396
raw_native,gt,664.0,30958677,29.177582,28.585752,219,0.5918293
raw_native,background,,30970618,12.805095,11.153846,146,1.6512489
raw_native,background,,30971766,6.599426,6.541948,33,0.05747795
raw_native,background,,30991344,9.132408,8.215155,180,0.9172535
raw_native,background,,30991445,5.529738,5.4212313,177,0.10850668
raw_native,background,,31004087,9.62253,5.969966,175,3.652564
raw_native,background,,31010129,10.323686,7.8212395,61,2.5024462
raw_native,background,,31017029,11.350617,10.180874,180,1.1697435
raw_native,background,,31018375,7.7656655,6.5255675,425,1.240098
raw_native,gt,2143.0,30974198,26.667511,14.957629,124,11.709882
raw_native,gt,720.0,30965351,18.34388,16.424252,273,1.9196281
raw_native,gt,664.0,30998799,8.8165455,8.304174,166,0.51237106
raw_native,gt,793.0,30979918,21.068,19.138208,185,1.9297924
raw_native,gt,793.0,31011980,19.909342,13.350385,112,6.558957
raw_native,background,,31041953,12.437203,8.493437,325,3.9437666
raw_native,background,,31056194,15.663101,12.123974,539,3.5391273
raw_native,background,,31056966,5.5025764,5.1533127,89,0.34926367
raw_native,background,,31057501,10.288872,10.020261,151,0.26861095
raw_native,background,,31070105,6.3164477,5.68721,175,0.62923765
raw_native,gt,337.0,31038022,10.905439,9.919722,497,0.9857178
raw_native,gt,720.0,31059078,12.535733,11.965158,285,0.57057476
raw_native,gt,720.0,31060672,13.76154,13.488772,246,0.27276802
raw_native,gt,1122.0,31067786,17.086927,12.934666,262,4.1522617
raw_native,gt,1122.0,31070839,18.24357,18.117573,302,0.12599754
raw_native,background,,31091272,9.67289,8.574738,175,1.0981522
raw_native,background,,31091302,12.00499,10.717795,566,1.2871943
raw_native,background,,31110281,5.013685,4.394518,304,0.6191673
raw_native,background,,31125163,13.644111,10.9865265,211,2.6575842
raw_native,background,,31133092,4.0949535,3.6969712,161,0.39798236
raw_native,background,,31138927,31.904749,18.511816,473,13.392933
raw_native,gt,793.0,31087003,16.3222,15.67862,325,0.64358044
raw_native,background,,31143809,4.9568624,4.238036,581,0.7188263
raw_native,background,,31146531,15.828767,9.442357,187,6.3864098
raw_native,background,,31158918,9.328597,6.6299706,149,2.6986265
raw_native,background,,31174012,14.619229,13.051314,273,1.567915
raw_native,background,,31184412,5.9036756,5.7515497,202,0.15212584
raw_native,background,,31186771,22.409286,21.562962,248,0.8463249
raw_native,gt,2143.0,31166144,25.179403,15.874281,124,9.305122
raw_native,gt,1143.0,31160745,11.875943,9.951756,143,1.9241877
raw_native,gt,720.0,31161509,11.011935,10.355303,220,0.6566324
raw_native,gt,720.0,31197029,14.706195,9.121432,561,5.5847626
raw_native,gt,1300.0,31158411,35.843616,33.05747,433,2.786148
raw_native,gt,793.0,31145549,17.683388,15.830652,112,1.8527355
raw_native,gt,1129.0,31193700,13.900472,11.78361,56,2.1168613
raw_native,background,,31217098,4.4260073,3.990682,527,0.43532538
raw_native,background,,31217644,8.736253,7.556664,365,1.1795888
raw_native,background,,31218286,19.591116,17.325623,258,2.2654934
raw_native,background,,31222184,6.0194983,4.721481,163,1.2980175
raw_native,background,,31238558,9.968223,6.807984,458,3.1602387
raw_native,background,,31256492,7.3696313,7.1892776,444,0.18035364
raw_native,background,,31258237,9.817772,9.517284,300,0.30048752
raw_native,gt,2143.0,31233406,41.20531,30.087519,303,11.117792
raw_native,gt,94.0,31210227,16.768938,12.369425,236,4.3995132
raw_native,gt,337.0,31258424,12.253412,9.793532,497,2.4598799
raw_native,gt,1300.0,31224421,23.92968,21.785929,327,2.1437511
raw_native,background,,31261972,17.22678,15.814282,263,1.4124975
raw_native,background,,31264598,25.796741,17.342117,8,8.454624
raw_native,background,,31266722,5.7797427,5.7286787,32,0.051064014
raw_native,background,,31267754,3.5775576,3.564854,3,0.012703657
raw_native,background,,31267773,3.8522282,3.6730123,533,0.17921591
raw_native,background,,31272953,7.1180882,7.1067133,320,0.01137495
raw_native,background,,31288791,7.388629,6.367861,38,1.0207682
raw_native,background,,31289183,4.8309245,4.826627,150,0.0042977333
raw_native,background,,31304877,10.220063,10.184707,53,0.03535652
raw_native,background,,31317605,19.393682,12.032776,243,7.3609066
raw_native,gt,2143.0,31276365,28.784903,20.15172,124,8.633183
raw_native,gt,720.0,31308760,6.878532,5.163151,425,1.7153811
raw_native,gt,1129.0,31303594,18.417543,18.262747,197,0.1547966
raw_native,background,,31324332,9.983128,7.723741,63,2.2593865
raw_native,background,,31326974,18.95378,15.467256,315,3.4865236
raw_native,background,,31337729,13.659806,11.180361,181,2.4794455
raw_native,background,,31339933,5.2894726,5.150059,26,0.13941336
raw_native,background,,31343547,26.384995,25.19888,481,1.1861153
raw_native,background,,31350744,23.529732,14.810292,206,8.7194395
raw_native,background,,31366201,9.161173,8.678454,552,0.48271847
raw_native,background,,31366959,5.0821805,5.0554295,414,0.026751041
raw_native,background,,31368475,5.6006937,4.9560494,558,0.64464426
raw_native,background,,31376706,49.08439,47.93333,453,1.1510582
raw_native,gt,720.0,31329809,14.386631,10.755095,277,3.6315365
raw_native,gt,664.0,31333265,8.60449,8.374692,279,0.22979832
raw_native,gt,664.0,31333806,12.038669,10.727343,50,1.311326
raw_native,gt,664.0,31367151,9.474103,7.7336974,347,1.7404056
raw_native,gt,1122.0,31333964,31.992311,29.812527,471,2.1797848
raw_native,gt,793.0,31335578,18.35961,13.653111,112,4.706498
raw_native,gt,1129.0,31377100,19.234854,14.541637,286,4.6932163
raw_native,background,,31385766,6.6654344,6.4378905,3,0.22754383
raw_native,background,,31398358,5.7222714,5.417488,71,0.30478334
raw_native,background,,31402934,22.350716,22.005144,130,0.34557152
raw_native,background,,31405693,10.671373,9.929598,391,0.7417755
raw_native,background,,31411177,5.6044445,5.5628047,530,0.041639805
raw_native,background,,31411194,13.340891,10.869622,522,2.4712687
raw_native,background,,31422012,20.535328,18.692833,543,1.842495
raw_native,background,,31426436,27.000076,17.61778,15,9.382296
raw_native,background,,31429029,4.6091948,4.4354234,418,0.17377138
raw_native,gt,1143.0,31424494,14.751603,14.680713,272,0.07089043
raw_native,gt,720.0,31382453,22.734451,20.166962,18,2.5674896
raw_native,gt,664.0,31428326,20.917118,17.03663,286,3.8804874
raw_native,gt,1122.0,31422797,17.703125,14.943251,386,2.7598743
raw_native,background,,31486346,14.956397,14.73195,494,0.22444725
raw_native,background,,31490086,7.42802,6.413215,528,1.0148048
raw_native,background,,31499389,9.723718,8.681453,172,1.0422649
raw_native,gt,2143.0,31447471,29.07729,27.82875,124,1.248539
raw_native,gt,337.0,31454653,32.533108,25.496925,238,7.0361824
raw_native,gt,664.0,31486120,35.087578,31.191675,433,3.8959026
raw_native,gt,1300.0,31459724,6.0031934,5.826108,195,0.1770854
raw_native,background,,31523053,5.1213193,4.7196364,96,0.40168285
raw_native,background,,31549729,12.397084,10.89448,372,1.5026045
raw_native,background,,31558561,16.862993,14.224708,193,2.6382856
raw_native,gt,94.0,31507295,7.5656347,6.34653,46,1.2191048
raw_native,gt,1143.0,31524701,10.345682,9.346362,143,0.99932003
raw_native,gt,1143.0,31543879,12.826676,12.719933,508,0.10674381
raw_native,gt,1143.0,31548714,16.799059,16.431042,524,0.3680172
raw_native,gt,1143.0,31551741,10.938498,10.701101,143,0.23739624
raw_native,gt,1129.0,31557503,27.882475,16.698149,124,11.184326
raw_native,background,,31564469,9.779256,4.7859135,362,4.9933424
raw_native,background,,31590404,6.4772196,5.9901037,161,0.48711586
raw_native,background,,31591468,5.9550242,5.5977077,211,0.3573165
raw_native,background,,31608419,5.999147,4.540291,82,1.4588561
raw_native,gt,94.0,31570380,9.59992,6.9554396,50,2.6444807
raw_native,gt,720.0,31584873,7.0162234,6.780956,78,0.23526764
raw_native,gt,793.0,31583464,21.461082,17.009401,112,4.451681
raw_native,background,,31623248,5.8320894,5.436043,331,0.39604664
raw_native,background,,31665480,8.968591,8.305745,310,0.6628456
raw_native,background,,31675934,18.19647,12.333481,26,5.8629894
raw_native,gt,94.0,31651910,29.79509,23.63837,328,6.156719
raw_native,gt,1143.0,31679015,14.856671,13.241296,143,1.6153755
raw_native,gt,1122.0,31638468,43.005634,34.453407,560,8.552227
raw_native,gt,793.0,31648433,20.157587,14.755573,112,5.402014
raw_native,background,,31697486,11.244127,10.988897,145,0.25522995
raw_native,background,,31707164,5.617894,5.11822,166,0.49967432
raw_native,background,,31715359,30.516432,30.243029,434,0.27340317
raw_native,gt,2143.0,31682594,27.749632,16.257778,124,11.491854
raw_native,gt,2143.0,31731318,26.483381,16.636963,124,9.846418
raw_native,gt,337.0,31739230,15.907964,14.689743,497,1.2182207
raw_native,gt,1143.0,31684494,23.677982,21.0359,299,2.6420822
raw_native,gt,793.0,31724632,19.653683,12.385769,112,7.267914
raw_native,background,,31747504,9.3167715,7.2400126,333,2.0767589
raw_native,background,,31754936,6.6519394,5.8021474,269,0.849792
raw_native,background,,31770136,5.3447766,4.9133677,382,0.43140888
raw_native,background,,31770267,5.157304,4.6575,32,0.49980402
raw_native,background,,31791677,8.358511,7.388845,548,0.969666
raw_native,background,,31793594,9.515207,8.981441,188,0.53376675
raw_native,gt,720.0,31772067,8.705952,8.493302,287,0.21264935
raw_native,gt,793.0,31747921,20.335728,15.934761,112,4.4009666
raw_native,background,,31801642,5.1407924,4.663986,534,0.47680616
raw_native,background,,31811763,4.684524,4.449657,586,0.2348671
raw_native,background,,31813727,17.913582,7.1311264,70,10.782455
raw_native,background,,31815126,5.236982,4.1709046,49,1.0660772
raw_native,background,,31830844,7.27393,6.232037,201,1.041893
raw_native,background,,31832224,4.5945935,4.0625486,564,0.5320449
raw_native,background,,31833984,14.294985,7.256911,312,7.038074
raw_native,background,,31842202,5.0597787,4.056795,403,1.0029836
raw_native,background,,31853434,5.4424047,4.025913,20,1.416492
raw_native,gt,2143.0,31805658,26.42155,15.131327,124,11.290224
raw_native,gt,337.0,31827492,16.162418,11.474,334,4.6884184
raw_native,gt,1143.0,31817218,17.951857,13.850935,273,4.1009216
raw_native,gt,1300.0,31834432,7.810806,6.1056376,150,1.7051682
raw_native,gt,1300.0,31835059,12.210626,8.460898,111,3.7497272
raw_native,gt,1129.0,31802879,17.049538,13.242623,273,3.8069143
raw_native,background,,31889136,11.952102,11.594343,13,0.35775852
raw_native,background,,31892412,13.755826,12.374134,443,1.3816919
raw_native,background,,31905370,8.259125,7.4173255,472,0.84179926
raw_native,background,,31906125,14.831943,13.974284,445,0.8576584
raw_native,background,,31915151,10.517544,8.992321,338,1.5252228
raw_native,gt,2143.0,31899174,24.811838,15.687758,124,9.12408
raw_native,gt,94.0,31910820,13.082405,12.665717,295,0.41668797
raw_native,gt,1143.0,31882225,22.934065,20.096653,214,2.8374119
raw_native,gt,1143.0,31913035,14.916968,14.239421,143,0.67754745
raw_native,gt,664.0,31892907,23.319967,19.498192,487,3.8217754
raw_native,gt,1122.0,31876822,16.164818,14.661313,483,1.5035048
raw_native,background,,31921766,9.366733,6.674918,48,2.6918144
raw_native,background,,31935511,11.843943,6.3558416,523,5.488101
raw_native,background,,31941093,7.3414755,5.824568,514,1.5169077
raw_native,background,,31955804,18.488926,18.066141,287,0.4227848
raw_native,background,,31964182,7.910638,7.6496644,28,0.26097345
raw_native,background,,31965458,12.785659,12.603998,406,0.18166065
raw_native,background,,31966236,8.121831,7.8073063,228,0.31452465
raw_native,background,,31973810,12.907795,12.43639,429,0.47140503
raw_native,background,,31979247,6.1867285,5.988685,523,0.19804335
raw_native,gt,2143.0,31929972,29.857924,18.901329,124,10.956594
raw_native,gt,94.0,31979778,10.683419,9.520091,273,1.1633282
raw_native,gt,1300.0,31920654,17.893274,14.362557,287,3.530717
raw_native,gt,1300.0,31940033,16.577093,12.762118,252,3.8149748
raw_native,gt,1300.0,31947696,11.518643,10.826446,209,0.6921978
raw_native,gt,1129.0,31941835,19.579407,18.81878,40,0.76062584
raw_native,background,,31985385,9.190009,6.994024,157,2.1959853
raw_native,background,,31986863,5.9552746,4.8593545,126,1.0959201
raw_native,background,,31994118,31.375711,26.436886,301,4.9388256
raw_native,background,,32003403,13.887786,12.807091,63,1.0806952
raw_native,background,,32004449,11.211787,10.971298,438,0.240489
raw_native,background,,32004988,28.141193,11.994462,301,16.146732
raw_native,background,,32008375,8.137106,8.011513,272,0.12559319
raw_native,background,,32010209,6.133884,5.744557,530,0.38932705
raw_native,background,,32021046,21.382002,17.902315,197,3.4796867
raw_native,background,,32025625,21.408361,19.741262,454,1.667099
raw_native,background,,32035696,24.75213,23.403513,516,1.3486176
raw_native,background,,32037048,11.5505495,11.443164,537,0.107385635
raw_native,gt,2143.0,32020041,24.37259,23.98548,124,0.38710976
raw_native,gt,337.0,31996507,14.163539,12.652255,6,1.5112839
raw_native,gt,1143.0,32013830,15.131405,13.6631155,12,1.4682894
raw_native,gt,1122.0,31982683,16.237467,14.39966,315,1.8378067
raw_native,background,,32045847,8.933196,8.339296,466,0.5938997
raw_native,background,,32048005,12.740894,6.2823105,149,6.458584
raw_native,background,,32067034,5.655992,4.8851347,58,0.77085733
raw_native,background,,32071250,7.7700224,7.497603,119,0.27241945
raw_native,background,,32073798,7.0499024,6.853847,387,0.19605541
raw_native,background,,32081760,6.9109344,6.7975016,141,0.113432884
raw_native,background,,32090143,5.119997,4.95539,184,0.16460705
raw_native,background,,32098302,16.931097,13.447669,470,3.483428
raw_native,background,,32099403,8.52307,7.0842752,45,1.4387951
raw_native,gt,337.0,32058960,17.32214,9.956257,291,7.365883
raw_native,gt,720.0,32047232,13.949145,11.4231615,330,2.5259838
raw_native,gt,1129.0,32096384,20.124805,17.333693,413,2.791113
raw_native,gt,1129.0,32096994,12.408909,10.18416,398,2.2247486
raw_native,background,,32127026,5.9562125,5.5786896,499,0.37752295
raw_native,background,,32129367,7.2222824,7.167932,391,0.054350376
raw_native,background,,32130115,9.028225,8.698768,450,0.32945728
raw_native,background,,32132299,7.968576,7.3570356,126,0.6115403
raw_native,background,,32133395,11.145413,10.859994,243,0.28541946
raw_native,background,,32144327,10.702414,9.526773,319,1.1756401
raw_native,gt,2143.0,32110335,26.434755,20.725723,124,5.709032
raw_native,gt,94.0,32114136,19.434278,16.755602,527,2.6786766
raw_native,background,,32161281,41.149807,28.925438,237,12.224369
raw_native,background,,32162553,5.9722395,4.9793396,77,0.9928999
raw_native,background,,32175381,5.3010106,4.6800265,11,0.6209841
raw_native,background,,32179272,7.810215,7.806211,33,0.0040040016
raw_native,background,,32191026,11.520638,8.994743,290,2.525895
raw_native,background,,32192212,7.7346125,7.6200404,89,0.11457205
raw_native,background,,32196125,16.895943,13.824626,375,3.0713167
raw_native,background,,32198497,20.754467,15.411435,193,5.343032
raw_native,background,,32202459,24.827442,16.471926,90,8.355516
raw_native,gt,337.0,32175689,14.951096,12.23345,497,2.7176456
raw_native,gt,337.0,32181266,11.072715,10.6394,497,0.43331528
raw_native,gt,1143.0,32215445,11.828951,10.903609,150,0.9253416
raw_native,gt,720.0,32161101,42.252735,27.845968,303,14.406767
raw_native,gt,1122.0,32206413,13.958937,13.559654,210,0.39928246
raw_native,background,,32222743,7.459812,6.795047,243,0.66476536
raw_native,background,,32224604,6.165898,4.9149876,295,1.2509103
raw_native,background,,32226549,8.757877,7.0305514,173,1.7273259
raw_native,background,,32248431,11.250597,10.859317,438,0.39128017
raw_native,background,,32249489,6.237636,5.489379,571,0.74825716
raw_native,background,,32253023,10.103032,9.076481,37,1.0265512
raw_native,background,,32264771,14.842959,14.562988,30,0.27997112
raw_native,background,,32279010,7.1173177,5.900117,175,1.2172008
raw_native,gt,2143.0,32232261,39.496067,37.733837,218,1.7622299
raw_native,gt,1143.0,32266812,19.219154,12.949407,112,6.2697477
raw_native,gt,664.0,32230925,20.204748,16.040043,260,4.1647053
raw_native,gt,1300.0,32238642,25.765324,20.382856,407,5.3824673
raw_native,background,,32283858,14.044964,8.795972,70,5.248992
raw_native,background,,32287663,15.658242,9.032903,294,6.6253395
raw_native,background,,32291344,8.396781,8.295736,72,0.101044655
raw_native,background,,32313505,19.06675,17.95493,70,1.1118202
raw_native,background,,32329187,18.928995,17.945362,212,0.98363304
raw_native,gt,2143.0,32301730,24.67625,23.708944,124,0.96730614
raw_native,gt,94.0,32296404,13.757043,12.705188,306,1.0518551
raw_native,gt,1143.0,32291856,13.363276,12.111788,143,1.2514877
raw_native,gt,1143.0,32318040,12.881496,11.060206,417,1.82129
raw_native,gt,1300.0,32316584,9.976378,7.4794235,52,2.496955
raw_native,gt,1300.0,32319303,17.012533,10.60902,334,6.403513
raw_native,gt,1300.0,32320213,6.724152,6.5736227,574,0.15052938
raw_native,gt,1300.0,32325246,32.826126,31.350723,274,1.4754028
raw_native,gt,793.0,32297799,20.011171,14.522503,112,5.4886684
raw_native,gt,1129.0,32307365,13.880063,13.404606,413,0.4754572
raw_native,gt,1129.0,32313024,15.969849,11.143389,179,4.82646
raw_native,background,,32364155,10.68469,9.748806,184,0.9358845
raw_native,background,,32367329,32.311672,24.2505,328,8.0611725
raw_native,background,,32376361,16.430954,15.225424,546,1.2055302
raw_native,background,,32376451,6.5221276,5.2436895,499,1.2784381
raw_native,background,,32382063,7.3957715,6.5428095,382,0.852962
raw_native,background,,32390455,23.658401,20.97979,429,2.6786118
raw_native,gt,94.0,32372219,13.803024,12.342964,178,1.4600601
raw_native,gt,1143.0,32383548,27.551416,27.409296,462,0.14212036
raw_native,gt,1143.0,32390066,10.00457,9.305686,143,0.698884
raw_native,gt,720.0,32389333,9.416011,8.587766,252,0.82824516
raw_native,gt,664.0,32376666,43.388924,25.534538,303,17.854385
raw_native,gt,1129.0,32347007,25.20832,25.20467,232,0.0036506653
raw_native,gt,1129.0,32353444,11.609456,10.882453,257,0.7270031
raw_native,gt,1129.0,32355018,13.524332,10.1718,398,3.3525324
raw_native,background,,32401807,6.7386265,5.4997478,358,1.2388787
raw_native,background,,32401991,8.476784,7.6636963,333,0.81308746
raw_native,background,,32429701,13.465081,10.11835,559,3.3467312
raw_native,background,,32443928,15.486824,5.326457,69,10.160367
raw_native,background,,32446361,6.7203445,6.292518,196,0.4278264
raw_native,background,,32456017,11.565327,6.9544034,11,4.6109233
raw_native,background,,32459364,7.4358153,6.0831556,10,1.3526597
raw_native,gt,2143.0,32419453,25.372543,23.094358,176,2.278185
raw_native,gt,94.0,32423887,18.409811,15.107098,200,3.3027134
raw_native,gt,1129.0,32456508,25.706335,19.640959,206,6.0653763
raw_native,background,,32468900,12.044132,8.348719,39,3.6954136
raw_native,background,,32470880,5.917737,4.3561397,211,1.5615973
raw_native,background,,32480316,15.076997,12.415163,197,2.6618338
raw_native,background,,32516131,14.78275,12.275477,16,2.5072727
raw_native,background,,32517206,12.384114,12.369524,242,0.014590263
raw_native,gt,94.0,32485128,18.285955,18.166569,33,0.11938667
raw_native,gt,337.0,32513221,36.566345,27.025162,23,9.541183
raw_native,gt,664.0,32497591,15.591972,12.317024,45,3.2749481
raw_native,gt,1122.0,32474202,17.249315,14.416743,273,2.832572
raw_native,gt,793.0,32460369,17.310396,11.684302,112,5.626094
raw_native,gt,793.0,32514580,18.996037,17.708668,206,1.2873688
raw_native,gt,1129.0,32487546,18.904411,12.4735155,407,6.430896
raw_native,background,,32523226,15.67596,5.8564925,68,9.819468
raw_native,background,,32528302,8.727095,7.9763184,247,0.7507763
raw_native,background,,32555979,15.741229,13.027911,315,2.7133179
raw_native,background,,32558621,14.551935,6.9417086,302,7.6102266
raw_native,background,,32566465,16.120052,14.592173,179,1.5278797
raw_native,gt,337.0,32562540,22.623932,21.946516,481,0.67741585
raw_native,gt,664.0,32539301,10.351172,9.223538,46,1.127634
raw_native,gt,1300.0,32536535,8.857962,8.151254,150,0.70670795
raw_native,gt,1129.0,32522897,12.918859,12.762936,71,0.15592289
raw_native,background,,32610953,9.045966,5.5125694,304,3.5333967
raw_native,background,,32613003,42.83184,29.432491,538,13.399349
raw_native,background,,32634035,14.050141,12.662359,260,1.3877821
raw_native,background,,32636016,16.214184,15.919286,308,0.29489803
raw_native,gt,337.0,32624025,13.521094,13.077818,497,0.4432764
raw_native,gt,720.0,32604871,8.081294,7.669488,510,0.4118061
raw_native,gt,720.0,32610583,6.995357,5.2222533,556,1.7731037
raw_native,gt,664.0,32603074,21.998177,18.039146,128,3.9590302
raw_native,background,,32642827,6.513437,5.010411,48,1.503026
raw_native,background,,32643839,8.2515135,7.978252,120,0.27326155
raw_native,background,,32650155,8.545029,8.384148,211,0.16088104
raw_native,background,,32659264,6.3210673,6.287682,177,0.033385277
raw_native,background,,32663084,6.595996,6.0084124,299,0.58758354
raw_native,background,,32665052,35.95146,12.081376,301,23.870087
raw_native,gt,94.0,32661569,31.322598,23.70049,516,7.6221066
raw_native,gt,664.0,32683501,8.829087,7.90833,150,0.9207573
raw_native,gt,1129.0,32676871,6.4738617,5.726967,569,0.74689484
raw_native,background,,32701282,5.1784554,5.170025,521,0.008430481
raw_native,background,,32715486,5.097099,4.878249,0,0.21884966
raw_native,background,,32721027,4.6286798,4.6067824,123,0.021897316
raw_native,background,,32722421,8.222649,7.909115,558,0.31353378
raw_native,background,,32726749,8.100454,6.7984567,509,1.3019977
raw_native,background,,32743390,8.474554,7.8357725,554,0.63878155
raw_native,gt,1300.0,32723610,9.904761,9.731206,523,0.17355537
raw_native,background,,32762005,20.993135,20.642324,292,0.350811
raw_native,background,,32762012,8.1263485,7.735142,368,0.39120626
raw_native,background,,32769340,39.717953,27.370235,182,12.347717
raw_native,gt,664.0,32800882,13.953629,10.97465,269,2.9789782
raw_native,gt,793.0,32773542,18.61889,17.613811,112,1.0050793
raw_native,background,,32820200,36.388145,28.391407,182,7.9967384
raw_native,background,,32825018,8.617369,7.914077,475,0.7032919
raw_native,background,,32829051,16.118927,13.365227,419,2.7537003
raw_native,background,,32832568,6.084737,5.240885,9,0.84385204
raw_native,background,,32832938,5.4001083,5.0761614,527,0.32394695
raw_native,background,,32839084,9.29643,8.303696,26,0.99273396
raw_native,background,,32858713,7.91654,6.976893,285,0.9396472
raw_native,background,,32876300,10.420209,8.631037,193,1.7891722
raw_native,background,,32878889,7.153496,6.521401,181,0.63209486
raw_native,background,,32878902,8.187629,7.1608195,0,1.0268092
raw_native,gt,94.0,32835331,24.896845,19.33286,407,5.563984
raw_native,gt,337.0,32844310,11.790933,11.403065,504,0.38786793
raw_native,gt,337.0,32845081,15.556194,13.017851,497,2.5383434
raw_native,gt,1143.0,32830761,24.823996,18.587074,407,6.2369213
raw_native,gt,664.0,32861559,14.775526,12.230724,334,2.5448017
raw_native,gt,793.0,32852726,29.73653,27.950052,447,1.786478
raw_native,gt,1129.0,32852397,44.33806,37.313084,474,7.024975
raw_native,gt,1129.0,32857328,7.9379754,7.504428,130,0.4335475
raw_native,background,,32895822,6.308113,6.037783,93,0.27032995
raw_native,background,,32902134,23.91619,22.264374,214,1.6518154
raw_native,background,,32906189,10.743736,10.045772,2,0.69796467
raw_native,background,,32906586,4.235807,3.6428063,358,0.59300065
raw_native,background,,32908182,5.318929,4.9736323,71,0.34529686
raw_native,background,,32908220,4.861901,4.5006795,517,0.3612213
raw_native,background,,32922418,8.993039,6.5825715,375,2.4104676
raw_native,background,,32923259,5.523585,5.243901,279,0.27968407
raw_native,background,,32926021,21.493963,21.296751,218,0.19721222
raw_native,background,,32932828,8.134284,6.757546,81,1.3767381
raw_native,background,,32932891,20.328636,19.17434,529,1.1542969
raw_native,gt,664.0,32912324,35.287483,32.210533,452,3.07695
raw_native,gt,1300.0,32936275,16.558342,16.500404,247,0.057937622
raw_native,gt,1122.0,32889870,31.88602,24.227995,238,7.6580257
raw_native,gt,1122.0,32908479,34.376232,31.509487,433,2.866745
raw_native,background,,32945615,26.820808,21.833197,407,4.987612
raw_native,background,,32950554,17.94444,17.761202,438,0.18323898
raw_native,background,,32952429,24.933065,19.22127,192,5.711796
raw_native,background,,32957741,14.00305,12.681344,496,1.3217058
raw_native,background,,32979680,11.131992,8.914746,458,2.217246
raw_native,background,,32993693,5.466846,5.091364,174,0.37548208
raw_native,background,,32998403,14.900541,14.122109,244,0.7784319
raw_native,gt,337.0,32940221,20.367167,19.975523,283,0.39164352
raw_native,gt,1143.0,32971994,47.40817,32.008667,538,15.399502
raw_native,gt,1143.0,32983339,13.636621,11.54638,200,2.0902414
raw_native,gt,1300.0,32982071,20.858486,20.105999,287,0.7524872
raw_native,gt,1129.0,32994136,15.574067,7.505423,498,8.068644
raw_native,background,,33002971,13.375917,12.47333,461,0.9025879
raw_native,background,,33004461,22.258417,16.54182,206,5.7165966
raw_native,background,,33006285,9.635235,8.236758,467,1.3984766
raw_native,background,,33008937,12.350019,10.765407,253,1.5846128
raw_native,background,,33009001,7.014768,5.6143346,395,1.4004335
raw_native,background,,33010619,41.076668,30.43983,303,10.636837
raw_native,background,,33015779,10.238562,10.135337,233,0.103224754
raw_native,background,,33016606,13.004405,11.956316,307,1.048089
raw_native,background,,33018924,4.714556,4.6704035,120,0.044152737
raw_native,background,,33025896,18.523684,11.3760395,299,7.147644
raw_native,background,,33030502,10.538128,6.3510327,523,4.187095
raw_native,background,,33037764,6.553754,4.8960533,96,1.6577005
raw_native,background,,33040819,7.252369,6.6076264,285,0.6447425
raw_native,background,,33047754,8.75973,7.0865,76,1.6732302
raw_native,background,,33053697,15.036709,14.098537,271,0.9381714
raw_native,background,,33088325,14.133548,10.826144,325,3.3074036
raw_native,background,,33090871,8.097909,5.382653,197,2.7152557
raw_native,background,,33091164,13.539578,12.16976,289,1.3698187
raw_native,background,,33094141,9.983641,8.174956,207,1.8086843
raw_native,background,,33114393,10.254835,7.425419,304,2.8294163
raw_native,background,,33114568,20.948223,19.210773,466,1.7374496
raw_native,background,,33117123,6.8312483,5.7588615,76,1.0723867
raw_native,gt,2143.0,33107573,27.18806,15.978202,124,11.209859
raw_native,gt,94.0,33083284,34.95834,34.016884,433,0.94145584
raw_native,gt,1300.0,33074454,12.604497,10.045662,431,2.558835
raw_native,background,,33132113,10.955017,7.9110007,273,3.0440164
raw_native,background,,33134476,9.657327,8.216689,211,1.4406376
raw_native,background,,33143676,27.004757,18.726131,192,8.2786255
raw_native,background,,33165252,21.453093,20.929735,303,0.5233574
raw_native,background,,33171648,7.2771044,5.826213,72,1.4508915
raw_native,background,,33174559,7.445569,7.206257,45,0.23931217
raw_native,background,,33175511,18.660868,16.786432,268,1.8744354
raw_native,gt,2143.0,33138908,35.926548,24.327122,182,11.599426
raw_native,gt,2143.0,33148955,25.775608,19.043894,124,6.7317142
raw_native,gt,337.0,33178593,13.327871,11.943971,497,1.3839006
raw_native,gt,720.0,33121912,8.331856,7.3149056,10,1.0169501
raw_native,gt,720.0,33160139,8.11968,7.4664264,534,0.65325403
raw_native,gt,664.0,33120852,20.649033,19.840603,375,0.8084297
raw_native,gt,1122.0,33178117,15.169112,14.605654,86,0.56345844
raw_native,background,,33191717,5.456205,5.395385,540,0.060820103
raw_native,background,,33193240,11.73205,11.232471,80,0.49957848
raw_native,background,,33206909,5.0056005,4.6925755,582,0.313025
raw_native,background,,33221601,6.2408047,4.989836,306,1.2509685
raw_native,background,,33223638,8.2112665,7.884439,166,0.32682753
raw_native,background,,33226935,19.547451,12.207586,294,7.3398647
raw_native,background,,33232841,22.892649,18.350248,449,4.5424004
raw_native,background,,33233037,12.589983,10.665123,66,1.92486
raw_native,gt,2143.0,33198981,24.345324,14.076723,124,10.2686
raw_native,gt,337.0,33212756,12.607335,10.764434,60,1.8429012
raw_native,gt,720.0,33232261,20.427706,19.214594,315,1.2131119
raw_native,gt,793.0,33189053,18.89908,18.240452,262,0.65862846
raw_native,background,,33246336,5.9437966,4.4155602,59,1.5282364
raw_native,background,,33267111,32.74699,32.454365,434,0.29262543
raw_native,background,,33267723,14.044258,11.312625,42,2.7316332
raw_native,background,,33287600,5.663668,5.16188,154,0.50178814
raw_native,background,,33295064,11.826145,10.898071,261,0.9280739
raw_native,background,,33297967,22.700436,22.166294,239,0.53414154
raw_native,background,,33298232,12.421451,10.790746,497,1.6307049
raw_native,gt,2143.0,33240591,25.558773,16.410885,124,9.147888
raw_native,gt,2143.0,33285946,27.13268,15.948715,124,11.183966
raw_native,gt,94.0,33248722,18.994848,15.287084,324,3.7077646
raw_native,gt,94.0,33255923,15.10557,14.871888,300,0.23368168
raw_native,gt,337.0,33259810,13.065092,12.722013,250,0.3430786
raw_native,gt,337.0,33270767,13.658374,12.702152,334,0.9562216
raw_native,gt,720.0,33272959,11.072169,10.274942,97,0.7972269
raw_native,gt,664.0,33264781,19.547607,14.71819,112,4.829417
raw_native,gt,793.0,33260987,18.713985,16.960682,112,1.7533035
raw_native,gt,1129.0,33275943,35.869736,34.076324,328,1.7934113
raw_native,background,,33327460,12.6769,10.848595,410,1.8283052
raw_native,background,,33330017,18.616556,16.886581,219,1.7299747
raw_native,background,,33334212,3.8081353,3.6682427,337,0.13989258
raw_native,background,,33352466,20.444172,15.900675,63,4.543497
raw_native,gt,2143.0,33322050,29.941128,29.689762,192,0.25136566
raw_native,background,,33362960,4.2148094,4.05553,95,0.15927935
raw_native,background,,33376923,13.505677,10.90527,90,2.6004076
raw_native,background,,33377499,19.412773,18.652277,303,0.76049614
raw_native,background,,33410149,6.482287,6.392586,555,0.0897007
raw_native,gt,2143.0,33394447,25.256605,13.115742,124,12.140863
raw_native,gt,1143.0,33376028,16.964468,15.623502,413,1.3409662
raw_native,gt,664.0,33388818,11.57314,9.279883,72,2.2932568
raw_native,gt,1300.0,33411506,11.869079,7.9650097,475,3.904069
raw_native,gt,1300.0,33415710,22.21953,17.858307,516,4.361223
raw_native,gt,1122.0,33407317,31.739746,20.758478,290,10.981268
raw_native,background,,33440328,6.3902435,6.2274776,555,0.16276598
raw_native,background,,33453152,18.764141,14.903561,266,3.8605804
raw_native,background,,33465353,11.244759,7.9199185,177,3.32484
raw_native,background,,33466705,14.813459,10.437816,26,4.3756437
raw_native,background,,33466834,9.783395,9.435163,290,0.34823227
raw_native,gt,2143.0,33451008,23.989038,18.611279,124,5.37776
raw_native,gt,664.0,33458090,7.328326,7.248243,54,0.08008337
raw_native,gt,1300.0,33455504,12.992309,7.9519114,178,5.040397
raw_native,gt,793.0,33423471,17.999353,10.716304,112,7.2830496
raw_native,background,,33486086,13.672183,11.782377,262,1.8898058
raw_native,background,,33490874,20.588684,16.461601,197,4.127083
raw_native,background,,33491122,7.2069154,6.751873,41,0.45504236
raw_native,background,,33492944,4.6953473,4.468154,49,0.22719336
raw_native,background,,33495887,12.929146,8.993708,60,3.9354382
raw_native,background,,33504712,8.644075,8.215619,66,0.4284563
raw_native,background,,33506334,19.666271,14.541305,18,5.1249666
raw_native,background,,33509703,23.173357,22.666563,287,0.506794
raw_native,background,,33519005,4.6452756,4.2607436,586,0.38453197
raw_native,background,,33535062,5.5732512,5.0843368,517,0.4889145
raw_native,gt,337.0,33535518,14.489172,12.758322,334,1.7308502
raw_native,gt,720.0,33521232,17.186605,16.294714,5,0.8918915
raw_native,gt,720.0,33538651,12.684051,11.588341,146,1.0957098
raw_native,gt,1122.0,33520870,35.514305,21.469593,543,14.044712
raw_native,gt,1129.0,33522025,32.17453,28.755026,328,3.4195042
raw_native,background,,33541114,7.2883196,6.925826,18,0.36249352
raw_native,background,,33553272,32.591187,31.354977,453,1.2362099
raw_native,background,,33557685,18.723766,10.780242,197,7.9435244
raw_native,background,,33579529,19.11903,16.65241,445,2.4666195
raw_native,background,,33579936,7.616576,5.950154,207,1.6664224
raw_native,background,,33586371,10.793869,9.756576,234,1.0372934
raw_native,background,,33587367,10.706082,10.53652,458,0.16956234
raw_native,gt,1300.0,33598051,14.958584,12.594365,178,2.3642187
raw_native,background,,33603161,7.9428616,6.8950024,27,1.0478592
raw_native,background,,33608130,4.683938,4.59617,529,0.08776808
raw_native,background,,33609343,17.390291,9.486993,302,7.9032984
raw_native,background,,33609345,15.632211,12.60102,302,3.0311909
raw_native,background,,33617805,7.0870547,5.6391544,506,1.4479003
raw_native,background,,33638802,9.371223,8.510578,288,0.8606453
raw_native,background,,33638930,6.2070026,6.191863,76,0.01513958
raw_native,gt,793.0,33655206,20.3626,13.108137,112,7.254463
raw_native,background,,33661873,18.802694,14.022956,410,4.7797384
raw_native,background,,33663326,7.0500865,6.4862003,43,0.56388617
raw_native,background,,33664613,8.194427,5.4692864,9,2.72514
raw_native,background,,33664720,9.092126,8.285312,322,0.8068142
raw_native,background,,33666497,10.152008,9.064958,535,1.0870504
raw_native,background,,33674325,6.75755,6.489512,349,0.2680378
raw_native,background,,33679022,8.172048,7.674779,144,0.49726868
raw_native,background,,33682613,7.0862536,6.6300726,76,0.45618105
raw_native,background,,33699013,16.33025,15.645494,238,0.6847553
raw_native,background,,33700933,10.671549,6.1853776,66,4.4861712
raw_native,background,,33701834,5.1096735,4.8764825,374,0.23319101
raw_native,background,,33709299,22.157335,17.371655,22,4.785681
raw_native,background,,33712383,8.6259365,6.9096217,27,1.7163148
raw_native,gt,2143.0,33677937,24.82282,13.435852,124,11.386969
raw_native,gt,1122.0,33718305,10.635336,10.2608185,171,0.37451744
raw_native,gt,793.0,33693389,25.29891,19.843792,516,5.455118
raw_native,gt,793.0,33698538,20.54229,18.850006,112,1.6922836
raw_native,gt,1129.0,33697739,42.44415,35.42369,474,7.020458
raw_native,background,,33734696,11.396594,9.152596,334,2.2439976
raw_native,background,,33736518,4.0702167,4.0386057,556,0.031610966
raw_native,background,,33751752,27.308828,12.445844,327,14.862985
raw_native,background,,33753193,4.3624377,4.332586,498,0.029851913
raw_native,background,,33764277,5.351654,4.493487,376,0.8581672
raw_native,gt,94.0,33754700,18.6257,17.52746,188,1.0982399
raw_native,gt,337.0,33752388,13.35424,10.485668,497,2.8685722
raw_native,gt,337.0,33755746,26.949999,25.090216,219,1.8597832
raw_native,gt,664.0,33779822,9.686256,9.432682,347,0.25357437
raw_native,background,,33784063,7.866491,6.927073,48,0.93941784
raw_native,background,,33784098,6.7280893,5.86023,34,0.86785936
raw_native,background,,33785246,9.066159,7.937983,45,1.1281762
raw_native,background,,33805618,25.336105,24.481857,464,0.85424805
raw_native,background,,33816238,7.0998445,6.0011444,27,1.0987
raw_native,gt,2143.0,33799335,27.83256,25.712828,275,2.119732
raw_native,gt,2143.0,33802742,26.558294,22.637596,124,3.9206982
raw_native,gt,2143.0,33808311,25.490482,17.528704,124,7.9617786
raw_native,gt,1129.0,33815315,8.018664,7.8096895,130,0.20897484
raw_native,background,,33841919,4.0623875,3.8922458,527,0.1701417
raw_native,background,,33850590,7.564276,6.3606367,475,1.2036395
raw_native,background,,33859170,7.7503166,7.662248,41,0.088068485
raw_native,background,,33865957,17.51267,13.844613,22,3.6680574
raw_native,background,,33870845,11.029747,8.915099,266,2.1146479
raw_native,background,,33878382,17.724173,14.26063,300,3.463543
raw_native,background,,33895834,6.377334,6.198624,183,0.17870998
raw_native,gt,720.0,33898654,12.683757,11.611702,368,1.0720549
raw_native,gt,1122.0,33856504,16.413218,15.4388275,286,0.97439003
raw_native,gt,1122.0,33880066,16.694008,16.019693,146,0.6743145
raw_native,background,,33908304,15.400078,13.07111,262,2.328968
raw_native,background,,33917025,5.5018845,4.9853015,150,0.51658297
raw_native,background,,33926422,18.919561,13.442551,286,5.4770107
raw_native,background,,33937300,6.6515226,6.6170135,333,0.034509182
raw_native,background,,33946219,6.3061647,5.2334356,368,1.0727291
raw_native,background,,33947161,15.119554,13.352687,197,1.7668667
raw_native,background,,33947376,7.3644075,7.191844,569,0.17256355
raw_native,gt,1300.0,33918339,37.909286,29.459892,328,8.449394
raw_native,gt,1300.0,33921966,20.124199,19.413694,438,0.71050453
raw_native,background,,33962949,10.687971,7.171298,68,3.516673
raw_native,background,,33970635,7.917257,6.194834,311,1.7224226
raw_native,background,,33971381,12.04347,11.91349,5,0.12998009
raw_native,background,,33987399,27.67389,20.529385,465,7.1445045
raw_native,background,,33994809,15.177898,11.804976,279,3.372922
raw_native,background,,34010562,6.7758307,6.4244213,197,0.35140944
raw_native,gt,2143.0,33963126,25.426916,23.4544,124,1.972517
raw_native,gt,94.0,34004918,22.403772,19.15796,128,3.2458115
raw_native,gt,1143.0,33960385,13.962497,13.436133,4,0.5263634
raw_native,gt,1122.0,33967201,9.008814,7.661814,97,1.3469996
raw_native,background,,34037351,8.824142,7.819793,300,1.0043492
raw_native,background,,34045010,21.107475,19.287363,40,1.8201122
raw_native,background,,34050148,16.932394,16.012566,273,0.9198284
raw_native,background,,34072030,5.9115186,5.7616963,30,0.14982224
raw_native,gt,337.0,34068176,20.17372,13.680504,516,6.4932156
raw_native,background,,34107967,11.648307,10.681356,270,0.9669504
raw_native,background,,34112055,6.1217184,5.1519337,63,0.96978474
raw_native,background,,34119924,19.622852,16.901281,407,2.721571
raw_native,background,,34123049,6.005372,5.991208,161,0.014163971
raw_native,background,,34125393,13.879202,11.816567,190,2.0626345
raw_native,gt,2143.0,34133289,27.49124,18.636465,124,8.854774
raw_native,gt,337.0,34102375,13.499203,13.287638,164,0.21156502
raw_native,gt,664.0,34104526,43.409954,29.188929,303,14.221025
raw_native,gt,1300.0,34082400,11.538974,7.995771,523,3.5432029
raw_native,gt,1300.0,34091104,16.957373,14.401236,334,2.556137
raw_native,gt,1300.0,34093102,9.802742,8.528537,150,1.2742052
raw_native,gt,1122.0,34119779,12.6274805,8.989953,171,3.6375275
raw_native,gt,1122.0,34134587,42.861115,30.390158,23,12.470957
raw_native,gt,1129.0,34108407,24.26729,18.897726,206,5.369564
raw_native,background,,34140910,13.759285,10.150393,39,3.6088924
raw_native,background,,34144824,15.6423025,12.964701,128,2.6776018
raw_native,background,,34150206,4.3554087,4.2836523,0,0.07175636
raw_native,background,,34183923,13.197117,11.008252,145,2.1888647
raw_native,background,,34187893,10.212922,10.094262,44,0.11865997
raw_native,gt,94.0,34179260,12.326834,11.097531,262,1.2293024
raw_native,background,,34209734,26.125612,22.04817,74,4.077442
raw_native,background,,34218215,11.332769,11.259339,453,0.07343006
raw_native,background,,34226957,3.6529634,3.5880377,361,0.06492567
raw_native,background,,34230745,14.87295,14.162732,277,0.7102175
raw_native,background,,34234050,10.150987,10.148384,310,0.0026025772
raw_native,background,,34254908,14.999428,13.823791,45,1.1756372
raw_native,gt,720.0,34242646,9.151287,8.276657,408,0.87463
raw_native,gt,1122.0,34236929,26.75183,21.340343,74,5.4114857
raw_native,gt,1129.0,34236916,15.241679,14.039319,146,1.2023602
raw_native,background,,34263125,10.154415,7.432628,254,2.721787
raw_native,background,,34291151,17.237556,12.992707,318,4.244849
raw_native,background,,34291171,7.928516,7.5418887,179,0.3866272
raw_native,background,,34300690,9.0701885,7.857953,74,1.2122355
raw_native,background,,34303587,18.747984,16.703325,316,2.0446587
raw_native,background,,34316863,5.030706,5.0058627,361,0.024843216
raw_native,background,,34318069,13.927872,13.07507,234,0.8528013
raw_native,gt,1300.0,34317175,12.389148,8.982492,59,3.4066553
raw_native,gt,1122.0,34280909,13.449569,11.820708,211,1.6288605
raw_native,background,,34335466,11.615192,9.191086,26,2.4241066
raw_native,background,,34336119,14.634596,13.99237,283,0.6422262
raw_native,background,,34340888,17.440186,13.87552,17,3.5646658
raw_native,background,,34345259,16.203224,14.9346485,455,1.2685757
raw_native,background,,34367183,8.84726,7.5812354,13,1.2660251
raw_native,gt,2143.0,34321340,24.250107,23.40921,124,0.8408966
raw_native,background,,34380502,23.932438,19.27419,40,4.658247
raw_native,background,,34381990,10.116538,4.9769387,193,5.1395993
raw_native,background,,34384566,16.468885,16.129509,464,0.33937645
raw_native,background,,34388657,9.301993,9.261623,325,0.040369987
raw_native,background,,34396904,26.436115,24.535221,462,1.9008942
raw_native,background,,34400670,4.4475107,4.0050864,46,0.4424243
raw_native,background,,34415567,14.635106,11.704512,279,2.9305944
raw_native,background,,34418116,13.74209,12.276063,252,1.4660273
raw_native,background,,34432304,12.538151,12.292699,285,0.24545193
raw_native,background,,34432420,8.339747,6.3832097,201,1.9565377
raw_native,gt,94.0,34401027,7.0326557,6.7931685,166,0.23948717
raw_native,gt,94.0,34429491,36.88282,25.831896,301,11.050924
raw_native,gt,1300.0,34390888,8.734199,8.114007,45,0.6201916
raw_native,gt,1300.0,34391971,31.333563,25.991201,505,5.3423615
raw_native,gt,1122.0,34380639,24.908287,23.295662,259,1.6126251
raw_native,gt,793.0,34417015,17.143944,12.871216,112,4.272728
raw_native,background,,34445202,16.20284,10.093272,334,6.1095686
raw_native,background,,34449645,10.147261,9.858951,231,0.28831005
raw_native,background,,34450062,8.398011,5.65413,41,2.7438812
raw_native,background,,34450560,6.34681,5.181492,201,1.165318
raw_native,background,,34456593,8.560655,8.415043,214,0.14561176
raw_native,background,,34462638,5.4649963,4.285068,508,1.1799283
raw_native,background,,34472337,28.460028,24.61393,249,3.846098
raw_native,background,,34475987,13.075231,12.444143,270,0.6310873
raw_native,background,,34480082,5.675034,5.5152392,155,0.1597948
raw_native,background,,34491724,7.959695,5.7108445,211,2.2488503
raw_native,gt,2143.0,34443554,33.23656,30.223492,452,3.0130692
raw_native,gt,720.0,34464684,24.319593,19.662546,40,4.6570473
raw_native,gt,1122.0,34488090,21.460154,16.777737,182,4.682417
raw_native,background,,34503725,8.361188,7.7997675,63,0.56142044
raw_native,background,,34504292,10.654651,10.617904,2,0.03674698
raw_native,background,,34515108,6.8820963,5.975843,334,0.90625334
raw_native,background,,34536796,4.4235373,4.3902073,323,0.033329964
raw_native,background,,34539164,8.128504,7.3695126,571,0.75899124
raw_native,background,,34557008,15.084738,13.239118,205,1.8456202
raw_native,gt,337.0,34505823,32.134735,31.995476,219,0.13925934
raw_native,gt,337.0,34521354,32.772694,26.55715,328,6.2155437
raw_native,gt,720.0,34538411,23.196476,17.331202,206,5.8652744
raw_native,gt,664.0,34525009,19.459457,14.152288,26,5.307169
raw_native,gt,664.0,34557163,17.51203,16.318958,36,1.1930714
raw_native,gt,1129.0,34534121,17.772913,12.937817,236,4.8350964
raw_native,background,,34574515,6.1943417,5.9492097,267,0.24513197
raw_native,background,,34596264,7.575697,5.5655994,304,2.0100975
raw_native,background,,34603933,7.257749,6.2802477,44,0.9775014
raw_native,background,,34605420,7.652558,5.9458046,71,1.7067533
raw_native,gt,720.0,34576729,15.74606,14.008155,496,1.7379055
raw_native,gt,664.0,34578115,6.5735536,6.1584334,377,0.41512012
raw_native,background,,34630042,12.762914,12.164493,463,0.5984211
raw_native,background,,34663697,14.117817,12.391442,250,1.7263746
raw_native,background,,34666231,14.1312895,9.945638,190,4.185652
raw_native,background,,34679441,6.5287323,5.9077597,50,0.62097263
raw_native,gt,94.0,34639149,18.010305,8.615243,273,9.395062
raw_native,gt,1143.0,34663401,7.498248,6.873431,143,0.6248169
raw_native,gt,720.0,34673923,32.63349,27.357468,464,5.276024
raw_native,gt,664.0,34621905,12.692441,8.397697,211,4.2947435
raw_native,gt,664.0,34655084,15.182643,11.613448,334,3.5691948
raw_native,background,,34684997,6.924061,6.580219,368,0.34384203
raw_native,background,,34696682,9.104082,7.7805533,358,1.3235288
raw_native,background,,34697476,8.260097,8.120388,549,0.13970852
raw_native,background,,34698284,16.01643,12.219137,276,3.7972927
raw_native,background,,34701408,13.703364,12.451488,315,1.2518768
raw_native,background,,34705190,26.378706,20.536385,192,5.8423214
raw_native,gt,2143.0,34693954,30.77515,25.947733,516,4.8274174
raw_native,gt,2143.0,34737496,27.756687,18.04723,124,9.709457
raw_native,gt,720.0,34696889,20.091158,17.693594,372,2.397564
raw_native,gt,664.0,34707345,15.101128,14.133215,4,0.9679127
raw_native,gt,664.0,34738315,15.060707,14.126111,314,0.93459606
raw_native,gt,1300.0,34715790,25.297731,20.596458,192,4.701273
raw_native,gt,793.0,34683852,17.836483,12.131289,112,5.7051945
raw_native,background,,34746217,6.7826557,6.3982043,165,0.3844514
raw_native,background,,34751379,4.9248476,4.568474,569,0.3563738
raw_native,background,,34759526,9.360738,7.541787,181,1.8189507
raw_native,background,,34773744,10.43117,8.8647585,76,1.566412
raw_native,background,,34775923,8.627852,8.0789795,24,0.54887295
raw_native,background,,34778029,6.0902014,5.745414,32,0.3447876
raw_native,background,,34779910,44.967915,29.402363,303,15.565552
raw_native,background,,34784507,9.351483,8.4386,227,0.91288376
raw_native,background,,34786831,23.24562,15.645825,214,7.5997953
raw_native,background,,34787404,9.608907,7.4425526,60,2.1663542
raw_native,gt,2143.0,34767399,24.992182,18.515501,124,6.4766808
raw_native,gt,664.0,34767903,13.560562,12.003193,112,1.5573692
raw_native,gt,1300.0,34755802,11.59652,9.934698,293,1.6618223
raw_native,gt,1300.0,34777336,16.577782,15.430487,200,1.147295
raw_native,gt,1122.0,34788705,8.578741,7.8516307,461,0.7271104
raw_native,background,,34809141,7.546314,7.4524045,474,0.09390926
raw_native,background,,34809802,22.237661,19.558035,128,2.6796265
raw_native,background,,34811945,12.628594,12.078381,269,0.5502138
raw_native,background,,34812313,13.731298,13.126961,420,0.6043377
raw_native,background,,34844544,12.896578,12.136209,52,0.7603693
raw_native,gt,2143.0,34852282,34.37532,31.784079,433,2.5912418
raw_native,gt,94.0,34825867,10.116511,9.7381115,64,0.37839985
raw_native,gt,1143.0,34814012,12.257955,9.93559,143,2.3223648
raw_native,gt,664.0,34828627,29.462093,23.49895,465,5.9631443
raw_native,gt,1300.0,34837966,29.354946,21.513298,182,7.841648
raw_native,background,,34866833,10.952882,7.009958,539,3.942924
raw_native,background,,34881089,17.27965,13.255954,301,4.023696
raw_native,background,,34881196,8.580627,8.145869,326,0.4347582
raw_native,background,,34883772,6.7280617,5.2238984,43,1.5041633
raw_native,background,,34903688,5.532021,5.249916,548,0.28210497
raw_native,background,,34906788,7.737239,7.4652514,476,0.27198744
raw_native,background,,34911862,18.00053,14.843437,242,3.157093
raw_native,gt,2143.0,34898163,24.783894,16.689196,124,8.094698
raw_native,gt,2143.0,34916158,23.89736,14.180546,124,9.716814
raw_native,gt,664.0,34879599,21.666513,21.270645,315,0.3958683
raw_native,gt,1300.0,34884493,30.18314,22.646126,182,7.537014
raw_native,gt,1129.0,34918707,17.37161,16.980083,143,0.39152718
raw_native,background,,34933168,4.8086114,4.74928,361,0.059331417
raw_native,background,,34935064,17.01712,14.572666,185,2.4444542
raw_native,background,,34937894,13.67854,9.752866,197,3.9256744
raw_native,background,,34943126,9.579194,9.512423,243,0.06677151
raw_native,background,,34956722,8.843593,6.793803,85,2.0497894
raw_native,background,,34958630,10.413382,9.559645,281,0.8537369
raw_native,background,,34958755,12.930108,7.8916,327,5.038508
raw_native,background,,34960256,10.906141,7.592606,321,3.3135352
raw_native,background,,34966613,4.794901,4.7927055,149,0.0021953583
raw_native,gt,94.0,34922035,7.4205236,7.037993,95,0.3825307
raw_native,gt,94.0,34960670,9.421169,7.436622,301,1.9845471
raw_native,gt,94.0,34965387,41.657078,24.563152,303,17.093925
raw_native,gt,337.0,34948677,7.896326,6.188952,497,1.7073741
raw_native,gt,337.0,34967706,12.058954,11.141555,497,0.9173994
raw_native,gt,664.0,34924030,20.720499,19.37877,215,1.3417282
raw_native,gt,1300.0,34953333,9.717704,8.363316,150,1.3543882
raw_native,gt,1129.0,34959520,18.708612,16.266073,372,2.4425392
raw_native,background,,34981159,15.915224,9.708252,294,6.206972
raw_native,background,,34991697,19.399572,17.383394,242,2.0161781
raw_native,background,,35009778,6.489777,5.907032,192,0.5827451
raw_native,background,,35013723,8.53653,8.031655,254,0.5048742
raw_native,background,,35014644,6.504609,6.1878734,572,0.31673574
raw_native,background,,35023768,8.720278,5.2750597,209,3.445218
raw_native,background,,35039343,12.700464,8.41791,62,4.2825546
raw_native,gt,720.0,35022100,15.040334,14.6447315,187,0.39560223
raw_native,gt,1300.0,34980683,8.760227,8.738098,173,0.022129059
raw_native,gt,1122.0,35020182,12.24469,10.164332,358,2.0803576
raw_native,gt,1129.0,35035937,7.3403955,6.663046,62,0.67734957
raw_native,background,,35041870,8.722052,6.466651,63,2.2554007
raw_native,background,,35042777,14.793406,14.449529,36,0.34387684
raw_native,background,,35051357,5.056707,5.0262294,177,0.030477524
raw_native,background,,35054452,11.740001,10.966437,528,0.7735634
raw_native,background,,35063855,5.645609,5.1030807,95,0.54252815
raw_native,background,,35066967,5.162048,4.1864758,562,0.9755721
raw_native,background,,35080985,21.94059,18.339231,242,3.6013584
raw_native,background,,35086853,5.780532,4.3537674,66,1.4267645
raw_native,background,,35093581,9.134707,7.7149854,146,1.4197221
raw_native,gt,94.0,35049052,28.500093,24.189707,449,4.3103867
raw_native,gt,337.0,35040569,16.17351,13.717669,305,2.455841
raw_native,gt,1143.0,35093196,8.3320465,6.3869724,143,1.9450741
raw_native,gt,720.0,35070113,9.676419,8.748852,33,0.9275675
raw_native,gt,1300.0,35079176,14.721328,13.213085,262,1.5082426
raw_native,gt,1300.0,35089239,12.6132345,10.067619,44,2.5456152
raw_native,background,,35107961,7.715311,5.8968043,41,1.8185067
raw_native,background,,35112122,14.114236,11.403585,334,2.7106504
raw_native,background,,35128135,6.3487434,6.2438555,49,0.10488796
raw_native,background,,35144910,5.694476,5.6064143,586,0.08806181
raw_native,background,,35150426,18.466103,16.977634,37,1.4884682
raw_native,background,,35157880,5.1500325,4.38693,352,0.76310253
raw_native,background,,35158558,6.8656945,6.529366,13,0.3363285
raw_native,gt,793.0,35115650,18.532314,14.332557,112,4.1997576
raw_native,background,,35161124,5.169665,4.9740396,48,0.1956253
raw_native,background,,35170011,22.822353,17.586834,40,5.2355194
raw_native,background,,35178036,10.675471,10.210077,201,0.46539402
raw_native,background,,35191245,4.360058,3.6856942,18,0.6743636
raw_native,background,,35194731,9.219079,8.95093,51,0.26814938
raw_native,background,,35198179,3.9734004,3.6864617,557,0.28693867
raw_native,background,,35213865,9.858256,7.676501,228,2.1817555
raw_native,gt,2143.0,35193559,23.765764,17.374207,124,6.3915577
raw_native,gt,1129.0,35167777,9.537854,9.055573,263,0.48228073
raw_native,background,,35235323,14.911977,13.838544,262,1.0734329
raw_native,background,,35242245,6.1837153,5.4500256,118,0.7336898
raw_native,background,,35251497,10.888467,10.3508415,259,0.5376253
raw_native,background,,35253356,6.358847,6.143845,72,0.21500206
raw_native,background,,35255317,6.8096585,5.6296024,510,1.1800561
raw_native,background,,35257131,22.756538,18.188595,274,4.5679436
raw_native,background,,35278550,8.552847,6.2543764,83,2.2984705
raw_native,gt,337.0,35228612,15.224287,14.356066,266,0.8682213
raw_native,gt,664.0,35257319,11.965126,10.868307,347,1.0968189
raw_native,gt,1300.0,35241124,13.374957,11.652172,190,1.722785
raw_native,gt,793.0,35248964,21.087814,20.279884,206,0.80793
raw_native,background,,35282458,13.559247,12.827115,297,0.73213196
raw_native,background,,35288053,14.60328,14.550847,472,0.052433014
raw_native,background,,35300621,17.928335,15.276643,27,2.6516924
raw_native,background,,35318637,11.71708,10.127127,574,1.5899534
raw_native,background,,35327358,10.194605,7.4817214,243,2.7128835
raw_native,background,,35331132,7.7464895,5.722416,133,2.0240736
raw_native,background,,35336073,4.713374,3.9260614,177,0.78731275
raw_native,background,,35337911,14.895236,13.921978,29,0.973258
raw_native,gt,337.0,35283895,10.515629,8.837953,497,1.6776762
raw_native,gt,720.0,35313766,11.595121,10.115256,185,1.4798651
raw_native,gt,664.0,35301590,11.046702,10.782031,513,0.26467133
raw_native,gt,793.0,35327697,19.502108,17.252571,112,2.2495365
raw_native,gt,1129.0,35323079,8.172099,7.566941,370,0.6051583
raw_native,background,,35343251,6.38414,5.457705,26,0.926435
raw_native,background,,35343588,7.8891335,7.8711405,462,0.017992973
raw_native,background,,35344252,14.020529,11.343128,445,2.6774006
raw_native,background,,35350122,8.841307,8.484842,354,0.3564644
raw_native,background,,35354264,13.591633,11.955411,295,1.6362219
raw_native,background,,35375301,21.618954,18.975657,216,2.6432972
raw_native,background,,35386618,6.664973,4.1162353,249,2.5487375
raw_native,background,,35387476,21.200943,20.854061,274,0.34688187
raw_native,background,,35391651,18.961735,13.56343,206,5.398305
raw_native,background,,35398495,6.5222197,6.0674567,222,0.45476294
raw_native,gt,94.0,35353478,11.54396,7.967141,408,3.5768185
raw_native,gt,337.0,35376518,19.776669,18.474785,272,1.3018837
raw_native,gt,337.0,35378042,22.628477,14.567606,474,8.060871
raw_native,gt,1143.0,35387307,13.158738,11.033581,143,2.1251574
raw_native,gt,720.0,35361384,15.284919,9.381998,305,5.9029207
raw_native,gt,664.0,35363805,40.911903,40.319206,263,0.59269714
raw_native,gt,793.0,35394093,20.817884,16.052042,112,4.7658424
raw_native,background,,35400524,16.237286,15.745806,312,0.49147987
raw_native,background,,35410352,9.6643305,9.344179,315,0.32015133
raw_native,background,,35410369,5.841021,4.335875,329,1.505146
raw_native,background,,35422055,15.418824,11.258072,236,4.1607523
raw_native,background,,35436067,11.038771,8.853532,39,2.1852388
raw_native,background,,35437733,12.535253,8.823664,63,3.7115889
raw_native,background,,35446552,6.1482105,5.8534236,151,0.29478693
raw_native,background,,35450924,9.338893,7.235089,305,2.103804
raw_native,gt,1143.0,35443582,10.861367,9.448278,143,1.4130888
raw_native,gt,793.0,35402391,19.902569,13.115388,112,6.787181
raw_native,background,,35465925,16.606625,12.651848,273,3.9547768
raw_native,background,,35466412,12.528322,11.193546,443,1.3347759
raw_native,background,,35466556,9.175687,8.512653,50,0.6630335
raw_native,background,,35495010,16.398401,16.21102,490,0.18738174
raw_native,background,,35502300,18.115143,17.707247,513,0.40789604
raw_native,background,,35505549,14.221293,13.326169,432,0.89512444
raw_native,background,,35506975,13.591449,12.127088,295,1.4643612
raw_native,background,,35516349,14.426622,13.193431,445,1.2331915
raw_native,gt,720.0,35495185,9.850906,9.167133,308,0.68377304
raw_native,gt,720.0,35513670,9.257091,8.759767,32,0.497324
raw_native,gt,793.0,35493121,23.427198,21.855867,112,1.571331
raw_native,gt,793.0,35511618,18.479652,18.000729,112,0.4789238
raw_native,gt,1129.0,35503118,11.046908,9.084323,27,1.9625854
raw_native,gt,1129.0,35513700,19.514942,18.285995,454,1.2289467
raw_native,background,,35536877,8.974699,6.879843,177,2.0948558
raw_native,background,,35551201,10.181881,8.0533085,294,2.1285725
raw_native,gt,2143.0,35559604,25.291393,18.973917,124,6.3174763
raw_native,gt,94.0,35559941,24.481665,20.606955,22,3.87471
raw_native,gt,94.0,35565531,12.493052,11.059871,356,1.4331808
raw_native,gt,337.0,35541651,16.039776,14.831111,305,1.2086649
raw_native,gt,1122.0,35558524,27.41076,23.29356,257,4.117201
raw_native,gt,793.0,35568208,19.073448,15.341681,112,3.7317677
raw_native,background,,35588236,15.074498,10.019698,243,5.0548
raw_native,background,,35599267,11.857906,11.313252,12,0.5446539
raw_native,background,,35611787,12.085234,11.420572,211,0.6646614
raw_native,background,,35618467,12.386217,8.426251,310,3.9599657
raw_native,background,,35636161,4.640902,4.5098257,362,0.13107634
raw_native,background,,35636533,13.349205,11.147406,278,2.2017994
raw_native,gt,94.0,35581423,9.9816265,7.3164444,11,2.665182
raw_native,gt,664.0,35629085,10.497479,7.9193673,66,2.5781121
raw_native,gt,1300.0,35620407,11.277833,10.300639,72,0.97719383
raw_native,gt,1122.0,35634699,16.091547,13.726504,334,2.3650427
raw_native,gt,1122.0,35637012,10.0846,9.51961,540,0.56499004
raw_native,background,,35653930,6.186037,4.2738166,175,1.9122205
raw_native,background,,35654006,6.852207,6.077542,228,0.77466536
raw_native,background,,35659441,14.974758,14.594243,277,0.3805151
raw_native,background,,35666031,8.078535,4.9035807,54,3.1749544
raw_native,background,,35671503,18.417181,14.9629,39,3.4542809
raw_native,background,,35681517,17.444376,15.116311,206,2.328065
raw_native,gt,2143.0,35665238,23.858036,14.211424,124,9.646612
raw_native,gt,2143.0,35671233,26.044779,17.663063,124,8.381716
raw_native,gt,94.0,35659593,12.087,11.431361,398,0.6556387
raw_native,gt,337.0,35654947,36.731785,34.04904,453,2.682743
raw_native,gt,1300.0,35646120,9.563456,8.462808,422,1.1006479
raw_native,gt,1300.0,35666444,8.959575,8.454945,363,0.5046301
raw_native,gt,1122.0,35672486,18.160088,15.723824,260,2.436264
raw_native,background,,35708364,5.695148,4.7995872,30,0.89556074
raw_native,background,,35715539,10.701243,7.7668786,76,2.9343648
raw_native,background,,35724034,10.628989,10.110183,194,0.51880646
raw_native,background,,35731759,4.8720064,4.851352,41,0.020654202
raw_native,background,,35740284,11.877674,11.188468,133,0.6892061
raw_native,gt,1300.0,35716817,15.566329,13.982068,330,1.584261
raw_native,gt,1122.0,35753479,10.569673,9.956299,171,0.61337376
raw_native,gt,793.0,35714085,18.546347,13.601459,112,4.944888
raw_native,gt,793.0,35728727,19.674751,15.836005,112,3.838746
raw_native,gt,1129.0,35725376,27.487722,27.01429,259,0.47343254
raw_native,background,,35760075,13.47787,6.519833,149,6.958037
raw_native,background,,35760586,8.43518,7.819361,244,0.6158185
raw_native,background,,35762727,6.222293,5.168588,71,1.0537047
raw_native,background,,35764388,5.464626,5.3361588,163,0.12846708
raw_native,background,,35776149,9.649232,9.641424,474,0.0078077316
raw_native,background,,35776909,21.708357,19.433882,438,2.274475
raw_native,background,,35795443,6.3319583,6.120763,24,0.21119547
raw_native,background,,35796766,5.953513,5.7548003,471,0.19871283
raw_native,background,,35797978,11.624159,11.167039,202,0.45711994
raw_native,background,,35802432,6.3237014,5.7274404,461,0.596261
raw_native,gt,1143.0,35815390,7.8068094,6.490095,143,1.3167143
raw_native,gt,664.0,35817144,17.979517,14.141027,260,3.8384895
raw_native,gt,1300.0,35793966,29.65788,27.462257,316,2.1956234
raw_native,gt,1129.0,35772331,38.364876,36.372433,433,1.9924431
raw_native,background,,35851990,33.10279,31.981522,433,1.1212692
raw_native,background,,35860672,40.641014,35.340763,474,5.300251
raw_native,background,,35866802,6.8860397,6.5375433,526,0.34849644
raw_native,background,,35872174,18.204855,17.654894,279,0.5499611
raw_native,gt,337.0,35858971,13.817295,13.546837,496,0.27045822
raw_native,gt,1143.0,35833807,12.599294,11.478915,143,1.1203785
raw_native,gt,664.0,35861791,11.994135,11.615358,463,0.37877655
raw_native,gt,664.0,35878461,15.990493,15.698825,88,0.29166794
raw_native,gt,1300.0,35834610,8.193197,6.1827106,150,2.0104866
raw_native,gt,1122.0,35870664,17.425797,16.763062,197,0.662735
raw_native,gt,793.0,35868515,20.013897,17.931011,466,2.0828857
raw_native,background,,35883231,13.809557,10.407018,294,3.4025393
raw_native,background,,35890402,10.135081,9.99559,513,0.13949108
raw_native,background,,35890792,12.116699,6.875221,294,5.2414784
raw_native,background,,35899848,7.9738398,7.6049175,201,0.36892223
raw_native,background,,35917156,8.020096,6.0722303,193,1.9478655
raw_native,background,,35920771,20.077955,14.721716,185,5.3562393
raw_native,background,,35928722,7.9778137,6.22713,320,1.7506838
raw_native,gt,2143.0,35913142,24.298866,16.586695,124,7.7121716
raw_native,gt,94.0,35893127,14.234138,11.469349,39,2.7647886
raw_native,gt,94.0,35894093,25.043463,23.934502,407,1.1089611
raw_native,gt,337.0,35933169,15.723826,14.926768,302,0.7970581
raw_native,gt,1143.0,35920196,45.65157,38.879265,303,6.7723045
raw_native,gt,1143.0,35929555,11.869693,11.433258,455,0.43643475
raw_native,gt,720.0,35924022,18.243706,16.730024,277,1.5136814
raw_native,background,,35955155,10.9141245,10.034815,262,0.87930965
raw_native,background,,35960655,8.776617,6.3503428,41,2.4262743
raw_native,background,,35965039,13.5754595,12.576691,215,0.9987688
raw_native,background,,35965675,32.06167,31.653255,452,0.40841293
raw_native,background,,35967674,11.3536,7.584234,294,3.7693653
raw_native,background,,35972258,7.152196,6.8775735,269,0.27462244
raw_native,background,,35991252,14.733311,14.159876,294,0.5734348
raw_native,gt,2143.0,35942848,33.70743,21.395073,301,12.312359
raw_native,gt,2143.0,35963498,28.393524,18.567501,124,9.826023
raw_native,gt,2143.0,35984528,26.39938,15.90533,124,10.49405
raw_native,gt,2143.0,35998449,23.484179,17.298557,124,6.1856213
raw_native,gt,94.0,35974160,16.407145,15.55424,319,0.8529043
