domain,Th_learned,from_stage,to_stage,from_cluster,to_cluster,from_status,to_status,events
raw_native,8.0,detection_template,final_clustering,0,1,unmatched_cluster,unmatched_cluster,235
raw_native,8.0,detection_template,final_clustering,0,5,unmatched_cluster,unmatched_cluster,83
raw_native,8.0,detection_template,final_clustering,0,6,unmatched_cluster,unmatched_cluster,6918
raw_native,8.0,detection_template,final_clustering,1,2,unmatched_cluster,unmatched_cluster,44
raw_native,8.0,detection_template,final_clustering,1,3,unmatched_cluster,unmatched_cluster,203
raw_native,8.0,detection_template,final_clustering,1,5,unmatched_cluster,unmatched_cluster,1
raw_native,8.0,detection_template,final_clustering,1,6,unmatched_cluster,unmatched_cluster,3
raw_native,8.0,detection_template,final_clustering,2,11,unmatched_cluster,unmatched_cluster,83
raw_native,8.0,detection_template,final_clustering,2,13,unmatched_cluster,unmatched_cluster,17
raw_native,8.0,detection_template,final_clustering,2,14,unmatched_cluster,unmatched_cluster,14844
raw_native,8.0,detection_template,final_clustering,3,11,unmatched_cluster,unmatched_cluster,10971
raw_native,8.0,detection_template,final_clustering,3,13,unmatched_cluster,unmatched_cluster,18
raw_native,8.0,detection_template,final_clustering,3,14,unmatched_cluster,unmatched_cluster,565
raw_native,8.0,detection_template,final_clustering,4,1,unmatched_cluster,unmatched_cluster,33
raw_native,8.0,detection_template,final_clustering,4,5,unmatched_cluster,unmatched_cluster,16
raw_native,8.0,detection_template,final_clustering,4,6,unmatched_cluster,unmatched_cluster,8383
raw_native,8.0,detection_template,final_clustering,5,1,unmatched_cluster,unmatched_cluster,16555
raw_native,8.0,detection_template,final_clustering,5,5,unmatched_cluster,unmatched_cluster,766
raw_native,8.0,detection_template,final_clustering,5,6,unmatched_cluster,unmatched_cluster,960
raw_native,8.0,detection_template,final_clustering,6,1,unmatched_cluster,unmatched_cluster,179
raw_native,8.0,detection_template,final_clustering,6,5,unmatched_cluster,unmatched_cluster,24
raw_native,8.0,detection_template,final_clustering,6,6,unmatched_cluster,unmatched_cluster,7788
raw_native,8.0,detection_template,final_clustering,7,0,unmatched_cluster,unmatched_cluster,179
raw_native,8.0,detection_template,final_clustering,7,1,unmatched_cluster,unmatched_cluster,1
raw_native,8.0,detection_template,final_clustering,7,2,unmatched_cluster,unmatched_cluster,1
raw_native,8.0,detection_template,final_clustering,7,5,unmatched_cluster,unmatched_cluster,84
raw_native,8.0,detection_template,final_clustering,7,6,unmatched_cluster,unmatched_cluster,14
raw_native,8.0,detection_template,final_clustering,8,2,unmatched_cluster,unmatched_cluster,1
raw_native,8.0,detection_template,final_clustering,8,4,unmatched_cluster,unmatched_cluster,1404
raw_native,8.0,detection_template,final_clustering,8,5,unmatched_cluster,unmatched_cluster,581
raw_native,8.0,detection_template,final_clustering,9,2,unmatched_cluster,unmatched_cluster,2781
raw_native,8.0,detection_template,final_clustering,10,1,unmatched_cluster,unmatched_cluster,15
raw_native,8.0,detection_template,final_clustering,10,5,unmatched_cluster,unmatched_cluster,25970
raw_native,8.0,detection_template,final_clustering,10,6,unmatched_cluster,unmatched_cluster,19
raw_native,8.0,detection_template,final_clustering,11,10,unmatched_cluster,unmatched_cluster,806
raw_native,8.0,detection_template,final_clustering,12,7,unmatched_cluster,unmatched_cluster,1
raw_native,8.0,detection_template,final_clustering,12,9,unmatched_cluster,unmatched_cluster,3381
raw_native,8.0,detection_template,final_clustering,12,14,unmatched_cluster,unmatched_cluster,8
raw_native,8.0,detection_template,final_clustering,12,16,unmatched_cluster,unmatched_cluster,485
raw_native,8.0,detection_template,final_clustering,13,8,unmatched_cluster,unmatched_cluster,1
raw_native,8.0,detection_template,final_clustering,13,11,unmatched_cluster,unmatched_cluster,9
raw_native,8.0,detection_template,final_clustering,13,13,unmatched_cluster,unmatched_cluster,38
raw_native,8.0,detection_template,final_clustering,13,14,unmatched_cluster,unmatched_cluster,5933
raw_native,8.0,detection_template,final_clustering,14,11,unmatched_cluster,unmatched_cluster,55
raw_native,8.0,detection_template,final_clustering,14,13,unmatched_cluster,unmatched_cluster,3922
raw_native,8.0,detection_template,final_clustering,14,14,unmatched_cluster,unmatched_cluster,810
raw_native,8.0,detection_template,final_clustering,15,8,unmatched_cluster,unmatched_cluster,5259
raw_native,8.0,detection_template,final_clustering,15,9,unmatched_cluster,unmatched_cluster,1
raw_native,8.0,detection_template,final_clustering,15,13,unmatched_cluster,unmatched_cluster,1
raw_native,8.0,detection_template,final_clustering,15,14,unmatched_cluster,unmatched_cluster,143
raw_native,8.0,detection_template,final_clustering,15,16,unmatched_cluster,unmatched_cluster,6
raw_native,8.0,detection_template,final_clustering,16,12,unmatched_cluster,unmatched_cluster,6411
raw_native,8.0,detection_template,final_clustering,16,16,unmatched_cluster,unmatched_cluster,4238
raw_native,8.0,detection_template,final_clustering,17,12,unmatched_cluster,unmatched_cluster,61
raw_native,8.0,detection_template,final_clustering,17,15,unmatched_cluster,unmatched_cluster,3
raw_native,8.0,detection_template,final_clustering,17,16,unmatched_cluster,unmatched_cluster,12095
raw_native,8.0,detection_template,final_clustering,18,7,unmatched_cluster,unmatched_cluster,1138
raw_native,8.0,detection_template,final_clustering,18,9,unmatched_cluster,unmatched_cluster,3
raw_native,8.0,detection_template,final_clustering,18,14,unmatched_cluster,unmatched_cluster,264
raw_native,8.0,detection_template,final_clustering,18,15,unmatched_cluster,unmatched_cluster,6950
raw_native,8.0,detection_template,final_clustering,18,16,unmatched_cluster,unmatched_cluster,212
raw_native,8.0,detection_template,final_clustering,19,19,unmatched_cluster,unmatched_cluster,5995
raw_native,8.0,detection_template,final_clustering,20,20,unmatched_cluster,unmatched_cluster,3095
raw_native,8.0,detection_template,final_clustering,21,18,unmatched_cluster,unmatched_cluster,300
raw_native,8.0,detection_template,final_clustering,21,19,unmatched_cluster,unmatched_cluster,2
raw_native,8.0,detection_template,final_clustering,21,21,unmatched_cluster,unmatched_cluster,3843
raw_native,8.0,detection_template,final_clustering,22,17,unmatched_cluster,unmatched_cluster,281
raw_native,8.0,detection_template,final_clustering,22,18,unmatched_cluster,unmatched_cluster,40
raw_native,8.0,detection_template,final_clustering,22,19,unmatched_cluster,unmatched_cluster,190
raw_native,8.0,detection_template,final_clustering,22,20,unmatched_cluster,unmatched_cluster,2
raw_native,8.0,detection_template,final_clustering,22,22,unmatched_cluster,unmatched_cluster,8
raw_native,8.0,detection_template,final_clustering,23,17,unmatched_cluster,unmatched_cluster,1
raw_native,8.0,detection_template,final_clustering,23,18,unmatched_cluster,unmatched_cluster,22
raw_native,8.0,detection_template,final_clustering,23,19,unmatched_cluster,unmatched_cluster,25
raw_native,8.0,detection_template,final_clustering,23,22,unmatched_cluster,unmatched_cluster,10495
raw_native,8.0,detection_template,final_clustering,24,18,unmatched_cluster,unmatched_cluster,13784
raw_native,8.0,detection_template,final_clustering,25,26,unmatched_cluster,unmatched_cluster,723
raw_native,8.0,detection_template,final_clustering,26,31,unmatched_cluster,unmatched_cluster,2
raw_native,8.0,detection_template,final_clustering,26,34,unmatched_cluster,unmatched_cluster,18474
raw_native,8.0,detection_template,final_clustering,26,35,unmatched_cluster,unmatched_cluster,40
raw_native,8.0,detection_template,final_clustering,26,36,unmatched_cluster,unmatched_cluster,3
raw_native,8.0,detection_template,final_clustering,26,40,unmatched_cluster,unmatched_cluster,4
raw_native,8.0,detection_template,final_clustering,27,23,unmatched_cluster,unmatched_cluster,9530
raw_native,8.0,detection_template,final_clustering,27,25,unmatched_cluster,unmatched_cluster,17
raw_native,8.0,detection_template,final_clustering,27,28,unmatched_cluster,unmatched_cluster,10
raw_native,8.0,detection_template,final_clustering,27,30,unmatched_cluster,unmatched_cluster,151
raw_native,8.0,detection_template,final_clustering,28,23,unmatched_cluster,unmatched_cluster,4
raw_native,8.0,detection_template,final_clustering,28,25,unmatched_cluster,unmatched_cluster,5157
raw_native,8.0,detection_template,final_clustering,28,27,unmatched_cluster,unmatched_cluster,129
raw_native,8.0,detection_template,final_clustering,28,28,unmatched_cluster,unmatched_cluster,2
raw_native,8.0,detection_template,final_clustering,29,23,unmatched_cluster,unmatched_cluster,3
raw_native,8.0,detection_template,final_clustering,29,25,unmatched_cluster,unmatched_cluster,1639
raw_native,8.0,detection_template,final_clustering,29,27,unmatched_cluster,unmatched_cluster,3459
raw_native,8.0,detection_template,final_clustering,30,24,unmatched_cluster,unmatched_cluster,27568
raw_native,8.0,detection_template,final_clustering,30,28,unmatched_cluster,unmatched_cluster,469
raw_native,8.0,detection_template,final_clustering,30,29,unmatched_cluster,unmatched_cluster,31
raw_native,8.0,detection_template,final_clustering,30,30,unmatched_cluster,unmatched_cluster,9
raw_native,8.0,detection_template,final_clustering,31,23,unmatched_cluster,unmatched_cluster,1
raw_native,8.0,detection_template,final_clustering,31,24,unmatched_cluster,unmatched_cluster,843
raw_native,8.0,detection_template,final_clustering,31,28,unmatched_cluster,unmatched_cluster,3005
raw_native,8.0,detection_template,final_clustering,31,29,unmatched_cluster,unmatched_cluster,4546
raw_native,8.0,detection_template,final_clustering,31,30,unmatched_cluster,unmatched_cluster,55
raw_native,8.0,detection_template,final_clustering,32,23,unmatched_cluster,unmatched_cluster,1
raw_native,8.0,detection_template,final_clustering,32,24,unmatched_cluster,unmatched_cluster,108
raw_native,8.0,detection_template,final_clustering,32,28,unmatched_cluster,unmatched_cluster,22244
raw_native,8.0,detection_template,final_clustering,32,29,unmatched_cluster,unmatched_cluster,37
raw_native,8.0,detection_template,final_clustering,32,30,unmatched_cluster,unmatched_cluster,41
raw_native,8.0,detection_template,final_clustering,33,23,unmatched_cluster,unmatched_cluster,371
raw_native,8.0,detection_template,final_clustering,33,24,unmatched_cluster,unmatched_cluster,32
raw_native,8.0,detection_template,final_clustering,33,25,unmatched_cluster,unmatched_cluster,4
raw_native,8.0,detection_template,final_clustering,33,28,unmatched_cluster,unmatched_cluster,232
raw_native,8.0,detection_template,final_clustering,33,29,unmatched_cluster,unmatched_cluster,9
raw_native,8.0,detection_template,final_clustering,33,30,unmatched_cluster,unmatched_cluster,14169
raw_native,8.0,detection_template,final_clustering,34,31,unmatched_cluster,unmatched_cluster,4
raw_native,8.0,detection_template,final_clustering,34,32,unmatched_cluster,unmatched_cluster,1015
raw_native,8.0,detection_template,final_clustering,34,37,unmatched_cluster,unmatched_cluster,13
raw_native,8.0,detection_template,final_clustering,34,38,unmatched_cluster,unmatched_cluster,847
raw_native,8.0,detection_template,final_clustering,35,31,unmatched_cluster,unmatched_cluster,11093
raw_native,8.0,detection_template,final_clustering,35,39,unmatched_cluster,unmatched_cluster,34
raw_native,8.0,detection_template,final_clustering,36,31,unmatched_cluster,unmatched_cluster,124
raw_native,8.0,detection_template,final_clustering,36,33,unmatched_cluster,unmatched_cluster,8
raw_native,8.0,detection_template,final_clustering,36,34,unmatched_cluster,unmatched_cluster,109
raw_native,8.0,detection_template,final_clustering,36,35,unmatched_cluster,unmatched_cluster,293
raw_native,8.0,detection_template,final_clustering,36,36,unmatched_cluster,unmatched_cluster,5429
raw_native,8.0,detection_template,final_clustering,36,40,unmatched_cluster,unmatched_cluster,486
raw_native,8.0,detection_template,final_clustering,37,31,unmatched_cluster,unmatched_cluster,62
raw_native,8.0,detection_template,final_clustering,37,33,unmatched_cluster,unmatched_cluster,4098
raw_native,8.0,detection_template,final_clustering,37,34,unmatched_cluster,unmatched_cluster,68
raw_native,8.0,detection_template,final_clustering,37,36,unmatched_cluster,unmatched_cluster,23
raw_native,8.0,detection_template,final_clustering,37,40,unmatched_cluster,unmatched_cluster,509
raw_native,8.0,detection_template,final_clustering,38,42,unmatched_cluster,unmatched_cluster,76
raw_native,8.0,detection_template,final_clustering,38,43,unmatched_cluster,unmatched_cluster,116
raw_native,8.0,detection_template,final_clustering,38,44,unmatched_cluster,unmatched_cluster,8757
raw_native,8.0,detection_template,final_clustering,38,45,unmatched_cluster,unmatched_cluster,4
raw_native,8.0,detection_template,final_clustering,39,31,unmatched_cluster,unmatched_cluster,138
raw_native,8.0,detection_template,final_clustering,39,32,unmatched_cluster,unmatched_cluster,209
raw_native,8.0,detection_template,final_clustering,39,37,unmatched_cluster,unmatched_cluster,5148
raw_native,8.0,detection_template,final_clustering,39,38,unmatched_cluster,unmatched_cluster,142
raw_native,8.0,detection_template,final_clustering,39,39,unmatched_cluster,unmatched_cluster,32
raw_native,8.0,detection_template,final_clustering,40,31,unmatched_cluster,unmatched_cluster,551
raw_native,8.0,detection_template,final_clustering,40,32,unmatched_cluster,unmatched_cluster,98
raw_native,8.0,detection_template,final_clustering,40,37,unmatched_cluster,unmatched_cluster,10
raw_native,8.0,detection_template,final_clustering,40,38,unmatched_cluster,unmatched_cluster,4
raw_native,8.0,detection_template,final_clustering,40,39,unmatched_cluster,unmatched_cluster,20058
raw_native,8.0,detection_template,final_clustering,41,41,unmatched_cluster,unmatched_cluster,1482
raw_native,8.0,detection_template,final_clustering,42,42,unmatched_cluster,unmatched_cluster,1311
raw_native,8.0,detection_template,final_clustering,42,43,unmatched_cluster,unmatched_cluster,11806
raw_native,8.0,detection_template,final_clustering,42,44,unmatched_cluster,unmatched_cluster,523
raw_native,8.0,detection_template,final_clustering,42,45,unmatched_cluster,unmatched_cluster,1
raw_native,8.0,detection_template,final_clustering,43,42,unmatched_cluster,unmatched_cluster,28
raw_native,8.0,detection_template,final_clustering,43,44,unmatched_cluster,unmatched_cluster,1
raw_native,8.0,detection_template,final_clustering,43,45,unmatched_cluster,unmatched_cluster,16944
raw_native,8.0,detection_template,final_clustering,43,46,unmatched_cluster,unmatched_cluster,407
raw_native,8.0,detection_template,final_clustering,44,42,unmatched_cluster,unmatched_cluster,9815
raw_native,8.0,detection_template,final_clustering,44,43,unmatched_cluster,unmatched_cluster,60
raw_native,8.0,detection_template,final_clustering,44,44,unmatched_cluster,unmatched_cluster,546
raw_native,8.0,detection_template,final_clustering,44,45,unmatched_cluster,unmatched_cluster,78
raw_native,8.0,detection_template,final_clustering,45,45,unmatched_cluster,unmatched_cluster,126
raw_native,8.0,detection_template,final_clustering,45,46,unmatched_cluster,unmatched_cluster,22249
raw_native,8.0,detection_template,final_clustering,46,48,unmatched_cluster,unmatched_cluster,1308
raw_native,8.0,detection_template,final_clustering,47,47,unmatched_cluster,unmatched_cluster,26578
raw_native,8.0,detection_template,final_clustering,47,49,unmatched_cluster,unmatched_cluster,21
raw_native,8.0,detection_template,final_clustering,48,47,unmatched_cluster,unmatched_cluster,62
raw_native,8.0,detection_template,final_clustering,48,49,unmatched_cluster,unmatched_cluster,25738
raw_native,8.0,detection_template,final_clustering,49,50,unmatched_cluster,unmatched_cluster,1053
raw_native,8.0,detection_template,final_clustering,50,51,unmatched_cluster,unmatched_cluster,16775
raw_native,8.0,detection_template,final_clustering,50,53,unmatched_cluster,unmatched_cluster,79
raw_native,8.0,detection_template,final_clustering,51,52,unmatched_cluster,unmatched_cluster,18734
raw_native,8.0,detection_template,final_clustering,51,53,unmatched_cluster,unmatched_cluster,236
raw_native,8.0,detection_template,final_clustering,52,57,unmatched_cluster,unmatched_cluster,29
raw_native,8.0,detection_template,final_clustering,52,58,unmatched_cluster,unmatched_cluster,21328
raw_native,8.0,detection_template,final_clustering,53,51,unmatched_cluster,unmatched_cluster,6
raw_native,8.0,detection_template,final_clustering,53,52,unmatched_cluster,unmatched_cluster,4
raw_native,8.0,detection_template,final_clustering,53,53,unmatched_cluster,unmatched_cluster,51216
raw_native,8.0,detection_template,final_clustering,54,55,unmatched_cluster,unmatched_cluster,1382
raw_native,8.0,detection_template,final_clustering,55,54,unmatched_cluster,unmatched_cluster,1505
raw_native,8.0,detection_template,final_clustering,55,56,unmatched_cluster,unmatched_cluster,828
raw_native,8.0,detection_template,final_clustering,55,57,unmatched_cluster,unmatched_cluster,10
raw_native,8.0,detection_template,final_clustering,55,58,unmatched_cluster,unmatched_cluster,95
raw_native,8.0,detection_template,final_clustering,56,56,unmatched_cluster,unmatched_cluster,28
raw_native,8.0,detection_template,final_clustering,56,57,unmatched_cluster,unmatched_cluster,16314
raw_native,8.0,detection_template,final_clustering,56,58,unmatched_cluster,unmatched_cluster,161
raw_native,8.0,detection_template,final_clustering,57,56,unmatched_cluster,unmatched_cluster,10359
raw_native,8.0,detection_template,final_clustering,57,57,unmatched_cluster,unmatched_cluster,8
raw_native,8.0,detection_template,final_clustering,57,58,unmatched_cluster,unmatched_cluster,1
raw_native,8.0,detection_template,final_clustering,58,56,unmatched_cluster,unmatched_cluster,1
raw_native,8.0,detection_template,final_clustering,58,57,unmatched_cluster,unmatched_cluster,33
raw_native,8.0,detection_template,final_clustering,58,58,unmatched_cluster,unmatched_cluster,7346
raw_native,8.0,detection_template,final_clustering,59,62,unmatched_cluster,unmatched_cluster,1131
raw_native,8.0,detection_template,final_clustering,60,60,unmatched_cluster,unmatched_cluster,13221
raw_native,8.0,detection_template,final_clustering,60,61,unmatched_cluster,unmatched_cluster,73
raw_native,8.0,detection_template,final_clustering,60,63,unmatched_cluster,unmatched_cluster,1
raw_native,8.0,detection_template,final_clustering,60,64,unmatched_cluster,unmatched_cluster,71
raw_native,8.0,detection_template,final_clustering,61,66,unmatched_cluster,unmatched_cluster,219
raw_native,8.0,detection_template,final_clustering,61,68,unmatched_cluster,unmatched_cluster,34
raw_native,8.0,detection_template,final_clustering,61,70,unmatched_cluster,unmatched_cluster,5764
raw_native,8.0,detection_template,final_clustering,61,72,unmatched_cluster,unmatched_cluster,1
raw_native,8.0,detection_template,final_clustering,62,60,unmatched_cluster,unmatched_cluster,5
raw_native,8.0,detection_template,final_clustering,62,61,unmatched_cluster,unmatched_cluster,42
raw_native,8.0,detection_template,final_clustering,62,63,unmatched_cluster,unmatched_cluster,5194
raw_native,8.0,detection_template,final_clustering,62,64,unmatched_cluster,unmatched_cluster,2
raw_native,8.0,detection_template,final_clustering,63,59,unmatched_cluster,unmatched_cluster,15489
raw_native,8.0,detection_template,final_clustering,63,61,unmatched_cluster,unmatched_cluster,12328
raw_native,8.0,detection_template,final_clustering,63,64,unmatched_cluster,unmatched_cluster,46
raw_native,8.0,detection_template,final_clustering,64,66,unmatched_cluster,unmatched_cluster,4
raw_native,8.0,detection_template,final_clustering,64,68,unmatched_cluster,unmatched_cluster,8995
raw_native,8.0,detection_template,final_clustering,64,70,unmatched_cluster,unmatched_cluster,98
raw_native,8.0,detection_template,final_clustering,64,72,unmatched_cluster,unmatched_cluster,1
raw_native,8.0,detection_template,final_clustering,65,66,unmatched_cluster,unmatched_cluster,13524
raw_native,8.0,detection_template,final_clustering,65,68,unmatched_cluster,unmatched_cluster,13
raw_native,8.0,detection_template,final_clustering,65,70,unmatched_cluster,unmatched_cluster,1614
raw_native,8.0,detection_template,final_clustering,65,72,unmatched_cluster,unmatched_cluster,2
raw_native,8.0,detection_template,final_clustering,66,59,unmatched_cluster,unmatched_cluster,4
raw_native,8.0,detection_template,final_clustering,66,60,unmatched_cluster,unmatched_cluster,59
raw_native,8.0,detection_template,final_clustering,66,61,unmatched_cluster,unmatched_cluster,115
raw_native,8.0,detection_template,final_clustering,66,64,unmatched_cluster,unmatched_cluster,23543
raw_native,8.0,detection_template,final_clustering,67,67,unmatched_cluster,unmatched_cluster,945
raw_native,8.0,detection_template,final_clustering,68,65,unmatched_cluster,unmatched_cluster,267
raw_native,8.0,detection_template,final_clustering,68,67,unmatched_cluster,unmatched_cluster,5
raw_native,8.0,detection_template,final_clustering,68,68,unmatched_cluster,unmatched_cluster,6
raw_native,8.0,detection_template,final_clustering,68,70,unmatched_cluster,unmatched_cluster,12
raw_native,8.0,detection_template,final_clustering,68,71,unmatched_cluster,unmatched_cluster,615
raw_native,8.0,detection_template,final_clustering,68,72,unmatched_cluster,unmatched_cluster,2
raw_native,8.0,detection_template,final_clustering,69,69,unmatched_cluster,unmatched_cluster,8181
raw_native,8.0,detection_template,final_clustering,69,72,unmatched_cluster,unmatched_cluster,379
raw_native,8.0,detection_template,final_clustering,70,72,unmatched_cluster,unmatched_cluster,14
raw_native,8.0,detection_template,final_clustering,70,73,unmatched_cluster,unmatched_cluster,11455
raw_native,8.0,detection_template,final_clustering,71,70,unmatched_cluster,unmatched_cluster,1
raw_native,8.0,detection_template,final_clustering,71,72,unmatched_cluster,unmatched_cluster,17800
raw_native,8.0,detection_template,final_clustering,71,73,unmatched_cluster,unmatched_cluster,2
raw_native,8.0,detection_template,final_clustering,72,76,unmatched_cluster,unmatched_cluster,2047
raw_native,8.0,detection_template,final_clustering,73,75,unmatched_cluster,unmatched_cluster,3329
raw_native,8.0,detection_template,final_clustering,73,77,unmatched_cluster,unmatched_cluster,13374
raw_native,8.0,detection_template,final_clustering,73,78,unmatched_cluster,unmatched_cluster,30
raw_native,8.0,detection_template,final_clustering,74,74,unmatched_cluster,unmatched_cluster,4137
raw_native,8.0,detection_template,final_clustering,74,78,unmatched_cluster,unmatched_cluster,6991
raw_native,8.0,detection_template,final_clustering,75,80,unmatched_cluster,unmatched_cluster,4
raw_native,8.0,detection_template,final_clustering,75,81,unmatched_cluster,unmatched_cluster,1
raw_native,8.0,detection_template,final_clustering,75,86,unmatched_cluster,unmatched_cluster,9157
raw_native,8.0,detection_template,final_clustering,76,74,unmatched_cluster,unmatched_cluster,7
raw_native,8.0,detection_template,final_clustering,76,78,unmatched_cluster,unmatched_cluster,26875
raw_native,8.0,detection_template,final_clustering,77,79,unmatched_cluster,unmatched_cluster,141
raw_native,8.0,detection_template,final_clustering,77,81,unmatched_cluster,unmatched_cluster,117
raw_native,8.0,detection_template,final_clustering,77,83,unmatched_cluster,unmatched_cluster,210
raw_native,8.0,detection_template,final_clustering,77,86,unmatched_cluster,unmatched_cluster,1
raw_native,8.0,detection_template,final_clustering,78,80,unmatched_cluster,unmatched_cluster,23
raw_native,8.0,detection_template,final_clustering,78,84,unmatched_cluster,unmatched_cluster,12
raw_native,8.0,detection_template,final_clustering,78,86,unmatched_cluster,unmatched_cluster,5458
raw_native,8.0,detection_template,final_clustering,79,80,unmatched_cluster,unmatched_cluster,2861
raw_native,8.0,detection_template,final_clustering,79,82,unmatched_cluster,unmatched_cluster,3
raw_native,8.0,detection_template,final_clustering,79,84,unmatched_cluster,unmatched_cluster,10
raw_native,8.0,detection_template,final_clustering,79,85,unmatched_cluster,unmatched_cluster,1067
raw_native,8.0,detection_template,final_clustering,80,80,unmatched_cluster,unmatched_cluster,1061
raw_native,8.0,detection_template,final_clustering,80,82,unmatched_cluster,unmatched_cluster,2507
raw_native,8.0,detection_template,final_clustering,80,84,unmatched_cluster,unmatched_cluster,12
raw_native,8.0,detection_template,final_clustering,80,86,unmatched_cluster,unmatched_cluster,5
raw_native,8.0,detection_template,final_clustering,81,80,unmatched_cluster,unmatched_cluster,11020
raw_native,8.0,detection_template,final_clustering,81,82,unmatched_cluster,unmatched_cluster,14
raw_native,8.0,detection_template,final_clustering,81,84,unmatched_cluster,unmatched_cluster,122
raw_native,8.0,detection_template,final_clustering,81,85,unmatched_cluster,unmatched_cluster,18
raw_native,8.0,detection_template,final_clustering,82,87,unmatched_cluster,unmatched_cluster,340
raw_native,8.0,detection_template,final_clustering,82,88,unmatched_cluster,unmatched_cluster,1
raw_native,8.0,detection_template,final_clustering,83,88,unmatched_cluster,unmatched_cluster,20924
raw_native,8.0,detection_template,final_clustering,84,89,unmatched_cluster,unmatched_cluster,1088
raw_native,8.0,detection_template,final_clustering,85,94,unmatched_cluster,unmatched_cluster,59
raw_native,8.0,detection_template,final_clustering,85,99,unmatched_cluster,unmatched_cluster,3202
raw_native,8.0,detection_template,final_clustering,86,90,unmatched_cluster,unmatched_cluster,21005
raw_native,8.0,detection_template,final_clustering,87,93,unmatched_cluster,unmatched_cluster,2
raw_native,8.0,detection_template,final_clustering,87,100,unmatched_cluster,unmatched_cluster,546
raw_native,8.0,detection_template,final_clustering,88,91,unmatched_cluster,unmatched_cluster,769
raw_native,8.0,detection_template,final_clustering,88,94,unmatched_cluster,unmatched_cluster,556
raw_native,8.0,detection_template,final_clustering,88,95,unmatched_cluster,unmatched_cluster,1
raw_native,8.0,detection_template,final_clustering,88,97,unmatched_cluster,unmatched_cluster,2
raw_native,8.0,detection_template,final_clustering,88,98,unmatched_cluster,unmatched_cluster,40
raw_native,8.0,detection_template,final_clustering,88,99,unmatched_cluster,unmatched_cluster,1
raw_native,8.0,detection_template,final_clustering,89,94,unmatched_cluster,unmatched_cluster,704
raw_native,8.0,detection_template,final_clustering,89,95,unmatched_cluster,unmatched_cluster,338
raw_native,8.0,detection_template,final_clustering,89,96,unmatched_cluster,unmatched_cluster,204
raw_native,8.0,detection_template,final_clustering,89,98,unmatched_cluster,unmatched_cluster,415
raw_native,8.0,detection_template,final_clustering,90,92,unmatched_cluster,unmatched_cluster,274
raw_native,8.0,detection_template,final_clustering,90,93,unmatched_cluster,unmatched_cluster,279
raw_native,8.0,detection_template,final_clustering,90,100,unmatched_cluster,unmatched_cluster,13
raw_native,8.0,detection_template,final_clustering,91,91,unmatched_cluster,unmatched_cluster,5
raw_native,8.0,detection_template,final_clustering,91,94,unmatched_cluster,unmatched_cluster,553
raw_native,8.0,detection_template,final_clustering,91,95,unmatched_cluster,unmatched_cluster,2
raw_native,8.0,detection_template,final_clustering,91,96,unmatched_cluster,unmatched_cluster,7
raw_native,8.0,detection_template,final_clustering,91,98,unmatched_cluster,unmatched_cluster,4658
raw_native,8.0,detection_template,final_clustering,92,94,unmatched_cluster,unmatched_cluster,1485
raw_native,8.0,detection_template,final_clustering,92,95,unmatched_cluster,unmatched_cluster,2743
raw_native,8.0,detection_template,final_clustering,92,96,unmatched_cluster,unmatched_cluster,16
raw_native,8.0,detection_template,final_clustering,92,98,unmatched_cluster,unmatched_cluster,3
raw_native,8.0,detection_template,final_clustering,93,91,unmatched_cluster,unmatched_cluster,8
raw_native,8.0,detection_template,final_clustering,93,94,unmatched_cluster,unmatched_cluster,9998
raw_native,8.0,detection_template,final_clustering,93,95,unmatched_cluster,unmatched_cluster,35
raw_native,8.0,detection_template,final_clustering,93,97,unmatched_cluster,unmatched_cluster,99
raw_native,8.0,detection_template,final_clustering,93,98,unmatched_cluster,unmatched_cluster,29
raw_native,8.0,detection_template,final_clustering,94,102,unmatched_cluster,unmatched_cluster,1
raw_native,8.0,detection_template,final_clustering,94,103,unmatched_cluster,unmatched_cluster,1
raw_native,8.0,detection_template,final_clustering,94,104,unmatched_cluster,unmatched_cluster,373
raw_native,8.0,detection_template,final_clustering,95,102,unmatched_cluster,unmatched_cluster,4
raw_native,8.0,detection_template,final_clustering,95,103,unmatched_cluster,unmatched_cluster,856
raw_native,8.0,detection_template,final_clustering,96,101,unmatched_cluster,unmatched_cluster,1646
raw_native,8.0,detection_template,final_clustering,96,102,unmatched_cluster,unmatched_cluster,17
raw_native,8.0,detection_template,final_clustering,97,102,unmatched_cluster,unmatched_cluster,5673
raw_native,8.0,detection_template,final_clustering,97,103,unmatched_cluster,unmatched_cluster,4
raw_native,8.0,detection_template,final_clustering,98,106,unmatched_cluster,unmatched_cluster,54
raw_native,8.0,detection_template,final_clustering,98,107,unmatched_cluster,unmatched_cluster,460
raw_native,8.0,detection_template,final_clustering,99,105,unmatched_cluster,unmatched_cluster,49
raw_native,8.0,detection_template,final_clustering,99,108,unmatched_cluster,unmatched_cluster,641
raw_native,8.0,detection_template,final_clustering,100,105,unmatched_cluster,unmatched_cluster,6474
raw_native,8.0,detection_template,final_clustering,101,109,unmatched_cluster,unmatched_cluster,271
raw_native,8.0,detection_template,final_clustering,102,109,unmatched_cluster,unmatched_cluster,507
raw_native,8.0,detection_template,final_clustering,103,110,unmatched_cluster,unmatched_cluster,872
raw_native,8.0,detection_template,final_clustering,104,110,unmatched_cluster,unmatched_cluster,137
raw_native,8.0,detection_template,final_clustering,105,111,unmatched_cluster,unmatched_cluster,449
raw_native,8.0,detection_template,final_clustering,106,112,unmatched_cluster,unmatched_cluster,557
raw_native,8.0,detection_template,final_clustering,106,114,unmatched_cluster,unmatched_cluster,59
raw_native,8.0,detection_template,final_clustering,107,122,unmatched_cluster,unmatched_cluster,2947
raw_native,8.0,detection_template,final_clustering,108,113,unmatched_cluster,unmatched_cluster,611
raw_native,8.0,detection_template,final_clustering,108,115,unmatched_cluster,unmatched_cluster,152
raw_native,8.0,detection_template,final_clustering,109,121,unmatched_cluster,unmatched_cluster,82
raw_native,8.0,detection_template,final_clustering,109,122,unmatched_cluster,unmatched_cluster,1137
raw_native,8.0,detection_template,final_clustering,110,117,unmatched_cluster,unmatched_cluster,2
raw_native,8.0,detection_template,final_clustering,110,119,unmatched_cluster,unmatched_cluster,1196
raw_native,8.0,detection_template,final_clustering,111,123,unmatched_cluster,unmatched_cluster,1082
raw_native,8.0,detection_template,final_clustering,112,123,fp_matched_cluster,unmatched_cluster,9
raw_native,8.0,detection_template,final_clustering,112,126,fp_matched_cluster,fp_matched_cluster,55
raw_native,8.0,detection_template,final_clustering,112,126,tp,tp,17940
raw_native,8.0,detection_template,final_clustering,113,116,unmatched_cluster,unmatched_cluster,460
raw_native,8.0,detection_template,final_clustering,113,117,unmatched_cluster,unmatched_cluster,121
raw_native,8.0,detection_template,final_clustering,113,118,unmatched_cluster,unmatched_cluster,133
raw_native,8.0,detection_template,final_clustering,113,119,unmatched_cluster,unmatched_cluster,50
raw_native,8.0,detection_template,final_clustering,113,120,unmatched_cluster,unmatched_cluster,120
raw_native,8.0,detection_template,final_clustering,113,122,unmatched_cluster,unmatched_cluster,23
raw_native,8.0,detection_template,final_clustering,114,124,unmatched_cluster,unmatched_cluster,940
raw_native,8.0,detection_template,final_clustering,114,125,unmatched_cluster,unmatched_cluster,232
raw_native,8.0,detection_template,final_clustering,115,128,unmatched_cluster,unmatched_cluster,8518
raw_native,8.0,detection_template,final_clustering,116,127,unmatched_cluster,unmatched_cluster,8579
raw_native,8.0,detection_template,final_clustering,117,128,unmatched_cluster,unmatched_cluster,1
raw_native,8.0,detection_template,final_clustering,117,130,unmatched_cluster,unmatched_cluster,2406
raw_native,8.0,detection_template,final_clustering,118,127,unmatched_cluster,unmatched_cluster,2
raw_native,8.0,detection_template,final_clustering,118,129,unmatched_cluster,unmatched_cluster,2051
raw_native,8.0,detection_template,final_clustering,119,132,unmatched_cluster,unmatched_cluster,3484
raw_native,8.0,detection_template,final_clustering,120,131,unmatched_cluster,unmatched_cluster,3213
raw_native,8.0,detection_template,final_clustering,121,135,unmatched_cluster,unmatched_cluster,867
raw_native,8.0,detection_template,final_clustering,121,137,unmatched_cluster,unmatched_cluster,2
raw_native,8.0,detection_template,final_clustering,122,136,unmatched_cluster,unmatched_cluster,21
raw_native,8.0,detection_template,final_clustering,122,137,unmatched_cluster,unmatched_cluster,5823
raw_native,8.0,detection_template,final_clustering,123,136,unmatched_cluster,unmatched_cluster,2461
raw_native,8.0,detection_template,final_clustering,123,137,unmatched_cluster,unmatched_cluster,85
raw_native,8.0,detection_template,final_clustering,124,133,fp_matched_cluster,unmatched_cluster,1
raw_native,8.0,detection_template,final_clustering,124,134,fp_matched_cluster,fp_matched_cluster,1
raw_native,8.0,detection_template,final_clustering,124,134,tp,tp,18122
raw_native,8.0,detection_template,final_clustering,124,136,fp_matched_cluster,unmatched_cluster,8
raw_native,8.0,detection_template,final_clustering,124,137,fp_matched_cluster,unmatched_cluster,349
raw_native,8.0,detection_template,final_clustering,125,133,unmatched_cluster,unmatched_cluster,2580
raw_native,8.0,detection_template,final_clustering,126,139,unmatched_cluster,unmatched_cluster,1836
raw_native,8.0,detection_template,final_clustering,127,138,unmatched_cluster,unmatched_cluster,131
raw_native,8.0,detection_template,final_clustering,127,140,unmatched_cluster,unmatched_cluster,19
raw_native,8.0,detection_template,final_clustering,127,141,unmatched_cluster,unmatched_cluster,6459
raw_native,8.0,detection_template,final_clustering,128,138,unmatched_cluster,unmatched_cluster,14599
raw_native,8.0,detection_template,final_clustering,128,141,unmatched_cluster,unmatched_cluster,1785
raw_native,8.0,detection_template,final_clustering,129,150,unmatched_cluster,unmatched_cluster,584
raw_native,8.0,detection_template,final_clustering,129,151,unmatched_cluster,unmatched_cluster,244
raw_native,8.0,detection_template,final_clustering,129,154,unmatched_cluster,unmatched_cluster,10
raw_native,8.0,detection_template,final_clustering,130,145,unmatched_cluster,unmatched_cluster,166
raw_native,8.0,detection_template,final_clustering,130,149,unmatched_cluster,unmatched_cluster,7483
raw_native,8.0,detection_template,final_clustering,131,145,unmatched_cluster,unmatched_cluster,7179
raw_native,8.0,detection_template,final_clustering,131,149,unmatched_cluster,unmatched_cluster,83
raw_native,8.0,detection_template,final_clustering,132,147,unmatched_cluster,unmatched_cluster,2077
raw_native,8.0,detection_template,final_clustering,133,153,unmatched_cluster,unmatched_cluster,6465
raw_native,8.0,detection_template,final_clustering,134,152,unmatched_cluster,unmatched_cluster,2884
raw_native,8.0,detection_template,final_clustering,134,153,unmatched_cluster,unmatched_cluster,31
raw_native,8.0,detection_template,final_clustering,135,150,unmatched_cluster,unmatched_cluster,9063
raw_native,8.0,detection_template,final_clustering,136,142,unmatched_cluster,unmatched_cluster,34
raw_native,8.0,detection_template,final_clustering,136,143,unmatched_cluster,unmatched_cluster,189
raw_native,8.0,detection_template,final_clustering,136,145,unmatched_cluster,unmatched_cluster,36
raw_native,8.0,detection_template,final_clustering,136,146,unmatched_cluster,unmatched_cluster,305
raw_native,8.0,detection_template,final_clustering,136,147,unmatched_cluster,unmatched_cluster,1
raw_native,8.0,detection_template,final_clustering,136,149,unmatched_cluster,unmatched_cluster,147
raw_native,8.0,detection_template,final_clustering,137,156,unmatched_cluster,unmatched_cluster,1666
raw_native,8.0,detection_template,final_clustering,137,159,unmatched_cluster,unmatched_cluster,215
raw_native,8.0,detection_template,final_clustering,138,150,unmatched_cluster,unmatched_cluster,885
raw_native,8.0,detection_template,final_clustering,138,151,unmatched_cluster,unmatched_cluster,2
raw_native,8.0,detection_template,final_clustering,138,154,unmatched_cluster,unmatched_cluster,1016
raw_native,8.0,detection_template,final_clustering,139,142,unmatched_cluster,unmatched_cluster,350
raw_native,8.0,detection_template,final_clustering,139,144,unmatched_cluster,unmatched_cluster,254
raw_native,8.0,detection_template,final_clustering,139,147,unmatched_cluster,unmatched_cluster,17
raw_native,8.0,detection_template,final_clustering,139,148,unmatched_cluster,unmatched_cluster,204
raw_native,8.0,detection_template,final_clustering,139,149,unmatched_cluster,unmatched_cluster,2
raw_native,8.0,detection_template,final_clustering,140,155,unmatched_cluster,unmatched_cluster,3811
raw_native,8.0,detection_template,final_clustering,140,158,unmatched_cluster,unmatched_cluster,25
raw_native,8.0,detection_template,final_clustering,141,156,unmatched_cluster,unmatched_cluster,15617
raw_native,8.0,detection_template,final_clustering,141,157,unmatched_cluster,tp,1
raw_native,8.0,detection_template,final_clustering,142,155,unmatched_cluster,unmatched_cluster,66
raw_native,8.0,detection_template,final_clustering,142,158,unmatched_cluster,unmatched_cluster,7824
raw_native,8.0,detection_template,final_clustering,143,156,fp_matched_cluster,unmatched_cluster,4
raw_native,8.0,detection_template,final_clustering,143,157,fp_matched_cluster,fp_matched_cluster,3245
raw_native,8.0,detection_template,final_clustering,143,157,tp,tp,15801
raw_native,8.0,detection_template,final_clustering,144,160,unmatched_cluster,unmatched_cluster,110
raw_native,8.0,detection_template,final_clustering,144,165,unmatched_cluster,unmatched_cluster,3165
raw_native,8.0,detection_template,final_clustering,144,167,unmatched_cluster,unmatched_cluster,31
raw_native,8.0,detection_template,final_clustering,145,163,unmatched_cluster,unmatched_cluster,6389
raw_native,8.0,detection_template,final_clustering,145,166,unmatched_cluster,unmatched_cluster,72
raw_native,8.0,detection_template,final_clustering,145,168,unmatched_cluster,fp_matched_cluster,39
raw_native,8.0,detection_template,final_clustering,145,168,unmatched_cluster,tp,77
raw_native,8.0,detection_template,final_clustering,146,163,unmatched_cluster,unmatched_cluster,30
raw_native,8.0,detection_template,final_clustering,146,166,unmatched_cluster,unmatched_cluster,11066
raw_native,8.0,detection_template,final_clustering,146,168,unmatched_cluster,fp_matched_cluster,33
raw_native,8.0,detection_template,final_clustering,146,168,unmatched_cluster,tp,29
raw_native,8.0,detection_template,final_clustering,147,160,unmatched_cluster,unmatched_cluster,15156
raw_native,8.0,detection_template,final_clustering,147,167,unmatched_cluster,unmatched_cluster,1
raw_native,8.0,detection_template,final_clustering,148,160,unmatched_cluster,unmatched_cluster,2
raw_native,8.0,detection_template,final_clustering,148,161,unmatched_cluster,unmatched_cluster,1727
raw_native,8.0,detection_template,final_clustering,148,162,unmatched_cluster,unmatched_cluster,383
raw_native,8.0,detection_template,final_clustering,148,164,unmatched_cluster,unmatched_cluster,1096
raw_native,8.0,detection_template,final_clustering,148,167,unmatched_cluster,unmatched_cluster,29
raw_native,8.0,detection_template,final_clustering,148,168,unmatched_cluster,fp_matched_cluster,189
raw_native,8.0,detection_template,final_clustering,148,168,unmatched_cluster,tp,3
raw_native,8.0,detection_template,final_clustering,149,167,unmatched_cluster,unmatched_cluster,16864
raw_native,8.0,detection_template,final_clustering,150,163,fp_matched_cluster,unmatched_cluster,2
raw_native,8.0,detection_template,final_clustering,150,164,fp_matched_cluster,unmatched_cluster,1
raw_native,8.0,detection_template,final_clustering,150,166,fp_matched_cluster,unmatched_cluster,1
raw_native,8.0,detection_template,final_clustering,150,168,fp_matched_cluster,fp_matched_cluster,11478
raw_native,8.0,detection_template,final_clustering,150,168,fp_matched_cluster,tp,1
raw_native,8.0,detection_template,final_clustering,150,168,tp,fp_matched_cluster,2
raw_native,8.0,detection_template,final_clustering,150,168,tp,tp,8425
raw_native,8.0,detection_template,final_clustering,151,172,unmatched_cluster,unmatched_cluster,14563
raw_native,8.0,detection_template,final_clustering,152,170,unmatched_cluster,unmatched_cluster,6465
raw_native,8.0,detection_template,final_clustering,152,171,unmatched_cluster,unmatched_cluster,5
raw_native,8.0,detection_template,final_clustering,153,169,unmatched_cluster,unmatched_cluster,1681
raw_native,8.0,detection_template,final_clustering,153,172,unmatched_cluster,unmatched_cluster,19
raw_native,8.0,detection_template,final_clustering,154,170,unmatched_cluster,unmatched_cluster,2
raw_native,8.0,detection_template,final_clustering,154,171,unmatched_cluster,unmatched_cluster,5367
raw_native,8.0,detection_template,final_clustering,155,173,unmatched_cluster,unmatched_cluster,11
raw_native,8.0,detection_template,final_clustering,155,174,unmatched_cluster,unmatched_cluster,1008
raw_native,8.0,detection_template,final_clustering,156,173,unmatched_cluster,unmatched_cluster,8323
raw_native,8.0,detection_template,final_clustering,157,175,unmatched_cluster,unmatched_cluster,5498
raw_native,8.0,detection_template,final_clustering,158,176,unmatched_cluster,unmatched_cluster,4263
raw_native,8.0,detection_template,final_clustering,159,176,unmatched_cluster,unmatched_cluster,62
raw_native,8.0,detection_template,final_clustering,159,177,unmatched_cluster,unmatched_cluster,213
raw_native,8.0,detection_template,final_clustering,159,178,unmatched_cluster,unmatched_cluster,93
raw_native,8.0,detection_template,final_clustering,159,181,unmatched_cluster,unmatched_cluster,347
raw_native,8.0,detection_template,final_clustering,160,176,unmatched_cluster,unmatched_cluster,46
raw_native,8.0,detection_template,final_clustering,160,178,unmatched_cluster,unmatched_cluster,60
raw_native,8.0,detection_template,final_clustering,160,179,unmatched_cluster,unmatched_cluster,314
raw_native,8.0,detection_template,final_clustering,160,180,unmatched_cluster,unmatched_cluster,347
raw_native,8.0,detection_template,final_clustering,161,178,unmatched_cluster,unmatched_cluster,7319
raw_native,8.0,detection_template,final_clustering,161,179,unmatched_cluster,unmatched_cluster,2
raw_native,8.0,detection_template,final_clustering,162,182,unmatched_cluster,unmatched_cluster,3542
raw_native,8.0,detection_template,final_clustering,163,183,unmatched_cluster,unmatched_cluster,4241
raw_native,8.0,detection_template,final_clustering,164,185,unmatched_cluster,unmatched_cluster,1202
raw_native,8.0,detection_template,final_clustering,165,184,unmatched_cluster,unmatched_cluster,4328
raw_native,8.0,detection_template,final_clustering,166,185,unmatched_cluster,unmatched_cluster,8621
raw_native,8.0,detection_template,final_clustering,167,186,unmatched_cluster,unmatched_cluster,942
raw_native,8.0,detection_template,final_clustering,167,187,unmatched_cluster,fp_matched_cluster,41
raw_native,8.0,detection_template,final_clustering,167,187,unmatched_cluster,tp,17
raw_native,8.0,detection_template,final_clustering,167,190,unmatched_cluster,unmatched_cluster,2030
raw_native,8.0,detection_template,final_clustering,168,189,unmatched_cluster,unmatched_cluster,4417
raw_native,8.0,detection_template,final_clustering,169,186,unmatched_cluster,unmatched_cluster,7733
raw_native,8.0,detection_template,final_clustering,169,187,unmatched_cluster,fp_matched_cluster,9
raw_native,8.0,detection_template,final_clustering,169,187,unmatched_cluster,tp,2
raw_native,8.0,detection_template,final_clustering,169,190,unmatched_cluster,unmatched_cluster,2
raw_native,8.0,detection_template,final_clustering,170,186,unmatched_cluster,unmatched_cluster,11
raw_native,8.0,detection_template,final_clustering,170,187,unmatched_cluster,fp_matched_cluster,21
raw_native,8.0,detection_template,final_clustering,170,188,unmatched_cluster,unmatched_cluster,851
raw_native,8.0,detection_template,final_clustering,170,190,unmatched_cluster,unmatched_cluster,4
raw_native,8.0,detection_template,final_clustering,171,186,fp_matched_cluster,unmatched_cluster,1
raw_native,8.0,detection_template,final_clustering,171,186,tp,unmatched_cluster,1
raw_native,8.0,detection_template,final_clustering,171,187,fp_matched_cluster,fp_matched_cluster,1632
raw_native,8.0,detection_template,final_clustering,171,187,fp_matched_cluster,tp,1
raw_native,8.0,detection_template,final_clustering,171,187,tp,fp_matched_cluster,1
raw_native,8.0,detection_template,final_clustering,171,187,tp,tp,12466
raw_native,8.0,detection_template,final_clustering,172,192,unmatched_cluster,unmatched_cluster,475
raw_native,8.0,detection_template,final_clustering,172,193,unmatched_cluster,unmatched_cluster,3346
raw_native,8.0,detection_template,final_clustering,173,191,unmatched_cluster,unmatched_cluster,12364
raw_native,8.0,detection_template,final_clustering,174,193,unmatched_cluster,unmatched_cluster,8734
raw_native,8.0,detection_template,final_clustering,175,197,unmatched_cluster,unmatched_cluster,5
raw_native,8.0,detection_template,final_clustering,175,198,unmatched_cluster,unmatched_cluster,1
raw_native,8.0,detection_template,final_clustering,175,199,unmatched_cluster,unmatched_cluster,16
raw_native,8.0,detection_template,final_clustering,175,201,unmatched_cluster,unmatched_cluster,19161
raw_native,8.0,detection_template,final_clustering,176,194,unmatched_cluster,unmatched_cluster,8670
raw_native,8.0,detection_template,final_clustering,176,195,unmatched_cluster,unmatched_cluster,188
raw_native,8.0,detection_template,final_clustering,176,196,unmatched_cluster,unmatched_cluster,29
raw_native,8.0,detection_template,final_clustering,177,196,unmatched_cluster,unmatched_cluster,13024
raw_native,8.0,detection_template,final_clustering,178,200,unmatched_cluster,unmatched_cluster,54
raw_native,8.0,detection_template,final_clustering,178,202,unmatched_cluster,unmatched_cluster,22821
raw_native,8.0,detection_template,final_clustering,179,197,unmatched_cluster,unmatched_cluster,2323
raw_native,8.0,detection_template,final_clustering,179,198,unmatched_cluster,unmatched_cluster,5426
raw_native,8.0,detection_template,final_clustering,179,199,unmatched_cluster,unmatched_cluster,2457
raw_native,8.0,detection_template,final_clustering,179,201,unmatched_cluster,unmatched_cluster,106
raw_native,8.0,detection_template,final_clustering,180,197,unmatched_cluster,unmatched_cluster,2
raw_native,8.0,detection_template,final_clustering,180,201,unmatched_cluster,unmatched_cluster,9790
raw_native,8.0,detection_template,final_clustering,181,200,unmatched_cluster,unmatched_cluster,6020
raw_native,8.0,detection_template,final_clustering,181,202,unmatched_cluster,unmatched_cluster,9
raw_native,8.0,detection_template,final_clustering,182,203,unmatched_cluster,unmatched_cluster,1333
raw_native,8.0,detection_template,final_clustering,182,208,unmatched_cluster,unmatched_cluster,1
raw_native,8.0,detection_template,final_clustering,182,214,unmatched_cluster,unmatched_cluster,13
raw_native,8.0,detection_template,final_clustering,182,215,unmatched_cluster,unmatched_cluster,32498
raw_native,8.0,detection_template,final_clustering,183,203,unmatched_cluster,unmatched_cluster,52
raw_native,8.0,detection_template,final_clustering,183,204,unmatched_cluster,unmatched_cluster,1
raw_native,8.0,detection_template,final_clustering,183,205,unmatched_cluster,unmatched_cluster,1
raw_native,8.0,detection_template,final_clustering,183,210,unmatched_cluster,unmatched_cluster,2
raw_native,8.0,detection_template,final_clustering,183,214,unmatched_cluster,unmatched_cluster,1628
raw_native,8.0,detection_template,final_clustering,184,203,unmatched_cluster,unmatched_cluster,4
raw_native,8.0,detection_template,final_clustering,184,208,unmatched_cluster,unmatched_cluster,1
raw_native,8.0,detection_template,final_clustering,184,214,unmatched_cluster,unmatched_cluster,527
raw_native,8.0,detection_template,final_clustering,185,203,unmatched_cluster,unmatched_cluster,1
raw_native,8.0,detection_template,final_clustering,185,204,unmatched_cluster,unmatched_cluster,4
raw_native,8.0,detection_template,final_clustering,185,205,unmatched_cluster,unmatched_cluster,4
raw_native,8.0,detection_template,final_clustering,185,213,unmatched_cluster,unmatched_cluster,2287
raw_native,8.0,detection_template,final_clustering,185,214,unmatched_cluster,unmatched_cluster,30
raw_native,8.0,detection_template,final_clustering,186,203,unmatched_cluster,unmatched_cluster,1
raw_native,8.0,detection_template,final_clustering,186,204,unmatched_cluster,unmatched_cluster,430
raw_native,8.0,detection_template,final_clustering,186,205,unmatched_cluster,unmatched_cluster,1
raw_native,8.0,detection_template,final_clustering,186,206,unmatched_cluster,unmatched_cluster,130
raw_native,8.0,detection_template,final_clustering,186,211,unmatched_cluster,unmatched_cluster,790
raw_native,8.0,detection_template,final_clustering,186,214,unmatched_cluster,unmatched_cluster,2
raw_native,8.0,detection_template,final_clustering,187,218,unmatched_cluster,unmatched_cluster,1
raw_native,8.0,detection_template,final_clustering,187,219,unmatched_cluster,unmatched_cluster,11
raw_native,8.0,detection_template,final_clustering,187,220,unmatched_cluster,unmatched_cluster,83
raw_native,8.0,detection_template,final_clustering,187,221,unmatched_cluster,unmatched_cluster,2
raw_native,8.0,detection_template,final_clustering,187,222,unmatched_cluster,unmatched_cluster,29
raw_native,8.0,detection_template,final_clustering,187,223,unmatched_cluster,unmatched_cluster,352
raw_native,8.0,detection_template,final_clustering,187,224,unmatched_cluster,unmatched_cluster,121
raw_native,8.0,detection_template,final_clustering,187,226,unmatched_cluster,unmatched_cluster,3
raw_native,8.0,detection_template,final_clustering,187,228,unmatched_cluster,unmatched_cluster,116
raw_native,8.0,detection_template,final_clustering,188,220,unmatched_cluster,unmatched_cluster,3297
raw_native,8.0,detection_template,final_clustering,188,224,unmatched_cluster,unmatched_cluster,14
raw_native,8.0,detection_template,final_clustering,188,226,unmatched_cluster,unmatched_cluster,1
raw_native,8.0,detection_template,final_clustering,189,204,unmatched_cluster,unmatched_cluster,26
raw_native,8.0,detection_template,final_clustering,189,205,unmatched_cluster,unmatched_cluster,4010
raw_native,8.0,detection_template,final_clustering,189,213,unmatched_cluster,unmatched_cluster,1
raw_native,8.0,detection_template,final_clustering,190,207,unmatched_cluster,unmatched_cluster,1490
raw_native,8.0,detection_template,final_clustering,190,208,unmatched_cluster,unmatched_cluster,110
raw_native,8.0,detection_template,final_clustering,190,209,unmatched_cluster,unmatched_cluster,8
raw_native,8.0,detection_template,final_clustering,190,210,unmatched_cluster,unmatched_cluster,9
raw_native,8.0,detection_template,final_clustering,190,214,unmatched_cluster,unmatched_cluster,1
raw_native,8.0,detection_template,final_clustering,191,203,unmatched_cluster,unmatched_cluster,60
raw_native,8.0,detection_template,final_clustering,191,204,unmatched_cluster,unmatched_cluster,13
raw_native,8.0,detection_template,final_clustering,191,205,unmatched_cluster,unmatched_cluster,1
raw_native,8.0,detection_template,final_clustering,191,206,unmatched_cluster,unmatched_cluster,1
raw_native,8.0,detection_template,final_clustering,191,211,unmatched_cluster,unmatched_cluster,1
raw_native,8.0,detection_template,final_clustering,191,214,unmatched_cluster,unmatched_cluster,1465
raw_native,8.0,detection_template,final_clustering,192,218,unmatched_cluster,unmatched_cluster,3
raw_native,8.0,detection_template,final_clustering,192,220,unmatched_cluster,unmatched_cluster,14
raw_native,8.0,detection_template,final_clustering,192,222,unmatched_cluster,unmatched_cluster,1
raw_native,8.0,detection_template,final_clustering,192,224,unmatched_cluster,unmatched_cluster,691
raw_native,8.0,detection_template,final_clustering,192,228,unmatched_cluster,unmatched_cluster,21239
raw_native,8.0,detection_template,final_clustering,193,208,unmatched_cluster,unmatched_cluster,5820
raw_native,8.0,detection_template,final_clustering,193,210,unmatched_cluster,unmatched_cluster,5
raw_native,8.0,detection_template,final_clustering,194,208,unmatched_cluster,unmatched_cluster,1526
raw_native,8.0,detection_template,final_clustering,194,209,unmatched_cluster,unmatched_cluster,174
raw_native,8.0,detection_template,final_clustering,194,210,unmatched_cluster,unmatched_cluster,17
raw_native,8.0,detection_template,final_clustering,195,203,unmatched_cluster,unmatched_cluster,50
raw_native,8.0,detection_template,final_clustering,195,214,unmatched_cluster,unmatched_cluster,1163
raw_native,8.0,detection_template,final_clustering,196,203,unmatched_cluster,unmatched_cluster,18
raw_native,8.0,detection_template,final_clustering,196,210,unmatched_cluster,unmatched_cluster,3
raw_native,8.0,detection_template,final_clustering,196,214,unmatched_cluster,unmatched_cluster,7122
raw_native,8.0,detection_template,final_clustering,197,208,unmatched_cluster,unmatched_cluster,2
raw_native,8.0,detection_template,final_clustering,197,210,unmatched_cluster,unmatched_cluster,9503
raw_native,8.0,detection_template,final_clustering,197,214,unmatched_cluster,unmatched_cluster,1
raw_native,8.0,detection_template,final_clustering,198,208,unmatched_cluster,unmatched_cluster,8
raw_native,8.0,detection_template,final_clustering,198,209,unmatched_cluster,unmatched_cluster,14
raw_native,8.0,detection_template,final_clustering,198,210,unmatched_cluster,unmatched_cluster,3
raw_native,8.0,detection_template,final_clustering,198,212,unmatched_cluster,unmatched_cluster,1511
raw_native,8.0,detection_template,final_clustering,199,203,unmatched_cluster,unmatched_cluster,14
raw_native,8.0,detection_template,final_clustering,199,204,unmatched_cluster,unmatched_cluster,34
raw_native,8.0,detection_template,final_clustering,199,206,unmatched_cluster,unmatched_cluster,3717
raw_native,8.0,detection_template,final_clustering,199,211,unmatched_cluster,unmatched_cluster,2
raw_native,8.0,detection_template,final_clustering,200,209,unmatched_cluster,unmatched_cluster,15378
raw_native,8.0,detection_template,final_clustering,201,203,unmatched_cluster,unmatched_cluster,14032
raw_native,8.0,detection_template,final_clustering,201,206,unmatched_cluster,unmatched_cluster,6
raw_native,8.0,detection_template,final_clustering,201,214,unmatched_cluster,unmatched_cluster,3
raw_native,8.0,detection_template,final_clustering,201,215,unmatched_cluster,unmatched_cluster,149
raw_native,8.0,detection_template,final_clustering,202,203,unmatched_cluster,unmatched_cluster,34
raw_native,8.0,detection_template,final_clustering,202,204,unmatched_cluster,unmatched_cluster,8
raw_native,8.0,detection_template,final_clustering,202,214,unmatched_cluster,unmatched_cluster,624
raw_native,8.0,detection_template,final_clustering,203,204,unmatched_cluster,unmatched_cluster,2922
raw_native,8.0,detection_template,final_clustering,203,205,unmatched_cluster,unmatched_cluster,4
raw_native,8.0,detection_template,final_clustering,203,206,unmatched_cluster,unmatched_cluster,77
raw_native,8.0,detection_template,final_clustering,203,211,unmatched_cluster,unmatched_cluster,3
raw_native,8.0,detection_template,final_clustering,204,218,unmatched_cluster,unmatched_cluster,4
raw_native,8.0,detection_template,final_clustering,204,220,unmatched_cluster,unmatched_cluster,22
raw_native,8.0,detection_template,final_clustering,204,224,unmatched_cluster,unmatched_cluster,1059
raw_native,8.0,detection_template,final_clustering,204,226,unmatched_cluster,unmatched_cluster,71
raw_native,8.0,detection_template,final_clustering,204,228,unmatched_cluster,unmatched_cluster,3
raw_native,8.0,detection_template,final_clustering,205,230,unmatched_cluster,unmatched_cluster,5325
raw_native,8.0,detection_template,final_clustering,205,239,unmatched_cluster,unmatched_cluster,10
raw_native,8.0,detection_template,final_clustering,205,240,unmatched_cluster,unmatched_cluster,31
raw_native,8.0,detection_template,final_clustering,205,243,unmatched_cluster,unmatched_cluster,292
raw_native,8.0,detection_template,final_clustering,205,248,unmatched_cluster,unmatched_cluster,83
raw_native,8.0,detection_template,final_clustering,206,217,unmatched_cluster,unmatched_cluster,7
raw_native,8.0,detection_template,final_clustering,206,218,unmatched_cluster,unmatched_cluster,2
raw_native,8.0,detection_template,final_clustering,206,219,unmatched_cluster,unmatched_cluster,29395
raw_native,8.0,detection_template,final_clustering,206,220,unmatched_cluster,unmatched_cluster,2
raw_native,8.0,detection_template,final_clustering,206,222,unmatched_cluster,unmatched_cluster,222
raw_native,8.0,detection_template,final_clustering,206,224,unmatched_cluster,unmatched_cluster,2
raw_native,8.0,detection_template,final_clustering,206,225,unmatched_cluster,unmatched_cluster,3
raw_native,8.0,detection_template,final_clustering,206,226,unmatched_cluster,unmatched_cluster,10
raw_native,8.0,detection_template,final_clustering,207,217,unmatched_cluster,unmatched_cluster,9
raw_native,8.0,detection_template,final_clustering,207,225,unmatched_cluster,unmatched_cluster,4843
raw_native,8.0,detection_template,final_clustering,207,226,unmatched_cluster,unmatched_cluster,2
raw_native,8.0,detection_template,final_clustering,208,216,unmatched_cluster,unmatched_cluster,621
raw_native,8.0,detection_template,final_clustering,208,220,unmatched_cluster,unmatched_cluster,3
raw_native,8.0,detection_template,final_clustering,208,224,unmatched_cluster,unmatched_cluster,13
raw_native,8.0,detection_template,final_clustering,208,226,unmatched_cluster,unmatched_cluster,815
raw_native,8.0,detection_template,final_clustering,208,227,unmatched_cluster,unmatched_cluster,1
raw_native,8.0,detection_template,final_clustering,209,217,unmatched_cluster,unmatched_cluster,5171
raw_native,8.0,detection_template,final_clustering,209,225,unmatched_cluster,unmatched_cluster,1
raw_native,8.0,detection_template,final_clustering,210,224,unmatched_cluster,unmatched_cluster,15
raw_native,8.0,detection_template,final_clustering,210,226,unmatched_cluster,unmatched_cluster,1095
raw_native,8.0,detection_template,final_clustering,210,227,unmatched_cluster,unmatched_cluster,28
raw_native,8.0,detection_template,final_clustering,211,237,unmatched_cluster,unmatched_cluster,4875
raw_native,8.0,detection_template,final_clustering,212,218,unmatched_cluster,unmatched_cluster,1
raw_native,8.0,detection_template,final_clustering,212,220,unmatched_cluster,unmatched_cluster,4885
raw_native,8.0,detection_template,final_clustering,212,221,unmatched_cluster,unmatched_cluster,5
raw_native,8.0,detection_template,final_clustering,212,222,unmatched_cluster,unmatched_cluster,1
raw_native,8.0,detection_template,final_clustering,212,224,unmatched_cluster,unmatched_cluster,9
raw_native,8.0,detection_template,final_clustering,213,231,unmatched_cluster,unmatched_cluster,1
raw_native,8.0,detection_template,final_clustering,213,235,unmatched_cluster,unmatched_cluster,342
raw_native,8.0,detection_template,final_clustering,213,236,unmatched_cluster,unmatched_cluster,7200
raw_native,8.0,detection_template,final_clustering,213,237,unmatched_cluster,unmatched_cluster,7
raw_native,8.0,detection_template,final_clustering,213,239,unmatched_cluster,unmatched_cluster,1
raw_native,8.0,detection_template,final_clustering,213,243,unmatched_cluster,unmatched_cluster,7
raw_native,8.0,detection_template,final_clustering,213,247,unmatched_cluster,unmatched_cluster,1
raw_native,8.0,detection_template,final_clustering,213,248,unmatched_cluster,unmatched_cluster,62
raw_native,8.0,detection_template,final_clustering,214,217,unmatched_cluster,unmatched_cluster,1
raw_native,8.0,detection_template,final_clustering,214,218,unmatched_cluster,unmatched_cluster,843
raw_native,8.0,detection_template,final_clustering,214,219,unmatched_cluster,unmatched_cluster,1
raw_native,8.0,detection_template,final_clustering,214,220,unmatched_cluster,unmatched_cluster,156
raw_native,8.0,detection_template,final_clustering,214,221,unmatched_cluster,unmatched_cluster,5499
raw_native,8.0,detection_template,final_clustering,214,222,unmatched_cluster,unmatched_cluster,388
raw_native,8.0,detection_template,final_clustering,214,224,unmatched_cluster,unmatched_cluster,4
raw_native,8.0,detection_template,final_clustering,215,226,unmatched_cluster,unmatched_cluster,10595
raw_native,8.0,detection_template,final_clustering,216,220,unmatched_cluster,unmatched_cluster,5
raw_native,8.0,detection_template,final_clustering,216,224,unmatched_cluster,unmatched_cluster,66
raw_native,8.0,detection_template,final_clustering,216,226,unmatched_cluster,unmatched_cluster,327
raw_native,8.0,detection_template,final_clustering,216,227,unmatched_cluster,unmatched_cluster,11424
raw_native,8.0,detection_template,final_clustering,217,230,unmatched_cluster,unmatched_cluster,7
raw_native,8.0,detection_template,final_clustering,217,233,unmatched_cluster,unmatched_cluster,7
raw_native,8.0,detection_template,final_clustering,217,239,unmatched_cluster,unmatched_cluster,37
raw_native,8.0,detection_template,final_clustering,217,240,unmatched_cluster,unmatched_cluster,2
raw_native,8.0,detection_template,final_clustering,217,243,unmatched_cluster,unmatched_cluster,1
raw_native,8.0,detection_template,final_clustering,217,248,unmatched_cluster,unmatched_cluster,24751
raw_native,8.0,detection_template,final_clustering,218,253,unmatched_cluster,unmatched_cluster,15
raw_native,8.0,detection_template,final_clustering,218,255,unmatched_cluster,unmatched_cluster,4
raw_native,8.0,detection_template,final_clustering,218,260,unmatched_cluster,unmatched_cluster,80
raw_native,8.0,detection_template,final_clustering,218,263,unmatched_cluster,unmatched_cluster,10
raw_native,8.0,detection_template,final_clustering,218,265,unmatched_cluster,unmatched_cluster,20
raw_native,8.0,detection_template,final_clustering,218,266,unmatched_cluster,unmatched_cluster,1250
raw_native,8.0,detection_template,final_clustering,218,268,unmatched_cluster,unmatched_cluster,324
raw_native,8.0,detection_template,final_clustering,219,230,unmatched_cluster,unmatched_cluster,27
raw_native,8.0,detection_template,final_clustering,219,233,unmatched_cluster,unmatched_cluster,15814
raw_native,8.0,detection_template,final_clustering,219,239,unmatched_cluster,unmatched_cluster,188
raw_native,8.0,detection_template,final_clustering,219,240,unmatched_cluster,unmatched_cluster,35
raw_native,8.0,detection_template,final_clustering,219,243,unmatched_cluster,unmatched_cluster,200
raw_native,8.0,detection_template,final_clustering,219,247,unmatched_cluster,unmatched_cluster,1
raw_native,8.0,detection_template,final_clustering,219,248,unmatched_cluster,unmatched_cluster,128
raw_native,8.0,detection_template,final_clustering,220,230,unmatched_cluster,unmatched_cluster,2
raw_native,8.0,detection_template,final_clustering,220,233,unmatched_cluster,unmatched_cluster,6
raw_native,8.0,detection_template,final_clustering,220,239,unmatched_cluster,unmatched_cluster,12823
raw_native,8.0,detection_template,final_clustering,220,240,unmatched_cluster,unmatched_cluster,73
raw_native,8.0,detection_template,final_clustering,220,243,unmatched_cluster,unmatched_cluster,290
raw_native,8.0,detection_template,final_clustering,220,248,unmatched_cluster,unmatched_cluster,354
raw_native,8.0,detection_template,final_clustering,221,229,unmatched_cluster,unmatched_cluster,11
raw_native,8.0,detection_template,final_clustering,221,231,unmatched_cluster,unmatched_cluster,557
raw_native,8.0,detection_template,final_clustering,221,239,unmatched_cluster,unmatched_cluster,4
raw_native,8.0,detection_template,final_clustering,221,241,unmatched_cluster,unmatched_cluster,95
raw_native,8.0,detection_template,final_clustering,221,243,unmatched_cluster,unmatched_cluster,9
raw_native,8.0,detection_template,final_clustering,221,247,unmatched_cluster,unmatched_cluster,1
raw_native,8.0,detection_template,final_clustering,221,248,unmatched_cluster,unmatched_cluster,5
raw_native,8.0,detection_template,final_clustering,222,230,unmatched_cluster,unmatched_cluster,101
raw_native,8.0,detection_template,final_clustering,222,233,unmatched_cluster,unmatched_cluster,28
raw_native,8.0,detection_template,final_clustering,222,239,unmatched_cluster,unmatched_cluster,811
raw_native,8.0,detection_template,final_clustering,222,240,unmatched_cluster,unmatched_cluster,4914
raw_native,8.0,detection_template,final_clustering,222,243,unmatched_cluster,unmatched_cluster,5091
raw_native,8.0,detection_template,final_clustering,222,248,unmatched_cluster,unmatched_cluster,37
raw_native,8.0,detection_template,final_clustering,223,234,unmatched_cluster,unmatched_cluster,2
raw_native,8.0,detection_template,final_clustering,223,238,unmatched_cluster,unmatched_cluster,2450
raw_native,8.0,detection_template,final_clustering,223,239,unmatched_cluster,unmatched_cluster,1
raw_native,8.0,detection_template,final_clustering,223,242,unmatched_cluster,unmatched_cluster,2325
raw_native,8.0,detection_template,final_clustering,223,246,unmatched_cluster,unmatched_cluster,5
raw_native,8.0,detection_template,final_clustering,223,247,unmatched_cluster,unmatched_cluster,1443
raw_native,8.0,detection_template,final_clustering,224,231,unmatched_cluster,unmatched_cluster,8
raw_native,8.0,detection_template,final_clustering,224,234,unmatched_cluster,unmatched_cluster,2
raw_native,8.0,detection_template,final_clustering,224,236,unmatched_cluster,unmatched_cluster,1
raw_native,8.0,detection_template,final_clustering,224,239,unmatched_cluster,unmatched_cluster,9
raw_native,8.0,detection_template,final_clustering,224,241,unmatched_cluster,unmatched_cluster,1
raw_native,8.0,detection_template,final_clustering,224,243,unmatched_cluster,unmatched_cluster,62
raw_native,8.0,detection_template,final_clustering,224,244,unmatched_cluster,unmatched_cluster,3
raw_native,8.0,detection_template,final_clustering,224,245,unmatched_cluster,unmatched_cluster,280
raw_native,8.0,detection_template,final_clustering,224,247,unmatched_cluster,unmatched_cluster,3
raw_native,8.0,detection_template,final_clustering,224,248,unmatched_cluster,unmatched_cluster,62
raw_native,8.0,detection_template,final_clustering,225,231,unmatched_cluster,unmatched_cluster,1
raw_native,8.0,detection_template,final_clustering,225,247,unmatched_cluster,unmatched_cluster,2
raw_native,8.0,detection_template,final_clustering,225,248,unmatched_cluster,unmatched_cluster,1068
raw_native,8.0,detection_template,final_clustering,226,229,unmatched_cluster,unmatched_cluster,851
raw_native,8.0,detection_template,final_clustering,226,231,unmatched_cluster,unmatched_cluster,68
raw_native,8.0,detection_template,final_clustering,226,234,unmatched_cluster,unmatched_cluster,1
raw_native,8.0,detection_template,final_clustering,226,235,unmatched_cluster,unmatched_cluster,3
raw_native,8.0,detection_template,final_clustering,226,237,unmatched_cluster,unmatched_cluster,2
raw_native,8.0,detection_template,final_clustering,226,239,unmatched_cluster,unmatched_cluster,21
raw_native,8.0,detection_template,final_clustering,226,241,unmatched_cluster,unmatched_cluster,261
raw_native,8.0,detection_template,final_clustering,226,243,unmatched_cluster,unmatched_cluster,4
raw_native,8.0,detection_template,final_clustering,226,247,unmatched_cluster,unmatched_cluster,8
raw_native,8.0,detection_template,final_clustering,226,248,unmatched_cluster,unmatched_cluster,5
raw_native,8.0,detection_template,final_clustering,227,255,unmatched_cluster,unmatched_cluster,5
raw_native,8.0,detection_template,final_clustering,227,260,unmatched_cluster,unmatched_cluster,1
raw_native,8.0,detection_template,final_clustering,227,264,unmatched_cluster,unmatched_cluster,13
raw_native,8.0,detection_template,final_clustering,227,265,unmatched_cluster,unmatched_cluster,33
raw_native,8.0,detection_template,final_clustering,227,266,unmatched_cluster,unmatched_cluster,1
raw_native,8.0,detection_template,final_clustering,227,268,unmatched_cluster,unmatched_cluster,21069
raw_native,8.0,detection_template,final_clustering,228,231,unmatched_cluster,unmatched_cluster,1
raw_native,8.0,detection_template,final_clustering,228,232,unmatched_cluster,unmatched_cluster,391
raw_native,8.0,detection_template,final_clustering,228,234,unmatched_cluster,unmatched_cluster,1
raw_native,8.0,detection_template,final_clustering,228,237,unmatched_cluster,unmatched_cluster,1
raw_native,8.0,detection_template,final_clustering,228,242,unmatched_cluster,unmatched_cluster,3
raw_native,8.0,detection_template,final_clustering,228,243,unmatched_cluster,unmatched_cluster,2
raw_native,8.0,detection_template,final_clustering,228,246,unmatched_cluster,unmatched_cluster,24
raw_native,8.0,detection_template,final_clustering,228,247,unmatched_cluster,unmatched_cluster,77
raw_native,8.0,detection_template,final_clustering,228,248,unmatched_cluster,unmatched_cluster,3
raw_native,8.0,detection_template,final_clustering,229,231,unmatched_cluster,unmatched_cluster,3
raw_native,8.0,detection_template,final_clustering,229,234,unmatched_cluster,unmatched_cluster,5555
raw_native,8.0,detection_template,final_clustering,229,239,unmatched_cluster,unmatched_cluster,3
raw_native,8.0,detection_template,final_clustering,229,242,unmatched_cluster,unmatched_cluster,3
raw_native,8.0,detection_template,final_clustering,229,246,unmatched_cluster,unmatched_cluster,1
raw_native,8.0,detection_template,final_clustering,229,247,unmatched_cluster,unmatched_cluster,65
raw_native,8.0,detection_template,final_clustering,229,248,unmatched_cluster,unmatched_cluster,1
raw_native,8.0,detection_template,final_clustering,230,230,unmatched_cluster,unmatched_cluster,6101
raw_native,8.0,detection_template,final_clustering,230,233,unmatched_cluster,unmatched_cluster,5
raw_native,8.0,detection_template,final_clustering,230,239,unmatched_cluster,unmatched_cluster,36
raw_native,8.0,detection_template,final_clustering,230,240,unmatched_cluster,unmatched_cluster,26
raw_native,8.0,detection_template,final_clustering,230,243,unmatched_cluster,unmatched_cluster,195
raw_native,8.0,detection_template,final_clustering,230,248,unmatched_cluster,unmatched_cluster,450
raw_native,8.0,detection_template,final_clustering,231,234,unmatched_cluster,unmatched_cluster,7
raw_native,8.0,detection_template,final_clustering,231,242,unmatched_cluster,unmatched_cluster,9
raw_native,8.0,detection_template,final_clustering,231,243,unmatched_cluster,unmatched_cluster,2
raw_native,8.0,detection_template,final_clustering,231,246,unmatched_cluster,unmatched_cluster,11
raw_native,8.0,detection_template,final_clustering,231,247,unmatched_cluster,unmatched_cluster,611
raw_native,8.0,detection_template,final_clustering,232,253,unmatched_cluster,unmatched_cluster,10
raw_native,8.0,detection_template,final_clustering,232,260,unmatched_cluster,unmatched_cluster,40
raw_native,8.0,detection_template,final_clustering,232,263,unmatched_cluster,unmatched_cluster,2
raw_native,8.0,detection_template,final_clustering,232,264,unmatched_cluster,unmatched_cluster,4
raw_native,8.0,detection_template,final_clustering,232,265,unmatched_cluster,unmatched_cluster,26
raw_native,8.0,detection_template,final_clustering,232,266,unmatched_cluster,unmatched_cluster,1513
raw_native,8.0,detection_template,final_clustering,232,268,unmatched_cluster,unmatched_cluster,260
raw_native,8.0,detection_template,final_clustering,233,232,unmatched_cluster,unmatched_cluster,5
raw_native,8.0,detection_template,final_clustering,233,234,unmatched_cluster,unmatched_cluster,10
raw_native,8.0,detection_template,final_clustering,233,238,unmatched_cluster,unmatched_cluster,16
raw_native,8.0,detection_template,final_clustering,233,242,unmatched_cluster,unmatched_cluster,111
raw_native,8.0,detection_template,final_clustering,233,243,unmatched_cluster,unmatched_cluster,1
raw_native,8.0,detection_template,final_clustering,233,246,unmatched_cluster,unmatched_cluster,93
raw_native,8.0,detection_template,final_clustering,233,247,unmatched_cluster,unmatched_cluster,4795
raw_native,8.0,detection_template,final_clustering,233,248,unmatched_cluster,unmatched_cluster,1
raw_native,8.0,detection_template,final_clustering,234,230,unmatched_cluster,unmatched_cluster,2
raw_native,8.0,detection_template,final_clustering,234,233,unmatched_cluster,unmatched_cluster,6
raw_native,8.0,detection_template,final_clustering,234,239,unmatched_cluster,unmatched_cluster,41
raw_native,8.0,detection_template,final_clustering,234,240,unmatched_cluster,unmatched_cluster,6
raw_native,8.0,detection_template,final_clustering,234,243,unmatched_cluster,unmatched_cluster,119
raw_native,8.0,detection_template,final_clustering,234,248,unmatched_cluster,unmatched_cluster,6740
raw_native,8.0,detection_template,final_clustering,235,231,unmatched_cluster,unmatched_cluster,8
raw_native,8.0,detection_template,final_clustering,235,234,unmatched_cluster,unmatched_cluster,18
raw_native,8.0,detection_template,final_clustering,235,237,unmatched_cluster,unmatched_cluster,1
raw_native,8.0,detection_template,final_clustering,235,239,unmatched_cluster,unmatched_cluster,2
raw_native,8.0,detection_template,final_clustering,235,241,unmatched_cluster,unmatched_cluster,7
raw_native,8.0,detection_template,final_clustering,235,243,unmatched_cluster,unmatched_cluster,3
raw_native,8.0,detection_template,final_clustering,235,244,unmatched_cluster,unmatched_cluster,4893
raw_native,8.0,detection_template,final_clustering,235,247,unmatched_cluster,unmatched_cluster,121
raw_native,8.0,detection_template,final_clustering,235,248,unmatched_cluster,unmatched_cluster,11
raw_native,8.0,detection_template,final_clustering,236,232,unmatched_cluster,unmatched_cluster,1
raw_native,8.0,detection_template,final_clustering,236,234,unmatched_cluster,unmatched_cluster,12
raw_native,8.0,detection_template,final_clustering,236,242,unmatched_cluster,unmatched_cluster,4
raw_native,8.0,detection_template,final_clustering,236,246,unmatched_cluster,unmatched_cluster,8941
raw_native,8.0,detection_template,final_clustering,236,247,unmatched_cluster,unmatched_cluster,1342
raw_native,8.0,detection_template,final_clustering,236,248,unmatched_cluster,unmatched_cluster,1
raw_native,8.0,detection_template,final_clustering,237,234,unmatched_cluster,unmatched_cluster,5
raw_native,8.0,detection_template,final_clustering,237,235,unmatched_cluster,unmatched_cluster,237
raw_native,8.0,detection_template,final_clustering,237,236,unmatched_cluster,unmatched_cluster,6
raw_native,8.0,detection_template,final_clustering,237,237,unmatched_cluster,unmatched_cluster,2
raw_native,8.0,detection_template,final_clustering,237,245,unmatched_cluster,unmatched_cluster,5292
raw_native,8.0,detection_template,final_clustering,237,246,unmatched_cluster,unmatched_cluster,1
raw_native,8.0,detection_template,final_clustering,237,247,unmatched_cluster,unmatched_cluster,33
raw_native,8.0,detection_template,final_clustering,237,248,unmatched_cluster,unmatched_cluster,3
raw_native,8.0,detection_template,final_clustering,238,264,unmatched_cluster,unmatched_cluster,15889
raw_native,8.0,detection_template,final_clustering,238,265,unmatched_cluster,unmatched_cluster,973
raw_native,8.0,detection_template,final_clustering,238,266,unmatched_cluster,unmatched_cluster,5
raw_native,8.0,detection_template,final_clustering,238,268,unmatched_cluster,unmatched_cluster,719
raw_native,8.0,detection_template,final_clustering,239,253,unmatched_cluster,unmatched_cluster,3
raw_native,8.0,detection_template,final_clustering,239,254,unmatched_cluster,unmatched_cluster,800
raw_native,8.0,detection_template,final_clustering,239,255,unmatched_cluster,unmatched_cluster,11
raw_native,8.0,detection_template,final_clustering,239,258,unmatched_cluster,unmatched_cluster,145
raw_native,8.0,detection_template,final_clustering,239,259,unmatched_cluster,unmatched_cluster,532
raw_native,8.0,detection_template,final_clustering,239,260,unmatched_cluster,unmatched_cluster,32
raw_native,8.0,detection_template,final_clustering,239,267,unmatched_cluster,unmatched_cluster,169
raw_native,8.0,detection_template,final_clustering,239,268,unmatched_cluster,unmatched_cluster,24
raw_native,8.0,detection_template,final_clustering,240,249,unmatched_cluster,unmatched_cluster,62
raw_native,8.0,detection_template,final_clustering,240,251,unmatched_cluster,unmatched_cluster,1
raw_native,8.0,detection_template,final_clustering,240,252,unmatched_cluster,unmatched_cluster,1
raw_native,8.0,detection_template,final_clustering,240,253,unmatched_cluster,unmatched_cluster,108
raw_native,8.0,detection_template,final_clustering,240,255,unmatched_cluster,unmatched_cluster,1
raw_native,8.0,detection_template,final_clustering,240,256,unmatched_cluster,unmatched_cluster,348
raw_native,8.0,detection_template,final_clustering,240,260,unmatched_cluster,unmatched_cluster,12
raw_native,8.0,detection_template,final_clustering,240,261,unmatched_cluster,unmatched_cluster,311
raw_native,8.0,detection_template,final_clustering,240,262,unmatched_cluster,unmatched_cluster,2
raw_native,8.0,detection_template,final_clustering,240,263,unmatched_cluster,unmatched_cluster,2
raw_native,8.0,detection_template,final_clustering,240,267,unmatched_cluster,unmatched_cluster,74
raw_native,8.0,detection_template,final_clustering,240,269,unmatched_cluster,unmatched_cluster,114
raw_native,8.0,detection_template,final_clustering,241,252,unmatched_cluster,unmatched_cluster,2811
raw_native,8.0,detection_template,final_clustering,241,253,unmatched_cluster,unmatched_cluster,406
raw_native,8.0,detection_template,final_clustering,241,260,unmatched_cluster,unmatched_cluster,1
raw_native,8.0,detection_template,final_clustering,241,263,unmatched_cluster,unmatched_cluster,1828
raw_native,8.0,detection_template,final_clustering,242,249,unmatched_cluster,unmatched_cluster,4
raw_native,8.0,detection_template,final_clustering,242,253,unmatched_cluster,unmatched_cluster,70
raw_native,8.0,detection_template,final_clustering,242,255,unmatched_cluster,unmatched_cluster,3
raw_native,8.0,detection_template,final_clustering,242,257,unmatched_cluster,unmatched_cluster,618
raw_native,8.0,detection_template,final_clustering,242,260,unmatched_cluster,unmatched_cluster,19
raw_native,8.0,detection_template,final_clustering,242,262,unmatched_cluster,unmatched_cluster,2
raw_native,8.0,detection_template,final_clustering,242,263,unmatched_cluster,unmatched_cluster,16
raw_native,8.0,detection_template,final_clustering,242,267,unmatched_cluster,unmatched_cluster,10
raw_native,8.0,detection_template,final_clustering,242,268,unmatched_cluster,unmatched_cluster,8
raw_native,8.0,detection_template,final_clustering,242,269,unmatched_cluster,unmatched_cluster,7
raw_native,8.0,detection_template,final_clustering,243,271,unmatched_cluster,unmatched_cluster,2
raw_native,8.0,detection_template,final_clustering,243,273,unmatched_cluster,unmatched_cluster,2
raw_native,8.0,detection_template,final_clustering,243,274,unmatched_cluster,unmatched_cluster,1
raw_native,8.0,detection_template,final_clustering,243,275,unmatched_cluster,unmatched_cluster,26
raw_native,8.0,detection_template,final_clustering,243,276,unmatched_cluster,unmatched_cluster,1
raw_native,8.0,detection_template,final_clustering,243,277,unmatched_cluster,unmatched_cluster,44
raw_native,8.0,detection_template,final_clustering,243,278,unmatched_cluster,unmatched_cluster,1
raw_native,8.0,detection_template,final_clustering,243,279,unmatched_cluster,unmatched_cluster,1
raw_native,8.0,detection_template,final_clustering,243,280,unmatched_cluster,unmatched_cluster,402
raw_native,8.0,detection_template,final_clustering,244,253,unmatched_cluster,unmatched_cluster,2
raw_native,8.0,detection_template,final_clustering,244,255,unmatched_cluster,unmatched_cluster,247
raw_native,8.0,detection_template,final_clustering,244,260,unmatched_cluster,unmatched_cluster,11564
raw_native,8.0,detection_template,final_clustering,244,267,unmatched_cluster,unmatched_cluster,18
raw_native,8.0,detection_template,final_clustering,245,249,unmatched_cluster,unmatched_cluster,4
raw_native,8.0,detection_template,final_clustering,245,250,unmatched_cluster,unmatched_cluster,282
raw_native,8.0,detection_template,final_clustering,245,251,unmatched_cluster,unmatched_cluster,238
raw_native,8.0,detection_template,final_clustering,245,253,unmatched_cluster,unmatched_cluster,6
raw_native,8.0,detection_template,final_clustering,245,260,unmatched_cluster,unmatched_cluster,21
raw_native,8.0,detection_template,final_clustering,245,261,unmatched_cluster,unmatched_cluster,11
raw_native,8.0,detection_template,final_clustering,245,262,unmatched_cluster,unmatched_cluster,2
raw_native,8.0,detection_template,final_clustering,245,263,unmatched_cluster,unmatched_cluster,4
raw_native,8.0,detection_template,final_clustering,245,267,unmatched_cluster,unmatched_cluster,80
raw_native,8.0,detection_template,final_clustering,246,252,unmatched_cluster,unmatched_cluster,2
raw_native,8.0,detection_template,final_clustering,246,253,unmatched_cluster,unmatched_cluster,364
raw_native,8.0,detection_template,final_clustering,246,260,unmatched_cluster,unmatched_cluster,1
raw_native,8.0,detection_template,final_clustering,246,263,unmatched_cluster,unmatched_cluster,440
raw_native,8.0,detection_template,final_clustering,247,270,unmatched_cluster,unmatched_cluster,13
raw_native,8.0,detection_template,final_clustering,247,273,unmatched_cluster,unmatched_cluster,6028
raw_native,8.0,detection_template,final_clustering,247,274,unmatched_cluster,unmatched_cluster,2322
raw_native,8.0,detection_template,final_clustering,247,275,unmatched_cluster,unmatched_cluster,6440
raw_native,8.0,detection_template,final_clustering,247,278,unmatched_cluster,unmatched_cluster,387
raw_native,8.0,detection_template,final_clustering,247,279,unmatched_cluster,unmatched_cluster,6
raw_native,8.0,detection_template,final_clustering,247,281,unmatched_cluster,unmatched_cluster,5
raw_native,8.0,detection_template,final_clustering,248,255,unmatched_cluster,unmatched_cluster,6
raw_native,8.0,detection_template,final_clustering,248,264,unmatched_cluster,unmatched_cluster,16
raw_native,8.0,detection_template,final_clustering,248,265,unmatched_cluster,unmatched_cluster,46
raw_native,8.0,detection_template,final_clustering,248,266,unmatched_cluster,unmatched_cluster,1
raw_native,8.0,detection_template,final_clustering,248,268,unmatched_cluster,unmatched_cluster,11164
raw_native,8.0,detection_template,final_clustering,249,249,unmatched_cluster,unmatched_cluster,451
raw_native,8.0,detection_template,final_clustering,249,253,unmatched_cluster,unmatched_cluster,25
raw_native,8.0,detection_template,final_clustering,249,255,unmatched_cluster,unmatched_cluster,6
raw_native,8.0,detection_template,final_clustering,249,260,unmatched_cluster,unmatched_cluster,6
raw_native,8.0,detection_template,final_clustering,249,263,unmatched_cluster,unmatched_cluster,6
raw_native,8.0,detection_template,final_clustering,249,268,unmatched_cluster,unmatched_cluster,2
raw_native,8.0,detection_template,final_clustering,249,269,unmatched_cluster,unmatched_cluster,87
raw_native,8.0,detection_template,final_clustering,250,249,unmatched_cluster,unmatched_cluster,172
raw_native,8.0,detection_template,final_clustering,250,252,unmatched_cluster,unmatched_cluster,3
raw_native,8.0,detection_template,final_clustering,250,253,unmatched_cluster,unmatched_cluster,129
raw_native,8.0,detection_template,final_clustering,250,260,unmatched_cluster,unmatched_cluster,1
raw_native,8.0,detection_template,final_clustering,250,262,unmatched_cluster,unmatched_cluster,726
raw_native,8.0,detection_template,final_clustering,250,263,unmatched_cluster,unmatched_cluster,83
raw_native,8.0,detection_template,final_clustering,250,268,unmatched_cluster,unmatched_cluster,1
raw_native,8.0,detection_template,final_clustering,250,269,unmatched_cluster,unmatched_cluster,4
raw_native,8.0,detection_template,final_clustering,251,270,unmatched_cluster,unmatched_cluster,1
raw_native,8.0,detection_template,final_clustering,251,271,unmatched_cluster,unmatched_cluster,71
raw_native,8.0,detection_template,final_clustering,251,272,unmatched_cluster,unmatched_cluster,399
raw_native,8.0,detection_template,final_clustering,251,275,unmatched_cluster,unmatched_cluster,11
raw_native,8.0,detection_template,final_clustering,251,276,unmatched_cluster,unmatched_cluster,1
raw_native,8.0,detection_template,final_clustering,251,277,unmatched_cluster,unmatched_cluster,59
raw_native,8.0,detection_template,final_clustering,251,278,unmatched_cluster,unmatched_cluster,2
raw_native,8.0,detection_template,final_clustering,251,283,unmatched_cluster,unmatched_cluster,209
raw_native,8.0,detection_template,final_clustering,252,255,unmatched_cluster,unmatched_cluster,1
raw_native,8.0,detection_template,final_clustering,252,264,unmatched_cluster,unmatched_cluster,147
raw_native,8.0,detection_template,final_clustering,252,265,unmatched_cluster,unmatched_cluster,24133
raw_native,8.0,detection_template,final_clustering,252,266,unmatched_cluster,unmatched_cluster,700
raw_native,8.0,detection_template,final_clustering,252,268,unmatched_cluster,unmatched_cluster,204
raw_native,8.0,detection_template,final_clustering,253,249,unmatched_cluster,unmatched_cluster,18
raw_native,8.0,detection_template,final_clustering,253,253,unmatched_cluster,unmatched_cluster,26
raw_native,8.0,detection_template,final_clustering,253,255,unmatched_cluster,unmatched_cluster,6
raw_native,8.0,detection_template,final_clustering,253,260,unmatched_cluster,unmatched_cluster,8
raw_native,8.0,detection_template,final_clustering,253,262,unmatched_cluster,unmatched_cluster,488
raw_native,8.0,detection_template,final_clustering,253,263,unmatched_cluster,unmatched_cluster,58
raw_native,8.0,detection_template,final_clustering,254,252,unmatched_cluster,unmatched_cluster,7
raw_native,8.0,detection_template,final_clustering,254,253,unmatched_cluster,unmatched_cluster,73
raw_native,8.0,detection_template,final_clustering,254,263,unmatched_cluster,unmatched_cluster,4092
raw_native,8.0,detection_template,final_clustering,254,265,unmatched_cluster,unmatched_cluster,1
raw_native,8.0,detection_template,final_clustering,255,252,unmatched_cluster,unmatched_cluster,14
raw_native,8.0,detection_template,final_clustering,255,253,unmatched_cluster,unmatched_cluster,6880
raw_native,8.0,detection_template,final_clustering,255,260,unmatched_cluster,unmatched_cluster,3
raw_native,8.0,detection_template,final_clustering,255,262,unmatched_cluster,unmatched_cluster,16
raw_native,8.0,detection_template,final_clustering,255,263,unmatched_cluster,unmatched_cluster,11
raw_native,8.0,detection_template,final_clustering,255,267,unmatched_cluster,unmatched_cluster,2
raw_native,8.0,detection_template,final_clustering,255,269,unmatched_cluster,unmatched_cluster,3
raw_native,8.0,detection_template,final_clustering,256,255,unmatched_cluster,unmatched_cluster,7009
raw_native,8.0,detection_template,final_clustering,256,260,unmatched_cluster,unmatched_cluster,69
raw_native,8.0,detection_template,final_clustering,256,268,unmatched_cluster,unmatched_cluster,79
raw_native,8.0,detection_template,final_clustering,257,271,unmatched_cluster,unmatched_cluster,495
raw_native,8.0,detection_template,final_clustering,257,276,unmatched_cluster,unmatched_cluster,9016
raw_native,8.0,detection_template,final_clustering,257,277,unmatched_cluster,unmatched_cluster,3818
raw_native,8.0,detection_template,final_clustering,257,283,unmatched_cluster,unmatched_cluster,6
raw_native,8.0,detection_template,final_clustering,258,232,unmatched_cluster,unmatched_cluster,16512
raw_native,8.0,detection_template,final_clustering,258,234,unmatched_cluster,unmatched_cluster,8
raw_native,8.0,detection_template,final_clustering,258,237,unmatched_cluster,unmatched_cluster,1
raw_native,8.0,detection_template,final_clustering,258,239,unmatched_cluster,unmatched_cluster,2
raw_native,8.0,detection_template,final_clustering,258,242,unmatched_cluster,unmatched_cluster,1
raw_native,8.0,detection_template,final_clustering,258,246,unmatched_cluster,unmatched_cluster,41
raw_native,8.0,detection_template,final_clustering,258,247,unmatched_cluster,unmatched_cluster,180
raw_native,8.0,detection_template,final_clustering,258,248,unmatched_cluster,unmatched_cluster,2
raw_native,8.0,detection_template,final_clustering,259,255,unmatched_cluster,unmatched_cluster,1
raw_native,8.0,detection_template,final_clustering,259,260,unmatched_cluster,unmatched_cluster,6
raw_native,8.0,detection_template,final_clustering,259,264,unmatched_cluster,unmatched_cluster,19
raw_native,8.0,detection_template,final_clustering,259,265,unmatched_cluster,unmatched_cluster,222
raw_native,8.0,detection_template,final_clustering,259,266,unmatched_cluster,unmatched_cluster,17976
raw_native,8.0,detection_template,final_clustering,259,268,unmatched_cluster,unmatched_cluster,143
raw_native,8.0,detection_template,final_clustering,260,253,unmatched_cluster,unmatched_cluster,10
raw_native,8.0,detection_template,final_clustering,260,255,unmatched_cluster,unmatched_cluster,1
raw_native,8.0,detection_template,final_clustering,260,258,unmatched_cluster,unmatched_cluster,2
raw_native,8.0,detection_template,final_clustering,260,260,unmatched_cluster,unmatched_cluster,118
raw_native,8.0,detection_template,final_clustering,260,267,unmatched_cluster,unmatched_cluster,34685
raw_native,8.0,detection_template,final_clustering,260,268,unmatched_cluster,unmatched_cluster,2
raw_native,8.0,detection_template,final_clustering,261,284,unmatched_cluster,unmatched_cluster,16
raw_native,8.0,detection_template,final_clustering,261,289,unmatched_cluster,unmatched_cluster,48
raw_native,8.0,detection_template,final_clustering,261,293,unmatched_cluster,unmatched_cluster,8389
raw_native,8.0,detection_template,final_clustering,261,294,unmatched_cluster,unmatched_cluster,54
raw_native,8.0,detection_template,final_clustering,261,295,unmatched_cluster,unmatched_cluster,3
raw_native,8.0,detection_template,final_clustering,261,296,unmatched_cluster,unmatched_cluster,9
raw_native,8.0,detection_template,final_clustering,261,297,unmatched_cluster,unmatched_cluster,14
raw_native,8.0,detection_template,final_clustering,262,275,unmatched_cluster,unmatched_cluster,2
raw_native,8.0,detection_template,final_clustering,262,279,unmatched_cluster,unmatched_cluster,65
raw_native,8.0,detection_template,final_clustering,262,281,unmatched_cluster,unmatched_cluster,27775
raw_native,8.0,detection_template,final_clustering,263,270,unmatched_cluster,unmatched_cluster,4821
raw_native,8.0,detection_template,final_clustering,263,275,unmatched_cluster,unmatched_cluster,62
raw_native,8.0,detection_template,final_clustering,263,278,unmatched_cluster,unmatched_cluster,461
raw_native,8.0,detection_template,final_clustering,263,279,unmatched_cluster,unmatched_cluster,43
raw_native,8.0,detection_template,final_clustering,263,281,unmatched_cluster,unmatched_cluster,2
raw_native,8.0,detection_template,final_clustering,263,282,unmatched_cluster,unmatched_cluster,137
raw_native,8.0,detection_template,final_clustering,264,289,unmatched_cluster,unmatched_cluster,1476
raw_native,8.0,detection_template,final_clustering,264,290,unmatched_cluster,unmatched_cluster,151
raw_native,8.0,detection_template,final_clustering,264,291,unmatched_cluster,unmatched_cluster,29
raw_native,8.0,detection_template,final_clustering,264,293,unmatched_cluster,unmatched_cluster,241
raw_native,8.0,detection_template,final_clustering,264,296,unmatched_cluster,unmatched_cluster,25
raw_native,8.0,detection_template,final_clustering,264,297,unmatched_cluster,unmatched_cluster,1451
raw_native,8.0,detection_template,final_clustering,265,289,unmatched_cluster,unmatched_cluster,2
raw_native,8.0,detection_template,final_clustering,265,290,unmatched_cluster,unmatched_cluster,2
raw_native,8.0,detection_template,final_clustering,265,291,unmatched_cluster,unmatched_cluster,29
raw_native,8.0,detection_template,final_clustering,265,293,unmatched_cluster,unmatched_cluster,11
raw_native,8.0,detection_template,final_clustering,265,297,unmatched_cluster,unmatched_cluster,14212
raw_native,8.0,detection_template,final_clustering,266,289,unmatched_cluster,unmatched_cluster,3
raw_native,8.0,detection_template,final_clustering,266,290,unmatched_cluster,unmatched_cluster,3
raw_native,8.0,detection_template,final_clustering,266,291,unmatched_cluster,unmatched_cluster,48
raw_native,8.0,detection_template,final_clustering,266,293,unmatched_cluster,unmatched_cluster,3
raw_native,8.0,detection_template,final_clustering,266,297,unmatched_cluster,unmatched_cluster,7889
raw_native,8.0,detection_template,final_clustering,267,270,unmatched_cluster,unmatched_cluster,7
raw_native,8.0,detection_template,final_clustering,267,271,unmatched_cluster,unmatched_cluster,10
raw_native,8.0,detection_template,final_clustering,267,273,unmatched_cluster,unmatched_cluster,2
raw_native,8.0,detection_template,final_clustering,267,274,unmatched_cluster,unmatched_cluster,1
raw_native,8.0,detection_template,final_clustering,267,275,unmatched_cluster,unmatched_cluster,76
raw_native,8.0,detection_template,final_clustering,267,277,unmatched_cluster,unmatched_cluster,6
raw_native,8.0,detection_template,final_clustering,267,278,unmatched_cluster,unmatched_cluster,3
raw_native,8.0,detection_template,final_clustering,267,279,unmatched_cluster,unmatched_cluster,32
raw_native,8.0,detection_template,final_clustering,267,281,unmatched_cluster,unmatched_cluster,2366
raw_native,8.0,detection_template,final_clustering,268,289,unmatched_cluster,unmatched_cluster,1
raw_native,8.0,detection_template,final_clustering,268,290,unmatched_cluster,unmatched_cluster,1
raw_native,8.0,detection_template,final_clustering,268,291,unmatched_cluster,unmatched_cluster,9238
raw_native,8.0,detection_template,final_clustering,268,293,unmatched_cluster,unmatched_cluster,2
raw_native,8.0,detection_template,final_clustering,268,297,unmatched_cluster,unmatched_cluster,1847
raw_native,8.0,detection_template,final_clustering,269,284,unmatched_cluster,unmatched_cluster,1069
raw_native,8.0,detection_template,final_clustering,269,289,unmatched_cluster,unmatched_cluster,53
raw_native,8.0,detection_template,final_clustering,269,291,unmatched_cluster,unmatched_cluster,19
raw_native,8.0,detection_template,final_clustering,269,292,unmatched_cluster,unmatched_cluster,1
raw_native,8.0,detection_template,final_clustering,269,293,unmatched_cluster,unmatched_cluster,684
raw_native,8.0,detection_template,final_clustering,269,295,unmatched_cluster,unmatched_cluster,4
raw_native,8.0,detection_template,final_clustering,269,297,unmatched_cluster,unmatched_cluster,262
raw_native,8.0,detection_template,final_clustering,270,289,unmatched_cluster,unmatched_cluster,2
raw_native,8.0,detection_template,final_clustering,270,291,unmatched_cluster,unmatched_cluster,345
raw_native,8.0,detection_template,final_clustering,270,293,unmatched_cluster,unmatched_cluster,3
raw_native,8.0,detection_template,final_clustering,270,297,unmatched_cluster,unmatched_cluster,16528
raw_native,8.0,detection_template,final_clustering,271,270,unmatched_cluster,unmatched_cluster,36
raw_native,8.0,detection_template,final_clustering,271,275,unmatched_cluster,unmatched_cluster,89
raw_native,8.0,detection_template,final_clustering,271,278,unmatched_cluster,unmatched_cluster,3233
raw_native,8.0,detection_template,final_clustering,271,279,unmatched_cluster,unmatched_cluster,3481
raw_native,8.0,detection_template,final_clustering,271,281,unmatched_cluster,unmatched_cluster,97
raw_native,8.0,detection_template,final_clustering,271,282,unmatched_cluster,unmatched_cluster,28
raw_native,8.0,detection_template,final_clustering,272,271,unmatched_cluster,unmatched_cluster,14281
raw_native,8.0,detection_template,final_clustering,272,276,unmatched_cluster,unmatched_cluster,88
raw_native,8.0,detection_template,final_clustering,272,277,unmatched_cluster,unmatched_cluster,315
raw_native,8.0,detection_template,final_clustering,272,283,unmatched_cluster,unmatched_cluster,44
raw_native,8.0,detection_template,final_clustering,273,253,unmatched_cluster,unmatched_cluster,4
raw_native,8.0,detection_template,final_clustering,273,255,unmatched_cluster,unmatched_cluster,3
raw_native,8.0,detection_template,final_clustering,273,260,unmatched_cluster,unmatched_cluster,2
raw_native,8.0,detection_template,final_clustering,273,263,unmatched_cluster,unmatched_cluster,1
raw_native,8.0,detection_template,final_clustering,273,265,unmatched_cluster,unmatched_cluster,1
raw_native,8.0,detection_template,final_clustering,273,268,unmatched_cluster,unmatched_cluster,2
raw_native,8.0,detection_template,final_clustering,273,269,unmatched_cluster,unmatched_cluster,73863
raw_native,8.0,detection_template,final_clustering,274,271,unmatched_cluster,unmatched_cluster,693
raw_native,8.0,detection_template,final_clustering,274,274,unmatched_cluster,unmatched_cluster,1
raw_native,8.0,detection_template,final_clustering,274,275,unmatched_cluster,unmatched_cluster,3
raw_native,8.0,detection_template,final_clustering,274,276,unmatched_cluster,unmatched_cluster,13
raw_native,8.0,detection_template,final_clustering,274,277,unmatched_cluster,unmatched_cluster,26
raw_native,8.0,detection_template,final_clustering,274,283,unmatched_cluster,unmatched_cluster,31325
raw_native,8.0,detection_template,final_clustering,275,270,unmatched_cluster,unmatched_cluster,275
raw_native,8.0,detection_template,final_clustering,275,271,unmatched_cluster,unmatched_cluster,2
raw_native,8.0,detection_template,final_clustering,275,274,unmatched_cluster,unmatched_cluster,4
raw_native,8.0,detection_template,final_clustering,275,275,unmatched_cluster,unmatched_cluster,22
raw_native,8.0,detection_template,final_clustering,275,278,unmatched_cluster,unmatched_cluster,125
raw_native,8.0,detection_template,final_clustering,275,279,unmatched_cluster,unmatched_cluster,98
raw_native,8.0,detection_template,final_clustering,275,281,unmatched_cluster,unmatched_cluster,82
raw_native,8.0,detection_template,final_clustering,275,282,unmatched_cluster,unmatched_cluster,12166
raw_native,8.0,detection_template,final_clustering,276,285,unmatched_cluster,unmatched_cluster,32
raw_native,8.0,detection_template,final_clustering,276,286,unmatched_cluster,unmatched_cluster,4
raw_native,8.0,detection_template,final_clustering,276,287,unmatched_cluster,unmatched_cluster,7
raw_native,8.0,detection_template,final_clustering,276,288,unmatched_cluster,unmatched_cluster,15
raw_native,8.0,detection_template,final_clustering,276,289,unmatched_cluster,unmatched_cluster,5
raw_native,8.0,detection_template,final_clustering,276,292,unmatched_cluster,unmatched_cluster,3754
raw_native,8.0,detection_template,final_clustering,276,293,unmatched_cluster,unmatched_cluster,10
raw_native,8.0,detection_template,final_clustering,276,294,unmatched_cluster,unmatched_cluster,2
raw_native,8.0,detection_template,final_clustering,276,295,unmatched_cluster,unmatched_cluster,176
raw_native,8.0,detection_template,final_clustering,276,297,unmatched_cluster,unmatched_cluster,2
raw_native,8.0,detection_template,final_clustering,277,285,unmatched_cluster,unmatched_cluster,2
raw_native,8.0,detection_template,final_clustering,277,286,unmatched_cluster,unmatched_cluster,35
raw_native,8.0,detection_template,final_clustering,277,288,unmatched_cluster,unmatched_cluster,19
raw_native,8.0,detection_template,final_clustering,277,289,unmatched_cluster,unmatched_cluster,185
raw_native,8.0,detection_template,final_clustering,277,292,unmatched_cluster,unmatched_cluster,5
raw_native,8.0,detection_template,final_clustering,277,293,unmatched_cluster,unmatched_cluster,505
raw_native,8.0,detection_template,final_clustering,277,294,unmatched_cluster,unmatched_cluster,14718
raw_native,8.0,detection_template,final_clustering,277,295,unmatched_cluster,unmatched_cluster,46
raw_native,8.0,detection_template,final_clustering,277,296,unmatched_cluster,unmatched_cluster,4
raw_native,8.0,detection_template,final_clustering,278,285,unmatched_cluster,unmatched_cluster,60
raw_native,8.0,detection_template,final_clustering,278,286,unmatched_cluster,unmatched_cluster,23
raw_native,8.0,detection_template,final_clustering,278,287,unmatched_cluster,unmatched_cluster,324
raw_native,8.0,detection_template,final_clustering,278,288,unmatched_cluster,unmatched_cluster,45
raw_native,8.0,detection_template,final_clustering,278,289,unmatched_cluster,unmatched_cluster,278
raw_native,8.0,detection_template,final_clustering,278,292,unmatched_cluster,unmatched_cluster,3
raw_native,8.0,detection_template,final_clustering,278,293,unmatched_cluster,unmatched_cluster,6
raw_native,8.0,detection_template,final_clustering,278,294,unmatched_cluster,unmatched_cluster,2
raw_native,8.0,detection_template,final_clustering,278,295,unmatched_cluster,unmatched_cluster,6502
raw_native,8.0,detection_template,final_clustering,278,297,unmatched_cluster,unmatched_cluster,6
raw_native,8.0,detection_template,final_clustering,279,284,unmatched_cluster,unmatched_cluster,2
raw_native,8.0,detection_template,final_clustering,279,286,unmatched_cluster,unmatched_cluster,7
raw_native,8.0,detection_template,final_clustering,279,287,unmatched_cluster,unmatched_cluster,1
raw_native,8.0,detection_template,final_clustering,279,288,unmatched_cluster,unmatched_cluster,1
raw_native,8.0,detection_template,final_clustering,279,289,unmatched_cluster,unmatched_cluster,22
raw_native,8.0,detection_template,final_clustering,279,292,unmatched_cluster,unmatched_cluster,1396
raw_native,8.0,detection_template,final_clustering,279,293,unmatched_cluster,unmatched_cluster,120
raw_native,8.0,detection_template,final_clustering,279,294,unmatched_cluster,unmatched_cluster,13
raw_native,8.0,detection_template,final_clustering,279,295,unmatched_cluster,unmatched_cluster,55
raw_native,8.0,detection_template,final_clustering,279,297,unmatched_cluster,unmatched_cluster,2
raw_native,8.0,detection_template,final_clustering,280,285,unmatched_cluster,unmatched_cluster,7
raw_native,8.0,detection_template,final_clustering,280,286,unmatched_cluster,unmatched_cluster,5341
raw_native,8.0,detection_template,final_clustering,280,287,unmatched_cluster,unmatched_cluster,46
raw_native,8.0,detection_template,final_clustering,280,288,unmatched_cluster,unmatched_cluster,34
raw_native,8.0,detection_template,final_clustering,280,289,unmatched_cluster,unmatched_cluster,103
raw_native,8.0,detection_template,final_clustering,280,294,unmatched_cluster,unmatched_cluster,2
raw_native,8.0,detection_template,final_clustering,280,295,unmatched_cluster,unmatched_cluster,209
raw_native,8.0,detection_template,final_clustering,281,285,unmatched_cluster,unmatched_cluster,179
raw_native,8.0,detection_template,final_clustering,281,286,unmatched_cluster,unmatched_cluster,97
raw_native,8.0,detection_template,final_clustering,281,287,unmatched_cluster,unmatched_cluster,53
raw_native,8.0,detection_template,final_clustering,281,288,unmatched_cluster,unmatched_cluster,7484
raw_native,8.0,detection_template,final_clustering,281,289,unmatched_cluster,unmatched_cluster,2
raw_native,8.0,detection_template,final_clustering,281,292,unmatched_cluster,unmatched_cluster,7
raw_native,8.0,detection_template,final_clustering,281,294,unmatched_cluster,unmatched_cluster,4
raw_native,8.0,detection_template,final_clustering,281,295,unmatched_cluster,unmatched_cluster,546
raw_native,8.0,detection_template,final_clustering,282,289,unmatched_cluster,unmatched_cluster,1098
raw_native,8.0,detection_template,final_clustering,282,290,unmatched_cluster,unmatched_cluster,6872
raw_native,8.0,detection_template,final_clustering,282,291,unmatched_cluster,unmatched_cluster,1
raw_native,8.0,detection_template,final_clustering,282,293,unmatched_cluster,unmatched_cluster,20
raw_native,8.0,detection_template,final_clustering,282,296,unmatched_cluster,unmatched_cluster,1
raw_native,8.0,detection_template,final_clustering,282,297,unmatched_cluster,unmatched_cluster,412
raw_native,8.0,detection_template,final_clustering,283,285,unmatched_cluster,unmatched_cluster,1194
raw_native,8.0,detection_template,final_clustering,283,286,unmatched_cluster,unmatched_cluster,3
raw_native,8.0,detection_template,final_clustering,283,287,unmatched_cluster,unmatched_cluster,10398
raw_native,8.0,detection_template,final_clustering,283,288,unmatched_cluster,unmatched_cluster,27
raw_native,8.0,detection_template,final_clustering,283,292,unmatched_cluster,unmatched_cluster,5
raw_native,8.0,detection_template,final_clustering,283,295,unmatched_cluster,unmatched_cluster,2496
raw_native,8.0,detection_template,final_clustering,284,289,unmatched_cluster,unmatched_cluster,107
raw_native,8.0,detection_template,final_clustering,284,290,unmatched_cluster,unmatched_cluster,78
raw_native,8.0,detection_template,final_clustering,284,291,unmatched_cluster,unmatched_cluster,34
raw_native,8.0,detection_template,final_clustering,284,293,unmatched_cluster,unmatched_cluster,6
raw_native,8.0,detection_template,final_clustering,284,297,unmatched_cluster,unmatched_cluster,17676
raw_native,8.0,detection_template,final_clustering,285,284,unmatched_cluster,unmatched_cluster,1
raw_native,8.0,detection_template,final_clustering,285,289,unmatched_cluster,unmatched_cluster,22871
raw_native,8.0,detection_template,final_clustering,285,290,unmatched_cluster,unmatched_cluster,91
raw_native,8.0,detection_template,final_clustering,285,293,unmatched_cluster,unmatched_cluster,224
raw_native,8.0,detection_template,final_clustering,285,296,unmatched_cluster,unmatched_cluster,58
raw_native,8.0,detection_template,final_clustering,285,297,unmatched_cluster,unmatched_cluster,227
raw_native,8.0,detection_template,final_clustering,286,288,unmatched_cluster,unmatched_cluster,1
raw_native,8.0,detection_template,final_clustering,286,289,unmatched_cluster,unmatched_cluster,112
raw_native,8.0,detection_template,final_clustering,286,290,unmatched_cluster,unmatched_cluster,1
raw_native,8.0,detection_template,final_clustering,286,293,unmatched_cluster,unmatched_cluster,55
raw_native,8.0,detection_template,final_clustering,286,295,unmatched_cluster,unmatched_cluster,1
raw_native,8.0,detection_template,final_clustering,286,296,unmatched_cluster,unmatched_cluster,19171
raw_native,8.0,detection_template,final_clustering,286,297,unmatched_cluster,unmatched_cluster,32
raw_native,8.0,detection_template,final_clustering,287,285,unmatched_cluster,unmatched_cluster,23202
raw_native,8.0,detection_template,final_clustering,287,286,unmatched_cluster,unmatched_cluster,4
raw_native,8.0,detection_template,final_clustering,287,287,unmatched_cluster,unmatched_cluster,1099
raw_native,8.0,detection_template,final_clustering,287,288,unmatched_cluster,unmatched_cluster,148
raw_native,8.0,detection_template,final_clustering,287,289,unmatched_cluster,unmatched_cluster,1
raw_native,8.0,detection_template,final_clustering,287,292,unmatched_cluster,unmatched_cluster,5
raw_native,8.0,detection_template,final_clustering,287,293,unmatched_cluster,unmatched_cluster,3
raw_native,8.0,detection_template,final_clustering,287,294,unmatched_cluster,unmatched_cluster,1
raw_native,8.0,detection_template,final_clustering,287,295,unmatched_cluster,unmatched_cluster,553
raw_native,8.0,detection_template,final_clustering,288,313,unmatched_cluster,unmatched_cluster,2
raw_native,8.0,detection_template,final_clustering,288,320,unmatched_cluster,unmatched_cluster,9
raw_native,8.0,detection_template,final_clustering,288,322,unmatched_cluster,unmatched_cluster,3
raw_native,8.0,detection_template,final_clustering,288,324,unmatched_cluster,unmatched_cluster,13097
raw_native,8.0,detection_template,final_clustering,288,327,unmatched_cluster,unmatched_cluster,4562
raw_native,8.0,detection_template,final_clustering,289,298,unmatched_cluster,unmatched_cluster,9085
raw_native,8.0,detection_template,final_clustering,289,299,unmatched_cluster,unmatched_cluster,99
raw_native,8.0,detection_template,final_clustering,289,301,unmatched_cluster,unmatched_cluster,123
raw_native,8.0,detection_template,final_clustering,289,306,unmatched_cluster,unmatched_cluster,3201
raw_native,8.0,detection_template,final_clustering,290,310,unmatched_cluster,unmatched_cluster,1
raw_native,8.0,detection_template,final_clustering,290,312,unmatched_cluster,unmatched_cluster,1
raw_native,8.0,detection_template,final_clustering,290,313,unmatched_cluster,unmatched_cluster,1
raw_native,8.0,detection_template,final_clustering,290,314,unmatched_cluster,unmatched_cluster,25
raw_native,8.0,detection_template,final_clustering,290,319,unmatched_cluster,unmatched_cluster,1162
raw_native,8.0,detection_template,final_clustering,290,320,unmatched_cluster,unmatched_cluster,24
raw_native,8.0,detection_template,final_clustering,290,322,unmatched_cluster,unmatched_cluster,1
raw_native,8.0,detection_template,final_clustering,290,324,unmatched_cluster,unmatched_cluster,1
raw_native,8.0,detection_template,final_clustering,290,327,unmatched_cluster,unmatched_cluster,926
raw_native,8.0,detection_template,final_clustering,291,299,unmatched_cluster,unmatched_cluster,2
raw_native,8.0,detection_template,final_clustering,291,302,unmatched_cluster,unmatched_cluster,4
raw_native,8.0,detection_template,final_clustering,291,303,unmatched_cluster,unmatched_cluster,9965
raw_native,8.0,detection_template,final_clustering,291,305,unmatched_cluster,unmatched_cluster,21
raw_native,8.0,detection_template,final_clustering,291,306,unmatched_cluster,unmatched_cluster,4
raw_native,8.0,detection_template,final_clustering,292,302,unmatched_cluster,unmatched_cluster,14057
raw_native,8.0,detection_template,final_clustering,292,307,unmatched_cluster,unmatched_cluster,131
raw_native,8.0,detection_template,final_clustering,293,320,unmatched_cluster,unmatched_cluster,62
raw_native,8.0,detection_template,final_clustering,293,324,unmatched_cluster,unmatched_cluster,299
raw_native,8.0,detection_template,final_clustering,293,327,unmatched_cluster,unmatched_cluster,17284
raw_native,8.0,detection_template,final_clustering,294,313,unmatched_cluster,unmatched_cluster,1
raw_native,8.0,detection_template,final_clustering,294,318,unmatched_cluster,unmatched_cluster,199
raw_native,8.0,detection_template,final_clustering,294,320,unmatched_cluster,unmatched_cluster,7
raw_native,8.0,detection_template,final_clustering,294,322,unmatched_cluster,unmatched_cluster,1
raw_native,8.0,detection_template,final_clustering,294,324,unmatched_cluster,unmatched_cluster,24
raw_native,8.0,detection_template,final_clustering,294,325,unmatched_cluster,unmatched_cluster,2596
raw_native,8.0,detection_template,final_clustering,294,326,unmatched_cluster,unmatched_cluster,1
raw_native,8.0,detection_template,final_clustering,294,327,unmatched_cluster,unmatched_cluster,337
raw_native,8.0,detection_template,final_clustering,295,298,unmatched_cluster,unmatched_cluster,102
raw_native,8.0,detection_template,final_clustering,295,299,unmatched_cluster,unmatched_cluster,3
raw_native,8.0,detection_template,final_clustering,295,301,unmatched_cluster,unmatched_cluster,333
raw_native,8.0,detection_template,final_clustering,295,306,unmatched_cluster,unmatched_cluster,21599
raw_native,8.0,detection_template,final_clustering,296,298,unmatched_cluster,unmatched_cluster,63
raw_native,8.0,detection_template,final_clustering,296,299,unmatched_cluster,unmatched_cluster,5332
raw_native,8.0,detection_template,final_clustering,296,300,unmatched_cluster,unmatched_cluster,2
raw_native,8.0,detection_template,final_clustering,296,301,unmatched_cluster,unmatched_cluster,2
raw_native,8.0,detection_template,final_clustering,296,306,unmatched_cluster,unmatched_cluster,740
raw_native,8.0,detection_template,final_clustering,297,298,unmatched_cluster,unmatched_cluster,28
raw_native,8.0,detection_template,final_clustering,297,301,unmatched_cluster,unmatched_cluster,15806
raw_native,8.0,detection_template,final_clustering,297,304,unmatched_cluster,unmatched_cluster,1
raw_native,8.0,detection_template,final_clustering,297,306,unmatched_cluster,unmatched_cluster,968
raw_native,8.0,detection_template,final_clustering,298,314,unmatched_cluster,unmatched_cluster,25
raw_native,8.0,detection_template,final_clustering,298,320,unmatched_cluster,unmatched_cluster,8693
raw_native,8.0,detection_template,final_clustering,298,324,unmatched_cluster,unmatched_cluster,22
raw_native,8.0,detection_template,final_clustering,298,327,unmatched_cluster,unmatched_cluster,700
raw_native,8.0,detection_template,final_clustering,299,308,unmatched_cluster,unmatched_cluster,402
raw_native,8.0,detection_template,final_clustering,299,309,unmatched_cluster,unmatched_cluster,6362
raw_native,8.0,detection_template,final_clustering,299,312,unmatched_cluster,unmatched_cluster,2
raw_native,8.0,detection_template,final_clustering,299,314,unmatched_cluster,unmatched_cluster,6
raw_native,8.0,detection_template,final_clustering,299,315,unmatched_cluster,unmatched_cluster,1
raw_native,8.0,detection_template,final_clustering,299,316,unmatched_cluster,unmatched_cluster,58
raw_native,8.0,detection_template,final_clustering,299,317,unmatched_cluster,unmatched_cluster,5
raw_native,8.0,detection_template,final_clustering,299,320,unmatched_cluster,unmatched_cluster,21
raw_native,8.0,detection_template,final_clustering,299,322,unmatched_cluster,unmatched_cluster,1
raw_native,8.0,detection_template,final_clustering,299,327,unmatched_cluster,unmatched_cluster,42
raw_native,8.0,detection_template,final_clustering,299,328,unmatched_cluster,unmatched_cluster,5
raw_native,8.0,detection_template,final_clustering,300,298,unmatched_cluster,unmatched_cluster,13
raw_native,8.0,detection_template,final_clustering,300,299,unmatched_cluster,unmatched_cluster,48
raw_native,8.0,detection_template,final_clustering,300,300,unmatched_cluster,unmatched_cluster,1975
raw_native,8.0,detection_template,final_clustering,300,301,unmatched_cluster,unmatched_cluster,54
raw_native,8.0,detection_template,final_clustering,300,306,unmatched_cluster,unmatched_cluster,2075
raw_native,8.0,detection_template,final_clustering,301,304,unmatched_cluster,unmatched_cluster,30833
raw_native,8.0,detection_template,final_clustering,301,306,unmatched_cluster,unmatched_cluster,1
raw_native,8.0,detection_template,final_clustering,302,302,unmatched_cluster,unmatched_cluster,6
raw_native,8.0,detection_template,final_clustering,302,305,unmatched_cluster,unmatched_cluster,33927
raw_native,8.0,detection_template,final_clustering,303,301,unmatched_cluster,unmatched_cluster,2
raw_native,8.0,detection_template,final_clustering,303,302,unmatched_cluster,unmatched_cluster,153
raw_native,8.0,detection_template,final_clustering,303,305,unmatched_cluster,unmatched_cluster,1
raw_native,8.0,detection_template,final_clustering,303,306,unmatched_cluster,unmatched_cluster,17
raw_native,8.0,detection_template,final_clustering,303,307,unmatched_cluster,unmatched_cluster,26907
raw_native,8.0,detection_template,final_clustering,304,313,unmatched_cluster,unmatched_cluster,5066
raw_native,8.0,detection_template,final_clustering,304,327,unmatched_cluster,unmatched_cluster,2
raw_native,8.0,detection_template,final_clustering,305,316,unmatched_cluster,unmatched_cluster,1
raw_native,8.0,detection_template,final_clustering,305,317,unmatched_cluster,unmatched_cluster,11566
raw_native,8.0,detection_template,final_clustering,305,328,unmatched_cluster,unmatched_cluster,1
raw_native,8.0,detection_template,final_clustering,306,310,unmatched_cluster,unmatched_cluster,1
raw_native,8.0,detection_template,final_clustering,306,311,unmatched_cluster,unmatched_cluster,1
raw_native,8.0,detection_template,final_clustering,306,312,unmatched_cluster,unmatched_cluster,14391
raw_native,8.0,detection_template,final_clustering,306,313,unmatched_cluster,unmatched_cluster,2
raw_native,8.0,detection_template,final_clustering,306,315,unmatched_cluster,unmatched_cluster,2
raw_native,8.0,detection_template,final_clustering,306,316,unmatched_cluster,unmatched_cluster,1
raw_native,8.0,detection_template,final_clustering,306,321,unmatched_cluster,unmatched_cluster,13
raw_native,8.0,detection_template,final_clustering,306,322,unmatched_cluster,unmatched_cluster,114
raw_native,8.0,detection_template,final_clustering,306,323,unmatched_cluster,unmatched_cluster,17
raw_native,8.0,detection_template,final_clustering,306,326,unmatched_cluster,unmatched_cluster,350
raw_native,8.0,detection_template,final_clustering,306,328,unmatched_cluster,unmatched_cluster,1
raw_native,8.0,detection_template,final_clustering,307,308,unmatched_cluster,unmatched_cluster,1
raw_native,8.0,detection_template,final_clustering,307,311,unmatched_cluster,unmatched_cluster,7
raw_native,8.0,detection_template,final_clustering,307,312,unmatched_cluster,unmatched_cluster,77
raw_native,8.0,detection_template,final_clustering,307,315,unmatched_cluster,unmatched_cluster,3635
raw_native,8.0,detection_template,final_clustering,307,316,unmatched_cluster,unmatched_cluster,725
raw_native,8.0,detection_template,final_clustering,307,317,unmatched_cluster,unmatched_cluster,1
raw_native,8.0,detection_template,final_clustering,307,322,unmatched_cluster,unmatched_cluster,13
raw_native,8.0,detection_template,final_clustering,307,327,unmatched_cluster,unmatched_cluster,23
raw_native,8.0,detection_template,final_clustering,307,328,unmatched_cluster,unmatched_cluster,65
raw_native,8.0,detection_template,final_clustering,308,310,unmatched_cluster,unmatched_cluster,16
raw_native,8.0,detection_template,final_clustering,308,312,unmatched_cluster,unmatched_cluster,57
raw_native,8.0,detection_template,final_clustering,308,321,unmatched_cluster,unmatched_cluster,2
raw_native,8.0,detection_template,final_clustering,308,322,unmatched_cluster,unmatched_cluster,15317
raw_native,8.0,detection_template,final_clustering,308,323,unmatched_cluster,unmatched_cluster,10
raw_native,8.0,detection_template,final_clustering,308,326,unmatched_cluster,unmatched_cluster,74
raw_native,8.0,detection_template,final_clustering,308,328,unmatched_cluster,unmatched_cluster,1
raw_native,8.0,detection_template,final_clustering,309,310,unmatched_cluster,unmatched_cluster,5
raw_native,8.0,detection_template,final_clustering,309,311,unmatched_cluster,unmatched_cluster,11512
raw_native,8.0,detection_template,final_clustering,309,312,unmatched_cluster,unmatched_cluster,224
raw_native,8.0,detection_template,final_clustering,309,314,unmatched_cluster,unmatched_cluster,141
raw_native,8.0,detection_template,final_clustering,309,316,unmatched_cluster,unmatched_cluster,1695
raw_native,8.0,detection_template,final_clustering,309,322,unmatched_cluster,unmatched_cluster,53
raw_native,8.0,detection_template,final_clustering,309,326,unmatched_cluster,unmatched_cluster,241
raw_native,8.0,detection_template,final_clustering,309,328,unmatched_cluster,unmatched_cluster,9
raw_native,8.0,detection_template,final_clustering,310,311,unmatched_cluster,unmatched_cluster,37
raw_native,8.0,detection_template,final_clustering,310,312,unmatched_cluster,unmatched_cluster,2
raw_native,8.0,detection_template,final_clustering,310,314,unmatched_cluster,unmatched_cluster,7871
raw_native,8.0,detection_template,final_clustering,310,316,unmatched_cluster,unmatched_cluster,5
raw_native,8.0,detection_template,final_clustering,310,320,unmatched_cluster,unmatched_cluster,3
raw_native,8.0,detection_template,final_clustering,310,326,unmatched_cluster,unmatched_cluster,2
raw_native,8.0,detection_template,final_clustering,311,312,unmatched_cluster,unmatched_cluster,133
raw_native,8.0,detection_template,final_clustering,311,313,unmatched_cluster,unmatched_cluster,2
raw_native,8.0,detection_template,final_clustering,311,321,unmatched_cluster,unmatched_cluster,297
raw_native,8.0,detection_template,final_clustering,311,322,unmatched_cluster,unmatched_cluster,165
raw_native,8.0,detection_template,final_clustering,311,323,unmatched_cluster,unmatched_cluster,9926
raw_native,8.0,detection_template,final_clustering,311,326,unmatched_cluster,unmatched_cluster,371
raw_native,8.0,detection_template,final_clustering,311,327,unmatched_cluster,unmatched_cluster,6
raw_native,8.0,detection_template,final_clustering,312,310,unmatched_cluster,unmatched_cluster,17404
raw_native,8.0,detection_template,final_clustering,312,312,unmatched_cluster,unmatched_cluster,5
raw_native,8.0,detection_template,final_clustering,312,321,unmatched_cluster,unmatched_cluster,1
raw_native,8.0,detection_template,final_clustering,312,322,unmatched_cluster,unmatched_cluster,129
raw_native,8.0,detection_template,final_clustering,312,323,unmatched_cluster,unmatched_cluster,2
raw_native,8.0,detection_template,final_clustering,312,326,unmatched_cluster,unmatched_cluster,32
raw_native,8.0,detection_template,final_clustering,313,310,unmatched_cluster,unmatched_cluster,6
raw_native,8.0,detection_template,final_clustering,313,311,unmatched_cluster,unmatched_cluster,5
raw_native,8.0,detection_template,final_clustering,313,312,unmatched_cluster,unmatched_cluster,450
raw_native,8.0,detection_template,final_clustering,313,322,unmatched_cluster,unmatched_cluster,199
raw_native,8.0,detection_template,final_clustering,313,323,unmatched_cluster,unmatched_cluster,20
raw_native,8.0,detection_template,final_clustering,313,326,unmatched_cluster,unmatched_cluster,14540
raw_native,8.0,detection_template,final_clustering,314,338,unmatched_cluster,unmatched_cluster,29
raw_native,8.0,detection_template,final_clustering,314,339,unmatched_cluster,unmatched_cluster,18850
raw_native,8.0,detection_template,final_clustering,315,311,unmatched_cluster,unmatched_cluster,6
raw_native,8.0,detection_template,final_clustering,315,312,unmatched_cluster,unmatched_cluster,30
raw_native,8.0,detection_template,final_clustering,315,315,unmatched_cluster,unmatched_cluster,21
raw_native,8.0,detection_template,final_clustering,315,316,unmatched_cluster,unmatched_cluster,429
raw_native,8.0,detection_template,final_clustering,315,317,unmatched_cluster,unmatched_cluster,3
raw_native,8.0,detection_template,final_clustering,315,322,unmatched_cluster,unmatched_cluster,8
raw_native,8.0,detection_template,final_clustering,315,323,unmatched_cluster,unmatched_cluster,1
raw_native,8.0,detection_template,final_clustering,315,326,unmatched_cluster,unmatched_cluster,2
raw_native,8.0,detection_template,final_clustering,315,327,unmatched_cluster,unmatched_cluster,17
raw_native,8.0,detection_template,final_clustering,315,328,unmatched_cluster,unmatched_cluster,38305
raw_native,8.0,detection_template,final_clustering,316,330,unmatched_cluster,unmatched_cluster,2
raw_native,8.0,detection_template,final_clustering,316,333,unmatched_cluster,unmatched_cluster,1
raw_native,8.0,detection_template,final_clustering,316,338,unmatched_cluster,unmatched_cluster,12033
raw_native,8.0,detection_template,final_clustering,316,339,unmatched_cluster,unmatched_cluster,528
raw_native,8.0,detection_template,final_clustering,317,329,unmatched_cluster,unmatched_cluster,3372
raw_native,8.0,detection_template,final_clustering,317,330,unmatched_cluster,unmatched_cluster,70
raw_native,8.0,detection_template,final_clustering,317,333,unmatched_cluster,unmatched_cluster,284
raw_native,8.0,detection_template,final_clustering,317,336,unmatched_cluster,unmatched_cluster,33
raw_native,8.0,detection_template,final_clustering,318,334,unmatched_cluster,unmatched_cluster,1
raw_native,8.0,detection_template,final_clustering,318,335,unmatched_cluster,unmatched_cluster,1
raw_native,8.0,detection_template,final_clustering,318,338,unmatched_cluster,unmatched_cluster,293
raw_native,8.0,detection_template,final_clustering,318,339,unmatched_cluster,unmatched_cluster,1257
raw_native,8.0,detection_template,final_clustering,319,329,unmatched_cluster,unmatched_cluster,511
raw_native,8.0,detection_template,final_clustering,319,330,unmatched_cluster,unmatched_cluster,25
raw_native,8.0,detection_template,final_clustering,319,332,unmatched_cluster,unmatched_cluster,2
raw_native,8.0,detection_template,final_clustering,319,333,unmatched_cluster,unmatched_cluster,3
raw_native,8.0,detection_template,final_clustering,319,335,unmatched_cluster,unmatched_cluster,3
raw_native,8.0,detection_template,final_clustering,319,336,unmatched_cluster,unmatched_cluster,9242
raw_native,8.0,detection_template,final_clustering,320,329,unmatched_cluster,unmatched_cluster,1
raw_native,8.0,detection_template,final_clustering,320,332,unmatched_cluster,unmatched_cluster,1
raw_native,8.0,detection_template,final_clustering,320,334,unmatched_cluster,unmatched_cluster,4313
raw_native,8.0,detection_template,final_clustering,320,339,unmatched_cluster,unmatched_cluster,316
raw_native,8.0,detection_template,final_clustering,321,329,unmatched_cluster,unmatched_cluster,13883
raw_native,8.0,detection_template,final_clustering,321,330,unmatched_cluster,unmatched_cluster,19
raw_native,8.0,detection_template,final_clustering,321,333,unmatched_cluster,unmatched_cluster,32
raw_native,8.0,detection_template,final_clustering,321,336,unmatched_cluster,unmatched_cluster,153
raw_native,8.0,detection_template,final_clustering,322,329,unmatched_cluster,unmatched_cluster,383
raw_native,8.0,detection_template,final_clustering,322,330,unmatched_cluster,unmatched_cluster,46
raw_native,8.0,detection_template,final_clustering,322,333,unmatched_cluster,unmatched_cluster,8033
raw_native,8.0,detection_template,final_clustering,322,336,unmatched_cluster,unmatched_cluster,3
raw_native,8.0,detection_template,final_clustering,323,342,unmatched_cluster,unmatched_cluster,35
raw_native,8.0,detection_template,final_clustering,323,345,unmatched_cluster,unmatched_cluster,4002
raw_native,8.0,detection_template,final_clustering,324,329,unmatched_cluster,unmatched_cluster,3
raw_native,8.0,detection_template,final_clustering,324,330,unmatched_cluster,unmatched_cluster,11
raw_native,8.0,detection_template,final_clustering,324,331,unmatched_cluster,unmatched_cluster,4813
raw_native,8.0,detection_template,final_clustering,324,336,unmatched_cluster,unmatched_cluster,1
raw_native,8.0,detection_template,final_clustering,324,340,unmatched_cluster,unmatched_cluster,1
raw_native,8.0,detection_template,final_clustering,325,329,unmatched_cluster,unmatched_cluster,3
raw_native,8.0,detection_template,final_clustering,325,330,unmatched_cluster,unmatched_cluster,3
raw_native,8.0,detection_template,final_clustering,325,332,unmatched_cluster,unmatched_cluster,9316
raw_native,8.0,detection_template,final_clustering,325,333,unmatched_cluster,unmatched_cluster,2
raw_native,8.0,detection_template,final_clustering,325,335,unmatched_cluster,unmatched_cluster,263
raw_native,8.0,detection_template,final_clustering,325,339,unmatched_cluster,unmatched_cluster,1
raw_native,8.0,detection_template,final_clustering,326,329,unmatched_cluster,unmatched_cluster,361
raw_native,8.0,detection_template,final_clustering,326,330,unmatched_cluster,unmatched_cluster,7056
raw_native,8.0,detection_template,final_clustering,326,333,unmatched_cluster,unmatched_cluster,364
raw_native,8.0,detection_template,final_clustering,326,336,unmatched_cluster,unmatched_cluster,15
raw_native,8.0,detection_template,final_clustering,326,340,unmatched_cluster,unmatched_cluster,1
raw_native,8.0,detection_template,final_clustering,327,329,unmatched_cluster,unmatched_cluster,3
raw_native,8.0,detection_template,final_clustering,327,330,unmatched_cluster,unmatched_cluster,3
raw_native,8.0,detection_template,final_clustering,327,332,unmatched_cluster,unmatched_cluster,12
raw_native,8.0,detection_template,final_clustering,327,335,unmatched_cluster,unmatched_cluster,24
raw_native,8.0,detection_template,final_clustering,327,336,unmatched_cluster,unmatched_cluster,2
raw_native,8.0,detection_template,final_clustering,327,337,unmatched_cluster,unmatched_cluster,8359
raw_native,8.0,detection_template,final_clustering,327,339,unmatched_cluster,unmatched_cluster,4
raw_native,8.0,detection_template,final_clustering,328,329,unmatched_cluster,unmatched_cluster,2
raw_native,8.0,detection_template,final_clustering,328,330,unmatched_cluster,unmatched_cluster,133
raw_native,8.0,detection_template,final_clustering,328,331,unmatched_cluster,unmatched_cluster,36
raw_native,8.0,detection_template,final_clustering,328,333,unmatched_cluster,unmatched_cluster,1
raw_native,8.0,detection_template,final_clustering,328,339,unmatched_cluster,unmatched_cluster,19
raw_native,8.0,detection_template,final_clustering,328,340,unmatched_cluster,unmatched_cluster,24929
raw_native,8.0,detection_template,final_clustering,329,344,unmatched_cluster,unmatched_cluster,3386
raw_native,8.0,detection_template,final_clustering,330,341,unmatched_cluster,unmatched_cluster,2
raw_native,8.0,detection_template,final_clustering,330,342,unmatched_cluster,unmatched_cluster,18179
raw_native,8.0,detection_template,final_clustering,330,345,unmatched_cluster,unmatched_cluster,822
raw_native,8.0,detection_template,final_clustering,331,341,unmatched_cluster,unmatched_cluster,92
raw_native,8.0,detection_template,final_clustering,331,343,unmatched_cluster,unmatched_cluster,6602
raw_native,8.0,detection_template,final_clustering,332,342,unmatched_cluster,unmatched_cluster,59
raw_native,8.0,detection_template,final_clustering,332,345,unmatched_cluster,unmatched_cluster,7105
raw_native,8.0,detection_template,final_clustering,333,341,unmatched_cluster,unmatched_cluster,14440
raw_native,8.0,detection_template,final_clustering,333,343,unmatched_cluster,unmatched_cluster,21
raw_native,8.0,detection_template,final_clustering,333,345,unmatched_cluster,unmatched_cluster,1
raw_native,8.0,detection_template,final_clustering,334,332,unmatched_cluster,unmatched_cluster,5
raw_native,8.0,detection_template,final_clustering,334,335,unmatched_cluster,unmatched_cluster,67313
raw_native,8.0,detection_template,final_clustering,335,349,unmatched_cluster,unmatched_cluster,4320
raw_native,8.0,detection_template,final_clustering,336,346,unmatched_cluster,unmatched_cluster,679
raw_native,8.0,detection_template,final_clustering,336,348,unmatched_cluster,unmatched_cluster,1
raw_native,8.0,detection_template,final_clustering,336,349,unmatched_cluster,unmatched_cluster,3
raw_native,8.0,detection_template,final_clustering,337,347,unmatched_cluster,unmatched_cluster,6
raw_native,8.0,detection_template,final_clustering,337,348,unmatched_cluster,unmatched_cluster,3292
raw_native,8.0,detection_template,final_clustering,338,347,unmatched_cluster,unmatched_cluster,8880
raw_native,8.0,detection_template,final_clustering,339,352,unmatched_cluster,unmatched_cluster,2
raw_native,8.0,detection_template,final_clustering,339,353,unmatched_cluster,unmatched_cluster,6
raw_native,8.0,detection_template,final_clustering,339,355,unmatched_cluster,unmatched_cluster,1347
raw_native,8.0,detection_template,final_clustering,340,350,unmatched_cluster,unmatched_cluster,730
raw_native,8.0,detection_template,final_clustering,340,351,unmatched_cluster,unmatched_cluster,12
raw_native,8.0,detection_template,final_clustering,340,352,unmatched_cluster,unmatched_cluster,14
raw_native,8.0,detection_template,final_clustering,340,353,unmatched_cluster,unmatched_cluster,2
raw_native,8.0,detection_template,final_clustering,340,354,unmatched_cluster,unmatched_cluster,7
raw_native,8.0,detection_template,final_clustering,340,355,unmatched_cluster,unmatched_cluster,5
raw_native,8.0,detection_template,final_clustering,341,351,unmatched_cluster,unmatched_cluster,1
raw_native,8.0,detection_template,final_clustering,341,354,unmatched_cluster,unmatched_cluster,877
raw_native,8.0,detection_template,final_clustering,342,353,unmatched_cluster,unmatched_cluster,1
raw_native,8.0,detection_template,final_clustering,342,355,unmatched_cluster,unmatched_cluster,11
raw_native,8.0,detection_template,final_clustering,342,356,unmatched_cluster,unmatched_cluster,267
raw_native,8.0,detection_template,final_clustering,343,353,unmatched_cluster,unmatched_cluster,1881
raw_native,8.0,detection_template,final_clustering,344,353,unmatched_cluster,unmatched_cluster,26
raw_native,8.0,detection_template,final_clustering,344,354,unmatched_cluster,unmatched_cluster,3
raw_native,8.0,detection_template,final_clustering,344,355,unmatched_cluster,unmatched_cluster,37
raw_native,8.0,detection_template,final_clustering,344,357,unmatched_cluster,unmatched_cluster,679
raw_native,8.0,detection_template,final_clustering,345,351,unmatched_cluster,unmatched_cluster,1229
raw_native,8.0,detection_template,final_clustering,345,352,unmatched_cluster,unmatched_cluster,1069
raw_native,8.0,detection_template,final_clustering,346,361,unmatched_cluster,unmatched_cluster,336
raw_native,8.0,detection_template,final_clustering,346,362,unmatched_cluster,unmatched_cluster,4
raw_native,8.0,detection_template,final_clustering,347,358,fp_matched_cluster,fp_matched_cluster,312
raw_native,8.0,detection_template,final_clustering,347,358,tp,tp,9014
raw_native,8.0,detection_template,final_clustering,348,359,unmatched_cluster,unmatched_cluster,1
raw_native,8.0,detection_template,final_clustering,348,360,unmatched_cluster,unmatched_cluster,10
raw_native,8.0,detection_template,final_clustering,348,363,unmatched_cluster,unmatched_cluster,1164
raw_native,8.0,detection_template,final_clustering,349,361,unmatched_cluster,unmatched_cluster,3020
raw_native,8.0,detection_template,final_clustering,350,359,unmatched_cluster,unmatched_cluster,3693
raw_native,8.0,detection_template,final_clustering,351,360,unmatched_cluster,unmatched_cluster,7699
raw_native,8.0,detection_template,final_clustering,352,361,unmatched_cluster,unmatched_cluster,7
raw_native,8.0,detection_template,final_clustering,352,362,unmatched_cluster,unmatched_cluster,5465
raw_native,8.0,detection_template,final_clustering,353,368,unmatched_cluster,unmatched_cluster,890
raw_native,8.0,detection_template,final_clustering,353,375,unmatched_cluster,unmatched_cluster,87
raw_native,8.0,detection_template,final_clustering,353,377,unmatched_cluster,unmatched_cluster,125
raw_native,8.0,detection_template,final_clustering,354,364,unmatched_cluster,unmatched_cluster,2
raw_native,8.0,detection_template,final_clustering,354,365,unmatched_cluster,unmatched_cluster,8
raw_native,8.0,detection_template,final_clustering,354,366,unmatched_cluster,unmatched_cluster,2
raw_native,8.0,detection_template,final_clustering,354,367,unmatched_cluster,unmatched_cluster,8908
raw_native,8.0,detection_template,final_clustering,355,364,unmatched_cluster,unmatched_cluster,22833
raw_native,8.0,detection_template,final_clustering,356,364,unmatched_cluster,unmatched_cluster,218
raw_native,8.0,detection_template,final_clustering,356,366,unmatched_cluster,unmatched_cluster,2785
raw_native,8.0,detection_template,final_clustering,356,367,unmatched_cluster,unmatched_cluster,21
raw_native,8.0,detection_template,final_clustering,357,364,unmatched_cluster,unmatched_cluster,273
raw_native,8.0,detection_template,final_clustering,357,365,unmatched_cluster,unmatched_cluster,724
raw_native,8.0,detection_template,final_clustering,357,366,unmatched_cluster,unmatched_cluster,20
raw_native,8.0,detection_template,final_clustering,357,367,unmatched_cluster,unmatched_cluster,758
raw_native,8.0,detection_template,final_clustering,358,372,unmatched_cluster,unmatched_cluster,9
raw_native,8.0,detection_template,final_clustering,358,374,unmatched_cluster,unmatched_cluster,37908
raw_native,8.0,detection_template,final_clustering,358,375,unmatched_cluster,unmatched_cluster,8
raw_native,8.0,detection_template,final_clustering,359,371,unmatched_cluster,unmatched_cluster,200
raw_native,8.0,detection_template,final_clustering,359,372,unmatched_cluster,unmatched_cluster,23
raw_native,8.0,detection_template,final_clustering,359,374,unmatched_cluster,unmatched_cluster,79
raw_native,8.0,detection_template,final_clustering,359,377,unmatched_cluster,unmatched_cluster,1
raw_native,8.0,detection_template,final_clustering,360,368,unmatched_cluster,unmatched_cluster,377
raw_native,8.0,detection_template,final_clustering,360,369,unmatched_cluster,unmatched_cluster,971
raw_native,8.0,detection_template,final_clustering,360,373,unmatched_cluster,unmatched_cluster,1
raw_native,8.0,detection_template,final_clustering,360,375,unmatched_cluster,unmatched_cluster,27
raw_native,8.0,detection_template,final_clustering,360,377,unmatched_cluster,unmatched_cluster,11
raw_native,8.0,detection_template,final_clustering,360,379,unmatched_cluster,unmatched_cluster,75
raw_native,8.0,detection_template,final_clustering,361,368,unmatched_cluster,unmatched_cluster,28
raw_native,8.0,detection_template,final_clustering,361,371,unmatched_cluster,unmatched_cluster,1
raw_native,8.0,detection_template,final_clustering,361,373,unmatched_cluster,unmatched_cluster,4
raw_native,8.0,detection_template,final_clustering,361,375,unmatched_cluster,unmatched_cluster,13
raw_native,8.0,detection_template,final_clustering,361,376,unmatched_cluster,unmatched_cluster,1946
raw_native,8.0,detection_template,final_clustering,361,377,unmatched_cluster,unmatched_cluster,33
raw_native,8.0,detection_template,final_clustering,362,371,unmatched_cluster,unmatched_cluster,2789
raw_native,8.0,detection_template,final_clustering,362,374,unmatched_cluster,unmatched_cluster,5
raw_native,8.0,detection_template,final_clustering,363,368,unmatched_cluster,unmatched_cluster,18
raw_native,8.0,detection_template,final_clustering,363,375,unmatched_cluster,unmatched_cluster,8
raw_native,8.0,detection_template,final_clustering,363,377,unmatched_cluster,unmatched_cluster,1681
raw_native,8.0,detection_template,final_clustering,364,370,unmatched_cluster,unmatched_cluster,6
raw_native,8.0,detection_template,final_clustering,364,374,unmatched_cluster,unmatched_cluster,2
raw_native,8.0,detection_template,final_clustering,364,375,unmatched_cluster,unmatched_cluster,1
raw_native,8.0,detection_template,final_clustering,364,379,unmatched_cluster,unmatched_cluster,1888
raw_native,8.0,detection_template,final_clustering,365,372,unmatched_cluster,unmatched_cluster,10310
raw_native,8.0,detection_template,final_clustering,365,374,unmatched_cluster,unmatched_cluster,141
raw_native,8.0,detection_template,final_clustering,365,375,unmatched_cluster,unmatched_cluster,44
raw_native,8.0,detection_template,final_clustering,366,380,unmatched_cluster,unmatched_cluster,2
raw_native,8.0,detection_template,final_clustering,366,383,unmatched_cluster,unmatched_cluster,3
raw_native,8.0,detection_template,final_clustering,366,384,unmatched_cluster,unmatched_cluster,4
raw_native,8.0,detection_template,final_clustering,366,392,unmatched_cluster,unmatched_cluster,582
raw_native,8.0,detection_template,final_clustering,367,385,unmatched_cluster,unmatched_cluster,856
raw_native,8.0,detection_template,final_clustering,367,392,unmatched_cluster,unmatched_cluster,971
raw_native,8.0,detection_template,final_clustering,368,372,unmatched_cluster,unmatched_cluster,2
raw_native,8.0,detection_template,final_clustering,368,374,unmatched_cluster,unmatched_cluster,1
raw_native,8.0,detection_template,final_clustering,368,375,unmatched_cluster,unmatched_cluster,27688
raw_native,8.0,detection_template,final_clustering,369,375,unmatched_cluster,unmatched_cluster,6
raw_native,8.0,detection_template,final_clustering,369,379,unmatched_cluster,unmatched_cluster,8579
raw_native,8.0,detection_template,final_clustering,370,368,unmatched_cluster,unmatched_cluster,261
raw_native,8.0,detection_template,final_clustering,370,373,unmatched_cluster,unmatched_cluster,1069
raw_native,8.0,detection_template,final_clustering,370,377,unmatched_cluster,unmatched_cluster,40
raw_native,8.0,detection_template,final_clustering,370,378,unmatched_cluster,unmatched_cluster,1
raw_native,8.0,detection_template,final_clustering,371,368,unmatched_cluster,unmatched_cluster,21
raw_native,8.0,detection_template,final_clustering,371,371,unmatched_cluster,unmatched_cluster,1
raw_native,8.0,detection_template,final_clustering,371,373,unmatched_cluster,unmatched_cluster,49
raw_native,8.0,detection_template,final_clustering,371,375,unmatched_cluster,unmatched_cluster,1
raw_native,8.0,detection_template,final_clustering,371,377,unmatched_cluster,unmatched_cluster,37
raw_native,8.0,detection_template,final_clustering,371,378,unmatched_cluster,unmatched_cluster,2129
raw_native,8.0,detection_template,final_clustering,372,370,unmatched_cluster,unmatched_cluster,9566
raw_native,8.0,detection_template,final_clustering,372,372,unmatched_cluster,unmatched_cluster,2
raw_native,8.0,detection_template,final_clustering,372,374,unmatched_cluster,unmatched_cluster,1
raw_native,8.0,detection_template,final_clustering,372,375,unmatched_cluster,unmatched_cluster,20
raw_native,8.0,detection_template,final_clustering,372,379,unmatched_cluster,unmatched_cluster,897
raw_native,8.0,detection_template,final_clustering,373,383,unmatched_cluster,unmatched_cluster,1
raw_native,8.0,detection_template,final_clustering,373,388,unmatched_cluster,unmatched_cluster,1091
raw_native,8.0,detection_template,final_clustering,374,381,unmatched_cluster,unmatched_cluster,996
raw_native,8.0,detection_template,final_clustering,374,383,unmatched_cluster,unmatched_cluster,33
raw_native,8.0,detection_template,final_clustering,375,380,unmatched_cluster,unmatched_cluster,3
raw_native,8.0,detection_template,final_clustering,375,384,unmatched_cluster,unmatched_cluster,7
raw_native,8.0,detection_template,final_clustering,375,386,unmatched_cluster,unmatched_cluster,114
raw_native,8.0,detection_template,final_clustering,375,388,unmatched_cluster,unmatched_cluster,1
raw_native,8.0,detection_template,final_clustering,375,391,unmatched_cluster,unmatched_cluster,667
raw_native,8.0,detection_template,final_clustering,375,393,unmatched_cluster,unmatched_cluster,18
raw_native,8.0,detection_template,final_clustering,376,380,unmatched_cluster,unmatched_cluster,12
raw_native,8.0,detection_template,final_clustering,376,382,unmatched_cluster,unmatched_cluster,440
raw_native,8.0,detection_template,final_clustering,376,384,unmatched_cluster,unmatched_cluster,21
raw_native,8.0,detection_template,final_clustering,376,386,unmatched_cluster,unmatched_cluster,54
raw_native,8.0,detection_template,final_clustering,376,392,unmatched_cluster,unmatched_cluster,2
raw_native,8.0,detection_template,final_clustering,377,397,unmatched_cluster,unmatched_cluster,856
raw_native,8.0,detection_template,final_clustering,378,368,unmatched_cluster,unmatched_cluster,3
raw_native,8.0,detection_template,final_clustering,378,370,unmatched_cluster,unmatched_cluster,1
raw_native,8.0,detection_template,final_clustering,378,372,unmatched_cluster,unmatched_cluster,1
raw_native,8.0,detection_template,final_clustering,378,374,unmatched_cluster,unmatched_cluster,1
raw_native,8.0,detection_template,final_clustering,378,375,unmatched_cluster,unmatched_cluster,14
raw_native,8.0,detection_template,final_clustering,378,379,unmatched_cluster,unmatched_cluster,1521
raw_native,8.0,detection_template,final_clustering,379,380,unmatched_cluster,unmatched_cluster,7
raw_native,8.0,detection_template,final_clustering,379,381,unmatched_cluster,unmatched_cluster,9
raw_native,8.0,detection_template,final_clustering,379,383,unmatched_cluster,unmatched_cluster,62
raw_native,8.0,detection_template,final_clustering,379,384,unmatched_cluster,unmatched_cluster,5
raw_native,8.0,detection_template,final_clustering,379,386,unmatched_cluster,unmatched_cluster,4
raw_native,8.0,detection_template,final_clustering,379,388,unmatched_cluster,unmatched_cluster,15
raw_native,8.0,detection_template,final_clustering,379,389,unmatched_cluster,unmatched_cluster,310
raw_native,8.0,detection_template,final_clustering,379,392,unmatched_cluster,unmatched_cluster,8
raw_native,8.0,detection_template,final_clustering,380,381,unmatched_cluster,unmatched_cluster,1
raw_native,8.0,detection_template,final_clustering,380,383,unmatched_cluster,unmatched_cluster,3413
raw_native,8.0,detection_template,final_clustering,381,383,unmatched_cluster,unmatched_cluster,1
raw_native,8.0,detection_template,final_clustering,381,384,unmatched_cluster,unmatched_cluster,34
raw_native,8.0,detection_template,final_clustering,381,387,unmatched_cluster,unmatched_cluster,300
raw_native,8.0,detection_template,final_clustering,381,390,unmatched_cluster,unmatched_cluster,295
raw_native,8.0,detection_template,final_clustering,382,380,unmatched_cluster,unmatched_cluster,1
raw_native,8.0,detection_template,final_clustering,382,384,unmatched_cluster,unmatched_cluster,4875
raw_native,8.0,detection_template,final_clustering,383,380,unmatched_cluster,unmatched_cluster,1851
raw_native,8.0,detection_template,final_clustering,383,384,unmatched_cluster,unmatched_cluster,3
raw_native,8.0,detection_template,final_clustering,383,386,unmatched_cluster,unmatched_cluster,71
raw_native,8.0,detection_template,final_clustering,383,393,unmatched_cluster,unmatched_cluster,1
raw_native,8.0,detection_template,final_clustering,384,380,unmatched_cluster,unmatched_cluster,8
raw_native,8.0,detection_template,final_clustering,384,384,unmatched_cluster,unmatched_cluster,6
raw_native,8.0,detection_template,final_clustering,384,386,unmatched_cluster,unmatched_cluster,172
raw_native,8.0,detection_template,final_clustering,384,388,unmatched_cluster,unmatched_cluster,1
raw_native,8.0,detection_template,final_clustering,384,391,unmatched_cluster,unmatched_cluster,284
raw_native,8.0,detection_template,final_clustering,384,393,unmatched_cluster,unmatched_cluster,15
raw_native,8.0,detection_template,final_clustering,385,380,unmatched_cluster,unmatched_cluster,52
raw_native,8.0,detection_template,final_clustering,385,384,unmatched_cluster,unmatched_cluster,1
raw_native,8.0,detection_template,final_clustering,385,386,unmatched_cluster,unmatched_cluster,1093
raw_native,8.0,detection_template,final_clustering,385,393,unmatched_cluster,unmatched_cluster,1
raw_native,8.0,detection_template,final_clustering,386,380,unmatched_cluster,unmatched_cluster,3
raw_native,8.0,detection_template,final_clustering,386,384,unmatched_cluster,unmatched_cluster,17
raw_native,8.0,detection_template,final_clustering,386,386,unmatched_cluster,unmatched_cluster,3
raw_native,8.0,detection_template,final_clustering,386,393,unmatched_cluster,unmatched_cluster,3398
raw_native,8.0,detection_template,final_clustering,387,400,unmatched_cluster,unmatched_cluster,8976
raw_native,8.0,detection_template,final_clustering,388,397,unmatched_cluster,unmatched_cluster,626
raw_native,8.0,detection_template,final_clustering,388,399,unmatched_cluster,unmatched_cluster,2
raw_native,8.0,detection_template,final_clustering,389,404,unmatched_cluster,unmatched_cluster,96
raw_native,8.0,detection_template,final_clustering,389,405,unmatched_cluster,unmatched_cluster,1812
raw_native,8.0,detection_template,final_clustering,389,406,unmatched_cluster,unmatched_cluster,534
raw_native,8.0,detection_template,final_clustering,389,407,unmatched_cluster,unmatched_cluster,4
raw_native,8.0,detection_template,final_clustering,389,411,unmatched_cluster,unmatched_cluster,4
raw_native,8.0,detection_template,final_clustering,390,394,unmatched_cluster,unmatched_cluster,10
raw_native,8.0,detection_template,final_clustering,390,398,unmatched_cluster,unmatched_cluster,1907
raw_native,8.0,detection_template,final_clustering,390,400,unmatched_cluster,unmatched_cluster,334
raw_native,8.0,detection_template,final_clustering,391,394,unmatched_cluster,unmatched_cluster,1
raw_native,8.0,detection_template,final_clustering,391,400,unmatched_cluster,unmatched_cluster,12580
raw_native,8.0,detection_template,final_clustering,391,402,unmatched_cluster,unmatched_cluster,1
raw_native,8.0,detection_template,final_clustering,392,394,unmatched_cluster,unmatched_cluster,2436
raw_native,8.0,detection_template,final_clustering,392,396,unmatched_cluster,unmatched_cluster,50
raw_native,8.0,detection_template,final_clustering,392,398,unmatched_cluster,unmatched_cluster,13
raw_native,8.0,detection_template,final_clustering,392,400,unmatched_cluster,unmatched_cluster,62
raw_native,8.0,detection_template,final_clustering,392,402,unmatched_cluster,unmatched_cluster,10
raw_native,8.0,detection_template,final_clustering,393,396,unmatched_cluster,unmatched_cluster,2028
raw_native,8.0,detection_template,final_clustering,393,400,unmatched_cluster,unmatched_cluster,10
raw_native,8.0,detection_template,final_clustering,393,402,unmatched_cluster,unmatched_cluster,207
raw_native,8.0,detection_template,final_clustering,394,395,unmatched_cluster,unmatched_cluster,267
raw_native,8.0,detection_template,final_clustering,394,396,unmatched_cluster,unmatched_cluster,3
raw_native,8.0,detection_template,final_clustering,394,399,unmatched_cluster,unmatched_cluster,1
raw_native,8.0,detection_template,final_clustering,394,400,unmatched_cluster,unmatched_cluster,33
raw_native,8.0,detection_template,final_clustering,394,401,unmatched_cluster,unmatched_cluster,142
raw_native,8.0,detection_template,final_clustering,395,399,unmatched_cluster,unmatched_cluster,1308
raw_native,8.0,detection_template,final_clustering,396,396,unmatched_cluster,unmatched_cluster,47
raw_native,8.0,detection_template,final_clustering,396,400,unmatched_cluster,unmatched_cluster,10
raw_native,8.0,detection_template,final_clustering,396,401,unmatched_cluster,unmatched_cluster,1
raw_native,8.0,detection_template,final_clustering,396,402,unmatched_cluster,unmatched_cluster,4686
raw_native,8.0,detection_template,final_clustering,397,407,unmatched_cluster,unmatched_cluster,34
raw_native,8.0,detection_template,final_clustering,397,410,unmatched_cluster,unmatched_cluster,680
raw_native,8.0,detection_template,final_clustering,398,412,unmatched_cluster,unmatched_cluster,7688
raw_native,8.0,detection_template,final_clustering,398,413,unmatched_cluster,unmatched_cluster,29
raw_native,8.0,detection_template,final_clustering,399,403,unmatched_cluster,unmatched_cluster,5
raw_native,8.0,detection_template,final_clustering,399,408,unmatched_cluster,unmatched_cluster,1
raw_native,8.0,detection_template,final_clustering,399,413,unmatched_cluster,unmatched_cluster,1476
raw_native,8.0,detection_template,final_clustering,400,403,unmatched_cluster,unmatched_cluster,66
raw_native,8.0,detection_template,final_clustering,400,408,unmatched_cluster,unmatched_cluster,190
raw_native,8.0,detection_template,final_clustering,400,413,unmatched_cluster,unmatched_cluster,550
raw_native,8.0,detection_template,final_clustering,401,406,unmatched_cluster,unmatched_cluster,9
raw_native,8.0,detection_template,final_clustering,401,407,unmatched_cluster,unmatched_cluster,1
raw_native,8.0,detection_template,final_clustering,401,409,unmatched_cluster,unmatched_cluster,2
raw_native,8.0,detection_template,final_clustering,401,412,unmatched_cluster,unmatched_cluster,2
raw_native,8.0,detection_template,final_clustering,401,413,unmatched_cluster,unmatched_cluster,86
raw_native,8.0,detection_template,final_clustering,402,403,unmatched_cluster,unmatched_cluster,3
raw_native,8.0,detection_template,final_clustering,402,412,unmatched_cluster,unmatched_cluster,61
raw_native,8.0,detection_template,final_clustering,402,413,unmatched_cluster,unmatched_cluster,2240
raw_native,8.0,detection_template,final_clustering,403,407,unmatched_cluster,unmatched_cluster,4001
raw_native,8.0,detection_template,final_clustering,404,403,unmatched_cluster,unmatched_cluster,2121
raw_native,8.0,detection_template,final_clustering,404,412,unmatched_cluster,unmatched_cluster,10
raw_native,8.0,detection_template,final_clustering,404,413,unmatched_cluster,unmatched_cluster,137
raw_native,8.0,detection_template,final_clustering,405,404,unmatched_cluster,unmatched_cluster,12
raw_native,8.0,detection_template,final_clustering,405,406,unmatched_cluster,unmatched_cluster,6761
raw_native,8.0,detection_template,final_clustering,405,411,unmatched_cluster,unmatched_cluster,3
raw_native,8.0,detection_template,final_clustering,406,404,unmatched_cluster,unmatched_cluster,7527
raw_native,8.0,detection_template,final_clustering,406,406,unmatched_cluster,unmatched_cluster,111
raw_native,8.0,detection_template,final_clustering,406,411,unmatched_cluster,unmatched_cluster,229
raw_native,8.0,detection_template,final_clustering,407,406,unmatched_cluster,unmatched_cluster,89
raw_native,8.0,detection_template,final_clustering,407,407,unmatched_cluster,unmatched_cluster,3
raw_native,8.0,detection_template,final_clustering,407,409,unmatched_cluster,unmatched_cluster,27998
raw_native,8.0,detection_template,final_clustering,407,412,unmatched_cluster,unmatched_cluster,5
raw_native,8.0,detection_template,final_clustering,407,413,unmatched_cluster,unmatched_cluster,18
raw_native,8.0,detection_template,final_clustering,408,415,unmatched_cluster,unmatched_cluster,965
raw_native,8.0,detection_template,final_clustering,409,417,unmatched_cluster,unmatched_cluster,4
raw_native,8.0,detection_template,final_clustering,409,418,unmatched_cluster,unmatched_cluster,4
raw_native,8.0,detection_template,final_clustering,409,420,unmatched_cluster,unmatched_cluster,3537
raw_native,8.0,detection_template,final_clustering,410,416,unmatched_cluster,unmatched_cluster,21804
raw_native,8.0,detection_template,final_clustering,410,419,unmatched_cluster,unmatched_cluster,20
raw_native,8.0,detection_template,final_clustering,411,416,unmatched_cluster,unmatched_cluster,83
raw_native,8.0,detection_template,final_clustering,411,419,unmatched_cluster,unmatched_cluster,4864
raw_native,8.0,detection_template,final_clustering,412,414,unmatched_cluster,unmatched_cluster,7264
raw_native,8.0,detection_template,final_clustering,412,417,unmatched_cluster,unmatched_cluster,12
raw_native,8.0,detection_template,final_clustering,412,418,unmatched_cluster,unmatched_cluster,12
raw_native,8.0,detection_template,final_clustering,413,414,unmatched_cluster,unmatched_cluster,35
raw_native,8.0,detection_template,final_clustering,413,417,unmatched_cluster,unmatched_cluster,197
raw_native,8.0,detection_template,final_clustering,413,418,unmatched_cluster,unmatched_cluster,8375
raw_native,8.0,detection_template,final_clustering,413,420,unmatched_cluster,unmatched_cluster,12
raw_native,8.0,detection_template,final_clustering,414,414,unmatched_cluster,unmatched_cluster,11
raw_native,8.0,detection_template,final_clustering,414,417,unmatched_cluster,unmatched_cluster,2980
raw_native,8.0,detection_template,final_clustering,414,418,unmatched_cluster,unmatched_cluster,70
raw_native,8.0,detection_template,final_clustering,414,419,unmatched_cluster,unmatched_cluster,1
raw_native,8.0,detection_template,final_clustering,414,420,unmatched_cluster,unmatched_cluster,55
raw_native,8.0,detection_template,final_clustering,415,425,unmatched_cluster,unmatched_cluster,1583
raw_native,8.0,detection_template,final_clustering,415,430,unmatched_cluster,unmatched_cluster,1
raw_native,8.0,detection_template,final_clustering,416,422,unmatched_cluster,unmatched_cluster,4
raw_native,8.0,detection_template,final_clustering,416,423,unmatched_cluster,unmatched_cluster,1
raw_native,8.0,detection_template,final_clustering,416,426,unmatched_cluster,unmatched_cluster,98
raw_native,8.0,detection_template,final_clustering,416,430,unmatched_cluster,unmatched_cluster,6450
raw_native,8.0,detection_template,final_clustering,417,423,unmatched_cluster,unmatched_cluster,3240
raw_native,8.0,detection_template,final_clustering,417,427,unmatched_cluster,unmatched_cluster,1
raw_native,8.0,detection_template,final_clustering,417,430,unmatched_cluster,unmatched_cluster,4
raw_native,8.0,detection_template,final_clustering,418,422,unmatched_cluster,unmatched_cluster,129
raw_native,8.0,detection_template,final_clustering,418,423,unmatched_cluster,unmatched_cluster,7
raw_native,8.0,detection_template,final_clustering,418,427,unmatched_cluster,unmatched_cluster,4101
raw_native,8.0,detection_template,final_clustering,418,429,unmatched_cluster,unmatched_cluster,138
raw_native,8.0,detection_template,final_clustering,418,430,unmatched_cluster,unmatched_cluster,92
raw_native,8.0,detection_template,final_clustering,419,422,unmatched_cluster,unmatched_cluster,43
raw_native,8.0,detection_template,final_clustering,419,423,unmatched_cluster,unmatched_cluster,2
raw_native,8.0,detection_template,final_clustering,419,426,unmatched_cluster,unmatched_cluster,8925
raw_native,8.0,detection_template,final_clustering,419,429,unmatched_cluster,unmatched_cluster,1
raw_native,8.0,detection_template,final_clustering,419,430,unmatched_cluster,unmatched_cluster,502
raw_native,8.0,detection_template,final_clustering,420,421,unmatched_cluster,unmatched_cluster,2
raw_native,8.0,detection_template,final_clustering,420,422,unmatched_cluster,unmatched_cluster,33
raw_native,8.0,detection_template,final_clustering,420,423,unmatched_cluster,unmatched_cluster,200
raw_native,8.0,detection_template,final_clustering,420,424,unmatched_cluster,unmatched_cluster,3396
raw_native,8.0,detection_template,final_clustering,420,427,unmatched_cluster,unmatched_cluster,37
raw_native,8.0,detection_template,final_clustering,420,429,unmatched_cluster,unmatched_cluster,6
raw_native,8.0,detection_template,final_clustering,420,430,unmatched_cluster,unmatched_cluster,27
raw_native,8.0,detection_template,final_clustering,421,422,unmatched_cluster,unmatched_cluster,6523
raw_native,8.0,detection_template,final_clustering,421,426,unmatched_cluster,unmatched_cluster,5
raw_native,8.0,detection_template,final_clustering,421,429,unmatched_cluster,unmatched_cluster,52
raw_native,8.0,detection_template,final_clustering,421,430,unmatched_cluster,unmatched_cluster,5
raw_native,8.0,detection_template,final_clustering,422,422,unmatched_cluster,unmatched_cluster,1
raw_native,8.0,detection_template,final_clustering,422,426,unmatched_cluster,unmatched_cluster,26
raw_native,8.0,detection_template,final_clustering,422,430,unmatched_cluster,unmatched_cluster,15317
raw_native,8.0,detection_template,final_clustering,423,421,unmatched_cluster,unmatched_cluster,175
raw_native,8.0,detection_template,final_clustering,423,422,unmatched_cluster,unmatched_cluster,10
raw_native,8.0,detection_template,final_clustering,423,423,unmatched_cluster,unmatched_cluster,2
raw_native,8.0,detection_template,final_clustering,423,428,unmatched_cluster,unmatched_cluster,2698
raw_native,8.0,detection_template,final_clustering,423,429,unmatched_cluster,unmatched_cluster,135
raw_native,8.0,detection_template,final_clustering,424,432,unmatched_cluster,unmatched_cluster,100
raw_native,8.0,detection_template,final_clustering,424,433,unmatched_cluster,unmatched_cluster,5
raw_native,8.0,detection_template,final_clustering,424,434,unmatched_cluster,unmatched_cluster,223
raw_native,8.0,detection_template,final_clustering,424,439,unmatched_cluster,unmatched_cluster,10
raw_native,8.0,detection_template,final_clustering,424,440,unmatched_cluster,unmatched_cluster,3
raw_native,8.0,detection_template,final_clustering,425,421,unmatched_cluster,unmatched_cluster,4
raw_native,8.0,detection_template,final_clustering,425,422,unmatched_cluster,unmatched_cluster,52
raw_native,8.0,detection_template,final_clustering,425,427,unmatched_cluster,unmatched_cluster,2
raw_native,8.0,detection_template,final_clustering,425,428,unmatched_cluster,unmatched_cluster,2
raw_native,8.0,detection_template,final_clustering,425,429,unmatched_cluster,unmatched_cluster,9806
raw_native,8.0,detection_template,final_clustering,426,437,unmatched_cluster,unmatched_cluster,840
raw_native,8.0,detection_template,final_clustering,427,432,unmatched_cluster,unmatched_cluster,5
raw_native,8.0,detection_template,final_clustering,427,433,unmatched_cluster,unmatched_cluster,158
raw_native,8.0,detection_template,final_clustering,427,435,unmatched_cluster,unmatched_cluster,1
raw_native,8.0,detection_template,final_clustering,427,438,unmatched_cluster,unmatched_cluster,31
raw_native,8.0,detection_template,final_clustering,427,440,unmatched_cluster,unmatched_cluster,282
raw_native,8.0,detection_template,final_clustering,427,441,unmatched_cluster,unmatched_cluster,684
raw_native,8.0,detection_template,final_clustering,428,435,unmatched_cluster,unmatched_cluster,3882
raw_native,8.0,detection_template,final_clustering,428,438,unmatched_cluster,unmatched_cluster,106
raw_native,8.0,detection_template,final_clustering,428,440,unmatched_cluster,unmatched_cluster,5
raw_native,8.0,detection_template,final_clustering,429,432,unmatched_cluster,unmatched_cluster,12
raw_native,8.0,detection_template,final_clustering,429,433,unmatched_cluster,unmatched_cluster,2106
raw_native,8.0,detection_template,final_clustering,429,438,unmatched_cluster,unmatched_cluster,13
raw_native,8.0,detection_template,final_clustering,429,440,unmatched_cluster,unmatched_cluster,76
raw_native,8.0,detection_template,final_clustering,429,441,unmatched_cluster,unmatched_cluster,1
raw_native,8.0,detection_template,final_clustering,429,442,unmatched_cluster,unmatched_cluster,2
raw_native,8.0,detection_template,final_clustering,430,431,unmatched_cluster,unmatched_cluster,1977
raw_native,8.0,detection_template,final_clustering,430,432,unmatched_cluster,unmatched_cluster,55
raw_native,8.0,detection_template,final_clustering,430,433,unmatched_cluster,unmatched_cluster,3
raw_native,8.0,detection_template,final_clustering,430,440,unmatched_cluster,unmatched_cluster,332
raw_native,8.0,detection_template,final_clustering,431,431,unmatched_cluster,unmatched_cluster,1
raw_native,8.0,detection_template,final_clustering,431,440,unmatched_cluster,unmatched_cluster,16633
raw_native,8.0,detection_template,final_clustering,432,431,unmatched_cluster,unmatched_cluster,1
raw_native,8.0,detection_template,final_clustering,432,432,unmatched_cluster,unmatched_cluster,3631
raw_native,8.0,detection_template,final_clustering,432,433,unmatched_cluster,unmatched_cluster,2
raw_native,8.0,detection_template,final_clustering,432,439,unmatched_cluster,unmatched_cluster,26
raw_native,8.0,detection_template,final_clustering,432,440,unmatched_cluster,unmatched_cluster,2
raw_native,8.0,detection_template,final_clustering,433,432,unmatched_cluster,unmatched_cluster,268
raw_native,8.0,detection_template,final_clustering,433,436,unmatched_cluster,unmatched_cluster,3
raw_native,8.0,detection_template,final_clustering,433,439,unmatched_cluster,unmatched_cluster,11090
raw_native,8.0,detection_template,final_clustering,434,432,unmatched_cluster,unmatched_cluster,322
raw_native,8.0,detection_template,final_clustering,434,436,unmatched_cluster,unmatched_cluster,219
raw_native,8.0,detection_template,final_clustering,434,439,unmatched_cluster,unmatched_cluster,122
raw_native,8.0,detection_template,final_clustering,435,432,unmatched_cluster,unmatched_cluster,2
raw_native,8.0,detection_template,final_clustering,435,433,unmatched_cluster,unmatched_cluster,4
raw_native,8.0,detection_template,final_clustering,435,438,unmatched_cluster,unmatched_cluster,15
raw_native,8.0,detection_template,final_clustering,435,440,unmatched_cluster,unmatched_cluster,446
raw_native,8.0,detection_template,final_clustering,435,442,unmatched_cluster,unmatched_cluster,1432
raw_native,8.0,detection_template,final_clustering,436,433,unmatched_cluster,unmatched_cluster,1
raw_native,8.0,detection_template,final_clustering,436,435,unmatched_cluster,unmatched_cluster,7
raw_native,8.0,detection_template,final_clustering,436,438,unmatched_cluster,unmatched_cluster,4184
raw_native,8.0,detection_template,final_clustering,436,440,unmatched_cluster,unmatched_cluster,22
raw_native,8.0,detection_template,final_clustering,437,443,unmatched_cluster,unmatched_cluster,301
raw_native,8.0,detection_template,final_clustering,437,445,unmatched_cluster,unmatched_cluster,5
raw_native,8.0,detection_template,final_clustering,437,447,unmatched_cluster,unmatched_cluster,712
raw_native,8.0,detection_template,final_clustering,437,449,unmatched_cluster,unmatched_cluster,121
raw_native,8.0,detection_template,final_clustering,437,452,unmatched_cluster,unmatched_cluster,1
raw_native,8.0,detection_template,final_clustering,437,453,unmatched_cluster,unmatched_cluster,1
raw_native,8.0,detection_template,final_clustering,437,455,unmatched_cluster,unmatched_cluster,6
raw_native,8.0,detection_template,final_clustering,437,456,unmatched_cluster,unmatched_cluster,764
raw_native,8.0,detection_template,final_clustering,438,444,unmatched_cluster,unmatched_cluster,6667
raw_native,8.0,detection_template,final_clustering,438,446,unmatched_cluster,unmatched_cluster,9256
raw_native,8.0,detection_template,final_clustering,438,450,unmatched_cluster,unmatched_cluster,448
raw_native,8.0,detection_template,final_clustering,438,454,unmatched_cluster,unmatched_cluster,955
raw_native,8.0,detection_template,final_clustering,439,445,unmatched_cluster,unmatched_cluster,3309
raw_native,8.0,detection_template,final_clustering,439,456,unmatched_cluster,unmatched_cluster,16
raw_native,8.0,detection_template,final_clustering,440,444,unmatched_cluster,unmatched_cluster,18
raw_native,8.0,detection_template,final_clustering,440,445,unmatched_cluster,unmatched_cluster,1
raw_native,8.0,detection_template,final_clustering,440,446,unmatched_cluster,unmatched_cluster,170
raw_native,8.0,detection_template,final_clustering,440,450,unmatched_cluster,unmatched_cluster,1
raw_native,8.0,detection_template,final_clustering,440,451,unmatched_cluster,unmatched_cluster,946
raw_native,8.0,detection_template,final_clustering,440,454,unmatched_cluster,unmatched_cluster,119
raw_native,8.0,detection_template,final_clustering,441,443,unmatched_cluster,unmatched_cluster,33
raw_native,8.0,detection_template,final_clustering,441,445,unmatched_cluster,unmatched_cluster,1
raw_native,8.0,detection_template,final_clustering,441,447,unmatched_cluster,unmatched_cluster,15
raw_native,8.0,detection_template,final_clustering,441,449,unmatched_cluster,unmatched_cluster,9
raw_native,8.0,detection_template,final_clustering,441,455,unmatched_cluster,unmatched_cluster,2
raw_native,8.0,detection_template,final_clustering,441,456,unmatched_cluster,unmatched_cluster,7373
raw_native,8.0,detection_template,final_clustering,442,443,unmatched_cluster,unmatched_cluster,435
raw_native,8.0,detection_template,final_clustering,442,453,unmatched_cluster,unmatched_cluster,1490
raw_native,8.0,detection_template,final_clustering,442,456,unmatched_cluster,unmatched_cluster,556
raw_native,8.0,detection_template,final_clustering,443,443,unmatched_cluster,unmatched_cluster,13619
raw_native,8.0,detection_template,final_clustering,443,445,unmatched_cluster,unmatched_cluster,1
raw_native,8.0,detection_template,final_clustering,443,456,unmatched_cluster,unmatched_cluster,31
raw_native,8.0,detection_template,final_clustering,444,444,unmatched_cluster,unmatched_cluster,24
raw_native,8.0,detection_template,final_clustering,444,446,unmatched_cluster,unmatched_cluster,199
raw_native,8.0,detection_template,final_clustering,444,450,unmatched_cluster,unmatched_cluster,39
raw_native,8.0,detection_template,final_clustering,444,454,unmatched_cluster,unmatched_cluster,4546
raw_native,8.0,detection_template,final_clustering,445,445,unmatched_cluster,unmatched_cluster,23
raw_native,8.0,detection_template,final_clustering,445,446,unmatched_cluster,unmatched_cluster,1
raw_native,8.0,detection_template,final_clustering,445,450,unmatched_cluster,unmatched_cluster,1
raw_native,8.0,detection_template,final_clustering,445,452,unmatched_cluster,unmatched_cluster,1
raw_native,8.0,detection_template,final_clustering,445,454,unmatched_cluster,unmatched_cluster,28
raw_native,8.0,detection_template,final_clustering,445,456,unmatched_cluster,unmatched_cluster,29
raw_native,8.0,detection_template,final_clustering,445,457,unmatched_cluster,unmatched_cluster,332
raw_native,8.0,detection_template,final_clustering,446,443,unmatched_cluster,unmatched_cluster,208
raw_native,8.0,detection_template,final_clustering,446,447,unmatched_cluster,unmatched_cluster,1
raw_native,8.0,detection_template,final_clustering,446,448,unmatched_cluster,unmatched_cluster,3575
raw_native,8.0,detection_template,final_clustering,446,449,unmatched_cluster,unmatched_cluster,83
raw_native,8.0,detection_template,final_clustering,446,452,unmatched_cluster,unmatched_cluster,250
raw_native,8.0,detection_template,final_clustering,446,454,unmatched_cluster,unmatched_cluster,1
raw_native,8.0,detection_template,final_clustering,446,455,unmatched_cluster,unmatched_cluster,2583
raw_native,8.0,detection_template,final_clustering,446,456,unmatched_cluster,unmatched_cluster,109
raw_native,8.0,detection_template,final_clustering,447,443,unmatched_cluster,unmatched_cluster,1
raw_native,8.0,detection_template,final_clustering,447,444,unmatched_cluster,unmatched_cluster,2
raw_native,8.0,detection_template,final_clustering,447,445,unmatched_cluster,unmatched_cluster,29
raw_native,8.0,detection_template,final_clustering,447,446,unmatched_cluster,unmatched_cluster,15
raw_native,8.0,detection_template,final_clustering,447,449,unmatched_cluster,unmatched_cluster,1
raw_native,8.0,detection_template,final_clustering,447,454,unmatched_cluster,unmatched_cluster,23
raw_native,8.0,detection_template,final_clustering,447,456,unmatched_cluster,unmatched_cluster,70
raw_native,8.0,detection_template,final_clustering,447,457,unmatched_cluster,unmatched_cluster,11169
raw_native,8.0,detection_template,final_clustering,448,463,unmatched_cluster,unmatched_cluster,273
raw_native,8.0,detection_template,final_clustering,448,464,unmatched_cluster,unmatched_cluster,14
raw_native,8.0,detection_template,final_clustering,448,466,unmatched_cluster,unmatched_cluster,7
raw_native,8.0,detection_template,final_clustering,448,467,unmatched_cluster,unmatched_cluster,7
raw_native,8.0,detection_template,final_clustering,448,469,unmatched_cluster,unmatched_cluster,1702
raw_native,8.0,detection_template,final_clustering,448,472,unmatched_cluster,unmatched_cluster,1180
raw_native,8.0,detection_template,final_clustering,448,474,unmatched_cluster,unmatched_cluster,1
raw_native,8.0,detection_template,final_clustering,449,475,unmatched_cluster,unmatched_cluster,1
raw_native,8.0,detection_template,final_clustering,449,477,unmatched_cluster,unmatched_cluster,92
raw_native,8.0,detection_template,final_clustering,449,478,unmatched_cluster,unmatched_cluster,4
raw_native,8.0,detection_template,final_clustering,449,480,unmatched_cluster,unmatched_cluster,466
raw_native,8.0,detection_template,final_clustering,449,483,unmatched_cluster,unmatched_cluster,3796
raw_native,8.0,detection_template,final_clustering,450,443,unmatched_cluster,unmatched_cluster,1024
raw_native,8.0,detection_template,final_clustering,450,445,unmatched_cluster,unmatched_cluster,2
raw_native,8.0,detection_template,final_clustering,450,447,unmatched_cluster,unmatched_cluster,2
raw_native,8.0,detection_template,final_clustering,450,456,unmatched_cluster,unmatched_cluster,2094
raw_native,8.0,detection_template,final_clustering,451,463,unmatched_cluster,unmatched_cluster,652
raw_native,8.0,detection_template,final_clustering,451,464,unmatched_cluster,unmatched_cluster,463
raw_native,8.0,detection_template,final_clustering,451,467,unmatched_cluster,unmatched_cluster,1
raw_native,8.0,detection_template,final_clustering,451,469,unmatched_cluster,unmatched_cluster,1439
raw_native,8.0,detection_template,final_clustering,451,472,unmatched_cluster,unmatched_cluster,7
raw_native,8.0,detection_template,final_clustering,451,474,unmatched_cluster,unmatched_cluster,33
raw_native,8.0,detection_template,final_clustering,452,473,unmatched_cluster,unmatched_cluster,2529
raw_native,8.0,detection_template,final_clustering,452,474,unmatched_cluster,unmatched_cluster,575
raw_native,8.0,detection_template,final_clustering,453,470,unmatched_cluster,unmatched_cluster,4472
raw_native,8.0,detection_template,final_clustering,453,474,unmatched_cluster,unmatched_cluster,1201
raw_native,8.0,detection_template,final_clustering,454,458,unmatched_cluster,unmatched_cluster,126
raw_native,8.0,detection_template,final_clustering,454,461,unmatched_cluster,unmatched_cluster,13233
raw_native,8.0,detection_template,final_clustering,454,463,unmatched_cluster,unmatched_cluster,1
raw_native,8.0,detection_template,final_clustering,454,466,unmatched_cluster,unmatched_cluster,1309
raw_native,8.0,detection_template,final_clustering,454,467,unmatched_cluster,unmatched_cluster,34
raw_native,8.0,detection_template,final_clustering,454,468,unmatched_cluster,unmatched_cluster,1
raw_native,8.0,detection_template,final_clustering,455,475,unmatched_cluster,unmatched_cluster,1
raw_native,8.0,detection_template,final_clustering,455,477,unmatched_cluster,unmatched_cluster,8985
raw_native,8.0,detection_template,final_clustering,455,480,unmatched_cluster,unmatched_cluster,1604
raw_native,8.0,detection_template,final_clustering,455,483,unmatched_cluster,unmatched_cluster,15
raw_native,8.0,detection_template,final_clustering,456,460,unmatched_cluster,unmatched_cluster,167
raw_native,8.0,detection_template,final_clustering,456,462,unmatched_cluster,unmatched_cluster,374
raw_native,8.0,detection_template,final_clustering,456,465,unmatched_cluster,unmatched_cluster,74
raw_native,8.0,detection_template,final_clustering,456,474,unmatched_cluster,unmatched_cluster,8
raw_native,8.0,detection_template,final_clustering,457,463,unmatched_cluster,unmatched_cluster,184
raw_native,8.0,detection_template,final_clustering,457,464,unmatched_cluster,unmatched_cluster,21
raw_native,8.0,detection_template,final_clustering,457,466,unmatched_cluster,unmatched_cluster,4
raw_native,8.0,detection_template,final_clustering,457,467,unmatched_cluster,unmatched_cluster,15
raw_native,8.0,detection_template,final_clustering,457,469,unmatched_cluster,unmatched_cluster,2569
raw_native,8.0,detection_template,final_clustering,457,472,unmatched_cluster,unmatched_cluster,437
raw_native,8.0,detection_template,final_clustering,458,461,unmatched_cluster,unmatched_cluster,11
raw_native,8.0,detection_template,final_clustering,458,466,unmatched_cluster,unmatched_cluster,30
raw_native,8.0,detection_template,final_clustering,458,467,unmatched_cluster,unmatched_cluster,4370
raw_native,8.0,detection_template,final_clustering,459,464,unmatched_cluster,unmatched_cluster,1
raw_native,8.0,detection_template,final_clustering,459,469,unmatched_cluster,unmatched_cluster,1
raw_native,8.0,detection_template,final_clustering,459,470,unmatched_cluster,unmatched_cluster,1
raw_native,8.0,detection_template,final_clustering,459,471,unmatched_cluster,unmatched_cluster,648
raw_native,8.0,detection_template,final_clustering,459,473,unmatched_cluster,unmatched_cluster,10
raw_native,8.0,detection_template,final_clustering,459,474,unmatched_cluster,unmatched_cluster,1382
raw_native,8.0,detection_template,final_clustering,460,473,unmatched_cluster,unmatched_cluster,224
raw_native,8.0,detection_template,final_clustering,460,474,unmatched_cluster,unmatched_cluster,765
raw_native,8.0,detection_template,final_clustering,461,458,unmatched_cluster,unmatched_cluster,3
raw_native,8.0,detection_template,final_clustering,461,461,unmatched_cluster,unmatched_cluster,25
raw_native,8.0,detection_template,final_clustering,461,466,unmatched_cluster,unmatched_cluster,1025
raw_native,8.0,detection_template,final_clustering,461,467,unmatched_cluster,unmatched_cluster,7
raw_native,8.0,detection_template,final_clustering,461,468,unmatched_cluster,unmatched_cluster,3170
raw_native,8.0,detection_template,final_clustering,462,458,unmatched_cluster,unmatched_cluster,8085
raw_native,8.0,detection_template,final_clustering,462,461,unmatched_cluster,unmatched_cluster,234
raw_native,8.0,detection_template,final_clustering,462,463,unmatched_cluster,unmatched_cluster,1
raw_native,8.0,detection_template,final_clustering,462,466,unmatched_cluster,unmatched_cluster,409
raw_native,8.0,detection_template,final_clustering,462,467,unmatched_cluster,unmatched_cluster,50
raw_native,8.0,detection_template,final_clustering,462,468,unmatched_cluster,unmatched_cluster,8
raw_native,8.0,detection_template,final_clustering,463,470,unmatched_cluster,unmatched_cluster,117
raw_native,8.0,detection_template,final_clustering,463,473,unmatched_cluster,unmatched_cluster,15
raw_native,8.0,detection_template,final_clustering,463,474,unmatched_cluster,unmatched_cluster,9268
raw_native,8.0,detection_template,final_clustering,464,480,unmatched_cluster,unmatched_cluster,10
raw_native,8.0,detection_template,final_clustering,464,481,unmatched_cluster,unmatched_cluster,4
raw_native,8.0,detection_template,final_clustering,464,482,unmatched_cluster,unmatched_cluster,11196
raw_native,8.0,detection_template,final_clustering,464,484,unmatched_cluster,unmatched_cluster,1068
raw_native,8.0,detection_template,final_clustering,465,476,unmatched_cluster,unmatched_cluster,5293
raw_native,8.0,detection_template,final_clustering,465,480,unmatched_cluster,unmatched_cluster,5
raw_native,8.0,detection_template,final_clustering,465,484,unmatched_cluster,unmatched_cluster,46
raw_native,8.0,detection_template,final_clustering,466,476,unmatched_cluster,unmatched_cluster,6
raw_native,8.0,detection_template,final_clustering,466,479,unmatched_cluster,unmatched_cluster,2506
raw_native,8.0,detection_template,final_clustering,466,484,unmatched_cluster,unmatched_cluster,552
raw_native,8.0,detection_template,final_clustering,467,459,unmatched_cluster,unmatched_cluster,102
raw_native,8.0,detection_template,final_clustering,467,461,unmatched_cluster,unmatched_cluster,5
raw_native,8.0,detection_template,final_clustering,467,463,unmatched_cluster,unmatched_cluster,39
raw_native,8.0,detection_template,final_clustering,467,466,unmatched_cluster,unmatched_cluster,132
raw_native,8.0,detection_template,final_clustering,467,467,unmatched_cluster,unmatched_cluster,85
raw_native,8.0,detection_template,final_clustering,467,469,unmatched_cluster,unmatched_cluster,2
raw_native,8.0,detection_template,final_clustering,467,474,unmatched_cluster,unmatched_cluster,5
raw_native,8.0,detection_template,final_clustering,468,480,unmatched_cluster,unmatched_cluster,146
raw_native,8.0,detection_template,final_clustering,468,481,unmatched_cluster,unmatched_cluster,972
raw_native,8.0,detection_template,final_clustering,468,482,unmatched_cluster,unmatched_cluster,27
raw_native,8.0,detection_template,final_clustering,468,484,unmatched_cluster,unmatched_cluster,207
raw_native,8.0,detection_template,final_clustering,469,475,unmatched_cluster,unmatched_cluster,31
raw_native,8.0,detection_template,final_clustering,469,477,unmatched_cluster,unmatched_cluster,174
raw_native,8.0,detection_template,final_clustering,469,478,unmatched_cluster,unmatched_cluster,25
raw_native,8.0,detection_template,final_clustering,469,480,unmatched_cluster,unmatched_cluster,4916
raw_native,8.0,detection_template,final_clustering,469,483,unmatched_cluster,unmatched_cluster,1
raw_native,8.0,detection_template,final_clustering,470,475,unmatched_cluster,unmatched_cluster,1967
raw_native,8.0,detection_template,final_clustering,470,477,unmatched_cluster,unmatched_cluster,11
raw_native,8.0,detection_template,final_clustering,470,480,unmatched_cluster,unmatched_cluster,2400
raw_native,8.0,detection_template,final_clustering,471,475,unmatched_cluster,unmatched_cluster,5
raw_native,8.0,detection_template,final_clustering,471,477,unmatched_cluster,unmatched_cluster,9
raw_native,8.0,detection_template,final_clustering,471,478,unmatched_cluster,unmatched_cluster,2192
raw_native,8.0,detection_template,final_clustering,471,480,unmatched_cluster,unmatched_cluster,806
raw_native,8.0,detection_template,final_clustering,471,483,unmatched_cluster,unmatched_cluster,2
raw_native,8.0,detection_template,final_clustering,471,485,unmatched_cluster,unmatched_cluster,2
raw_native,8.0,detection_template,final_clustering,472,479,unmatched_cluster,unmatched_cluster,19
raw_native,8.0,detection_template,final_clustering,472,480,unmatched_cluster,unmatched_cluster,2
raw_native,8.0,detection_template,final_clustering,472,482,unmatched_cluster,unmatched_cluster,24
raw_native,8.0,detection_template,final_clustering,472,484,unmatched_cluster,unmatched_cluster,2119
raw_native,8.0,detection_template,final_clustering,473,477,unmatched_cluster,unmatched_cluster,1
raw_native,8.0,detection_template,final_clustering,473,480,unmatched_cluster,unmatched_cluster,52
raw_native,8.0,detection_template,final_clustering,473,486,unmatched_cluster,unmatched_cluster,9693
raw_native,8.0,detection_template,final_clustering,474,478,unmatched_cluster,unmatched_cluster,11
raw_native,8.0,detection_template,final_clustering,474,480,unmatched_cluster,unmatched_cluster,860
raw_native,8.0,detection_template,final_clustering,474,485,unmatched_cluster,unmatched_cluster,9289
raw_native,8.0,detection_template,final_clustering,474,486,unmatched_cluster,unmatched_cluster,1
raw_native,8.0,detection_template,final_clustering,475,506,unmatched_cluster,unmatched_cluster,606
raw_native,8.0,detection_template,final_clustering,476,489,unmatched_cluster,unmatched_cluster,69
raw_native,8.0,detection_template,final_clustering,476,490,unmatched_cluster,unmatched_cluster,30
raw_native,8.0,detection_template,final_clustering,476,493,unmatched_cluster,unmatched_cluster,8
raw_native,8.0,detection_template,final_clustering,476,494,unmatched_cluster,unmatched_cluster,24
raw_native,8.0,detection_template,final_clustering,476,495,unmatched_cluster,unmatched_cluster,302
raw_native,8.0,detection_template,final_clustering,476,496,unmatched_cluster,unmatched_cluster,11
raw_native,8.0,detection_template,final_clustering,476,498,unmatched_cluster,unmatched_cluster,85
raw_native,8.0,detection_template,final_clustering,476,500,unmatched_cluster,unmatched_cluster,9
raw_native,8.0,detection_template,final_clustering,476,502,unmatched_cluster,unmatched_cluster,335
raw_native,8.0,detection_template,final_clustering,476,504,unmatched_cluster,unmatched_cluster,158
raw_native,8.0,detection_template,final_clustering,476,505,unmatched_cluster,unmatched_cluster,2
raw_native,8.0,detection_template,final_clustering,476,507,unmatched_cluster,unmatched_cluster,1
raw_native,8.0,detection_template,final_clustering,476,511,unmatched_cluster,fp_matched_cluster,13
raw_native,8.0,detection_template,final_clustering,476,511,unmatched_cluster,tp,2
raw_native,8.0,detection_template,final_clustering,477,489,unmatched_cluster,unmatched_cluster,2
raw_native,8.0,detection_template,final_clustering,477,490,unmatched_cluster,unmatched_cluster,5
raw_native,8.0,detection_template,final_clustering,477,496,unmatched_cluster,unmatched_cluster,33
raw_native,8.0,detection_template,final_clustering,477,498,unmatched_cluster,unmatched_cluster,4
raw_native,8.0,detection_template,final_clustering,477,499,unmatched_cluster,unmatched_cluster,2
raw_native,8.0,detection_template,final_clustering,477,500,unmatched_cluster,unmatched_cluster,1346
raw_native,8.0,detection_template,final_clustering,477,502,unmatched_cluster,unmatched_cluster,75
raw_native,8.0,detection_template,final_clustering,477,507,unmatched_cluster,unmatched_cluster,1
raw_native,8.0,detection_template,final_clustering,477,511,unmatched_cluster,fp_matched_cluster,293
raw_native,8.0,detection_template,final_clustering,477,511,unmatched_cluster,tp,16
raw_native,8.0,detection_template,final_clustering,478,489,unmatched_cluster,unmatched_cluster,23
raw_native,8.0,detection_template,final_clustering,478,490,unmatched_cluster,unmatched_cluster,174
raw_native,8.0,detection_template,final_clustering,478,493,unmatched_cluster,unmatched_cluster,17
raw_native,8.0,detection_template,final_clustering,478,494,unmatched_cluster,unmatched_cluster,12
raw_native,8.0,detection_template,final_clustering,478,495,unmatched_cluster,unmatched_cluster,44
raw_native,8.0,detection_template,final_clustering,478,498,unmatched_cluster,unmatched_cluster,45
raw_native,8.0,detection_template,final_clustering,478,500,unmatched_cluster,unmatched_cluster,1
raw_native,8.0,detection_template,final_clustering,478,502,unmatched_cluster,unmatched_cluster,427
raw_native,8.0,detection_template,final_clustering,478,503,unmatched_cluster,unmatched_cluster,17
raw_native,8.0,detection_template,final_clustering,478,504,unmatched_cluster,unmatched_cluster,93
raw_native,8.0,detection_template,final_clustering,478,505,unmatched_cluster,unmatched_cluster,2
raw_native,8.0,detection_template,final_clustering,479,489,unmatched_cluster,unmatched_cluster,2489
raw_native,8.0,detection_template,final_clustering,479,497,unmatched_cluster,unmatched_cluster,927
raw_native,8.0,detection_template,final_clustering,479,508,unmatched_cluster,unmatched_cluster,495
raw_native,8.0,detection_template,final_clustering,480,489,unmatched_cluster,unmatched_cluster,2
raw_native,8.0,detection_template,final_clustering,480,490,unmatched_cluster,unmatched_cluster,142
raw_native,8.0,detection_template,final_clustering,480,491,unmatched_cluster,unmatched_cluster,336
raw_native,8.0,detection_template,final_clustering,480,496,unmatched_cluster,unmatched_cluster,12
raw_native,8.0,detection_template,final_clustering,480,500,unmatched_cluster,unmatched_cluster,14
raw_native,8.0,detection_template,final_clustering,480,502,unmatched_cluster,unmatched_cluster,71
raw_native,8.0,detection_template,final_clustering,480,505,unmatched_cluster,unmatched_cluster,1
raw_native,8.0,detection_template,final_clustering,480,507,unmatched_cluster,unmatched_cluster,1
raw_native,8.0,detection_template,final_clustering,480,511,unmatched_cluster,fp_matched_cluster,180
raw_native,8.0,detection_template,final_clustering,480,511,unmatched_cluster,tp,139
raw_native,8.0,detection_template,final_clustering,481,512,unmatched_cluster,unmatched_cluster,4
raw_native,8.0,detection_template,final_clustering,481,516,unmatched_cluster,unmatched_cluster,649
raw_native,8.0,detection_template,final_clustering,481,524,unmatched_cluster,unmatched_cluster,10
raw_native,8.0,detection_template,final_clustering,481,527,unmatched_cluster,unmatched_cluster,2620
raw_native,8.0,detection_template,final_clustering,481,528,unmatched_cluster,unmatched_cluster,534
raw_native,8.0,detection_template,final_clustering,482,487,unmatched_cluster,unmatched_cluster,1
raw_native,8.0,detection_template,final_clustering,482,490,unmatched_cluster,unmatched_cluster,3
raw_native,8.0,detection_template,final_clustering,482,492,unmatched_cluster,unmatched_cluster,39
raw_native,8.0,detection_template,final_clustering,482,495,unmatched_cluster,unmatched_cluster,5
raw_native,8.0,detection_template,final_clustering,482,496,unmatched_cluster,unmatched_cluster,385
raw_native,8.0,detection_template,final_clustering,482,498,unmatched_cluster,unmatched_cluster,1
raw_native,8.0,detection_template,final_clustering,482,499,unmatched_cluster,unmatched_cluster,161
raw_native,8.0,detection_template,final_clustering,482,500,unmatched_cluster,unmatched_cluster,1
raw_native,8.0,detection_template,final_clustering,482,502,unmatched_cluster,unmatched_cluster,13
raw_native,8.0,detection_template,final_clustering,482,505,unmatched_cluster,unmatched_cluster,1238
raw_native,8.0,detection_template,final_clustering,482,507,unmatched_cluster,unmatched_cluster,15
raw_native,8.0,detection_template,final_clustering,482,509,unmatched_cluster,unmatched_cluster,7
raw_native,8.0,detection_template,final_clustering,482,511,unmatched_cluster,fp_matched_cluster,287
raw_native,8.0,detection_template,final_clustering,482,511,unmatched_cluster,tp,22
raw_native,8.0,detection_template,final_clustering,483,512,unmatched_cluster,unmatched_cluster,3
raw_native,8.0,detection_template,final_clustering,483,516,unmatched_cluster,unmatched_cluster,2675
raw_native,8.0,detection_template,final_clustering,483,527,unmatched_cluster,unmatched_cluster,55
raw_native,8.0,detection_template,final_clustering,483,528,unmatched_cluster,unmatched_cluster,21
raw_native,8.0,detection_template,final_clustering,483,529,unmatched_cluster,unmatched_cluster,35
raw_native,8.0,detection_template,final_clustering,484,496,unmatched_cluster,unmatched_cluster,76
raw_native,8.0,detection_template,final_clustering,484,498,unmatched_cluster,unmatched_cluster,1
raw_native,8.0,detection_template,final_clustering,484,507,unmatched_cluster,unmatched_cluster,3124
raw_native,8.0,detection_template,final_clustering,484,511,unmatched_cluster,fp_matched_cluster,64
raw_native,8.0,detection_template,final_clustering,484,511,unmatched_cluster,tp,13
raw_native,8.0,detection_template,final_clustering,485,489,unmatched_cluster,unmatched_cluster,15
raw_native,8.0,detection_template,final_clustering,485,490,unmatched_cluster,unmatched_cluster,3514
raw_native,8.0,detection_template,final_clustering,485,491,unmatched_cluster,unmatched_cluster,4
raw_native,8.0,detection_template,final_clustering,485,494,unmatched_cluster,unmatched_cluster,1
raw_native,8.0,detection_template,final_clustering,485,496,unmatched_cluster,unmatched_cluster,24
raw_native,8.0,detection_template,final_clustering,485,500,unmatched_cluster,unmatched_cluster,2
raw_native,8.0,detection_template,final_clustering,485,502,unmatched_cluster,unmatched_cluster,326
raw_native,8.0,detection_template,final_clustering,485,505,unmatched_cluster,unmatched_cluster,2
raw_native,8.0,detection_template,final_clustering,485,507,unmatched_cluster,unmatched_cluster,9
raw_native,8.0,detection_template,final_clustering,485,511,unmatched_cluster,fp_matched_cluster,34
raw_native,8.0,detection_template,final_clustering,485,511,unmatched_cluster,tp,7
raw_native,8.0,detection_template,final_clustering,486,513,unmatched_cluster,unmatched_cluster,1554
raw_native,8.0,detection_template,final_clustering,486,514,unmatched_cluster,unmatched_cluster,2
raw_native,8.0,detection_template,final_clustering,486,516,unmatched_cluster,unmatched_cluster,2
raw_native,8.0,detection_template,final_clustering,486,520,unmatched_cluster,unmatched_cluster,2
raw_native,8.0,detection_template,final_clustering,486,523,unmatched_cluster,unmatched_cluster,26
raw_native,8.0,detection_template,final_clustering,486,525,unmatched_cluster,unmatched_cluster,2
raw_native,8.0,detection_template,final_clustering,486,526,unmatched_cluster,unmatched_cluster,1
raw_native,8.0,detection_template,final_clustering,486,528,unmatched_cluster,unmatched_cluster,1
raw_native,8.0,detection_template,final_clustering,486,529,unmatched_cluster,unmatched_cluster,384
raw_native,8.0,detection_template,final_clustering,487,487,unmatched_cluster,unmatched_cluster,2042
raw_native,8.0,detection_template,final_clustering,487,489,unmatched_cluster,unmatched_cluster,10
raw_native,8.0,detection_template,final_clustering,487,492,unmatched_cluster,unmatched_cluster,2
raw_native,8.0,detection_template,final_clustering,487,495,unmatched_cluster,unmatched_cluster,4
raw_native,8.0,detection_template,final_clustering,487,496,unmatched_cluster,unmatched_cluster,109
raw_native,8.0,detection_template,final_clustering,487,498,unmatched_cluster,unmatched_cluster,5
raw_native,8.0,detection_template,final_clustering,487,499,unmatched_cluster,unmatched_cluster,37
raw_native,8.0,detection_template,final_clustering,487,502,unmatched_cluster,unmatched_cluster,7
raw_native,8.0,detection_template,final_clustering,487,505,unmatched_cluster,unmatched_cluster,44
raw_native,8.0,detection_template,final_clustering,487,507,unmatched_cluster,unmatched_cluster,3
raw_native,8.0,detection_template,final_clustering,487,509,unmatched_cluster,unmatched_cluster,849
raw_native,8.0,detection_template,final_clustering,487,511,unmatched_cluster,fp_matched_cluster,16
raw_native,8.0,detection_template,final_clustering,487,511,unmatched_cluster,tp,2
raw_native,8.0,detection_template,final_clustering,488,492,unmatched_cluster,unmatched_cluster,2276
raw_native,8.0,detection_template,final_clustering,488,496,unmatched_cluster,unmatched_cluster,1144
raw_native,8.0,detection_template,final_clustering,488,498,unmatched_cluster,unmatched_cluster,1
raw_native,8.0,detection_template,final_clustering,488,499,unmatched_cluster,unmatched_cluster,107
raw_native,8.0,detection_template,final_clustering,488,502,unmatched_cluster,unmatched_cluster,1
raw_native,8.0,detection_template,final_clustering,488,505,unmatched_cluster,unmatched_cluster,3
raw_native,8.0,detection_template,final_clustering,488,507,unmatched_cluster,unmatched_cluster,2
raw_native,8.0,detection_template,final_clustering,488,511,unmatched_cluster,fp_matched_cluster,348
raw_native,8.0,detection_template,final_clustering,488,511,unmatched_cluster,tp,61
raw_native,8.0,detection_template,final_clustering,489,488,unmatched_cluster,unmatched_cluster,3
raw_native,8.0,detection_template,final_clustering,489,489,unmatched_cluster,unmatched_cluster,6701
raw_native,8.0,detection_template,final_clustering,489,495,unmatched_cluster,unmatched_cluster,1
raw_native,8.0,detection_template,final_clustering,489,497,unmatched_cluster,unmatched_cluster,19
raw_native,8.0,detection_template,final_clustering,489,501,unmatched_cluster,unmatched_cluster,1
raw_native,8.0,detection_template,final_clustering,489,503,unmatched_cluster,unmatched_cluster,6
raw_native,8.0,detection_template,final_clustering,489,508,unmatched_cluster,unmatched_cluster,64
raw_native,8.0,detection_template,final_clustering,490,489,unmatched_cluster,unmatched_cluster,228
raw_native,8.0,detection_template,final_clustering,490,490,unmatched_cluster,unmatched_cluster,4
raw_native,8.0,detection_template,final_clustering,490,494,unmatched_cluster,unmatched_cluster,8
raw_native,8.0,detection_template,final_clustering,490,495,unmatched_cluster,unmatched_cluster,37
raw_native,8.0,detection_template,final_clustering,490,496,unmatched_cluster,unmatched_cluster,2
raw_native,8.0,detection_template,final_clustering,490,501,unmatched_cluster,unmatched_cluster,681
raw_native,8.0,detection_template,final_clustering,490,502,unmatched_cluster,unmatched_cluster,103
raw_native,8.0,detection_template,final_clustering,490,503,unmatched_cluster,unmatched_cluster,1
raw_native,8.0,detection_template,final_clustering,490,508,unmatched_cluster,unmatched_cluster,1
raw_native,8.0,detection_template,final_clustering,490,511,unmatched_cluster,fp_matched_cluster,1
raw_native,8.0,detection_template,final_clustering,491,488,unmatched_cluster,unmatched_cluster,1685
raw_native,8.0,detection_template,final_clustering,491,489,unmatched_cluster,unmatched_cluster,164
raw_native,8.0,detection_template,final_clustering,491,490,unmatched_cluster,unmatched_cluster,4
raw_native,8.0,detection_template,final_clustering,491,496,unmatched_cluster,unmatched_cluster,2
raw_native,8.0,detection_template,final_clustering,491,498,unmatched_cluster,unmatched_cluster,1
raw_native,8.0,detection_template,final_clustering,491,500,unmatched_cluster,unmatched_cluster,2
raw_native,8.0,detection_template,final_clustering,491,502,unmatched_cluster,unmatched_cluster,203
raw_native,8.0,detection_template,final_clustering,491,503,unmatched_cluster,unmatched_cluster,1032
raw_native,8.0,detection_template,final_clustering,491,507,unmatched_cluster,unmatched_cluster,1
raw_native,8.0,detection_template,final_clustering,491,508,unmatched_cluster,unmatched_cluster,1
raw_native,8.0,detection_template,final_clustering,491,511,unmatched_cluster,fp_matched_cluster,1
raw_native,8.0,detection_template,final_clustering,492,512,unmatched_cluster,unmatched_cluster,1
raw_native,8.0,detection_template,final_clustering,492,516,unmatched_cluster,unmatched_cluster,32
raw_native,8.0,detection_template,final_clustering,492,527,unmatched_cluster,unmatched_cluster,20
raw_native,8.0,detection_template,final_clustering,492,528,unmatched_cluster,unmatched_cluster,5197
raw_native,8.0,detection_template,final_clustering,493,489,unmatched_cluster,unmatched_cluster,129
raw_native,8.0,detection_template,final_clustering,493,494,unmatched_cluster,unmatched_cluster,5
raw_native,8.0,detection_template,final_clustering,493,495,unmatched_cluster,unmatched_cluster,126
raw_native,8.0,detection_template,final_clustering,493,498,unmatched_cluster,unmatched_cluster,1
raw_native,8.0,detection_template,final_clustering,493,501,unmatched_cluster,unmatched_cluster,1
raw_native,8.0,detection_template,final_clustering,493,502,unmatched_cluster,unmatched_cluster,6
raw_native,8.0,detection_template,final_clustering,493,508,unmatched_cluster,unmatched_cluster,46
raw_native,8.0,detection_template,final_clustering,493,510,unmatched_cluster,unmatched_cluster,2333
raw_native,8.0,detection_template,final_clustering,493,511,unmatched_cluster,fp_matched_cluster,1
raw_native,8.0,detection_template,final_clustering,494,489,unmatched_cluster,unmatched_cluster,47
raw_native,8.0,detection_template,final_clustering,494,490,unmatched_cluster,unmatched_cluster,12
raw_native,8.0,detection_template,final_clustering,494,493,unmatched_cluster,unmatched_cluster,109
raw_native,8.0,detection_template,final_clustering,494,494,unmatched_cluster,unmatched_cluster,3190
raw_native,8.0,detection_template,final_clustering,494,495,unmatched_cluster,unmatched_cluster,206
raw_native,8.0,detection_template,final_clustering,494,498,unmatched_cluster,unmatched_cluster,212
raw_native,8.0,detection_template,final_clustering,494,501,unmatched_cluster,unmatched_cluster,3
raw_native,8.0,detection_template,final_clustering,494,502,unmatched_cluster,unmatched_cluster,96
raw_native,8.0,detection_template,final_clustering,494,505,unmatched_cluster,unmatched_cluster,1
raw_native,8.0,detection_template,final_clustering,494,507,unmatched_cluster,unmatched_cluster,2
raw_native,8.0,detection_template,final_clustering,495,489,unmatched_cluster,unmatched_cluster,320
raw_native,8.0,detection_template,final_clustering,495,497,unmatched_cluster,unmatched_cluster,17
raw_native,8.0,detection_template,final_clustering,495,508,unmatched_cluster,unmatched_cluster,7749
raw_native,8.0,detection_template,final_clustering,496,492,unmatched_cluster,unmatched_cluster,13
raw_native,8.0,detection_template,final_clustering,496,496,unmatched_cluster,unmatched_cluster,7859
raw_native,8.0,detection_template,final_clustering,496,499,unmatched_cluster,unmatched_cluster,2
raw_native,8.0,detection_template,final_clustering,496,502,unmatched_cluster,unmatched_cluster,1
raw_native,8.0,detection_template,final_clustering,496,507,unmatched_cluster,unmatched_cluster,6
raw_native,8.0,detection_template,final_clustering,496,511,unmatched_cluster,fp_matched_cluster,180
raw_native,8.0,detection_template,final_clustering,496,511,unmatched_cluster,tp,15
raw_native,8.0,detection_template,final_clustering,497,492,fp_matched_cluster,unmatched_cluster,1
raw_native,8.0,detection_template,final_clustering,497,496,fp_matched_cluster,unmatched_cluster,144
raw_native,8.0,detection_template,final_clustering,497,496,tp,unmatched_cluster,10
raw_native,8.0,detection_template,final_clustering,497,511,fp_matched_cluster,fp_matched_cluster,12549
raw_native,8.0,detection_template,final_clustering,497,511,fp_matched_cluster,tp,1
raw_native,8.0,detection_template,final_clustering,497,511,tp,fp_matched_cluster,3
raw_native,8.0,detection_template,final_clustering,497,511,tp,tp,15500
raw_native,8.0,detection_template,final_clustering,498,532,unmatched_cluster,unmatched_cluster,12130
raw_native,8.0,detection_template,final_clustering,498,534,unmatched_cluster,unmatched_cluster,151
raw_native,8.0,detection_template,final_clustering,498,537,unmatched_cluster,unmatched_cluster,6
raw_native,8.0,detection_template,final_clustering,499,516,unmatched_cluster,unmatched_cluster,1
raw_native,8.0,detection_template,final_clustering,499,522,unmatched_cluster,unmatched_cluster,85
raw_native,8.0,detection_template,final_clustering,499,526,unmatched_cluster,unmatched_cluster,1808
raw_native,8.0,detection_template,final_clustering,499,528,unmatched_cluster,unmatched_cluster,1
raw_native,8.0,detection_template,final_clustering,500,517,unmatched_cluster,unmatched_cluster,1825
raw_native,8.0,detection_template,final_clustering,500,526,unmatched_cluster,unmatched_cluster,5
raw_native,8.0,detection_template,final_clustering,501,512,unmatched_cluster,unmatched_cluster,239
raw_native,8.0,detection_template,final_clustering,501,516,unmatched_cluster,unmatched_cluster,275
raw_native,8.0,detection_template,final_clustering,501,518,unmatched_cluster,unmatched_cluster,3
raw_native,8.0,detection_template,final_clustering,501,519,unmatched_cluster,unmatched_cluster,27
raw_native,8.0,detection_template,final_clustering,501,521,unmatched_cluster,unmatched_cluster,749
raw_native,8.0,detection_template,final_clustering,501,524,unmatched_cluster,unmatched_cluster,16
raw_native,8.0,detection_template,final_clustering,501,527,unmatched_cluster,unmatched_cluster,34
raw_native,8.0,detection_template,final_clustering,501,528,unmatched_cluster,unmatched_cluster,115
raw_native,8.0,detection_template,final_clustering,501,529,unmatched_cluster,unmatched_cluster,13
raw_native,8.0,detection_template,final_clustering,502,514,unmatched_cluster,unmatched_cluster,2
raw_native,8.0,detection_template,final_clustering,502,523,unmatched_cluster,unmatched_cluster,228
raw_native,8.0,detection_template,final_clustering,502,525,unmatched_cluster,unmatched_cluster,1925
raw_native,8.0,detection_template,final_clustering,502,529,unmatched_cluster,unmatched_cluster,1548
raw_native,8.0,detection_template,final_clustering,503,517,unmatched_cluster,unmatched_cluster,2
raw_native,8.0,detection_template,final_clustering,503,522,unmatched_cluster,unmatched_cluster,1761
raw_native,8.0,detection_template,final_clustering,503,526,unmatched_cluster,unmatched_cluster,918
raw_native,8.0,detection_template,final_clustering,504,516,unmatched_cluster,unmatched_cluster,24
raw_native,8.0,detection_template,final_clustering,504,521,unmatched_cluster,unmatched_cluster,2
raw_native,8.0,detection_template,final_clustering,504,524,unmatched_cluster,unmatched_cluster,6608
raw_native,8.0,detection_template,final_clustering,504,527,unmatched_cluster,unmatched_cluster,14
raw_native,8.0,detection_template,final_clustering,504,528,unmatched_cluster,unmatched_cluster,618
raw_native,8.0,detection_template,final_clustering,504,529,unmatched_cluster,unmatched_cluster,1
raw_native,8.0,detection_template,final_clustering,505,512,unmatched_cluster,unmatched_cluster,9
raw_native,8.0,detection_template,final_clustering,505,513,unmatched_cluster,unmatched_cluster,37
raw_native,8.0,detection_template,final_clustering,505,514,unmatched_cluster,unmatched_cluster,3
raw_native,8.0,detection_template,final_clustering,505,516,unmatched_cluster,unmatched_cluster,56
raw_native,8.0,detection_template,final_clustering,505,520,unmatched_cluster,unmatched_cluster,446
raw_native,8.0,detection_template,final_clustering,505,523,unmatched_cluster,unmatched_cluster,55
raw_native,8.0,detection_template,final_clustering,505,525,unmatched_cluster,unmatched_cluster,9
raw_native,8.0,detection_template,final_clustering,505,527,unmatched_cluster,unmatched_cluster,1
raw_native,8.0,detection_template,final_clustering,505,528,unmatched_cluster,unmatched_cluster,13
raw_native,8.0,detection_template,final_clustering,505,529,unmatched_cluster,unmatched_cluster,1664
raw_native,8.0,detection_template,final_clustering,506,512,unmatched_cluster,unmatched_cluster,1
raw_native,8.0,detection_template,final_clustering,506,515,unmatched_cluster,unmatched_cluster,233
raw_native,8.0,detection_template,final_clustering,506,525,unmatched_cluster,unmatched_cluster,23
raw_native,8.0,detection_template,final_clustering,506,529,unmatched_cluster,unmatched_cluster,808
raw_native,8.0,detection_template,final_clustering,507,512,unmatched_cluster,unmatched_cluster,11
raw_native,8.0,detection_template,final_clustering,507,514,unmatched_cluster,unmatched_cluster,2598
raw_native,8.0,detection_template,final_clustering,507,516,unmatched_cluster,unmatched_cluster,11
raw_native,8.0,detection_template,final_clustering,507,523,unmatched_cluster,unmatched_cluster,2
raw_native,8.0,detection_template,final_clustering,507,525,unmatched_cluster,unmatched_cluster,1
raw_native,8.0,detection_template,final_clustering,507,528,unmatched_cluster,unmatched_cluster,1
raw_native,8.0,detection_template,final_clustering,507,529,unmatched_cluster,unmatched_cluster,759
raw_native,8.0,detection_template,final_clustering,508,512,unmatched_cluster,unmatched_cluster,8576
raw_native,8.0,detection_template,final_clustering,508,516,unmatched_cluster,unmatched_cluster,4
raw_native,8.0,detection_template,final_clustering,508,518,unmatched_cluster,unmatched_cluster,488
raw_native,8.0,detection_template,final_clustering,508,519,unmatched_cluster,unmatched_cluster,603
raw_native,8.0,detection_template,final_clustering,508,521,unmatched_cluster,unmatched_cluster,1
raw_native,8.0,detection_template,final_clustering,508,529,unmatched_cluster,unmatched_cluster,3
raw_native,8.0,detection_template,final_clustering,509,530,unmatched_cluster,unmatched_cluster,1717
raw_native,8.0,detection_template,final_clustering,510,534,unmatched_cluster,unmatched_cluster,7942
raw_native,8.0,detection_template,final_clustering,510,536,unmatched_cluster,unmatched_cluster,4
raw_native,8.0,detection_template,final_clustering,511,532,unmatched_cluster,unmatched_cluster,8
raw_native,8.0,detection_template,final_clustering,511,534,unmatched_cluster,unmatched_cluster,364
raw_native,8.0,detection_template,final_clustering,511,535,unmatched_cluster,unmatched_cluster,908
raw_native,8.0,detection_template,final_clustering,511,537,unmatched_cluster,unmatched_cluster,30
raw_native,8.0,detection_template,final_clustering,512,534,unmatched_cluster,unmatched_cluster,719
raw_native,8.0,detection_template,final_clustering,512,536,unmatched_cluster,unmatched_cluster,4584
raw_native,8.0,detection_template,final_clustering,512,537,unmatched_cluster,unmatched_cluster,1
raw_native,8.0,detection_template,final_clustering,513,531,unmatched_cluster,unmatched_cluster,1101
raw_native,8.0,detection_template,final_clustering,513,532,unmatched_cluster,unmatched_cluster,2
raw_native,8.0,detection_template,final_clustering,513,533,unmatched_cluster,unmatched_cluster,1
raw_native,8.0,detection_template,final_clustering,513,534,unmatched_cluster,unmatched_cluster,4
raw_native,8.0,detection_template,final_clustering,513,537,unmatched_cluster,unmatched_cluster,1633
raw_native,8.0,detection_template,final_clustering,513,538,unmatched_cluster,unmatched_cluster,23
raw_native,8.0,detection_template,final_clustering,514,533,unmatched_cluster,unmatched_cluster,678
raw_native,8.0,detection_template,final_clustering,514,534,unmatched_cluster,unmatched_cluster,400
raw_native,8.0,detection_template,final_clustering,514,537,unmatched_cluster,unmatched_cluster,799
raw_native,8.0,detection_template,final_clustering,515,539,unmatched_cluster,unmatched_cluster,1
raw_native,8.0,detection_template,final_clustering,515,541,unmatched_cluster,unmatched_cluster,2091
raw_native,8.0,detection_template,final_clustering,515,542,unmatched_cluster,unmatched_cluster,234
raw_native,8.0,detection_template,final_clustering,515,544,unmatched_cluster,unmatched_cluster,5
raw_native,8.0,detection_template,final_clustering,515,547,unmatched_cluster,unmatched_cluster,21
raw_native,8.0,detection_template,final_clustering,516,534,unmatched_cluster,unmatched_cluster,4
raw_native,8.0,detection_template,final_clustering,516,537,unmatched_cluster,unmatched_cluster,185
raw_native,8.0,detection_template,final_clustering,516,538,unmatched_cluster,unmatched_cluster,12476
raw_native,8.0,detection_template,final_clustering,517,540,unmatched_cluster,unmatched_cluster,2787
raw_native,8.0,detection_template,final_clustering,518,539,unmatched_cluster,unmatched_cluster,724
raw_native,8.0,detection_template,final_clustering,518,542,unmatched_cluster,unmatched_cluster,1
raw_native,8.0,detection_template,final_clustering,518,544,unmatched_cluster,unmatched_cluster,39
raw_native,8.0,detection_template,final_clustering,518,545,unmatched_cluster,unmatched_cluster,1
raw_native,8.0,detection_template,final_clustering,518,546,unmatched_cluster,unmatched_cluster,878
raw_native,8.0,detection_template,final_clustering,518,547,unmatched_cluster,unmatched_cluster,3
raw_native,8.0,detection_template,final_clustering,519,541,unmatched_cluster,unmatched_cluster,22
raw_native,8.0,detection_template,final_clustering,519,542,unmatched_cluster,unmatched_cluster,481
raw_native,8.0,detection_template,final_clustering,519,543,unmatched_cluster,unmatched_cluster,240
raw_native,8.0,detection_template,final_clustering,519,544,unmatched_cluster,unmatched_cluster,3
raw_native,8.0,detection_template,final_clustering,519,547,unmatched_cluster,unmatched_cluster,116
raw_native,8.0,detection_template,final_clustering,520,539,unmatched_cluster,unmatched_cluster,97
raw_native,8.0,detection_template,final_clustering,520,544,unmatched_cluster,unmatched_cluster,284
raw_native,8.0,detection_template,final_clustering,520,545,unmatched_cluster,unmatched_cluster,203
raw_native,8.0,detection_template,final_clustering,520,546,unmatched_cluster,unmatched_cluster,4
raw_native,8.0,detection_template,final_clustering,520,547,unmatched_cluster,unmatched_cluster,2
raw_native,8.0,detection_template,final_clustering,521,548,unmatched_cluster,unmatched_cluster,894
raw_native,8.0,detection_template,final_clustering,521,549,unmatched_cluster,unmatched_cluster,30
raw_native,8.0,detection_template,final_clustering,521,550,unmatched_cluster,unmatched_cluster,45
raw_native,8.0,detection_template,final_clustering,521,554,unmatched_cluster,unmatched_cluster,29
raw_native,8.0,detection_template,final_clustering,522,541,unmatched_cluster,unmatched_cluster,7
raw_native,8.0,detection_template,final_clustering,522,542,unmatched_cluster,unmatched_cluster,5320
raw_native,8.0,detection_template,final_clustering,522,543,unmatched_cluster,unmatched_cluster,1
raw_native,8.0,detection_template,final_clustering,522,544,unmatched_cluster,unmatched_cluster,5
raw_native,8.0,detection_template,final_clustering,522,547,unmatched_cluster,unmatched_cluster,25
raw_native,8.0,detection_template,final_clustering,523,544,unmatched_cluster,unmatched_cluster,95524
raw_native,8.0,detection_template,final_clustering,524,542,unmatched_cluster,unmatched_cluster,123
raw_native,8.0,detection_template,final_clustering,524,543,unmatched_cluster,unmatched_cluster,1
raw_native,8.0,detection_template,final_clustering,524,544,unmatched_cluster,unmatched_cluster,128
raw_native,8.0,detection_template,final_clustering,524,547,unmatched_cluster,unmatched_cluster,3862
raw_native,8.0,detection_template,final_clustering,525,548,unmatched_cluster,unmatched_cluster,17246
raw_native,8.0,detection_template,final_clustering,525,554,unmatched_cluster,unmatched_cluster,4
raw_native,8.0,detection_template,final_clustering,526,551,unmatched_cluster,unmatched_cluster,2257
raw_native,8.0,detection_template,final_clustering,526,552,unmatched_cluster,unmatched_cluster,66
raw_native,8.0,detection_template,final_clustering,527,548,unmatched_cluster,unmatched_cluster,176
raw_native,8.0,detection_template,final_clustering,527,549,unmatched_cluster,unmatched_cluster,10120
raw_native,8.0,detection_template,final_clustering,527,554,unmatched_cluster,unmatched_cluster,22
raw_native,8.0,detection_template,final_clustering,528,548,unmatched_cluster,unmatched_cluster,36
raw_native,8.0,detection_template,final_clustering,528,553,unmatched_cluster,unmatched_cluster,55
raw_native,8.0,detection_template,final_clustering,528,554,unmatched_cluster,unmatched_cluster,4459
raw_native,8.0,detection_template,final_clustering,529,548,unmatched_cluster,unmatched_cluster,11
raw_native,8.0,detection_template,final_clustering,529,550,unmatched_cluster,unmatched_cluster,1
raw_native,8.0,detection_template,final_clustering,529,553,unmatched_cluster,unmatched_cluster,9327
raw_native,8.0,detection_template,final_clustering,529,554,unmatched_cluster,unmatched_cluster,1916
raw_native,8.0,detection_template,final_clustering,530,555,unmatched_cluster,unmatched_cluster,33
raw_native,8.0,detection_template,final_clustering,530,557,unmatched_cluster,unmatched_cluster,85
raw_native,8.0,detection_template,final_clustering,530,558,unmatched_cluster,unmatched_cluster,586
raw_native,8.0,detection_template,final_clustering,530,559,unmatched_cluster,unmatched_cluster,10
raw_native,8.0,detection_template,final_clustering,530,563,unmatched_cluster,unmatched_cluster,3
raw_native,8.0,detection_template,final_clustering,531,555,unmatched_cluster,unmatched_cluster,1253
raw_native,8.0,detection_template,final_clustering,531,557,unmatched_cluster,unmatched_cluster,7
raw_native,8.0,detection_template,final_clustering,531,562,unmatched_cluster,unmatched_cluster,266
raw_native,8.0,detection_template,final_clustering,532,567,unmatched_cluster,unmatched_cluster,1450
raw_native,8.0,detection_template,final_clustering,532,568,unmatched_cluster,unmatched_cluster,4
raw_native,8.0,detection_template,final_clustering,532,569,unmatched_cluster,unmatched_cluster,134
raw_native,8.0,detection_template,final_clustering,532,571,unmatched_cluster,unmatched_cluster,1
raw_native,8.0,detection_template,final_clustering,532,572,unmatched_cluster,unmatched_cluster,15
raw_native,8.0,detection_template,final_clustering,533,555,unmatched_cluster,unmatched_cluster,2
raw_native,8.0,detection_template,final_clustering,533,556,unmatched_cluster,unmatched_cluster,22
raw_native,8.0,detection_template,final_clustering,533,561,unmatched_cluster,unmatched_cluster,62
raw_native,8.0,detection_template,final_clustering,533,563,unmatched_cluster,unmatched_cluster,6909
raw_native,8.0,detection_template,final_clustering,534,555,unmatched_cluster,unmatched_cluster,25
raw_native,8.0,detection_template,final_clustering,534,557,unmatched_cluster,unmatched_cluster,3443
raw_native,8.0,detection_template,final_clustering,534,558,unmatched_cluster,unmatched_cluster,1
raw_native,8.0,detection_template,final_clustering,534,559,unmatched_cluster,unmatched_cluster,1
raw_native,8.0,detection_template,final_clustering,535,557,unmatched_cluster,unmatched_cluster,3
raw_native,8.0,detection_template,final_clustering,535,559,unmatched_cluster,unmatched_cluster,7391
raw_native,8.0,detection_template,final_clustering,535,563,unmatched_cluster,unmatched_cluster,6
raw_native,8.0,detection_template,final_clustering,536,555,unmatched_cluster,unmatched_cluster,676
raw_native,8.0,detection_template,final_clustering,536,557,unmatched_cluster,unmatched_cluster,5
raw_native,8.0,detection_template,final_clustering,536,558,unmatched_cluster,unmatched_cluster,1
raw_native,8.0,detection_template,final_clustering,536,559,unmatched_cluster,unmatched_cluster,88
raw_native,8.0,detection_template,final_clustering,536,560,unmatched_cluster,unmatched_cluster,328
raw_native,8.0,detection_template,final_clustering,536,563,unmatched_cluster,unmatched_cluster,90
raw_native,8.0,detection_template,final_clustering,537,555,unmatched_cluster,unmatched_cluster,2247
raw_native,8.0,detection_template,final_clustering,537,557,unmatched_cluster,unmatched_cluster,67
raw_native,8.0,detection_template,final_clustering,537,559,unmatched_cluster,unmatched_cluster,8
raw_native,8.0,detection_template,final_clustering,537,563,unmatched_cluster,unmatched_cluster,3
raw_native,8.0,detection_template,final_clustering,538,567,unmatched_cluster,unmatched_cluster,2
raw_native,8.0,detection_template,final_clustering,538,568,unmatched_cluster,unmatched_cluster,2
raw_native,8.0,detection_template,final_clustering,538,569,unmatched_cluster,unmatched_cluster,108
raw_native,8.0,detection_template,final_clustering,538,571,unmatched_cluster,unmatched_cluster,3
raw_native,8.0,detection_template,final_clustering,538,573,unmatched_cluster,unmatched_cluster,10558
raw_native,8.0,detection_template,final_clustering,539,566,unmatched_cluster,unmatched_cluster,1471
raw_native,8.0,detection_template,final_clustering,540,578,unmatched_cluster,unmatched_cluster,232
raw_native,8.0,detection_template,final_clustering,540,579,unmatched_cluster,unmatched_cluster,78
raw_native,8.0,detection_template,final_clustering,540,581,unmatched_cluster,unmatched_cluster,4608
raw_native,8.0,detection_template,final_clustering,540,585,unmatched_cluster,unmatched_cluster,5
raw_native,8.0,detection_template,final_clustering,540,586,unmatched_cluster,unmatched_cluster,18
raw_native,8.0,detection_template,final_clustering,541,567,unmatched_cluster,unmatched_cluster,16
raw_native,8.0,detection_template,final_clustering,541,569,unmatched_cluster,unmatched_cluster,4014
raw_native,8.0,detection_template,final_clustering,541,572,unmatched_cluster,unmatched_cluster,32
raw_native,8.0,detection_template,final_clustering,541,573,unmatched_cluster,unmatched_cluster,5
raw_native,8.0,detection_template,final_clustering,542,568,unmatched_cluster,unmatched_cluster,377
raw_native,8.0,detection_template,final_clustering,542,570,unmatched_cluster,unmatched_cluster,185
raw_native,8.0,detection_template,final_clustering,542,571,unmatched_cluster,unmatched_cluster,613
raw_native,8.0,detection_template,final_clustering,543,565,unmatched_cluster,unmatched_cluster,10199
raw_native,8.0,detection_template,final_clustering,543,568,unmatched_cluster,unmatched_cluster,54
raw_native,8.0,detection_template,final_clustering,543,569,unmatched_cluster,unmatched_cluster,2
raw_native,8.0,detection_template,final_clustering,543,571,unmatched_cluster,unmatched_cluster,39
raw_native,8.0,detection_template,final_clustering,544,564,unmatched_cluster,unmatched_cluster,2
raw_native,8.0,detection_template,final_clustering,544,568,unmatched_cluster,unmatched_cluster,3152
raw_native,8.0,detection_template,final_clustering,544,569,unmatched_cluster,unmatched_cluster,1
raw_native,8.0,detection_template,final_clustering,544,571,unmatched_cluster,unmatched_cluster,53
raw_native,8.0,detection_template,final_clustering,545,564,unmatched_cluster,unmatched_cluster,216
raw_native,8.0,detection_template,final_clustering,545,568,unmatched_cluster,unmatched_cluster,480
raw_native,8.0,detection_template,final_clustering,545,569,unmatched_cluster,unmatched_cluster,1
raw_native,8.0,detection_template,final_clustering,545,571,unmatched_cluster,unmatched_cluster,33
raw_native,8.0,detection_template,final_clustering,546,567,unmatched_cluster,unmatched_cluster,88
raw_native,8.0,detection_template,final_clustering,546,568,unmatched_cluster,unmatched_cluster,25
raw_native,8.0,detection_template,final_clustering,546,569,unmatched_cluster,unmatched_cluster,298
raw_native,8.0,detection_template,final_clustering,546,572,unmatched_cluster,unmatched_cluster,594
raw_native,8.0,detection_template,final_clustering,547,578,unmatched_cluster,unmatched_cluster,9
raw_native,8.0,detection_template,final_clustering,547,579,unmatched_cluster,unmatched_cluster,2471
raw_native,8.0,detection_template,final_clustering,547,581,unmatched_cluster,unmatched_cluster,19
raw_native,8.0,detection_template,final_clustering,547,586,unmatched_cluster,unmatched_cluster,54
raw_native,8.0,detection_template,final_clustering,548,574,unmatched_cluster,unmatched_cluster,246
raw_native,8.0,detection_template,final_clustering,548,578,unmatched_cluster,unmatched_cluster,2301
raw_native,8.0,detection_template,final_clustering,548,579,unmatched_cluster,unmatched_cluster,8
raw_native,8.0,detection_template,final_clustering,548,581,unmatched_cluster,unmatched_cluster,7
raw_native,8.0,detection_template,final_clustering,548,584,unmatched_cluster,unmatched_cluster,33
raw_native,8.0,detection_template,final_clustering,548,585,unmatched_cluster,unmatched_cluster,10
raw_native,8.0,detection_template,final_clustering,548,586,unmatched_cluster,unmatched_cluster,8
raw_native,8.0,detection_template,final_clustering,549,578,unmatched_cluster,unmatched_cluster,16
raw_native,8.0,detection_template,final_clustering,549,579,unmatched_cluster,unmatched_cluster,3315
raw_native,8.0,detection_template,final_clustering,549,581,unmatched_cluster,unmatched_cluster,6
raw_native,8.0,detection_template,final_clustering,549,586,unmatched_cluster,unmatched_cluster,45
raw_native,8.0,detection_template,final_clustering,550,571,unmatched_cluster,unmatched_cluster,18377
raw_native,8.0,detection_template,final_clustering,551,569,unmatched_cluster,unmatched_cluster,428
raw_native,8.0,detection_template,final_clustering,551,572,unmatched_cluster,unmatched_cluster,36
raw_native,8.0,detection_template,final_clustering,551,573,unmatched_cluster,unmatched_cluster,8
raw_native,8.0,detection_template,final_clustering,552,574,unmatched_cluster,unmatched_cluster,47
raw_native,8.0,detection_template,final_clustering,552,578,unmatched_cluster,unmatched_cluster,703
raw_native,8.0,detection_template,final_clustering,552,579,unmatched_cluster,unmatched_cluster,4
raw_native,8.0,detection_template,final_clustering,552,581,unmatched_cluster,unmatched_cluster,18
raw_native,8.0,detection_template,final_clustering,552,584,unmatched_cluster,unmatched_cluster,1
raw_native,8.0,detection_template,final_clustering,552,585,unmatched_cluster,unmatched_cluster,4297
raw_native,8.0,detection_template,final_clustering,552,586,unmatched_cluster,unmatched_cluster,4
raw_native,8.0,detection_template,final_clustering,553,577,unmatched_cluster,unmatched_cluster,1
raw_native,8.0,detection_template,final_clustering,553,579,unmatched_cluster,unmatched_cluster,2
raw_native,8.0,detection_template,final_clustering,553,580,unmatched_cluster,unmatched_cluster,126
raw_native,8.0,detection_template,final_clustering,553,582,unmatched_cluster,unmatched_cluster,9
raw_native,8.0,detection_template,final_clustering,553,583,unmatched_cluster,unmatched_cluster,16
raw_native,8.0,detection_template,final_clustering,553,586,unmatched_cluster,unmatched_cluster,663
raw_native,8.0,detection_template,final_clustering,554,575,unmatched_cluster,unmatched_cluster,34
raw_native,8.0,detection_template,final_clustering,554,577,unmatched_cluster,unmatched_cluster,395
raw_native,8.0,detection_template,final_clustering,554,578,unmatched_cluster,unmatched_cluster,97
raw_native,8.0,detection_template,final_clustering,554,579,unmatched_cluster,unmatched_cluster,6
raw_native,8.0,detection_template,final_clustering,554,586,unmatched_cluster,unmatched_cluster,1654
raw_native,8.0,detection_template,final_clustering,555,580,unmatched_cluster,unmatched_cluster,2
raw_native,8.0,detection_template,final_clustering,555,582,unmatched_cluster,unmatched_cluster,34
raw_native,8.0,detection_template,final_clustering,555,583,unmatched_cluster,unmatched_cluster,630
raw_native,8.0,detection_template,final_clustering,555,586,unmatched_cluster,unmatched_cluster,2470
raw_native,8.0,detection_template,final_clustering,556,576,unmatched_cluster,unmatched_cluster,2649
raw_native,8.0,detection_template,final_clustering,557,577,unmatched_cluster,unmatched_cluster,12
raw_native,8.0,detection_template,final_clustering,557,578,unmatched_cluster,unmatched_cluster,163
raw_native,8.0,detection_template,final_clustering,557,579,unmatched_cluster,unmatched_cluster,444
raw_native,8.0,detection_template,final_clustering,557,581,unmatched_cluster,unmatched_cluster,7
raw_native,8.0,detection_template,final_clustering,557,586,unmatched_cluster,unmatched_cluster,2714
raw_native,8.0,detection_template,final_clustering,558,596,unmatched_cluster,unmatched_cluster,100
raw_native,8.0,detection_template,final_clustering,558,597,unmatched_cluster,unmatched_cluster,383
raw_native,8.0,detection_template,final_clustering,558,598,unmatched_cluster,unmatched_cluster,538
raw_native,8.0,detection_template,final_clustering,559,588,unmatched_cluster,unmatched_cluster,755
raw_native,8.0,detection_template,final_clustering,559,590,unmatched_cluster,unmatched_cluster,7647
raw_native,8.0,detection_template,final_clustering,560,587,unmatched_cluster,unmatched_cluster,72
raw_native,8.0,detection_template,final_clustering,560,588,unmatched_cluster,unmatched_cluster,315
raw_native,8.0,detection_template,final_clustering,560,590,unmatched_cluster,unmatched_cluster,4
raw_native,8.0,detection_template,final_clustering,560,594,unmatched_cluster,unmatched_cluster,3
raw_native,8.0,detection_template,final_clustering,560,599,unmatched_cluster,unmatched_cluster,1034
raw_native,8.0,detection_template,final_clustering,561,587,unmatched_cluster,unmatched_cluster,5905
raw_native,8.0,detection_template,final_clustering,561,588,unmatched_cluster,unmatched_cluster,8
raw_native,8.0,detection_template,final_clustering,562,596,unmatched_cluster,unmatched_cluster,2517
raw_native,8.0,detection_template,final_clustering,563,588,unmatched_cluster,unmatched_cluster,5
raw_native,8.0,detection_template,final_clustering,563,591,unmatched_cluster,unmatched_cluster,157
raw_native,8.0,detection_template,final_clustering,563,592,unmatched_cluster,unmatched_cluster,662
raw_native,8.0,detection_template,final_clustering,563,596,unmatched_cluster,unmatched_cluster,36
raw_native,8.0,detection_template,final_clustering,564,588,unmatched_cluster,unmatched_cluster,235
raw_native,8.0,detection_template,final_clustering,564,592,unmatched_cluster,unmatched_cluster,1
raw_native,8.0,detection_template,final_clustering,564,595,unmatched_cluster,unmatched_cluster,518
raw_native,8.0,detection_template,final_clustering,564,596,unmatched_cluster,unmatched_cluster,1
raw_native,8.0,detection_template,final_clustering,565,588,unmatched_cluster,unmatched_cluster,66
raw_native,8.0,detection_template,final_clustering,565,589,unmatched_cluster,unmatched_cluster,269
raw_native,8.0,detection_template,final_clustering,565,593,unmatched_cluster,unmatched_cluster,466
raw_native,8.0,detection_template,final_clustering,565,594,unmatched_cluster,unmatched_cluster,592
raw_native,8.0,detection_template,final_clustering,566,587,unmatched_cluster,unmatched_cluster,2
raw_native,8.0,detection_template,final_clustering,566,588,unmatched_cluster,unmatched_cluster,3721
raw_native,8.0,detection_template,final_clustering,566,590,unmatched_cluster,unmatched_cluster,48
raw_native,8.0,detection_template,final_clustering,567,588,unmatched_cluster,unmatched_cluster,118
raw_native,8.0,detection_template,final_clustering,567,592,unmatched_cluster,unmatched_cluster,3
raw_native,8.0,detection_template,final_clustering,567,595,unmatched_cluster,unmatched_cluster,3603
raw_native,8.0,detection_template,final_clustering,567,596,unmatched_cluster,unmatched_cluster,1
raw_native,8.0,detection_template,final_clustering,568,600,unmatched_cluster,unmatched_cluster,3777
raw_native,8.0,detection_template,final_clustering,569,601,unmatched_cluster,unmatched_cluster,2963
raw_native,8.0,detection_template,final_clustering,570,603,unmatched_cluster,unmatched_cluster,5495
raw_native,8.0,detection_template,final_clustering,570,605,unmatched_cluster,unmatched_cluster,4
raw_native,8.0,detection_template,final_clustering,571,602,unmatched_cluster,unmatched_cluster,59
raw_native,8.0,detection_template,final_clustering,571,604,unmatched_cluster,unmatched_cluster,39
raw_native,8.0,detection_template,final_clustering,571,606,unmatched_cluster,unmatched_cluster,1414
raw_native,8.0,detection_template,final_clustering,572,603,unmatched_cluster,unmatched_cluster,4
raw_native,8.0,detection_template,final_clustering,572,605,unmatched_cluster,unmatched_cluster,3982
raw_native,8.0,detection_template,final_clustering,573,607,unmatched_cluster,unmatched_cluster,373
raw_native,8.0,detection_template,final_clustering,574,608,unmatched_cluster,unmatched_cluster,261
raw_native,8.0,detection_template,final_clustering,575,609,unmatched_cluster,unmatched_cluster,1301
raw_native,8.0,detection_template,final_clustering,576,610,unmatched_cluster,unmatched_cluster,705
raw_native,8.0,detection_template,final_clustering,577,610,unmatched_cluster,unmatched_cluster,245
raw_native,8.0,detection_template,final_clustering,578,611,unmatched_cluster,unmatched_cluster,767
raw_native,8.0,detection_template,final_clustering,579,615,unmatched_cluster,unmatched_cluster,1342
raw_native,8.0,detection_template,final_clustering,580,614,unmatched_cluster,unmatched_cluster,1609
raw_native,8.0,detection_template,final_clustering,581,613,unmatched_cluster,unmatched_cluster,1615
raw_native,8.0,detection_template,final_clustering,582,612,unmatched_cluster,unmatched_cluster,1537
raw_native,8.0,detection_template,final_clustering,583,616,unmatched_cluster,unmatched_cluster,1571
raw_native,8.0,detection_template,final_clustering,584,618,unmatched_cluster,unmatched_cluster,1987
raw_native,8.0,detection_template,final_clustering,585,617,unmatched_cluster,unmatched_cluster,457
raw_native,8.0,detection_template,final_clustering,585,618,unmatched_cluster,unmatched_cluster,200
raw_native,8.0,detection_template,final_clustering,586,620,unmatched_cluster,unmatched_cluster,1807
raw_native,8.0,detection_template,final_clustering,586,621,unmatched_cluster,unmatched_cluster,4
raw_native,8.0,detection_template,final_clustering,587,619,unmatched_cluster,unmatched_cluster,1002
raw_native,8.0,detection_template,final_clustering,587,621,unmatched_cluster,unmatched_cluster,243
raw_native,8.0,detection_template,final_clustering,587,623,unmatched_cluster,unmatched_cluster,227
raw_native,8.0,detection_template,final_clustering,588,620,unmatched_cluster,unmatched_cluster,58
raw_native,8.0,detection_template,final_clustering,588,622,unmatched_cluster,unmatched_cluster,265
raw_native,8.0,detection_template,final_clustering,588,624,unmatched_cluster,unmatched_cluster,207
raw_native,8.0,detection_template,final_clustering,588,625,unmatched_cluster,unmatched_cluster,30
raw_native,8.0,detection_template,final_clustering,589,626,unmatched_cluster,unmatched_cluster,57
raw_native,8.0,detection_template,final_clustering,589,627,unmatched_cluster,unmatched_cluster,1312
raw_native,8.0,detection_template,final_clustering,590,628,unmatched_cluster,unmatched_cluster,2404
raw_native,8.0,detection_template,final_clustering,591,629,unmatched_cluster,unmatched_cluster,939
raw_native,8.0,detection_template,final_clustering,592,630,unmatched_cluster,unmatched_cluster,1715
raw_native,8.0,detection_template,final_clustering,593,631,unmatched_cluster,unmatched_cluster,363
raw_native,8.0,detection_template,final_clustering,594,631,unmatched_cluster,unmatched_cluster,533
raw_native,8.0,final_clustering,cluster_merging,0,0,unmatched_cluster,unmatched_cluster,179
raw_native,8.0,final_clustering,cluster_merging,1,1,unmatched_cluster,unmatched_cluster,17018
raw_native,8.0,final_clustering,cluster_merging,2,2,unmatched_cluster,unmatched_cluster,2827
raw_native,8.0,final_clustering,cluster_merging,3,3,unmatched_cluster,unmatched_cluster,203
raw_native,8.0,final_clustering,cluster_merging,4,4,unmatched_cluster,unmatched_cluster,1404
raw_native,8.0,final_clustering,cluster_merging,5,5,unmatched_cluster,unmatched_cluster,27525
raw_native,8.0,final_clustering,cluster_merging,6,6,unmatched_cluster,unmatched_cluster,24085
raw_native,8.0,final_clustering,cluster_merging,7,7,unmatched_cluster,unmatched_cluster,1139
raw_native,8.0,final_clustering,cluster_merging,8,8,unmatched_cluster,unmatched_cluster,5260
raw_native,8.0,final_clustering,cluster_merging,9,9,unmatched_cluster,unmatched_cluster,3385
raw_native,8.0,final_clustering,cluster_merging,10,10,unmatched_cluster,unmatched_cluster,806
raw_native,8.0,final_clustering,cluster_merging,11,11,unmatched_cluster,unmatched_cluster,11118
raw_native,8.0,final_clustering,cluster_merging,12,12,unmatched_cluster,unmatched_cluster,6472
raw_native,8.0,final_clustering,cluster_merging,13,13,unmatched_cluster,unmatched_cluster,3996
raw_native,8.0,final_clustering,cluster_merging,14,14,unmatched_cluster,unmatched_cluster,22567
raw_native,8.0,final_clustering,cluster_merging,15,15,unmatched_cluster,unmatched_cluster,6953
raw_native,8.0,final_clustering,cluster_merging,16,16,unmatched_cluster,unmatched_cluster,17036
raw_native,8.0,final_clustering,cluster_merging,17,21,unmatched_cluster,unmatched_cluster,282
raw_native,8.0,final_clustering,cluster_merging,18,17,unmatched_cluster,unmatched_cluster,14146
raw_native,8.0,final_clustering,cluster_merging,19,18,unmatched_cluster,unmatched_cluster,6212
raw_native,8.0,final_clustering,cluster_merging,20,19,unmatched_cluster,unmatched_cluster,3097
raw_native,8.0,final_clustering,cluster_merging,21,20,unmatched_cluster,unmatched_cluster,3843
raw_native,8.0,final_clustering,cluster_merging,22,21,unmatched_cluster,unmatched_cluster,10503
raw_native,8.0,final_clustering,cluster_merging,23,22,unmatched_cluster,unmatched_cluster,9910
raw_native,8.0,final_clustering,cluster_merging,24,23,unmatched_cluster,unmatched_cluster,28551
raw_native,8.0,final_clustering,cluster_merging,25,24,unmatched_cluster,unmatched_cluster,6817
raw_native,8.0,final_clustering,cluster_merging,26,25,unmatched_cluster,unmatched_cluster,723
raw_native,8.0,final_clustering,cluster_merging,27,26,unmatched_cluster,unmatched_cluster,3588
raw_native,8.0,final_clustering,cluster_merging,28,27,unmatched_cluster,unmatched_cluster,25962
raw_native,8.0,final_clustering,cluster_merging,29,28,unmatched_cluster,unmatched_cluster,4623
raw_native,8.0,final_clustering,cluster_merging,30,29,unmatched_cluster,unmatched_cluster,14425
raw_native,8.0,final_clustering,cluster_merging,31,30,unmatched_cluster,unmatched_cluster,11974
raw_native,8.0,final_clustering,cluster_merging,32,31,unmatched_cluster,unmatched_cluster,1322
raw_native,8.0,final_clustering,cluster_merging,33,32,unmatched_cluster,unmatched_cluster,4106
raw_native,8.0,final_clustering,cluster_merging,34,33,unmatched_cluster,unmatched_cluster,18651
raw_native,8.0,final_clustering,cluster_merging,35,34,unmatched_cluster,unmatched_cluster,333
raw_native,8.0,final_clustering,cluster_merging,36,35,unmatched_cluster,unmatched_cluster,5455
raw_native,8.0,final_clustering,cluster_merging,37,36,unmatched_cluster,unmatched_cluster,5171
raw_native,8.0,final_clustering,cluster_merging,38,37,unmatched_cluster,unmatched_cluster,993
raw_native,8.0,final_clustering,cluster_merging,39,38,unmatched_cluster,unmatched_cluster,20124
raw_native,8.0,final_clustering,cluster_merging,40,39,unmatched_cluster,unmatched_cluster,999
raw_native,8.0,final_clustering,cluster_merging,41,40,unmatched_cluster,unmatched_cluster,1482
raw_native,8.0,final_clustering,cluster_merging,42,41,unmatched_cluster,unmatched_cluster,11230
raw_native,8.0,final_clustering,cluster_merging,43,42,unmatched_cluster,unmatched_cluster,11982
raw_native,8.0,final_clustering,cluster_merging,44,43,unmatched_cluster,unmatched_cluster,9827
raw_native,8.0,final_clustering,cluster_merging,45,44,unmatched_cluster,unmatched_cluster,17153
raw_native,8.0,final_clustering,cluster_merging,46,45,unmatched_cluster,unmatched_cluster,22656
raw_native,8.0,final_clustering,cluster_merging,47,46,unmatched_cluster,unmatched_cluster,26640
raw_native,8.0,final_clustering,cluster_merging,48,47,unmatched_cluster,unmatched_cluster,1308
raw_native,8.0,final_clustering,cluster_merging,49,48,unmatched_cluster,unmatched_cluster,25759
raw_native,8.0,final_clustering,cluster_merging,50,49,unmatched_cluster,unmatched_cluster,1053
raw_native,8.0,final_clustering,cluster_merging,51,50,unmatched_cluster,unmatched_cluster,16781
raw_native,8.0,final_clustering,cluster_merging,52,51,unmatched_cluster,unmatched_cluster,18738
raw_native,8.0,final_clustering,cluster_merging,53,52,unmatched_cluster,unmatched_cluster,51531
raw_native,8.0,final_clustering,cluster_merging,54,53,unmatched_cluster,unmatched_cluster,1505
raw_native,8.0,final_clustering,cluster_merging,55,54,unmatched_cluster,unmatched_cluster,1382
raw_native,8.0,final_clustering,cluster_merging,56,55,unmatched_cluster,unmatched_cluster,11216
raw_native,8.0,final_clustering,cluster_merging,57,56,unmatched_cluster,unmatched_cluster,16394
raw_native,8.0,final_clustering,cluster_merging,58,57,unmatched_cluster,unmatched_cluster,28931
raw_native,8.0,final_clustering,cluster_merging,59,58,unmatched_cluster,unmatched_cluster,15493
raw_native,8.0,final_clustering,cluster_merging,60,59,unmatched_cluster,unmatched_cluster,13285
raw_native,8.0,final_clustering,cluster_merging,61,60,unmatched_cluster,unmatched_cluster,12558
raw_native,8.0,final_clustering,cluster_merging,62,61,unmatched_cluster,unmatched_cluster,1131
raw_native,8.0,final_clustering,cluster_merging,63,62,unmatched_cluster,unmatched_cluster,5195
raw_native,8.0,final_clustering,cluster_merging,64,63,unmatched_cluster,unmatched_cluster,23662
raw_native,8.0,final_clustering,cluster_merging,65,64,unmatched_cluster,unmatched_cluster,267
raw_native,8.0,final_clustering,cluster_merging,66,65,unmatched_cluster,unmatched_cluster,13747
raw_native,8.0,final_clustering,cluster_merging,67,66,unmatched_cluster,unmatched_cluster,950
raw_native,8.0,final_clustering,cluster_merging,68,67,unmatched_cluster,unmatched_cluster,9048
raw_native,8.0,final_clustering,cluster_merging,69,68,unmatched_cluster,unmatched_cluster,8181
raw_native,8.0,final_clustering,cluster_merging,70,69,unmatched_cluster,unmatched_cluster,7489
raw_native,8.0,final_clustering,cluster_merging,71,70,unmatched_cluster,unmatched_cluster,615
raw_native,8.0,final_clustering,cluster_merging,72,71,unmatched_cluster,unmatched_cluster,18199
raw_native,8.0,final_clustering,cluster_merging,73,72,unmatched_cluster,unmatched_cluster,11457
raw_native,8.0,final_clustering,cluster_merging,74,73,unmatched_cluster,unmatched_cluster,4144
raw_native,8.0,final_clustering,cluster_merging,75,75,unmatched_cluster,unmatched_cluster,3329
raw_native,8.0,final_clustering,cluster_merging,76,74,unmatched_cluster,unmatched_cluster,2047
raw_native,8.0,final_clustering,cluster_merging,77,75,unmatched_cluster,unmatched_cluster,13374
raw_native,8.0,final_clustering,cluster_merging,78,76,unmatched_cluster,unmatched_cluster,33896
raw_native,8.0,final_clustering,cluster_merging,79,77,unmatched_cluster,unmatched_cluster,141
raw_native,8.0,final_clustering,cluster_merging,80,78,unmatched_cluster,unmatched_cluster,14969
raw_native,8.0,final_clustering,cluster_merging,81,79,unmatched_cluster,unmatched_cluster,118
raw_native,8.0,final_clustering,cluster_merging,82,80,unmatched_cluster,unmatched_cluster,2524
raw_native,8.0,final_clustering,cluster_merging,83,79,unmatched_cluster,unmatched_cluster,210
raw_native,8.0,final_clustering,cluster_merging,84,81,unmatched_cluster,unmatched_cluster,156
raw_native,8.0,final_clustering,cluster_merging,85,82,unmatched_cluster,unmatched_cluster,1085
raw_native,8.0,final_clustering,cluster_merging,86,83,unmatched_cluster,unmatched_cluster,14621
raw_native,8.0,final_clustering,cluster_merging,87,84,unmatched_cluster,unmatched_cluster,340
raw_native,8.0,final_clustering,cluster_merging,88,85,unmatched_cluster,unmatched_cluster,20925
raw_native,8.0,final_clustering,cluster_merging,89,86,unmatched_cluster,unmatched_cluster,1088
raw_native,8.0,final_clustering,cluster_merging,90,87,unmatched_cluster,unmatched_cluster,21005
raw_native,8.0,final_clustering,cluster_merging,91,88,unmatched_cluster,unmatched_cluster,782
raw_native,8.0,final_clustering,cluster_merging,92,89,unmatched_cluster,unmatched_cluster,274
raw_native,8.0,final_clustering,cluster_merging,93,90,unmatched_cluster,unmatched_cluster,281
raw_native,8.0,final_clustering,cluster_merging,94,91,unmatched_cluster,unmatched_cluster,13355
raw_native,8.0,final_clustering,cluster_merging,95,92,unmatched_cluster,unmatched_cluster,3119
raw_native,8.0,final_clustering,cluster_merging,96,93,unmatched_cluster,unmatched_cluster,227
raw_native,8.0,final_clustering,cluster_merging,97,94,unmatched_cluster,unmatched_cluster,101
raw_native,8.0,final_clustering,cluster_merging,98,95,unmatched_cluster,unmatched_cluster,5145
raw_native,8.0,final_clustering,cluster_merging,99,96,unmatched_cluster,unmatched_cluster,3203
raw_native,8.0,final_clustering,cluster_merging,100,97,unmatched_cluster,unmatched_cluster,559
raw_native,8.0,final_clustering,cluster_merging,101,98,unmatched_cluster,unmatched_cluster,1646
raw_native,8.0,final_clustering,cluster_merging,102,99,unmatched_cluster,unmatched_cluster,5695
raw_native,8.0,final_clustering,cluster_merging,103,100,unmatched_cluster,unmatched_cluster,861
raw_native,8.0,final_clustering,cluster_merging,104,101,unmatched_cluster,unmatched_cluster,373
raw_native,8.0,final_clustering,cluster_merging,105,102,unmatched_cluster,unmatched_cluster,6523
raw_native,8.0,final_clustering,cluster_merging,106,103,unmatched_cluster,unmatched_cluster,54
raw_native,8.0,final_clustering,cluster_merging,107,104,unmatched_cluster,unmatched_cluster,460
raw_native,8.0,final_clustering,cluster_merging,108,105,unmatched_cluster,unmatched_cluster,641
raw_native,8.0,final_clustering,cluster_merging,109,106,unmatched_cluster,unmatched_cluster,778
raw_native,8.0,final_clustering,cluster_merging,110,107,unmatched_cluster,unmatched_cluster,1009
raw_native,8.0,final_clustering,cluster_merging,111,108,unmatched_cluster,unmatched_cluster,449
raw_native,8.0,final_clustering,cluster_merging,112,109,unmatched_cluster,unmatched_cluster,557
raw_native,8.0,final_clustering,cluster_merging,113,110,unmatched_cluster,unmatched_cluster,611
raw_native,8.0,final_clustering,cluster_merging,114,109,unmatched_cluster,unmatched_cluster,59
raw_native,8.0,final_clustering,cluster_merging,115,111,unmatched_cluster,unmatched_cluster,152
raw_native,8.0,final_clustering,cluster_merging,116,112,unmatched_cluster,unmatched_cluster,460
raw_native,8.0,final_clustering,cluster_merging,117,112,unmatched_cluster,unmatched_cluster,123
raw_native,8.0,final_clustering,cluster_merging,118,112,unmatched_cluster,unmatched_cluster,133
raw_native,8.0,final_clustering,cluster_merging,119,113,unmatched_cluster,unmatched_cluster,1246
raw_native,8.0,final_clustering,cluster_merging,120,112,unmatched_cluster,unmatched_cluster,120
raw_native,8.0,final_clustering,cluster_merging,121,117,unmatched_cluster,unmatched_cluster,82
raw_native,8.0,final_clustering,cluster_merging,122,114,unmatched_cluster,unmatched_cluster,4107
raw_native,8.0,final_clustering,cluster_merging,123,115,unmatched_cluster,unmatched_cluster,1091
raw_native,8.0,final_clustering,cluster_merging,124,116,unmatched_cluster,unmatched_cluster,940
raw_native,8.0,final_clustering,cluster_merging,125,117,unmatched_cluster,unmatched_cluster,232
raw_native,8.0,final_clustering,cluster_merging,126,118,fp_matched_cluster,fp_matched_cluster,55
raw_native,8.0,final_clustering,cluster_merging,126,118,tp,tp,17940
raw_native,8.0,final_clustering,cluster_merging,127,119,unmatched_cluster,unmatched_cluster,8581
raw_native,8.0,final_clustering,cluster_merging,128,120,unmatched_cluster,unmatched_cluster,8519
raw_native,8.0,final_clustering,cluster_merging,129,121,unmatched_cluster,unmatched_cluster,2051
raw_native,8.0,final_clustering,cluster_merging,130,122,unmatched_cluster,unmatched_cluster,2406
raw_native,8.0,final_clustering,cluster_merging,131,123,unmatched_cluster,unmatched_cluster,3213
raw_native,8.0,final_clustering,cluster_merging,132,124,unmatched_cluster,unmatched_cluster,3484
raw_native,8.0,final_clustering,cluster_merging,133,125,unmatched_cluster,unmatched_cluster,2581
raw_native,8.0,final_clustering,cluster_merging,134,126,fp_matched_cluster,fp_matched_cluster,1
raw_native,8.0,final_clustering,cluster_merging,134,126,tp,tp,18122
raw_native,8.0,final_clustering,cluster_merging,135,127,unmatched_cluster,unmatched_cluster,867
raw_native,8.0,final_clustering,cluster_merging,136,128,unmatched_cluster,unmatched_cluster,2490
raw_native,8.0,final_clustering,cluster_merging,137,129,unmatched_cluster,unmatched_cluster,6259
raw_native,8.0,final_clustering,cluster_merging,138,130,unmatched_cluster,unmatched_cluster,14730
raw_native,8.0,final_clustering,cluster_merging,139,131,unmatched_cluster,unmatched_cluster,1836
raw_native,8.0,final_clustering,cluster_merging,140,132,unmatched_cluster,unmatched_cluster,19
raw_native,8.0,final_clustering,cluster_merging,141,133,unmatched_cluster,unmatched_cluster,8244
raw_native,8.0,final_clustering,cluster_merging,142,137,unmatched_cluster,unmatched_cluster,384
raw_native,8.0,final_clustering,cluster_merging,143,135,unmatched_cluster,unmatched_cluster,189
raw_native,8.0,final_clustering,cluster_merging,144,137,unmatched_cluster,unmatched_cluster,254
raw_native,8.0,final_clustering,cluster_merging,145,134,unmatched_cluster,unmatched_cluster,7381
raw_native,8.0,final_clustering,cluster_merging,146,135,unmatched_cluster,unmatched_cluster,305
raw_native,8.0,final_clustering,cluster_merging,147,136,unmatched_cluster,unmatched_cluster,2095
raw_native,8.0,final_clustering,cluster_merging,148,137,unmatched_cluster,unmatched_cluster,204
raw_native,8.0,final_clustering,cluster_merging,149,138,unmatched_cluster,unmatched_cluster,7715
raw_native,8.0,final_clustering,cluster_merging,150,139,unmatched_cluster,unmatched_cluster,10532
raw_native,8.0,final_clustering,cluster_merging,151,140,unmatched_cluster,unmatched_cluster,246
raw_native,8.0,final_clustering,cluster_merging,152,141,unmatched_cluster,unmatched_cluster,2884
raw_native,8.0,final_clustering,cluster_merging,153,142,unmatched_cluster,unmatched_cluster,6496
raw_native,8.0,final_clustering,cluster_merging,154,143,unmatched_cluster,unmatched_cluster,1026
raw_native,8.0,final_clustering,cluster_merging,155,144,unmatched_cluster,unmatched_cluster,3877
raw_native,8.0,final_clustering,cluster_merging,156,145,unmatched_cluster,unmatched_cluster,17287
raw_native,8.0,final_clustering,cluster_merging,157,146,fp_matched_cluster,fp_matched_cluster,3245
raw_native,8.0,final_clustering,cluster_merging,157,146,tp,tp,15802
raw_native,8.0,final_clustering,cluster_merging,158,147,unmatched_cluster,unmatched_cluster,7849
raw_native,8.0,final_clustering,cluster_merging,159,148,unmatched_cluster,unmatched_cluster,215
raw_native,8.0,final_clustering,cluster_merging,160,149,unmatched_cluster,unmatched_cluster,15268
raw_native,8.0,final_clustering,cluster_merging,161,150,unmatched_cluster,unmatched_cluster,1727
raw_native,8.0,final_clustering,cluster_merging,162,151,unmatched_cluster,unmatched_cluster,383
raw_native,8.0,final_clustering,cluster_merging,163,152,unmatched_cluster,unmatched_cluster,6421
raw_native,8.0,final_clustering,cluster_merging,164,153,unmatched_cluster,unmatched_cluster,1097
raw_native,8.0,final_clustering,cluster_merging,165,154,unmatched_cluster,unmatched_cluster,3165
raw_native,8.0,final_clustering,cluster_merging,166,155,unmatched_cluster,unmatched_cluster,11139
raw_native,8.0,final_clustering,cluster_merging,167,156,unmatched_cluster,unmatched_cluster,16925
raw_native,8.0,final_clustering,cluster_merging,168,157,fp_matched_cluster,fp_matched_cluster,11741
raw_native,8.0,final_clustering,cluster_merging,168,157,tp,tp,8535
raw_native,8.0,final_clustering,cluster_merging,169,158,unmatched_cluster,unmatched_cluster,1681
raw_native,8.0,final_clustering,cluster_merging,170,159,unmatched_cluster,unmatched_cluster,6467
raw_native,8.0,final_clustering,cluster_merging,171,160,unmatched_cluster,unmatched_cluster,5372
raw_native,8.0,final_clustering,cluster_merging,172,161,unmatched_cluster,unmatched_cluster,14582
raw_native,8.0,final_clustering,cluster_merging,173,162,unmatched_cluster,unmatched_cluster,8334
raw_native,8.0,final_clustering,cluster_merging,174,163,unmatched_cluster,unmatched_cluster,1008
raw_native,8.0,final_clustering,cluster_merging,175,164,unmatched_cluster,unmatched_cluster,5498
raw_native,8.0,final_clustering,cluster_merging,176,165,unmatched_cluster,unmatched_cluster,4371
raw_native,8.0,final_clustering,cluster_merging,177,168,unmatched_cluster,unmatched_cluster,213
raw_native,8.0,final_clustering,cluster_merging,178,166,unmatched_cluster,unmatched_cluster,7472
raw_native,8.0,final_clustering,cluster_merging,179,167,unmatched_cluster,unmatched_cluster,316
raw_native,8.0,final_clustering,cluster_merging,180,167,unmatched_cluster,unmatched_cluster,347
raw_native,8.0,final_clustering,cluster_merging,181,168,unmatched_cluster,unmatched_cluster,347
raw_native,8.0,final_clustering,cluster_merging,182,169,unmatched_cluster,unmatched_cluster,3542
raw_native,8.0,final_clustering,cluster_merging,183,170,unmatched_cluster,unmatched_cluster,4241
raw_native,8.0,final_clustering,cluster_merging,184,171,unmatched_cluster,unmatched_cluster,4328
raw_native,8.0,final_clustering,cluster_merging,185,172,unmatched_cluster,unmatched_cluster,9823
raw_native,8.0,final_clustering,cluster_merging,186,173,unmatched_cluster,unmatched_cluster,8688
raw_native,8.0,final_clustering,cluster_merging,187,174,fp_matched_cluster,fp_matched_cluster,1704
raw_native,8.0,final_clustering,cluster_merging,187,174,tp,tp,12486
raw_native,8.0,final_clustering,cluster_merging,188,175,unmatched_cluster,unmatched_cluster,851
raw_native,8.0,final_clustering,cluster_merging,189,176,unmatched_cluster,unmatched_cluster,4417
raw_native,8.0,final_clustering,cluster_merging,190,177,unmatched_cluster,unmatched_cluster,2036
raw_native,8.0,final_clustering,cluster_merging,191,178,unmatched_cluster,unmatched_cluster,12364
raw_native,8.0,final_clustering,cluster_merging,192,179,unmatched_cluster,unmatched_cluster,475
raw_native,8.0,final_clustering,cluster_merging,193,180,unmatched_cluster,unmatched_cluster,12080
raw_native,8.0,final_clustering,cluster_merging,194,181,unmatched_cluster,unmatched_cluster,8670
raw_native,8.0,final_clustering,cluster_merging,195,182,unmatched_cluster,unmatched_cluster,188
raw_native,8.0,final_clustering,cluster_merging,196,183,unmatched_cluster,unmatched_cluster,13053
raw_native,8.0,final_clustering,cluster_merging,197,184,unmatched_cluster,unmatched_cluster,2330
raw_native,8.0,final_clustering,cluster_merging,198,184,unmatched_cluster,unmatched_cluster,5427
raw_native,8.0,final_clustering,cluster_merging,199,185,unmatched_cluster,unmatched_cluster,2473
raw_native,8.0,final_clustering,cluster_merging,200,186,unmatched_cluster,unmatched_cluster,6074
raw_native,8.0,final_clustering,cluster_merging,201,187,unmatched_cluster,unmatched_cluster,29057
raw_native,8.0,final_clustering,cluster_merging,202,188,unmatched_cluster,unmatched_cluster,22830
raw_native,8.0,final_clustering,cluster_merging,203,189,unmatched_cluster,unmatched_cluster,15599
raw_native,8.0,final_clustering,cluster_merging,204,190,unmatched_cluster,unmatched_cluster,3438
raw_native,8.0,final_clustering,cluster_merging,205,191,unmatched_cluster,unmatched_cluster,4021
raw_native,8.0,final_clustering,cluster_merging,206,192,unmatched_cluster,unmatched_cluster,3931
raw_native,8.0,final_clustering,cluster_merging,207,202,unmatched_cluster,unmatched_cluster,1490
raw_native,8.0,final_clustering,cluster_merging,208,193,unmatched_cluster,unmatched_cluster,7468
raw_native,8.0,final_clustering,cluster_merging,209,194,unmatched_cluster,unmatched_cluster,15574
raw_native,8.0,final_clustering,cluster_merging,210,195,unmatched_cluster,unmatched_cluster,9542
raw_native,8.0,final_clustering,cluster_merging,211,196,unmatched_cluster,unmatched_cluster,796
raw_native,8.0,final_clustering,cluster_merging,212,191,unmatched_cluster,unmatched_cluster,1511
raw_native,8.0,final_clustering,cluster_merging,213,197,unmatched_cluster,unmatched_cluster,2288
raw_native,8.0,final_clustering,cluster_merging,214,198,unmatched_cluster,unmatched_cluster,12579
raw_native,8.0,final_clustering,cluster_merging,215,199,unmatched_cluster,unmatched_cluster,32647
raw_native,8.0,final_clustering,cluster_merging,216,213,unmatched_cluster,unmatched_cluster,621
raw_native,8.0,final_clustering,cluster_merging,217,200,unmatched_cluster,unmatched_cluster,5188
raw_native,8.0,final_clustering,cluster_merging,218,201,unmatched_cluster,unmatched_cluster,854
raw_native,8.0,final_clustering,cluster_merging,219,202,unmatched_cluster,unmatched_cluster,29407
raw_native,8.0,final_clustering,cluster_merging,220,203,unmatched_cluster,unmatched_cluster,8467
raw_native,8.0,final_clustering,cluster_merging,221,204,unmatched_cluster,unmatched_cluster,5506
raw_native,8.0,final_clustering,cluster_merging,222,205,unmatched_cluster,unmatched_cluster,641
raw_native,8.0,final_clustering,cluster_merging,223,202,unmatched_cluster,unmatched_cluster,352
raw_native,8.0,final_clustering,cluster_merging,224,206,unmatched_cluster,unmatched_cluster,1994
raw_native,8.0,final_clustering,cluster_merging,225,207,unmatched_cluster,unmatched_cluster,4847
raw_native,8.0,final_clustering,cluster_merging,226,208,unmatched_cluster,unmatched_cluster,12919
raw_native,8.0,final_clustering,cluster_merging,227,209,unmatched_cluster,unmatched_cluster,11453
raw_native,8.0,final_clustering,cluster_merging,228,210,unmatched_cluster,unmatched_cluster,21358
raw_native,8.0,final_clustering,cluster_merging,229,223,unmatched_cluster,unmatched_cluster,862
raw_native,8.0,final_clustering,cluster_merging,230,211,unmatched_cluster,unmatched_cluster,11565
raw_native,8.0,final_clustering,cluster_merging,231,223,unmatched_cluster,unmatched_cluster,647
raw_native,8.0,final_clustering,cluster_merging,232,212,unmatched_cluster,unmatched_cluster,16909
raw_native,8.0,final_clustering,cluster_merging,233,213,unmatched_cluster,unmatched_cluster,15866
raw_native,8.0,final_clustering,cluster_merging,234,214,unmatched_cluster,unmatched_cluster,5621
raw_native,8.0,final_clustering,cluster_merging,235,223,unmatched_cluster,unmatched_cluster,582
raw_native,8.0,final_clustering,cluster_merging,236,215,unmatched_cluster,unmatched_cluster,7207
raw_native,8.0,final_clustering,cluster_merging,237,216,unmatched_cluster,unmatched_cluster,4889
raw_native,8.0,final_clustering,cluster_merging,238,217,unmatched_cluster,unmatched_cluster,2466
raw_native,8.0,final_clustering,cluster_merging,239,218,unmatched_cluster,unmatched_cluster,13989
raw_native,8.0,final_clustering,cluster_merging,240,219,unmatched_cluster,unmatched_cluster,5087
raw_native,8.0,final_clustering,cluster_merging,241,220,unmatched_cluster,unmatched_cluster,364
raw_native,8.0,final_clustering,cluster_merging,242,221,unmatched_cluster,unmatched_cluster,2456
raw_native,8.0,final_clustering,cluster_merging,243,222,unmatched_cluster,unmatched_cluster,6278
raw_native,8.0,final_clustering,cluster_merging,244,223,unmatched_cluster,unmatched_cluster,4896
raw_native,8.0,final_clustering,cluster_merging,245,223,unmatched_cluster,unmatched_cluster,5572
raw_native,8.0,final_clustering,cluster_merging,246,224,unmatched_cluster,unmatched_cluster,9117
raw_native,8.0,final_clustering,cluster_merging,247,225,unmatched_cluster,unmatched_cluster,8683
raw_native,8.0,final_clustering,cluster_merging,248,226,unmatched_cluster,unmatched_cluster,33767
raw_native,8.0,final_clustering,cluster_merging,249,237,unmatched_cluster,unmatched_cluster,711
raw_native,8.0,final_clustering,cluster_merging,250,237,unmatched_cluster,unmatched_cluster,282
raw_native,8.0,final_clustering,cluster_merging,251,237,unmatched_cluster,unmatched_cluster,239
raw_native,8.0,final_clustering,cluster_merging,252,227,unmatched_cluster,unmatched_cluster,2838
raw_native,8.0,final_clustering,cluster_merging,253,221,unmatched_cluster,unmatched_cluster,8131
raw_native,8.0,final_clustering,cluster_merging,254,248,unmatched_cluster,unmatched_cluster,800
raw_native,8.0,final_clustering,cluster_merging,255,228,unmatched_cluster,unmatched_cluster,7304
raw_native,8.0,final_clustering,cluster_merging,256,237,unmatched_cluster,unmatched_cluster,348
raw_native,8.0,final_clustering,cluster_merging,257,229,unmatched_cluster,unmatched_cluster,618
raw_native,8.0,final_clustering,cluster_merging,258,248,unmatched_cluster,unmatched_cluster,147
raw_native,8.0,final_clustering,cluster_merging,259,235,unmatched_cluster,unmatched_cluster,532
raw_native,8.0,final_clustering,cluster_merging,260,230,unmatched_cluster,unmatched_cluster,11984
raw_native,8.0,final_clustering,cluster_merging,261,237,unmatched_cluster,unmatched_cluster,322
raw_native,8.0,final_clustering,cluster_merging,262,237,unmatched_cluster,unmatched_cluster,1236
raw_native,8.0,final_clustering,cluster_merging,263,231,unmatched_cluster,unmatched_cluster,6553
raw_native,8.0,final_clustering,cluster_merging,264,232,unmatched_cluster,unmatched_cluster,16088
raw_native,8.0,final_clustering,cluster_merging,265,233,unmatched_cluster,unmatched_cluster,25455
raw_native,8.0,final_clustering,cluster_merging,266,234,unmatched_cluster,unmatched_cluster,21446
raw_native,8.0,final_clustering,cluster_merging,267,235,unmatched_cluster,unmatched_cluster,35038
raw_native,8.0,final_clustering,cluster_merging,268,236,unmatched_cluster,unmatched_cluster,34001
raw_native,8.0,final_clustering,cluster_merging,269,237,unmatched_cluster,unmatched_cluster,74078
raw_native,8.0,final_clustering,cluster_merging,270,239,unmatched_cluster,unmatched_cluster,5153
raw_native,8.0,final_clustering,cluster_merging,271,238,unmatched_cluster,unmatched_cluster,15554
raw_native,8.0,final_clustering,cluster_merging,272,248,unmatched_cluster,unmatched_cluster,399
raw_native,8.0,final_clustering,cluster_merging,273,239,unmatched_cluster,unmatched_cluster,6032
raw_native,8.0,final_clustering,cluster_merging,274,240,unmatched_cluster,unmatched_cluster,2329
raw_native,8.0,final_clustering,cluster_merging,275,241,unmatched_cluster,unmatched_cluster,6731
raw_native,8.0,final_clustering,cluster_merging,276,242,unmatched_cluster,unmatched_cluster,9119
raw_native,8.0,final_clustering,cluster_merging,277,243,unmatched_cluster,unmatched_cluster,4268
raw_native,8.0,final_clustering,cluster_merging,278,244,unmatched_cluster,unmatched_cluster,4212
raw_native,8.0,final_clustering,cluster_merging,279,245,unmatched_cluster,unmatched_cluster,3726
raw_native,8.0,final_clustering,cluster_merging,280,235,unmatched_cluster,unmatched_cluster,402
raw_native,8.0,final_clustering,cluster_merging,281,246,unmatched_cluster,unmatched_cluster,30327
raw_native,8.0,final_clustering,cluster_merging,282,247,unmatched_cluster,unmatched_cluster,12331
raw_native,8.0,final_clustering,cluster_merging,283,248,unmatched_cluster,unmatched_cluster,31584
raw_native,8.0,final_clustering,cluster_merging,284,258,unmatched_cluster,unmatched_cluster,1088
raw_native,8.0,final_clustering,cluster_merging,285,249,unmatched_cluster,unmatched_cluster,24676
raw_native,8.0,final_clustering,cluster_merging,286,250,unmatched_cluster,unmatched_cluster,5514
raw_native,8.0,final_clustering,cluster_merging,287,251,unmatched_cluster,unmatched_cluster,11928
raw_native,8.0,final_clustering,cluster_merging,288,252,unmatched_cluster,unmatched_cluster,7774
raw_native,8.0,final_clustering,cluster_merging,289,253,unmatched_cluster,unmatched_cluster,26369
raw_native,8.0,final_clustering,cluster_merging,290,254,unmatched_cluster,unmatched_cluster,7199
raw_native,8.0,final_clustering,cluster_merging,291,255,unmatched_cluster,unmatched_cluster,9743
raw_native,8.0,final_clustering,cluster_merging,292,256,unmatched_cluster,unmatched_cluster,5176
raw_native,8.0,final_clustering,cluster_merging,293,257,unmatched_cluster,unmatched_cluster,10282
raw_native,8.0,final_clustering,cluster_merging,294,258,unmatched_cluster,unmatched_cluster,14796
raw_native,8.0,final_clustering,cluster_merging,295,259,unmatched_cluster,unmatched_cluster,10591
raw_native,8.0,final_clustering,cluster_merging,296,260,unmatched_cluster,unmatched_cluster,19268
raw_native,8.0,final_clustering,cluster_merging,297,261,unmatched_cluster,unmatched_cluster,60560
raw_native,8.0,final_clustering,cluster_merging,298,262,unmatched_cluster,unmatched_cluster,9291
raw_native,8.0,final_clustering,cluster_merging,299,263,unmatched_cluster,unmatched_cluster,5484
raw_native,8.0,final_clustering,cluster_merging,300,287,unmatched_cluster,unmatched_cluster,1977
raw_native,8.0,final_clustering,cluster_merging,301,264,unmatched_cluster,unmatched_cluster,16320
raw_native,8.0,final_clustering,cluster_merging,302,265,unmatched_cluster,unmatched_cluster,14220
raw_native,8.0,final_clustering,cluster_merging,303,266,unmatched_cluster,unmatched_cluster,9965
raw_native,8.0,final_clustering,cluster_merging,304,267,unmatched_cluster,unmatched_cluster,30834
raw_native,8.0,final_clustering,cluster_merging,305,268,unmatched_cluster,unmatched_cluster,33949
raw_native,8.0,final_clustering,cluster_merging,306,269,unmatched_cluster,unmatched_cluster,28605
raw_native,8.0,final_clustering,cluster_merging,307,270,unmatched_cluster,unmatched_cluster,27038
raw_native,8.0,final_clustering,cluster_merging,308,271,unmatched_cluster,unmatched_cluster,403
raw_native,8.0,final_clustering,cluster_merging,309,272,unmatched_cluster,unmatched_cluster,6362
raw_native,8.0,final_clustering,cluster_merging,310,273,unmatched_cluster,unmatched_cluster,17433
raw_native,8.0,final_clustering,cluster_merging,311,274,unmatched_cluster,unmatched_cluster,11568
raw_native,8.0,final_clustering,cluster_merging,312,275,unmatched_cluster,unmatched_cluster,15372
raw_native,8.0,final_clustering,cluster_merging,313,276,unmatched_cluster,unmatched_cluster,5074
raw_native,8.0,final_clustering,cluster_merging,314,277,unmatched_cluster,unmatched_cluster,8068
raw_native,8.0,final_clustering,cluster_merging,315,278,unmatched_cluster,unmatched_cluster,3659
raw_native,8.0,final_clustering,cluster_merging,316,279,unmatched_cluster,unmatched_cluster,2914
raw_native,8.0,final_clustering,cluster_merging,317,268,unmatched_cluster,unmatched_cluster,11575
raw_native,8.0,final_clustering,cluster_merging,318,280,unmatched_cluster,unmatched_cluster,199
raw_native,8.0,final_clustering,cluster_merging,319,296,unmatched_cluster,unmatched_cluster,1162
raw_native,8.0,final_clustering,cluster_merging,320,281,unmatched_cluster,unmatched_cluster,8819
raw_native,8.0,final_clustering,cluster_merging,321,276,unmatched_cluster,unmatched_cluster,313
raw_native,8.0,final_clustering,cluster_merging,322,282,unmatched_cluster,unmatched_cluster,16004
raw_native,8.0,final_clustering,cluster_merging,323,283,unmatched_cluster,unmatched_cluster,9976
raw_native,8.0,final_clustering,cluster_merging,324,284,unmatched_cluster,unmatched_cluster,13443
raw_native,8.0,final_clustering,cluster_merging,325,268,unmatched_cluster,unmatched_cluster,2596
raw_native,8.0,final_clustering,cluster_merging,326,285,unmatched_cluster,unmatched_cluster,15613
raw_native,8.0,final_clustering,cluster_merging,327,286,unmatched_cluster,unmatched_cluster,23899
raw_native,8.0,final_clustering,cluster_merging,328,287,unmatched_cluster,unmatched_cluster,38387
raw_native,8.0,final_clustering,cluster_merging,329,288,unmatched_cluster,unmatched_cluster,18522
raw_native,8.0,final_clustering,cluster_merging,330,289,unmatched_cluster,unmatched_cluster,7368
raw_native,8.0,final_clustering,cluster_merging,331,290,unmatched_cluster,unmatched_cluster,4849
raw_native,8.0,final_clustering,cluster_merging,332,291,unmatched_cluster,unmatched_cluster,9336
raw_native,8.0,final_clustering,cluster_merging,333,292,unmatched_cluster,unmatched_cluster,8720
raw_native,8.0,final_clustering,cluster_merging,334,295,unmatched_cluster,unmatched_cluster,4314
raw_native,8.0,final_clustering,cluster_merging,335,293,unmatched_cluster,unmatched_cluster,67604
raw_native,8.0,final_clustering,cluster_merging,336,294,unmatched_cluster,unmatched_cluster,9449
raw_native,8.0,final_clustering,cluster_merging,337,295,unmatched_cluster,unmatched_cluster,8359
raw_native,8.0,final_clustering,cluster_merging,338,296,unmatched_cluster,unmatched_cluster,12355
raw_native,8.0,final_clustering,cluster_merging,339,297,unmatched_cluster,unmatched_cluster,20975
raw_native,8.0,final_clustering,cluster_merging,340,298,unmatched_cluster,unmatched_cluster,24931
raw_native,8.0,final_clustering,cluster_merging,341,299,unmatched_cluster,unmatched_cluster,14534
raw_native,8.0,final_clustering,cluster_merging,342,300,unmatched_cluster,unmatched_cluster,18273
raw_native,8.0,final_clustering,cluster_merging,343,301,unmatched_cluster,unmatched_cluster,6623
raw_native,8.0,final_clustering,cluster_merging,344,302,unmatched_cluster,unmatched_cluster,3386
raw_native,8.0,final_clustering,cluster_merging,345,303,unmatched_cluster,unmatched_cluster,11930
raw_native,8.0,final_clustering,cluster_merging,346,304,unmatched_cluster,unmatched_cluster,679
raw_native,8.0,final_clustering,cluster_merging,347,305,unmatched_cluster,unmatched_cluster,8886
raw_native,8.0,final_clustering,cluster_merging,348,306,unmatched_cluster,unmatched_cluster,3293
raw_native,8.0,final_clustering,cluster_merging,349,307,unmatched_cluster,unmatched_cluster,4323
raw_native,8.0,final_clustering,cluster_merging,350,308,unmatched_cluster,unmatched_cluster,730
raw_native,8.0,final_clustering,cluster_merging,351,309,unmatched_cluster,unmatched_cluster,1242
raw_native,8.0,final_clustering,cluster_merging,352,309,unmatched_cluster,unmatched_cluster,1085
raw_native,8.0,final_clustering,cluster_merging,353,310,unmatched_cluster,unmatched_cluster,1916
raw_native,8.0,final_clustering,cluster_merging,354,311,unmatched_cluster,unmatched_cluster,887
raw_native,8.0,final_clustering,cluster_merging,355,312,unmatched_cluster,unmatched_cluster,1400
raw_native,8.0,final_clustering,cluster_merging,356,313,unmatched_cluster,unmatched_cluster,267
raw_native,8.0,final_clustering,cluster_merging,357,314,unmatched_cluster,unmatched_cluster,679
raw_native,8.0,final_clustering,cluster_merging,358,315,fp_matched_cluster,fp_matched_cluster,312
raw_native,8.0,final_clustering,cluster_merging,358,315,tp,tp,9014
raw_native,8.0,final_clustering,cluster_merging,359,316,unmatched_cluster,unmatched_cluster,3694
raw_native,8.0,final_clustering,cluster_merging,360,317,unmatched_cluster,unmatched_cluster,7709
raw_native,8.0,final_clustering,cluster_merging,361,318,unmatched_cluster,unmatched_cluster,3363
raw_native,8.0,final_clustering,cluster_merging,362,319,unmatched_cluster,unmatched_cluster,5469
raw_native,8.0,final_clustering,cluster_merging,363,319,unmatched_cluster,unmatched_cluster,1164
raw_native,8.0,final_clustering,cluster_merging,364,320,unmatched_cluster,unmatched_cluster,23326
raw_native,8.0,final_clustering,cluster_merging,365,321,unmatched_cluster,unmatched_cluster,732
raw_native,8.0,final_clustering,cluster_merging,366,322,unmatched_cluster,unmatched_cluster,2807
raw_native,8.0,final_clustering,cluster_merging,367,323,unmatched_cluster,unmatched_cluster,9687
raw_native,8.0,final_clustering,cluster_merging,368,324,unmatched_cluster,unmatched_cluster,1598
raw_native,8.0,final_clustering,cluster_merging,369,325,unmatched_cluster,unmatched_cluster,971
raw_native,8.0,final_clustering,cluster_merging,370,326,unmatched_cluster,unmatched_cluster,9573
raw_native,8.0,final_clustering,cluster_merging,371,323,unmatched_cluster,unmatched_cluster,2991
raw_native,8.0,final_clustering,cluster_merging,372,327,unmatched_cluster,unmatched_cluster,10347
raw_native,8.0,final_clustering,cluster_merging,373,328,unmatched_cluster,unmatched_cluster,1123
raw_native,8.0,final_clustering,cluster_merging,374,329,unmatched_cluster,unmatched_cluster,38138
raw_native,8.0,final_clustering,cluster_merging,375,330,unmatched_cluster,unmatched_cluster,27917
raw_native,8.0,final_clustering,cluster_merging,376,331,unmatched_cluster,unmatched_cluster,1946
raw_native,8.0,final_clustering,cluster_merging,377,332,unmatched_cluster,unmatched_cluster,1928
raw_native,8.0,final_clustering,cluster_merging,378,333,unmatched_cluster,unmatched_cluster,2130
raw_native,8.0,final_clustering,cluster_merging,379,334,unmatched_cluster,unmatched_cluster,12960
raw_native,8.0,final_clustering,cluster_merging,380,335,unmatched_cluster,unmatched_cluster,1939
raw_native,8.0,final_clustering,cluster_merging,381,336,unmatched_cluster,unmatched_cluster,1006
raw_native,8.0,final_clustering,cluster_merging,382,337,unmatched_cluster,unmatched_cluster,440
raw_native,8.0,final_clustering,cluster_merging,383,338,unmatched_cluster,unmatched_cluster,3513
raw_native,8.0,final_clustering,cluster_merging,384,339,unmatched_cluster,unmatched_cluster,4973
raw_native,8.0,final_clustering,cluster_merging,385,340,unmatched_cluster,unmatched_cluster,856
raw_native,8.0,final_clustering,cluster_merging,386,341,unmatched_cluster,unmatched_cluster,1511
raw_native,8.0,final_clustering,cluster_merging,387,342,unmatched_cluster,unmatched_cluster,300
raw_native,8.0,final_clustering,cluster_merging,388,343,unmatched_cluster,unmatched_cluster,1108
raw_native,8.0,final_clustering,cluster_merging,389,344,unmatched_cluster,unmatched_cluster,310
raw_native,8.0,final_clustering,cluster_merging,390,342,unmatched_cluster,unmatched_cluster,295
raw_native,8.0,final_clustering,cluster_merging,391,346,unmatched_cluster,unmatched_cluster,951
raw_native,8.0,final_clustering,cluster_merging,392,345,unmatched_cluster,unmatched_cluster,1563
raw_native,8.0,final_clustering,cluster_merging,393,346,unmatched_cluster,unmatched_cluster,3433
raw_native,8.0,final_clustering,cluster_merging,394,347,unmatched_cluster,unmatched_cluster,2447
raw_native,8.0,final_clustering,cluster_merging,395,344,unmatched_cluster,unmatched_cluster,267
raw_native,8.0,final_clustering,cluster_merging,396,348,unmatched_cluster,unmatched_cluster,2128
raw_native,8.0,final_clustering,cluster_merging,397,349,unmatched_cluster,unmatched_cluster,1482
raw_native,8.0,final_clustering,cluster_merging,398,350,unmatched_cluster,unmatched_cluster,1920
raw_native,8.0,final_clustering,cluster_merging,399,351,unmatched_cluster,unmatched_cluster,1311
raw_native,8.0,final_clustering,cluster_merging,400,352,unmatched_cluster,unmatched_cluster,22005
raw_native,8.0,final_clustering,cluster_merging,401,344,unmatched_cluster,unmatched_cluster,143
raw_native,8.0,final_clustering,cluster_merging,402,353,unmatched_cluster,unmatched_cluster,4904
raw_native,8.0,final_clustering,cluster_merging,403,354,unmatched_cluster,unmatched_cluster,2195
raw_native,8.0,final_clustering,cluster_merging,404,355,unmatched_cluster,unmatched_cluster,7635
raw_native,8.0,final_clustering,cluster_merging,405,356,unmatched_cluster,unmatched_cluster,1812
raw_native,8.0,final_clustering,cluster_merging,406,357,unmatched_cluster,unmatched_cluster,7504
raw_native,8.0,final_clustering,cluster_merging,407,358,unmatched_cluster,unmatched_cluster,4043
raw_native,8.0,final_clustering,cluster_merging,408,359,unmatched_cluster,unmatched_cluster,191
raw_native,8.0,final_clustering,cluster_merging,409,360,unmatched_cluster,unmatched_cluster,28000
raw_native,8.0,final_clustering,cluster_merging,410,361,unmatched_cluster,unmatched_cluster,680
raw_native,8.0,final_clustering,cluster_merging,411,362,unmatched_cluster,unmatched_cluster,236
raw_native,8.0,final_clustering,cluster_merging,412,363,unmatched_cluster,unmatched_cluster,7766
raw_native,8.0,final_clustering,cluster_merging,413,364,unmatched_cluster,unmatched_cluster,4536
raw_native,8.0,final_clustering,cluster_merging,414,365,unmatched_cluster,unmatched_cluster,7310
raw_native,8.0,final_clustering,cluster_merging,415,366,unmatched_cluster,unmatched_cluster,965
raw_native,8.0,final_clustering,cluster_merging,416,367,unmatched_cluster,unmatched_cluster,21887
raw_native,8.0,final_clustering,cluster_merging,417,368,unmatched_cluster,unmatched_cluster,3193
raw_native,8.0,final_clustering,cluster_merging,418,369,unmatched_cluster,unmatched_cluster,8461
raw_native,8.0,final_clustering,cluster_merging,419,370,unmatched_cluster,unmatched_cluster,4885
raw_native,8.0,final_clustering,cluster_merging,420,371,unmatched_cluster,unmatched_cluster,3604
raw_native,8.0,final_clustering,cluster_merging,421,372,unmatched_cluster,unmatched_cluster,181
raw_native,8.0,final_clustering,cluster_merging,422,373,unmatched_cluster,unmatched_cluster,6795
raw_native,8.0,final_clustering,cluster_merging,423,374,unmatched_cluster,unmatched_cluster,3452
raw_native,8.0,final_clustering,cluster_merging,424,375,unmatched_cluster,unmatched_cluster,3396
raw_native,8.0,final_clustering,cluster_merging,425,376,unmatched_cluster,unmatched_cluster,1583
raw_native,8.0,final_clustering,cluster_merging,426,377,unmatched_cluster,unmatched_cluster,9054
raw_native,8.0,final_clustering,cluster_merging,427,378,unmatched_cluster,unmatched_cluster,4141
raw_native,8.0,final_clustering,cluster_merging,428,379,unmatched_cluster,unmatched_cluster,2700
raw_native,8.0,final_clustering,cluster_merging,429,380,unmatched_cluster,unmatched_cluster,10138
raw_native,8.0,final_clustering,cluster_merging,430,381,unmatched_cluster,unmatched_cluster,22398
raw_native,8.0,final_clustering,cluster_merging,431,382,unmatched_cluster,unmatched_cluster,1979
raw_native,8.0,final_clustering,cluster_merging,432,383,unmatched_cluster,unmatched_cluster,4395
raw_native,8.0,final_clustering,cluster_merging,433,384,unmatched_cluster,unmatched_cluster,2279
raw_native,8.0,final_clustering,cluster_merging,434,385,unmatched_cluster,unmatched_cluster,223
raw_native,8.0,final_clustering,cluster_merging,435,386,unmatched_cluster,unmatched_cluster,3890
raw_native,8.0,final_clustering,cluster_merging,436,389,unmatched_cluster,unmatched_cluster,222
raw_native,8.0,final_clustering,cluster_merging,437,387,unmatched_cluster,unmatched_cluster,840
raw_native,8.0,final_clustering,cluster_merging,438,388,unmatched_cluster,unmatched_cluster,4349
raw_native,8.0,final_clustering,cluster_merging,439,389,unmatched_cluster,unmatched_cluster,11248
raw_native,8.0,final_clustering,cluster_merging,440,390,unmatched_cluster,unmatched_cluster,17801
raw_native,8.0,final_clustering,cluster_merging,441,391,unmatched_cluster,unmatched_cluster,685
raw_native,8.0,final_clustering,cluster_merging,442,391,unmatched_cluster,unmatched_cluster,1434
raw_native,8.0,final_clustering,cluster_merging,443,392,unmatched_cluster,unmatched_cluster,15621
raw_native,8.0,final_clustering,cluster_merging,444,393,unmatched_cluster,unmatched_cluster,6711
raw_native,8.0,final_clustering,cluster_merging,445,394,unmatched_cluster,unmatched_cluster,3371
raw_native,8.0,final_clustering,cluster_merging,446,395,unmatched_cluster,unmatched_cluster,9641
raw_native,8.0,final_clustering,cluster_merging,447,396,unmatched_cluster,unmatched_cluster,730
raw_native,8.0,final_clustering,cluster_merging,448,397,unmatched_cluster,unmatched_cluster,3575
raw_native,8.0,final_clustering,cluster_merging,449,398,unmatched_cluster,unmatched_cluster,214
raw_native,8.0,final_clustering,cluster_merging,450,393,unmatched_cluster,unmatched_cluster,489
raw_native,8.0,final_clustering,cluster_merging,451,399,unmatched_cluster,unmatched_cluster,946
raw_native,8.0,final_clustering,cluster_merging,452,400,unmatched_cluster,unmatched_cluster,252
raw_native,8.0,final_clustering,cluster_merging,453,401,unmatched_cluster,unmatched_cluster,1491
raw_native,8.0,final_clustering,cluster_merging,454,402,unmatched_cluster,unmatched_cluster,5672
raw_native,8.0,final_clustering,cluster_merging,455,397,unmatched_cluster,unmatched_cluster,2591
raw_native,8.0,final_clustering,cluster_merging,456,403,unmatched_cluster,unmatched_cluster,11042
raw_native,8.0,final_clustering,cluster_merging,457,404,unmatched_cluster,unmatched_cluster,11501
raw_native,8.0,final_clustering,cluster_merging,458,405,unmatched_cluster,unmatched_cluster,8214
raw_native,8.0,final_clustering,cluster_merging,459,426,unmatched_cluster,unmatched_cluster,102
raw_native,8.0,final_clustering,cluster_merging,460,407,unmatched_cluster,unmatched_cluster,167
raw_native,8.0,final_clustering,cluster_merging,461,406,unmatched_cluster,unmatched_cluster,13508
raw_native,8.0,final_clustering,cluster_merging,462,407,unmatched_cluster,unmatched_cluster,374
raw_native,8.0,final_clustering,cluster_merging,463,408,unmatched_cluster,unmatched_cluster,1150
raw_native,8.0,final_clustering,cluster_merging,464,409,unmatched_cluster,unmatched_cluster,499
raw_native,8.0,final_clustering,cluster_merging,465,407,unmatched_cluster,unmatched_cluster,74
raw_native,8.0,final_clustering,cluster_merging,466,410,unmatched_cluster,unmatched_cluster,2916
raw_native,8.0,final_clustering,cluster_merging,467,411,unmatched_cluster,unmatched_cluster,4569
raw_native,8.0,final_clustering,cluster_merging,468,412,unmatched_cluster,unmatched_cluster,3179
raw_native,8.0,final_clustering,cluster_merging,469,413,unmatched_cluster,unmatched_cluster,5713
raw_native,8.0,final_clustering,cluster_merging,470,414,unmatched_cluster,unmatched_cluster,4590
raw_native,8.0,final_clustering,cluster_merging,471,415,unmatched_cluster,unmatched_cluster,648
raw_native,8.0,final_clustering,cluster_merging,472,416,unmatched_cluster,unmatched_cluster,1624
raw_native,8.0,final_clustering,cluster_merging,473,417,unmatched_cluster,unmatched_cluster,2778
raw_native,8.0,final_clustering,cluster_merging,474,418,unmatched_cluster,unmatched_cluster,13238
raw_native,8.0,final_clustering,cluster_merging,475,419,unmatched_cluster,unmatched_cluster,2005
raw_native,8.0,final_clustering,cluster_merging,476,420,unmatched_cluster,unmatched_cluster,5299
raw_native,8.0,final_clustering,cluster_merging,477,421,unmatched_cluster,unmatched_cluster,9272
raw_native,8.0,final_clustering,cluster_merging,478,422,unmatched_cluster,unmatched_cluster,2232
raw_native,8.0,final_clustering,cluster_merging,479,423,unmatched_cluster,unmatched_cluster,2525
raw_native,8.0,final_clustering,cluster_merging,480,424,unmatched_cluster,unmatched_cluster,11267
raw_native,8.0,final_clustering,cluster_merging,481,425,unmatched_cluster,unmatched_cluster,976
raw_native,8.0,final_clustering,cluster_merging,482,426,unmatched_cluster,unmatched_cluster,11247
raw_native,8.0,final_clustering,cluster_merging,483,427,unmatched_cluster,unmatched_cluster,3814
raw_native,8.0,final_clustering,cluster_merging,484,428,unmatched_cluster,unmatched_cluster,3992
raw_native,8.0,final_clustering,cluster_merging,485,429,unmatched_cluster,unmatched_cluster,9291
raw_native,8.0,final_clustering,cluster_merging,486,430,unmatched_cluster,unmatched_cluster,9694
raw_native,8.0,final_clustering,cluster_merging,487,431,unmatched_cluster,unmatched_cluster,2043
raw_native,8.0,final_clustering,cluster_merging,488,432,unmatched_cluster,unmatched_cluster,1688
raw_native,8.0,final_clustering,cluster_merging,489,433,unmatched_cluster,unmatched_cluster,10199
raw_native,8.0,final_clustering,cluster_merging,490,434,unmatched_cluster,unmatched_cluster,3888
raw_native,8.0,final_clustering,cluster_merging,491,435,unmatched_cluster,unmatched_cluster,340
raw_native,8.0,final_clustering,cluster_merging,492,436,unmatched_cluster,unmatched_cluster,2331
raw_native,8.0,final_clustering,cluster_merging,493,445,unmatched_cluster,unmatched_cluster,134
raw_native,8.0,final_clustering,cluster_merging,494,437,unmatched_cluster,unmatched_cluster,3240
raw_native,8.0,final_clustering,cluster_merging,495,438,unmatched_cluster,unmatched_cluster,725
raw_native,8.0,final_clustering,cluster_merging,496,439,unmatched_cluster,unmatched_cluster,9811
raw_native,8.0,final_clustering,cluster_merging,497,440,unmatched_cluster,unmatched_cluster,963
raw_native,8.0,final_clustering,cluster_merging,498,441,unmatched_cluster,unmatched_cluster,356
raw_native,8.0,final_clustering,cluster_merging,499,442,unmatched_cluster,unmatched_cluster,309
raw_native,8.0,final_clustering,cluster_merging,500,443,unmatched_cluster,unmatched_cluster,1375
raw_native,8.0,final_clustering,cluster_merging,501,432,unmatched_cluster,unmatched_cluster,686
raw_native,8.0,final_clustering,cluster_merging,502,444,unmatched_cluster,unmatched_cluster,1664
raw_native,8.0,final_clustering,cluster_merging,503,445,unmatched_cluster,unmatched_cluster,1056
raw_native,8.0,final_clustering,cluster_merging,504,446,unmatched_cluster,unmatched_cluster,251
raw_native,8.0,final_clustering,cluster_merging,505,447,unmatched_cluster,unmatched_cluster,1293
raw_native,8.0,final_clustering,cluster_merging,506,448,unmatched_cluster,unmatched_cluster,606
raw_native,8.0,final_clustering,cluster_merging,507,449,unmatched_cluster,unmatched_cluster,3165
raw_native,8.0,final_clustering,cluster_merging,508,450,unmatched_cluster,unmatched_cluster,8356
raw_native,8.0,final_clustering,cluster_merging,509,431,unmatched_cluster,unmatched_cluster,856
raw_native,8.0,final_clustering,cluster_merging,510,451,unmatched_cluster,unmatched_cluster,2333
raw_native,8.0,final_clustering,cluster_merging,511,452,fp_matched_cluster,fp_matched_cluster,13970
raw_native,8.0,final_clustering,cluster_merging,511,452,tp,tp,15778
raw_native,8.0,final_clustering,cluster_merging,512,453,unmatched_cluster,unmatched_cluster,8844
raw_native,8.0,final_clustering,cluster_merging,513,454,unmatched_cluster,unmatched_cluster,1591
raw_native,8.0,final_clustering,cluster_merging,514,455,unmatched_cluster,unmatched_cluster,2605
raw_native,8.0,final_clustering,cluster_merging,515,470,unmatched_cluster,unmatched_cluster,233
raw_native,8.0,final_clustering,cluster_merging,516,456,unmatched_cluster,unmatched_cluster,3729
raw_native,8.0,final_clustering,cluster_merging,517,457,unmatched_cluster,unmatched_cluster,1827
raw_native,8.0,final_clustering,cluster_merging,518,458,unmatched_cluster,unmatched_cluster,491
raw_native,8.0,final_clustering,cluster_merging,519,459,unmatched_cluster,unmatched_cluster,630
raw_native,8.0,final_clustering,cluster_merging,520,460,unmatched_cluster,unmatched_cluster,448
raw_native,8.0,final_clustering,cluster_merging,521,461,unmatched_cluster,unmatched_cluster,752
raw_native,8.0,final_clustering,cluster_merging,522,462,unmatched_cluster,unmatched_cluster,1846
raw_native,8.0,final_clustering,cluster_merging,523,463,unmatched_cluster,unmatched_cluster,311
raw_native,8.0,final_clustering,cluster_merging,524,464,unmatched_cluster,unmatched_cluster,6634
raw_native,8.0,final_clustering,cluster_merging,525,465,unmatched_cluster,unmatched_cluster,1960
raw_native,8.0,final_clustering,cluster_merging,526,466,unmatched_cluster,unmatched_cluster,2732
raw_native,8.0,final_clustering,cluster_merging,527,447,unmatched_cluster,unmatched_cluster,2744
raw_native,8.0,final_clustering,cluster_merging,528,467,unmatched_cluster,unmatched_cluster,6501
raw_native,8.0,final_clustering,cluster_merging,529,468,unmatched_cluster,unmatched_cluster,5215
raw_native,8.0,final_clustering,cluster_merging,530,469,unmatched_cluster,unmatched_cluster,1717
raw_native,8.0,final_clustering,cluster_merging,531,470,unmatched_cluster,unmatched_cluster,1101
raw_native,8.0,final_clustering,cluster_merging,532,471,unmatched_cluster,unmatched_cluster,12140
raw_native,8.0,final_clustering,cluster_merging,533,472,unmatched_cluster,unmatched_cluster,679
raw_native,8.0,final_clustering,cluster_merging,534,473,unmatched_cluster,unmatched_cluster,9584
raw_native,8.0,final_clustering,cluster_merging,535,474,unmatched_cluster,unmatched_cluster,908
raw_native,8.0,final_clustering,cluster_merging,536,475,unmatched_cluster,unmatched_cluster,4588
raw_native,8.0,final_clustering,cluster_merging,537,476,unmatched_cluster,unmatched_cluster,2654
raw_native,8.0,final_clustering,cluster_merging,538,477,unmatched_cluster,unmatched_cluster,12499
raw_native,8.0,final_clustering,cluster_merging,539,478,unmatched_cluster,unmatched_cluster,822
raw_native,8.0,final_clustering,cluster_merging,540,479,unmatched_cluster,unmatched_cluster,2787
raw_native,8.0,final_clustering,cluster_merging,541,480,unmatched_cluster,unmatched_cluster,2120
raw_native,8.0,final_clustering,cluster_merging,542,481,unmatched_cluster,unmatched_cluster,6159
raw_native,8.0,final_clustering,cluster_merging,543,482,unmatched_cluster,unmatched_cluster,242
raw_native,8.0,final_clustering,cluster_merging,544,483,unmatched_cluster,unmatched_cluster,95988
raw_native,8.0,final_clustering,cluster_merging,545,484,unmatched_cluster,unmatched_cluster,204
raw_native,8.0,final_clustering,cluster_merging,546,485,unmatched_cluster,unmatched_cluster,882
raw_native,8.0,final_clustering,cluster_merging,547,486,unmatched_cluster,unmatched_cluster,4029
raw_native,8.0,final_clustering,cluster_merging,548,487,unmatched_cluster,unmatched_cluster,18363
raw_native,8.0,final_clustering,cluster_merging,549,488,unmatched_cluster,unmatched_cluster,10150
raw_native,8.0,final_clustering,cluster_merging,550,489,unmatched_cluster,unmatched_cluster,46
raw_native,8.0,final_clustering,cluster_merging,551,490,unmatched_cluster,unmatched_cluster,2257
raw_native,8.0,final_clustering,cluster_merging,552,491,unmatched_cluster,unmatched_cluster,66
raw_native,8.0,final_clustering,cluster_merging,553,492,unmatched_cluster,unmatched_cluster,9382
raw_native,8.0,final_clustering,cluster_merging,554,493,unmatched_cluster,unmatched_cluster,6430
raw_native,8.0,final_clustering,cluster_merging,555,494,unmatched_cluster,unmatched_cluster,4236
raw_native,8.0,final_clustering,cluster_merging,556,495,unmatched_cluster,unmatched_cluster,22
raw_native,8.0,final_clustering,cluster_merging,557,496,unmatched_cluster,unmatched_cluster,3610
raw_native,8.0,final_clustering,cluster_merging,558,497,unmatched_cluster,unmatched_cluster,588
raw_native,8.0,final_clustering,cluster_merging,559,498,unmatched_cluster,unmatched_cluster,7498
raw_native,8.0,final_clustering,cluster_merging,560,499,unmatched_cluster,unmatched_cluster,328
raw_native,8.0,final_clustering,cluster_merging,561,500,unmatched_cluster,unmatched_cluster,62
raw_native,8.0,final_clustering,cluster_merging,562,501,unmatched_cluster,unmatched_cluster,266
raw_native,8.0,final_clustering,cluster_merging,563,502,unmatched_cluster,unmatched_cluster,7011
raw_native,8.0,final_clustering,cluster_merging,564,503,unmatched_cluster,unmatched_cluster,218
raw_native,8.0,final_clustering,cluster_merging,565,504,unmatched_cluster,unmatched_cluster,10199
raw_native,8.0,final_clustering,cluster_merging,566,505,unmatched_cluster,unmatched_cluster,1471
raw_native,8.0,final_clustering,cluster_merging,567,506,unmatched_cluster,unmatched_cluster,1556
raw_native,8.0,final_clustering,cluster_merging,568,507,unmatched_cluster,unmatched_cluster,4094
raw_native,8.0,final_clustering,cluster_merging,569,508,unmatched_cluster,unmatched_cluster,4986
raw_native,8.0,final_clustering,cluster_merging,570,509,unmatched_cluster,unmatched_cluster,185
raw_native,8.0,final_clustering,cluster_merging,571,510,unmatched_cluster,unmatched_cluster,19119
raw_native,8.0,final_clustering,cluster_merging,572,511,unmatched_cluster,unmatched_cluster,677
raw_native,8.0,final_clustering,cluster_merging,573,512,unmatched_cluster,unmatched_cluster,10571
raw_native,8.0,final_clustering,cluster_merging,574,513,unmatched_cluster,unmatched_cluster,293
raw_native,8.0,final_clustering,cluster_merging,575,514,unmatched_cluster,unmatched_cluster,34
raw_native,8.0,final_clustering,cluster_merging,576,515,unmatched_cluster,unmatched_cluster,2649
raw_native,8.0,final_clustering,cluster_merging,577,516,unmatched_cluster,unmatched_cluster,408
raw_native,8.0,final_clustering,cluster_merging,578,517,unmatched_cluster,unmatched_cluster,3521
raw_native,8.0,final_clustering,cluster_merging,579,518,unmatched_cluster,unmatched_cluster,6328
raw_native,8.0,final_clustering,cluster_merging,580,519,unmatched_cluster,unmatched_cluster,128
raw_native,8.0,final_clustering,cluster_merging,581,520,unmatched_cluster,unmatched_cluster,4665
raw_native,8.0,final_clustering,cluster_merging,582,521,unmatched_cluster,unmatched_cluster,43
raw_native,8.0,final_clustering,cluster_merging,583,522,unmatched_cluster,unmatched_cluster,646
raw_native,8.0,final_clustering,cluster_merging,584,523,unmatched_cluster,unmatched_cluster,34
raw_native,8.0,final_clustering,cluster_merging,585,524,unmatched_cluster,unmatched_cluster,4312
raw_native,8.0,final_clustering,cluster_merging,586,525,unmatched_cluster,unmatched_cluster,7630
raw_native,8.0,final_clustering,cluster_merging,587,526,unmatched_cluster,unmatched_cluster,5979
raw_native,8.0,final_clustering,cluster_merging,588,527,unmatched_cluster,unmatched_cluster,5223
raw_native,8.0,final_clustering,cluster_merging,589,528,unmatched_cluster,unmatched_cluster,269
raw_native,8.0,final_clustering,cluster_merging,590,529,unmatched_cluster,unmatched_cluster,7699
raw_native,8.0,final_clustering,cluster_merging,591,530,unmatched_cluster,unmatched_cluster,157
raw_native,8.0,final_clustering,cluster_merging,592,531,unmatched_cluster,unmatched_cluster,666
raw_native,8.0,final_clustering,cluster_merging,593,532,unmatched_cluster,unmatched_cluster,466
raw_native,8.0,final_clustering,cluster_merging,594,533,unmatched_cluster,unmatched_cluster,595
raw_native,8.0,final_clustering,cluster_merging,595,534,unmatched_cluster,unmatched_cluster,4121
raw_native,8.0,final_clustering,cluster_merging,596,535,unmatched_cluster,unmatched_cluster,2655
raw_native,8.0,final_clustering,cluster_merging,597,536,unmatched_cluster,unmatched_cluster,383
raw_native,8.0,final_clustering,cluster_merging,598,529,unmatched_cluster,unmatched_cluster,538
raw_native,8.0,final_clustering,cluster_merging,599,537,unmatched_cluster,unmatched_cluster,1034
raw_native,8.0,final_clustering,cluster_merging,600,538,unmatched_cluster,unmatched_cluster,3777
raw_native,8.0,final_clustering,cluster_merging,601,539,unmatched_cluster,unmatched_cluster,2963
raw_native,8.0,final_clustering,cluster_merging,602,540,unmatched_cluster,unmatched_cluster,59
raw_native,8.0,final_clustering,cluster_merging,603,541,unmatched_cluster,unmatched_cluster,5499
raw_native,8.0,final_clustering,cluster_merging,604,542,unmatched_cluster,unmatched_cluster,39
raw_native,8.0,final_clustering,cluster_merging,605,543,unmatched_cluster,unmatched_cluster,3986
raw_native,8.0,final_clustering,cluster_merging,606,544,unmatched_cluster,unmatched_cluster,1414
raw_native,8.0,final_clustering,cluster_merging,607,545,unmatched_cluster,unmatched_cluster,373
raw_native,8.0,final_clustering,cluster_merging,608,546,unmatched_cluster,unmatched_cluster,261
raw_native,8.0,final_clustering,cluster_merging,609,547,unmatched_cluster,unmatched_cluster,1301
raw_native,8.0,final_clustering,cluster_merging,610,548,unmatched_cluster,unmatched_cluster,950
raw_native,8.0,final_clustering,cluster_merging,611,549,unmatched_cluster,unmatched_cluster,767
raw_native,8.0,final_clustering,cluster_merging,612,550,unmatched_cluster,unmatched_cluster,1537
raw_native,8.0,final_clustering,cluster_merging,613,551,unmatched_cluster,unmatched_cluster,1615
raw_native,8.0,final_clustering,cluster_merging,614,552,unmatched_cluster,unmatched_cluster,1609
raw_native,8.0,final_clustering,cluster_merging,615,553,unmatched_cluster,unmatched_cluster,1342
raw_native,8.0,final_clustering,cluster_merging,616,554,unmatched_cluster,unmatched_cluster,1571
raw_native,8.0,final_clustering,cluster_merging,617,560,unmatched_cluster,unmatched_cluster,457
raw_native,8.0,final_clustering,cluster_merging,618,555,unmatched_cluster,unmatched_cluster,2187
raw_native,8.0,final_clustering,cluster_merging,619,556,unmatched_cluster,unmatched_cluster,1002
raw_native,8.0,final_clustering,cluster_merging,620,557,unmatched_cluster,unmatched_cluster,1865
raw_native,8.0,final_clustering,cluster_merging,621,559,unmatched_cluster,unmatched_cluster,247
raw_native,8.0,final_clustering,cluster_merging,622,558,unmatched_cluster,unmatched_cluster,265
raw_native,8.0,final_clustering,cluster_merging,623,559,unmatched_cluster,unmatched_cluster,227
raw_native,8.0,final_clustering,cluster_merging,624,560,unmatched_cluster,unmatched_cluster,207
raw_native,8.0,final_clustering,cluster_merging,625,560,unmatched_cluster,unmatched_cluster,30
raw_native,8.0,final_clustering,cluster_merging,626,561,unmatched_cluster,unmatched_cluster,57
raw_native,8.0,final_clustering,cluster_merging,627,562,unmatched_cluster,unmatched_cluster,1312
raw_native,8.0,final_clustering,cluster_merging,628,563,unmatched_cluster,unmatched_cluster,2404
raw_native,8.0,final_clustering,cluster_merging,629,564,unmatched_cluster,unmatched_cluster,939
raw_native,8.0,final_clustering,cluster_merging,630,565,unmatched_cluster,unmatched_cluster,1715
raw_native,8.0,final_clustering,cluster_merging,631,566,unmatched_cluster,unmatched_cluster,896
raw_native,8.0,cluster_merging,duplicate_removal,0,0,unmatched_cluster,unmatched_cluster,179
raw_native,8.0,cluster_merging,duplicate_removal,1,1,unmatched_cluster,unmatched_cluster,17018
raw_native,8.0,cluster_merging,duplicate_removal,2,2,unmatched_cluster,unmatched_cluster,2827
raw_native,8.0,cluster_merging,duplicate_removal,3,-1,unmatched_cluster,removed_by_dedup,2
raw_native,8.0,cluster_merging,duplicate_removal,3,3,unmatched_cluster,unmatched_cluster,201
raw_native,8.0,cluster_merging,duplicate_removal,4,4,unmatched_cluster,unmatched_cluster,1404
raw_native,8.0,cluster_merging,duplicate_removal,5,-1,unmatched_cluster,removed_by_dedup,7
raw_native,8.0,cluster_merging,duplicate_removal,5,5,unmatched_cluster,unmatched_cluster,27518
raw_native,8.0,cluster_merging,duplicate_removal,6,-1,unmatched_cluster,removed_by_dedup,8
raw_native,8.0,cluster_merging,duplicate_removal,6,6,unmatched_cluster,unmatched_cluster,24077
raw_native,8.0,cluster_merging,duplicate_removal,7,7,unmatched_cluster,unmatched_cluster,1139
raw_native,8.0,cluster_merging,duplicate_removal,8,8,unmatched_cluster,unmatched_cluster,5260
raw_native,8.0,cluster_merging,duplicate_removal,9,9,unmatched_cluster,unmatched_cluster,3385
raw_native,8.0,cluster_merging,duplicate_removal,10,10,unmatched_cluster,unmatched_cluster,806
raw_native,8.0,cluster_merging,duplicate_removal,11,11,unmatched_cluster,unmatched_cluster,11118
raw_native,8.0,cluster_merging,duplicate_removal,12,12,unmatched_cluster,unmatched_cluster,6472
raw_native,8.0,cluster_merging,duplicate_removal,13,13,unmatched_cluster,unmatched_cluster,3996
raw_native,8.0,cluster_merging,duplicate_removal,14,14,unmatched_cluster,unmatched_cluster,22567
raw_native,8.0,cluster_merging,duplicate_removal,15,15,unmatched_cluster,unmatched_cluster,6953
raw_native,8.0,cluster_merging,duplicate_removal,16,-1,unmatched_cluster,removed_by_dedup,4
raw_native,8.0,cluster_merging,duplicate_removal,16,16,unmatched_cluster,unmatched_cluster,17032
raw_native,8.0,cluster_merging,duplicate_removal,17,-1,unmatched_cluster,removed_by_dedup,1
raw_native,8.0,cluster_merging,duplicate_removal,17,17,unmatched_cluster,unmatched_cluster,14145
raw_native,8.0,cluster_merging,duplicate_removal,18,-1,unmatched_cluster,removed_by_dedup,2
raw_native,8.0,cluster_merging,duplicate_removal,18,18,unmatched_cluster,unmatched_cluster,6210
raw_native,8.0,cluster_merging,duplicate_removal,19,19,unmatched_cluster,unmatched_cluster,3097
raw_native,8.0,cluster_merging,duplicate_removal,20,20,unmatched_cluster,unmatched_cluster,3843
raw_native,8.0,cluster_merging,duplicate_removal,21,-1,unmatched_cluster,removed_by_dedup,2
raw_native,8.0,cluster_merging,duplicate_removal,21,21,unmatched_cluster,unmatched_cluster,10783
raw_native,8.0,cluster_merging,duplicate_removal,22,22,unmatched_cluster,unmatched_cluster,9910
raw_native,8.0,cluster_merging,duplicate_removal,23,-1,unmatched_cluster,removed_by_dedup,5
raw_native,8.0,cluster_merging,duplicate_removal,23,23,unmatched_cluster,unmatched_cluster,28546
raw_native,8.0,cluster_merging,duplicate_removal,24,-1,unmatched_cluster,removed_by_dedup,1
raw_native,8.0,cluster_merging,duplicate_removal,24,24,unmatched_cluster,unmatched_cluster,6816
raw_native,8.0,cluster_merging,duplicate_removal,25,25,unmatched_cluster,unmatched_cluster,723
raw_native,8.0,cluster_merging,duplicate_removal,26,26,unmatched_cluster,unmatched_cluster,3588
raw_native,8.0,cluster_merging,duplicate_removal,27,-1,unmatched_cluster,removed_by_dedup,4
raw_native,8.0,cluster_merging,duplicate_removal,27,27,unmatched_cluster,unmatched_cluster,25958
raw_native,8.0,cluster_merging,duplicate_removal,28,28,unmatched_cluster,unmatched_cluster,4623
raw_native,8.0,cluster_merging,duplicate_removal,29,-1,unmatched_cluster,removed_by_dedup,3
raw_native,8.0,cluster_merging,duplicate_removal,29,29,unmatched_cluster,unmatched_cluster,14422
raw_native,8.0,cluster_merging,duplicate_removal,30,30,unmatched_cluster,unmatched_cluster,11974
raw_native,8.0,cluster_merging,duplicate_removal,31,-1,unmatched_cluster,removed_by_dedup,1
raw_native,8.0,cluster_merging,duplicate_removal,31,31,unmatched_cluster,unmatched_cluster,1321
raw_native,8.0,cluster_merging,duplicate_removal,32,32,unmatched_cluster,unmatched_cluster,4106
raw_native,8.0,cluster_merging,duplicate_removal,33,-1,unmatched_cluster,removed_by_dedup,6
raw_native,8.0,cluster_merging,duplicate_removal,33,33,unmatched_cluster,unmatched_cluster,18645
raw_native,8.0,cluster_merging,duplicate_removal,34,34,unmatched_cluster,unmatched_cluster,333
raw_native,8.0,cluster_merging,duplicate_removal,35,35,unmatched_cluster,unmatched_cluster,5455
raw_native,8.0,cluster_merging,duplicate_removal,36,36,unmatched_cluster,unmatched_cluster,5171
raw_native,8.0,cluster_merging,duplicate_removal,37,37,unmatched_cluster,unmatched_cluster,993
raw_native,8.0,cluster_merging,duplicate_removal,38,-1,unmatched_cluster,removed_by_dedup,4
raw_native,8.0,cluster_merging,duplicate_removal,38,38,unmatched_cluster,unmatched_cluster,20120
raw_native,8.0,cluster_merging,duplicate_removal,39,39,unmatched_cluster,unmatched_cluster,999
raw_native,8.0,cluster_merging,duplicate_removal,40,40,unmatched_cluster,unmatched_cluster,1482
raw_native,8.0,cluster_merging,duplicate_removal,41,-1,unmatched_cluster,removed_by_dedup,1
raw_native,8.0,cluster_merging,duplicate_removal,41,41,unmatched_cluster,unmatched_cluster,11229
raw_native,8.0,cluster_merging,duplicate_removal,42,-1,unmatched_cluster,removed_by_dedup,2
raw_native,8.0,cluster_merging,duplicate_removal,42,42,unmatched_cluster,unmatched_cluster,11980
raw_native,8.0,cluster_merging,duplicate_removal,43,43,unmatched_cluster,unmatched_cluster,9827
raw_native,8.0,cluster_merging,duplicate_removal,44,-1,unmatched_cluster,removed_by_dedup,2
raw_native,8.0,cluster_merging,duplicate_removal,44,44,unmatched_cluster,unmatched_cluster,17151
raw_native,8.0,cluster_merging,duplicate_removal,45,-1,unmatched_cluster,removed_by_dedup,3
raw_native,8.0,cluster_merging,duplicate_removal,45,45,unmatched_cluster,unmatched_cluster,22653
raw_native,8.0,cluster_merging,duplicate_removal,46,46,unmatched_cluster,unmatched_cluster,26640
raw_native,8.0,cluster_merging,duplicate_removal,47,47,unmatched_cluster,unmatched_cluster,1308
raw_native,8.0,cluster_merging,duplicate_removal,48,48,unmatched_cluster,unmatched_cluster,25759
raw_native,8.0,cluster_merging,duplicate_removal,49,49,unmatched_cluster,unmatched_cluster,1053
raw_native,8.0,cluster_merging,duplicate_removal,50,50,unmatched_cluster,unmatched_cluster,16781
raw_native,8.0,cluster_merging,duplicate_removal,51,-1,unmatched_cluster,removed_by_dedup,10
raw_native,8.0,cluster_merging,duplicate_removal,51,51,unmatched_cluster,unmatched_cluster,18728
raw_native,8.0,cluster_merging,duplicate_removal,52,-1,unmatched_cluster,removed_by_dedup,8
raw_native,8.0,cluster_merging,duplicate_removal,52,52,unmatched_cluster,unmatched_cluster,51523
raw_native,8.0,cluster_merging,duplicate_removal,53,53,unmatched_cluster,unmatched_cluster,1505
raw_native,8.0,cluster_merging,duplicate_removal,54,54,unmatched_cluster,unmatched_cluster,1382
raw_native,8.0,cluster_merging,duplicate_removal,55,-1,unmatched_cluster,removed_by_dedup,2
raw_native,8.0,cluster_merging,duplicate_removal,55,55,unmatched_cluster,unmatched_cluster,11214
raw_native,8.0,cluster_merging,duplicate_removal,56,-1,unmatched_cluster,removed_by_dedup,1
raw_native,8.0,cluster_merging,duplicate_removal,56,56,unmatched_cluster,unmatched_cluster,16393
raw_native,8.0,cluster_merging,duplicate_removal,57,-1,unmatched_cluster,removed_by_dedup,6
raw_native,8.0,cluster_merging,duplicate_removal,57,57,unmatched_cluster,unmatched_cluster,28925
raw_native,8.0,cluster_merging,duplicate_removal,58,58,unmatched_cluster,unmatched_cluster,15493
raw_native,8.0,cluster_merging,duplicate_removal,59,59,unmatched_cluster,unmatched_cluster,13285
raw_native,8.0,cluster_merging,duplicate_removal,60,-1,unmatched_cluster,removed_by_dedup,1
raw_native,8.0,cluster_merging,duplicate_removal,60,60,unmatched_cluster,unmatched_cluster,12557
raw_native,8.0,cluster_merging,duplicate_removal,61,61,unmatched_cluster,unmatched_cluster,1131
raw_native,8.0,cluster_merging,duplicate_removal,62,62,unmatched_cluster,unmatched_cluster,5195
raw_native,8.0,cluster_merging,duplicate_removal,63,-1,unmatched_cluster,removed_by_dedup,3
raw_native,8.0,cluster_merging,duplicate_removal,63,63,unmatched_cluster,unmatched_cluster,23659
raw_native,8.0,cluster_merging,duplicate_removal,64,64,unmatched_cluster,unmatched_cluster,267
raw_native,8.0,cluster_merging,duplicate_removal,65,-1,unmatched_cluster,removed_by_dedup,3
raw_native,8.0,cluster_merging,duplicate_removal,65,65,unmatched_cluster,unmatched_cluster,13744
raw_native,8.0,cluster_merging,duplicate_removal,66,66,unmatched_cluster,unmatched_cluster,950
raw_native,8.0,cluster_merging,duplicate_removal,67,-1,unmatched_cluster,removed_by_dedup,1
raw_native,8.0,cluster_merging,duplicate_removal,67,67,unmatched_cluster,unmatched_cluster,9047
raw_native,8.0,cluster_merging,duplicate_removal,68,68,unmatched_cluster,unmatched_cluster,8181
raw_native,8.0,cluster_merging,duplicate_removal,69,69,unmatched_cluster,unmatched_cluster,7489
raw_native,8.0,cluster_merging,duplicate_removal,70,70,unmatched_cluster,unmatched_cluster,615
raw_native,8.0,cluster_merging,duplicate_removal,71,-1,unmatched_cluster,removed_by_dedup,5
raw_native,8.0,cluster_merging,duplicate_removal,71,71,unmatched_cluster,unmatched_cluster,18194
raw_native,8.0,cluster_merging,duplicate_removal,72,-1,unmatched_cluster,removed_by_dedup,673
raw_native,8.0,cluster_merging,duplicate_removal,72,72,unmatched_cluster,unmatched_cluster,10784
raw_native,8.0,cluster_merging,duplicate_removal,73,73,unmatched_cluster,unmatched_cluster,4144
raw_native,8.0,cluster_merging,duplicate_removal,74,74,unmatched_cluster,unmatched_cluster,2047
raw_native,8.0,cluster_merging,duplicate_removal,75,-1,unmatched_cluster,removed_by_dedup,2
raw_native,8.0,cluster_merging,duplicate_removal,75,75,unmatched_cluster,unmatched_cluster,16701
raw_native,8.0,cluster_merging,duplicate_removal,76,-1,unmatched_cluster,removed_by_dedup,9
raw_native,8.0,cluster_merging,duplicate_removal,76,76,unmatched_cluster,unmatched_cluster,33887
raw_native,8.0,cluster_merging,duplicate_removal,77,77,unmatched_cluster,unmatched_cluster,141
raw_native,8.0,cluster_merging,duplicate_removal,78,-1,unmatched_cluster,removed_by_dedup,1
raw_native,8.0,cluster_merging,duplicate_removal,78,78,unmatched_cluster,unmatched_cluster,14968
raw_native,8.0,cluster_merging,duplicate_removal,79,-1,unmatched_cluster,removed_by_dedup,24
raw_native,8.0,cluster_merging,duplicate_removal,79,79,unmatched_cluster,unmatched_cluster,304
raw_native,8.0,cluster_merging,duplicate_removal,80,80,unmatched_cluster,unmatched_cluster,2524
raw_native,8.0,cluster_merging,duplicate_removal,81,-1,unmatched_cluster,removed_by_dedup,6
raw_native,8.0,cluster_merging,duplicate_removal,81,81,unmatched_cluster,unmatched_cluster,150
raw_native,8.0,cluster_merging,duplicate_removal,82,82,unmatched_cluster,unmatched_cluster,1085
raw_native,8.0,cluster_merging,duplicate_removal,83,-1,unmatched_cluster,removed_by_dedup,3
raw_native,8.0,cluster_merging,duplicate_removal,83,83,unmatched_cluster,unmatched_cluster,14618
raw_native,8.0,cluster_merging,duplicate_removal,84,84,unmatched_cluster,unmatched_cluster,340
raw_native,8.0,cluster_merging,duplicate_removal,85,-1,unmatched_cluster,removed_by_dedup,4
raw_native,8.0,cluster_merging,duplicate_removal,85,85,unmatched_cluster,unmatched_cluster,20921
raw_native,8.0,cluster_merging,duplicate_removal,86,86,unmatched_cluster,unmatched_cluster,1088
raw_native,8.0,cluster_merging,duplicate_removal,87,-1,unmatched_cluster,removed_by_dedup,2
raw_native,8.0,cluster_merging,duplicate_removal,87,87,unmatched_cluster,unmatched_cluster,21003
raw_native,8.0,cluster_merging,duplicate_removal,88,88,unmatched_cluster,unmatched_cluster,782
raw_native,8.0,cluster_merging,duplicate_removal,89,89,unmatched_cluster,unmatched_cluster,274
raw_native,8.0,cluster_merging,duplicate_removal,90,90,unmatched_cluster,unmatched_cluster,281
raw_native,8.0,cluster_merging,duplicate_removal,91,-1,unmatched_cluster,removed_by_dedup,17
raw_native,8.0,cluster_merging,duplicate_removal,91,91,unmatched_cluster,unmatched_cluster,13338
raw_native,8.0,cluster_merging,duplicate_removal,92,92,unmatched_cluster,unmatched_cluster,3119
raw_native,8.0,cluster_merging,duplicate_removal,93,93,unmatched_cluster,unmatched_cluster,227
raw_native,8.0,cluster_merging,duplicate_removal,94,94,unmatched_cluster,unmatched_cluster,101
raw_native,8.0,cluster_merging,duplicate_removal,95,-1,unmatched_cluster,removed_by_dedup,1
raw_native,8.0,cluster_merging,duplicate_removal,95,95,unmatched_cluster,unmatched_cluster,5144
raw_native,8.0,cluster_merging,duplicate_removal,96,-1,unmatched_cluster,removed_by_dedup,5
raw_native,8.0,cluster_merging,duplicate_removal,96,96,unmatched_cluster,unmatched_cluster,3198
raw_native,8.0,cluster_merging,duplicate_removal,97,97,unmatched_cluster,unmatched_cluster,559
raw_native,8.0,cluster_merging,duplicate_removal,98,-1,unmatched_cluster,removed_by_dedup,1
raw_native,8.0,cluster_merging,duplicate_removal,98,98,unmatched_cluster,unmatched_cluster,1645
raw_native,8.0,cluster_merging,duplicate_removal,99,-1,unmatched_cluster,removed_by_dedup,1
raw_native,8.0,cluster_merging,duplicate_removal,99,99,unmatched_cluster,unmatched_cluster,5694
raw_native,8.0,cluster_merging,duplicate_removal,100,100,unmatched_cluster,unmatched_cluster,861
raw_native,8.0,cluster_merging,duplicate_removal,101,101,unmatched_cluster,unmatched_cluster,373
raw_native,8.0,cluster_merging,duplicate_removal,102,-1,unmatched_cluster,removed_by_dedup,1
raw_native,8.0,cluster_merging,duplicate_removal,102,102,unmatched_cluster,unmatched_cluster,6522
raw_native,8.0,cluster_merging,duplicate_removal,103,103,unmatched_cluster,unmatched_cluster,54
raw_native,8.0,cluster_merging,duplicate_removal,104,104,unmatched_cluster,unmatched_cluster,460
raw_native,8.0,cluster_merging,duplicate_removal,105,105,unmatched_cluster,unmatched_cluster,641
raw_native,8.0,cluster_merging,duplicate_removal,106,-1,unmatched_cluster,removed_by_dedup,122
raw_native,8.0,cluster_merging,duplicate_removal,106,106,unmatched_cluster,unmatched_cluster,656
raw_native,8.0,cluster_merging,duplicate_removal,107,107,unmatched_cluster,unmatched_cluster,1009
raw_native,8.0,cluster_merging,duplicate_removal,108,108,unmatched_cluster,unmatched_cluster,449
raw_native,8.0,cluster_merging,duplicate_removal,109,-1,unmatched_cluster,removed_by_dedup,156
raw_native,8.0,cluster_merging,duplicate_removal,109,109,unmatched_cluster,unmatched_cluster,460
raw_native,8.0,cluster_merging,duplicate_removal,110,110,unmatched_cluster,unmatched_cluster,611
raw_native,8.0,cluster_merging,duplicate_removal,111,-1,unmatched_cluster,removed_by_dedup,19
raw_native,8.0,cluster_merging,duplicate_removal,111,111,unmatched_cluster,unmatched_cluster,133
raw_native,8.0,cluster_merging,duplicate_removal,112,-1,unmatched_cluster,removed_by_dedup,341
raw_native,8.0,cluster_merging,duplicate_removal,112,112,unmatched_cluster,unmatched_cluster,495
raw_native,8.0,cluster_merging,duplicate_removal,113,113,unmatched_cluster,unmatched_cluster,1246
raw_native,8.0,cluster_merging,duplicate_removal,114,-1,unmatched_cluster,removed_by_dedup,1
raw_native,8.0,cluster_merging,duplicate_removal,114,114,unmatched_cluster,unmatched_cluster,4106
raw_native,8.0,cluster_merging,duplicate_removal,115,115,unmatched_cluster,unmatched_cluster,1091
raw_native,8.0,cluster_merging,duplicate_removal,116,116,unmatched_cluster,unmatched_cluster,940
raw_native,8.0,cluster_merging,duplicate_removal,117,-1,unmatched_cluster,removed_by_dedup,31
raw_native,8.0,cluster_merging,duplicate_removal,117,117,unmatched_cluster,unmatched_cluster,283
raw_native,8.0,cluster_merging,duplicate_removal,118,-1,tp,removed_by_dedup,4
raw_native,8.0,cluster_merging,duplicate_removal,118,118,fp_matched_cluster,fp_matched_cluster,51
raw_native,8.0,cluster_merging,duplicate_removal,118,118,fp_matched_cluster,tp,4
raw_native,8.0,cluster_merging,duplicate_removal,118,118,tp,tp,17936
raw_native,8.0,cluster_merging,duplicate_removal,119,-1,unmatched_cluster,removed_by_dedup,1
raw_native,8.0,cluster_merging,duplicate_removal,119,119,unmatched_cluster,unmatched_cluster,8580
raw_native,8.0,cluster_merging,duplicate_removal,120,120,unmatched_cluster,unmatched_cluster,8519
raw_native,8.0,cluster_merging,duplicate_removal,121,121,unmatched_cluster,unmatched_cluster,2051
raw_native,8.0,cluster_merging,duplicate_removal,122,122,unmatched_cluster,unmatched_cluster,2406
raw_native,8.0,cluster_merging,duplicate_removal,123,123,unmatched_cluster,unmatched_cluster,3213
raw_native,8.0,cluster_merging,duplicate_removal,124,124,unmatched_cluster,unmatched_cluster,3484
raw_native,8.0,cluster_merging,duplicate_removal,125,125,unmatched_cluster,unmatched_cluster,2581
raw_native,8.0,cluster_merging,duplicate_removal,126,-1,tp,removed_by_dedup,1
raw_native,8.0,cluster_merging,duplicate_removal,126,126,fp_matched_cluster,tp,1
raw_native,8.0,cluster_merging,duplicate_removal,126,126,tp,tp,18121
raw_native,8.0,cluster_merging,duplicate_removal,127,127,unmatched_cluster,unmatched_cluster,867
raw_native,8.0,cluster_merging,duplicate_removal,128,128,unmatched_cluster,unmatched_cluster,2490
raw_native,8.0,cluster_merging,duplicate_removal,129,129,unmatched_cluster,unmatched_cluster,6259
raw_native,8.0,cluster_merging,duplicate_removal,130,130,unmatched_cluster,unmatched_cluster,14730
raw_native,8.0,cluster_merging,duplicate_removal,131,131,unmatched_cluster,unmatched_cluster,1836
raw_native,8.0,cluster_merging,duplicate_removal,132,132,unmatched_cluster,unmatched_cluster,19
raw_native,8.0,cluster_merging,duplicate_removal,133,-1,unmatched_cluster,removed_by_dedup,3
raw_native,8.0,cluster_merging,duplicate_removal,133,133,unmatched_cluster,unmatched_cluster,8241
raw_native,8.0,cluster_merging,duplicate_removal,134,-1,unmatched_cluster,removed_by_dedup,3
raw_native,8.0,cluster_merging,duplicate_removal,134,134,unmatched_cluster,unmatched_cluster,7378
raw_native,8.0,cluster_merging,duplicate_removal,135,-1,unmatched_cluster,removed_by_dedup,40
raw_native,8.0,cluster_merging,duplicate_removal,135,135,unmatched_cluster,unmatched_cluster,454
raw_native,8.0,cluster_merging,duplicate_removal,136,136,unmatched_cluster,unmatched_cluster,2095
raw_native,8.0,cluster_merging,duplicate_removal,137,-1,unmatched_cluster,removed_by_dedup,167
raw_native,8.0,cluster_merging,duplicate_removal,137,137,unmatched_cluster,unmatched_cluster,675
raw_native,8.0,cluster_merging,duplicate_removal,138,-1,unmatched_cluster,removed_by_dedup,3
raw_native,8.0,cluster_merging,duplicate_removal,138,138,unmatched_cluster,unmatched_cluster,7712
raw_native,8.0,cluster_merging,duplicate_removal,139,-1,unmatched_cluster,removed_by_dedup,19
raw_native,8.0,cluster_merging,duplicate_removal,139,139,unmatched_cluster,unmatched_cluster,10513
raw_native,8.0,cluster_merging,duplicate_removal,140,140,unmatched_cluster,unmatched_cluster,246
raw_native,8.0,cluster_merging,duplicate_removal,141,141,unmatched_cluster,unmatched_cluster,2884
raw_native,8.0,cluster_merging,duplicate_removal,142,142,unmatched_cluster,unmatched_cluster,6496
raw_native,8.0,cluster_merging,duplicate_removal,143,143,unmatched_cluster,unmatched_cluster,1026
raw_native,8.0,cluster_merging,duplicate_removal,144,144,unmatched_cluster,unmatched_cluster,3877
raw_native,8.0,cluster_merging,duplicate_removal,145,-1,unmatched_cluster,removed_by_dedup,33
raw_native,8.0,cluster_merging,duplicate_removal,145,145,unmatched_cluster,unmatched_cluster,17254
raw_native,8.0,cluster_merging,duplicate_removal,146,-1,fp_matched_cluster,removed_by_dedup,3
raw_native,8.0,cluster_merging,duplicate_removal,146,-1,tp,removed_by_dedup,2
raw_native,8.0,cluster_merging,duplicate_removal,146,146,fp_matched_cluster,fp_matched_cluster,3240
raw_native,8.0,cluster_merging,duplicate_removal,146,146,fp_matched_cluster,tp,2
raw_native,8.0,cluster_merging,duplicate_removal,146,146,tp,tp,15800
raw_native,8.0,cluster_merging,duplicate_removal,147,147,unmatched_cluster,unmatched_cluster,7849
raw_native,8.0,cluster_merging,duplicate_removal,148,148,unmatched_cluster,unmatched_cluster,215
raw_native,8.0,cluster_merging,duplicate_removal,149,149,unmatched_cluster,unmatched_cluster,15268
raw_native,8.0,cluster_merging,duplicate_removal,150,150,unmatched_cluster,unmatched_cluster,1727
raw_native,8.0,cluster_merging,duplicate_removal,151,-1,unmatched_cluster,removed_by_dedup,1
raw_native,8.0,cluster_merging,duplicate_removal,151,151,unmatched_cluster,unmatched_cluster,382
raw_native,8.0,cluster_merging,duplicate_removal,152,-1,unmatched_cluster,removed_by_dedup,2
raw_native,8.0,cluster_merging,duplicate_removal,152,152,unmatched_cluster,unmatched_cluster,6419
raw_native,8.0,cluster_merging,duplicate_removal,153,153,unmatched_cluster,unmatched_cluster,1097
raw_native,8.0,cluster_merging,duplicate_removal,154,154,unmatched_cluster,unmatched_cluster,3165
raw_native,8.0,cluster_merging,duplicate_removal,155,155,unmatched_cluster,unmatched_cluster,11139
raw_native,8.0,cluster_merging,duplicate_removal,156,-1,unmatched_cluster,removed_by_dedup,1
raw_native,8.0,cluster_merging,duplicate_removal,156,156,unmatched_cluster,unmatched_cluster,16924
raw_native,8.0,cluster_merging,duplicate_removal,157,-1,fp_matched_cluster,removed_by_dedup,1
raw_native,8.0,cluster_merging,duplicate_removal,157,-1,tp,removed_by_dedup,3
raw_native,8.0,cluster_merging,duplicate_removal,157,157,fp_matched_cluster,fp_matched_cluster,11736
raw_native,8.0,cluster_merging,duplicate_removal,157,157,fp_matched_cluster,tp,4
raw_native,8.0,cluster_merging,duplicate_removal,157,157,tp,fp_matched_cluster,1
raw_native,8.0,cluster_merging,duplicate_removal,157,157,tp,tp,8531
raw_native,8.0,cluster_merging,duplicate_removal,158,158,unmatched_cluster,unmatched_cluster,1681
raw_native,8.0,cluster_merging,duplicate_removal,159,159,unmatched_cluster,unmatched_cluster,6467
raw_native,8.0,cluster_merging,duplicate_removal,160,-1,unmatched_cluster,removed_by_dedup,1
raw_native,8.0,cluster_merging,duplicate_removal,160,160,unmatched_cluster,unmatched_cluster,5371
raw_native,8.0,cluster_merging,duplicate_removal,161,-1,unmatched_cluster,removed_by_dedup,5
raw_native,8.0,cluster_merging,duplicate_removal,161,161,unmatched_cluster,unmatched_cluster,14577
raw_native,8.0,cluster_merging,duplicate_removal,162,-1,unmatched_cluster,removed_by_dedup,1
raw_native,8.0,cluster_merging,duplicate_removal,162,162,unmatched_cluster,unmatched_cluster,8333
raw_native,8.0,cluster_merging,duplicate_removal,163,-1,unmatched_cluster,removed_by_dedup,1
raw_native,8.0,cluster_merging,duplicate_removal,163,163,unmatched_cluster,unmatched_cluster,1007
raw_native,8.0,cluster_merging,duplicate_removal,164,164,unmatched_cluster,unmatched_cluster,5498
raw_native,8.0,cluster_merging,duplicate_removal,165,-1,unmatched_cluster,removed_by_dedup,9
raw_native,8.0,cluster_merging,duplicate_removal,165,165,unmatched_cluster,unmatched_cluster,4362
raw_native,8.0,cluster_merging,duplicate_removal,166,-1,unmatched_cluster,removed_by_dedup,14
raw_native,8.0,cluster_merging,duplicate_removal,166,166,unmatched_cluster,unmatched_cluster,7458
raw_native,8.0,cluster_merging,duplicate_removal,167,-1,unmatched_cluster,removed_by_dedup,233
raw_native,8.0,cluster_merging,duplicate_removal,167,167,unmatched_cluster,unmatched_cluster,430
raw_native,8.0,cluster_merging,duplicate_removal,168,-1,unmatched_cluster,removed_by_dedup,123
raw_native,8.0,cluster_merging,duplicate_removal,168,168,unmatched_cluster,unmatched_cluster,437
raw_native,8.0,cluster_merging,duplicate_removal,169,169,unmatched_cluster,unmatched_cluster,3542
raw_native,8.0,cluster_merging,duplicate_removal,170,170,unmatched_cluster,unmatched_cluster,4241
raw_native,8.0,cluster_merging,duplicate_removal,171,171,unmatched_cluster,unmatched_cluster,4328
raw_native,8.0,cluster_merging,duplicate_removal,172,-1,unmatched_cluster,removed_by_dedup,3
raw_native,8.0,cluster_merging,duplicate_removal,172,172,unmatched_cluster,unmatched_cluster,9820
raw_native,8.0,cluster_merging,duplicate_removal,173,-1,unmatched_cluster,removed_by_dedup,1
raw_native,8.0,cluster_merging,duplicate_removal,173,173,unmatched_cluster,unmatched_cluster,8687
raw_native,8.0,cluster_merging,duplicate_removal,174,-1,tp,removed_by_dedup,1
raw_native,8.0,cluster_merging,duplicate_removal,174,174,fp_matched_cluster,fp_matched_cluster,1703
raw_native,8.0,cluster_merging,duplicate_removal,174,174,fp_matched_cluster,tp,1
raw_native,8.0,cluster_merging,duplicate_removal,174,174,tp,tp,12485
raw_native,8.0,cluster_merging,duplicate_removal,175,175,unmatched_cluster,unmatched_cluster,851
raw_native,8.0,cluster_merging,duplicate_removal,176,176,unmatched_cluster,unmatched_cluster,4417
raw_native,8.0,cluster_merging,duplicate_removal,177,177,unmatched_cluster,unmatched_cluster,2036
raw_native,8.0,cluster_merging,duplicate_removal,178,178,unmatched_cluster,unmatched_cluster,12364
raw_native,8.0,cluster_merging,duplicate_removal,179,179,unmatched_cluster,unmatched_cluster,475
raw_native,8.0,cluster_merging,duplicate_removal,180,180,unmatched_cluster,unmatched_cluster,12080
raw_native,8.0,cluster_merging,duplicate_removal,181,181,unmatched_cluster,unmatched_cluster,8670
raw_native,8.0,cluster_merging,duplicate_removal,182,182,unmatched_cluster,unmatched_cluster,188
raw_native,8.0,cluster_merging,duplicate_removal,183,-1,unmatched_cluster,removed_by_dedup,5
raw_native,8.0,cluster_merging,duplicate_removal,183,183,unmatched_cluster,unmatched_cluster,13048
raw_native,8.0,cluster_merging,duplicate_removal,184,-1,unmatched_cluster,removed_by_dedup,2
raw_native,8.0,cluster_merging,duplicate_removal,184,184,unmatched_cluster,unmatched_cluster,7755
raw_native,8.0,cluster_merging,duplicate_removal,185,185,unmatched_cluster,unmatched_cluster,2473
raw_native,8.0,cluster_merging,duplicate_removal,186,186,unmatched_cluster,unmatched_cluster,6074
raw_native,8.0,cluster_merging,duplicate_removal,187,-1,unmatched_cluster,removed_by_dedup,1
raw_native,8.0,cluster_merging,duplicate_removal,187,187,unmatched_cluster,unmatched_cluster,29056
raw_native,8.0,cluster_merging,duplicate_removal,188,-1,unmatched_cluster,removed_by_dedup,1
raw_native,8.0,cluster_merging,duplicate_removal,188,188,unmatched_cluster,unmatched_cluster,22829
raw_native,8.0,cluster_merging,duplicate_removal,189,-1,unmatched_cluster,removed_by_dedup,8
raw_native,8.0,cluster_merging,duplicate_removal,189,189,unmatched_cluster,unmatched_cluster,15591
raw_native,8.0,cluster_merging,duplicate_removal,190,190,unmatched_cluster,unmatched_cluster,3438
raw_native,8.0,cluster_merging,duplicate_removal,191,191,unmatched_cluster,unmatched_cluster,5532
raw_native,8.0,cluster_merging,duplicate_removal,192,192,unmatched_cluster,unmatched_cluster,3931
raw_native,8.0,cluster_merging,duplicate_removal,193,-1,unmatched_cluster,removed_by_dedup,2
raw_native,8.0,cluster_merging,duplicate_removal,193,193,unmatched_cluster,unmatched_cluster,7466
raw_native,8.0,cluster_merging,duplicate_removal,194,194,unmatched_cluster,unmatched_cluster,15574
raw_native,8.0,cluster_merging,duplicate_removal,195,195,unmatched_cluster,unmatched_cluster,9542
raw_native,8.0,cluster_merging,duplicate_removal,196,196,unmatched_cluster,unmatched_cluster,796
raw_native,8.0,cluster_merging,duplicate_removal,197,197,unmatched_cluster,unmatched_cluster,2288
raw_native,8.0,cluster_merging,duplicate_removal,198,-1,unmatched_cluster,removed_by_dedup,5
raw_native,8.0,cluster_merging,duplicate_removal,198,198,unmatched_cluster,unmatched_cluster,12574
raw_native,8.0,cluster_merging,duplicate_removal,199,-1,unmatched_cluster,removed_by_dedup,16
raw_native,8.0,cluster_merging,duplicate_removal,199,199,unmatched_cluster,unmatched_cluster,32631
raw_native,8.0,cluster_merging,duplicate_removal,200,200,unmatched_cluster,unmatched_cluster,5188
raw_native,8.0,cluster_merging,duplicate_removal,201,201,unmatched_cluster,unmatched_cluster,854
raw_native,8.0,cluster_merging,duplicate_removal,202,-1,unmatched_cluster,removed_by_dedup,104
raw_native,8.0,cluster_merging,duplicate_removal,202,202,unmatched_cluster,unmatched_cluster,31145
raw_native,8.0,cluster_merging,duplicate_removal,203,-1,unmatched_cluster,removed_by_dedup,2
raw_native,8.0,cluster_merging,duplicate_removal,203,203,unmatched_cluster,unmatched_cluster,8465
raw_native,8.0,cluster_merging,duplicate_removal,204,204,unmatched_cluster,unmatched_cluster,5506
raw_native,8.0,cluster_merging,duplicate_removal,205,205,unmatched_cluster,unmatched_cluster,641
raw_native,8.0,cluster_merging,duplicate_removal,206,206,unmatched_cluster,unmatched_cluster,1994
raw_native,8.0,cluster_merging,duplicate_removal,207,-1,unmatched_cluster,removed_by_dedup,1
raw_native,8.0,cluster_merging,duplicate_removal,207,207,unmatched_cluster,unmatched_cluster,4846
raw_native,8.0,cluster_merging,duplicate_removal,208,-1,unmatched_cluster,removed_by_dedup,2
raw_native,8.0,cluster_merging,duplicate_removal,208,208,unmatched_cluster,unmatched_cluster,12917
raw_native,8.0,cluster_merging,duplicate_removal,209,-1,unmatched_cluster,removed_by_dedup,1
raw_native,8.0,cluster_merging,duplicate_removal,209,209,unmatched_cluster,unmatched_cluster,11452
raw_native,8.0,cluster_merging,duplicate_removal,210,-1,unmatched_cluster,removed_by_dedup,14
raw_native,8.0,cluster_merging,duplicate_removal,210,210,unmatched_cluster,unmatched_cluster,21344
raw_native,8.0,cluster_merging,duplicate_removal,211,-1,unmatched_cluster,removed_by_dedup,1
raw_native,8.0,cluster_merging,duplicate_removal,211,211,unmatched_cluster,unmatched_cluster,11564
raw_native,8.0,cluster_merging,duplicate_removal,212,212,unmatched_cluster,unmatched_cluster,16909
raw_native,8.0,cluster_merging,duplicate_removal,213,-1,unmatched_cluster,removed_by_dedup,6
raw_native,8.0,cluster_merging,duplicate_removal,213,213,unmatched_cluster,unmatched_cluster,16481
raw_native,8.0,cluster_merging,duplicate_removal,214,-1,unmatched_cluster,removed_by_dedup,1
raw_native,8.0,cluster_merging,duplicate_removal,214,214,unmatched_cluster,unmatched_cluster,5620
raw_native,8.0,cluster_merging,duplicate_removal,215,-1,unmatched_cluster,removed_by_dedup,2
raw_native,8.0,cluster_merging,duplicate_removal,215,215,unmatched_cluster,unmatched_cluster,7205
raw_native,8.0,cluster_merging,duplicate_removal,216,216,unmatched_cluster,unmatched_cluster,4889
raw_native,8.0,cluster_merging,duplicate_removal,217,217,unmatched_cluster,unmatched_cluster,2466
raw_native,8.0,cluster_merging,duplicate_removal,218,-1,unmatched_cluster,removed_by_dedup,2
raw_native,8.0,cluster_merging,duplicate_removal,218,218,unmatched_cluster,unmatched_cluster,13987
raw_native,8.0,cluster_merging,duplicate_removal,219,219,unmatched_cluster,unmatched_cluster,5087
raw_native,8.0,cluster_merging,duplicate_removal,220,220,unmatched_cluster,unmatched_cluster,364
raw_native,8.0,cluster_merging,duplicate_removal,221,-1,unmatched_cluster,removed_by_dedup,15
raw_native,8.0,cluster_merging,duplicate_removal,221,221,unmatched_cluster,unmatched_cluster,10572
raw_native,8.0,cluster_merging,duplicate_removal,222,-1,unmatched_cluster,removed_by_dedup,2
raw_native,8.0,cluster_merging,duplicate_removal,222,222,unmatched_cluster,unmatched_cluster,6276
raw_native,8.0,cluster_merging,duplicate_removal,223,-1,unmatched_cluster,removed_by_dedup,580
raw_native,8.0,cluster_merging,duplicate_removal,223,223,unmatched_cluster,unmatched_cluster,11979
raw_native,8.0,cluster_merging,duplicate_removal,224,-1,unmatched_cluster,removed_by_dedup,3
raw_native,8.0,cluster_merging,duplicate_removal,224,224,unmatched_cluster,unmatched_cluster,9114
raw_native,8.0,cluster_merging,duplicate_removal,225,-1,unmatched_cluster,removed_by_dedup,4
raw_native,8.0,cluster_merging,duplicate_removal,225,225,unmatched_cluster,unmatched_cluster,8679
raw_native,8.0,cluster_merging,duplicate_removal,226,-1,unmatched_cluster,removed_by_dedup,16
raw_native,8.0,cluster_merging,duplicate_removal,226,226,unmatched_cluster,unmatched_cluster,33751
raw_native,8.0,cluster_merging,duplicate_removal,227,227,unmatched_cluster,unmatched_cluster,2838
raw_native,8.0,cluster_merging,duplicate_removal,228,228,unmatched_cluster,unmatched_cluster,7304
raw_native,8.0,cluster_merging,duplicate_removal,229,229,unmatched_cluster,unmatched_cluster,618
raw_native,8.0,cluster_merging,duplicate_removal,230,230,unmatched_cluster,unmatched_cluster,11984
raw_native,8.0,cluster_merging,duplicate_removal,231,-1,unmatched_cluster,removed_by_dedup,3
raw_native,8.0,cluster_merging,duplicate_removal,231,231,unmatched_cluster,unmatched_cluster,6550
raw_native,8.0,cluster_merging,duplicate_removal,232,-1,unmatched_cluster,removed_by_dedup,1
raw_native,8.0,cluster_merging,duplicate_removal,232,232,unmatched_cluster,unmatched_cluster,16087
raw_native,8.0,cluster_merging,duplicate_removal,233,-1,unmatched_cluster,removed_by_dedup,24
raw_native,8.0,cluster_merging,duplicate_removal,233,233,unmatched_cluster,unmatched_cluster,25431
raw_native,8.0,cluster_merging,duplicate_removal,234,-1,unmatched_cluster,removed_by_dedup,7
raw_native,8.0,cluster_merging,duplicate_removal,234,234,unmatched_cluster,unmatched_cluster,21439
raw_native,8.0,cluster_merging,duplicate_removal,235,-1,unmatched_cluster,removed_by_dedup,97
raw_native,8.0,cluster_merging,duplicate_removal,235,235,unmatched_cluster,unmatched_cluster,35875
raw_native,8.0,cluster_merging,duplicate_removal,236,-1,unmatched_cluster,removed_by_dedup,35
raw_native,8.0,cluster_merging,duplicate_removal,236,236,unmatched_cluster,unmatched_cluster,33966
raw_native,8.0,cluster_merging,duplicate_removal,237,-1,unmatched_cluster,removed_by_dedup,118
raw_native,8.0,cluster_merging,duplicate_removal,237,237,unmatched_cluster,unmatched_cluster,77098
raw_native,8.0,cluster_merging,duplicate_removal,238,-1,unmatched_cluster,removed_by_dedup,7
raw_native,8.0,cluster_merging,duplicate_removal,238,238,unmatched_cluster,unmatched_cluster,15547
raw_native,8.0,cluster_merging,duplicate_removal,239,-1,unmatched_cluster,removed_by_dedup,11
raw_native,8.0,cluster_merging,duplicate_removal,239,239,unmatched_cluster,unmatched_cluster,11174
raw_native,8.0,cluster_merging,duplicate_removal,240,240,unmatched_cluster,unmatched_cluster,2329
raw_native,8.0,cluster_merging,duplicate_removal,241,241,unmatched_cluster,unmatched_cluster,6731
raw_native,8.0,cluster_merging,duplicate_removal,242,242,unmatched_cluster,unmatched_cluster,9119
raw_native,8.0,cluster_merging,duplicate_removal,243,-1,unmatched_cluster,removed_by_dedup,3
raw_native,8.0,cluster_merging,duplicate_removal,243,243,unmatched_cluster,unmatched_cluster,4265
raw_native,8.0,cluster_merging,duplicate_removal,244,244,unmatched_cluster,unmatched_cluster,4212
raw_native,8.0,cluster_merging,duplicate_removal,245,-1,unmatched_cluster,removed_by_dedup,2
raw_native,8.0,cluster_merging,duplicate_removal,245,245,unmatched_cluster,unmatched_cluster,3724
raw_native,8.0,cluster_merging,duplicate_removal,246,-1,unmatched_cluster,removed_by_dedup,5
raw_native,8.0,cluster_merging,duplicate_removal,246,246,unmatched_cluster,unmatched_cluster,30322
raw_native,8.0,cluster_merging,duplicate_removal,247,-1,unmatched_cluster,removed_by_dedup,2
raw_native,8.0,cluster_merging,duplicate_removal,247,247,unmatched_cluster,unmatched_cluster,12329
raw_native,8.0,cluster_merging,duplicate_removal,248,-1,unmatched_cluster,removed_by_dedup,31
raw_native,8.0,cluster_merging,duplicate_removal,248,248,unmatched_cluster,unmatched_cluster,32899
raw_native,8.0,cluster_merging,duplicate_removal,249,-1,unmatched_cluster,removed_by_dedup,7
raw_native,8.0,cluster_merging,duplicate_removal,249,249,unmatched_cluster,unmatched_cluster,24669
raw_native,8.0,cluster_merging,duplicate_removal,250,250,unmatched_cluster,unmatched_cluster,5514
raw_native,8.0,cluster_merging,duplicate_removal,251,-1,unmatched_cluster,removed_by_dedup,2
raw_native,8.0,cluster_merging,duplicate_removal,251,251,unmatched_cluster,unmatched_cluster,11926
raw_native,8.0,cluster_merging,duplicate_removal,252,252,unmatched_cluster,unmatched_cluster,7774
raw_native,8.0,cluster_merging,duplicate_removal,253,-1,unmatched_cluster,removed_by_dedup,10
raw_native,8.0,cluster_merging,duplicate_removal,253,253,unmatched_cluster,unmatched_cluster,26359
raw_native,8.0,cluster_merging,duplicate_removal,254,254,unmatched_cluster,unmatched_cluster,7199
raw_native,8.0,cluster_merging,duplicate_removal,255,-1,unmatched_cluster,removed_by_dedup,2
raw_native,8.0,cluster_merging,duplicate_removal,255,255,unmatched_cluster,unmatched_cluster,9741
raw_native,8.0,cluster_merging,duplicate_removal,256,-1,unmatched_cluster,removed_by_dedup,2
raw_native,8.0,cluster_merging,duplicate_removal,256,256,unmatched_cluster,unmatched_cluster,5174
raw_native,8.0,cluster_merging,duplicate_removal,257,-1,unmatched_cluster,removed_by_dedup,3
raw_native,8.0,cluster_merging,duplicate_removal,257,257,unmatched_cluster,unmatched_cluster,10279
raw_native,8.0,cluster_merging,duplicate_removal,258,-1,unmatched_cluster,removed_by_dedup,5
raw_native,8.0,cluster_merging,duplicate_removal,258,258,unmatched_cluster,unmatched_cluster,15879
raw_native,8.0,cluster_merging,duplicate_removal,259,-1,unmatched_cluster,removed_by_dedup,9
raw_native,8.0,cluster_merging,duplicate_removal,259,259,unmatched_cluster,unmatched_cluster,10582
raw_native,8.0,cluster_merging,duplicate_removal,260,-1,unmatched_cluster,removed_by_dedup,11
raw_native,8.0,cluster_merging,duplicate_removal,260,260,unmatched_cluster,unmatched_cluster,19257
raw_native,8.0,cluster_merging,duplicate_removal,261,-1,unmatched_cluster,removed_by_dedup,155
raw_native,8.0,cluster_merging,duplicate_removal,261,261,unmatched_cluster,unmatched_cluster,60405
raw_native,8.0,cluster_merging,duplicate_removal,262,262,unmatched_cluster,unmatched_cluster,9291
raw_native,8.0,cluster_merging,duplicate_removal,263,-1,unmatched_cluster,removed_by_dedup,1
raw_native,8.0,cluster_merging,duplicate_removal,263,263,unmatched_cluster,unmatched_cluster,5483
raw_native,8.0,cluster_merging,duplicate_removal,264,-1,unmatched_cluster,removed_by_dedup,2
raw_native,8.0,cluster_merging,duplicate_removal,264,264,unmatched_cluster,unmatched_cluster,16318
raw_native,8.0,cluster_merging,duplicate_removal,265,-1,unmatched_cluster,removed_by_dedup,3
raw_native,8.0,cluster_merging,duplicate_removal,265,265,unmatched_cluster,unmatched_cluster,14217
raw_native,8.0,cluster_merging,duplicate_removal,266,-1,unmatched_cluster,removed_by_dedup,2
raw_native,8.0,cluster_merging,duplicate_removal,266,266,unmatched_cluster,unmatched_cluster,9963
raw_native,8.0,cluster_merging,duplicate_removal,267,-1,unmatched_cluster,removed_by_dedup,7
raw_native,8.0,cluster_merging,duplicate_removal,267,267,unmatched_cluster,unmatched_cluster,30827
raw_native,8.0,cluster_merging,duplicate_removal,268,-1,unmatched_cluster,removed_by_dedup,57
raw_native,8.0,cluster_merging,duplicate_removal,268,268,unmatched_cluster,unmatched_cluster,48063
raw_native,8.0,cluster_merging,duplicate_removal,269,-1,unmatched_cluster,removed_by_dedup,19
raw_native,8.0,cluster_merging,duplicate_removal,269,269,unmatched_cluster,unmatched_cluster,28586
raw_native,8.0,cluster_merging,duplicate_removal,270,-1,unmatched_cluster,removed_by_dedup,18
raw_native,8.0,cluster_merging,duplicate_removal,270,270,unmatched_cluster,unmatched_cluster,27020
raw_native,8.0,cluster_merging,duplicate_removal,271,271,unmatched_cluster,unmatched_cluster,403
raw_native,8.0,cluster_merging,duplicate_removal,272,272,unmatched_cluster,unmatched_cluster,6362
raw_native,8.0,cluster_merging,duplicate_removal,273,273,unmatched_cluster,unmatched_cluster,17433
raw_native,8.0,cluster_merging,duplicate_removal,274,-1,unmatched_cluster,removed_by_dedup,2
raw_native,8.0,cluster_merging,duplicate_removal,274,274,unmatched_cluster,unmatched_cluster,11566
raw_native,8.0,cluster_merging,duplicate_removal,275,-1,unmatched_cluster,removed_by_dedup,4
raw_native,8.0,cluster_merging,duplicate_removal,275,275,unmatched_cluster,unmatched_cluster,15368
raw_native,8.0,cluster_merging,duplicate_removal,276,-1,unmatched_cluster,removed_by_dedup,3
raw_native,8.0,cluster_merging,duplicate_removal,276,276,unmatched_cluster,unmatched_cluster,5384
raw_native,8.0,cluster_merging,duplicate_removal,277,-1,unmatched_cluster,removed_by_dedup,2
raw_native,8.0,cluster_merging,duplicate_removal,277,277,unmatched_cluster,unmatched_cluster,8066
raw_native,8.0,cluster_merging,duplicate_removal,278,-1,unmatched_cluster,removed_by_dedup,1
raw_native,8.0,cluster_merging,duplicate_removal,278,278,unmatched_cluster,unmatched_cluster,3658
raw_native,8.0,cluster_merging,duplicate_removal,279,-1,unmatched_cluster,removed_by_dedup,2
raw_native,8.0,cluster_merging,duplicate_removal,279,279,unmatched_cluster,unmatched_cluster,2912
raw_native,8.0,cluster_merging,duplicate_removal,280,280,unmatched_cluster,unmatched_cluster,199
raw_native,8.0,cluster_merging,duplicate_removal,281,-1,unmatched_cluster,removed_by_dedup,1
raw_native,8.0,cluster_merging,duplicate_removal,281,281,unmatched_cluster,unmatched_cluster,8818
raw_native,8.0,cluster_merging,duplicate_removal,282,282,unmatched_cluster,unmatched_cluster,16004
raw_native,8.0,cluster_merging,duplicate_removal,283,283,unmatched_cluster,unmatched_cluster,9976
raw_native,8.0,cluster_merging,duplicate_removal,284,-1,unmatched_cluster,removed_by_dedup,3
raw_native,8.0,cluster_merging,duplicate_removal,284,284,unmatched_cluster,unmatched_cluster,13440
raw_native,8.0,cluster_merging,duplicate_removal,285,-1,unmatched_cluster,removed_by_dedup,3
raw_native,8.0,cluster_merging,duplicate_removal,285,285,unmatched_cluster,unmatched_cluster,15610
raw_native,8.0,cluster_merging,duplicate_removal,286,-1,unmatched_cluster,removed_by_dedup,13
raw_native,8.0,cluster_merging,duplicate_removal,286,286,unmatched_cluster,unmatched_cluster,23886
raw_native,8.0,cluster_merging,duplicate_removal,287,-1,unmatched_cluster,removed_by_dedup,9
raw_native,8.0,cluster_merging,duplicate_removal,287,287,unmatched_cluster,unmatched_cluster,40355
raw_native,8.0,cluster_merging,duplicate_removal,288,-1,unmatched_cluster,removed_by_dedup,2
raw_native,8.0,cluster_merging,duplicate_removal,288,288,unmatched_cluster,unmatched_cluster,18520
raw_native,8.0,cluster_merging,duplicate_removal,289,-1,unmatched_cluster,removed_by_dedup,1
raw_native,8.0,cluster_merging,duplicate_removal,289,289,unmatched_cluster,unmatched_cluster,7367
raw_native,8.0,cluster_merging,duplicate_removal,290,290,unmatched_cluster,unmatched_cluster,4849
raw_native,8.0,cluster_merging,duplicate_removal,291,-1,unmatched_cluster,removed_by_dedup,3
raw_native,8.0,cluster_merging,duplicate_removal,291,291,unmatched_cluster,unmatched_cluster,9333
raw_native,8.0,cluster_merging,duplicate_removal,292,292,unmatched_cluster,unmatched_cluster,8720
raw_native,8.0,cluster_merging,duplicate_removal,293,-1,unmatched_cluster,removed_by_dedup,6
raw_native,8.0,cluster_merging,duplicate_removal,293,293,unmatched_cluster,unmatched_cluster,67598
raw_native,8.0,cluster_merging,duplicate_removal,294,294,unmatched_cluster,unmatched_cluster,9449
raw_native,8.0,cluster_merging,duplicate_removal,295,-1,unmatched_cluster,removed_by_dedup,3
raw_native,8.0,cluster_merging,duplicate_removal,295,295,unmatched_cluster,unmatched_cluster,12670
raw_native,8.0,cluster_merging,duplicate_removal,296,-1,unmatched_cluster,removed_by_dedup,1
raw_native,8.0,cluster_merging,duplicate_removal,296,296,unmatched_cluster,unmatched_cluster,13516
raw_native,8.0,cluster_merging,duplicate_removal,297,-1,unmatched_cluster,removed_by_dedup,5
raw_native,8.0,cluster_merging,duplicate_removal,297,297,unmatched_cluster,unmatched_cluster,20970
raw_native,8.0,cluster_merging,duplicate_removal,298,-1,unmatched_cluster,removed_by_dedup,3
raw_native,8.0,cluster_merging,duplicate_removal,298,298,unmatched_cluster,unmatched_cluster,24928
raw_native,8.0,cluster_merging,duplicate_removal,299,-1,unmatched_cluster,removed_by_dedup,2
raw_native,8.0,cluster_merging,duplicate_removal,299,299,unmatched_cluster,unmatched_cluster,14532
raw_native,8.0,cluster_merging,duplicate_removal,300,-1,unmatched_cluster,removed_by_dedup,1
raw_native,8.0,cluster_merging,duplicate_removal,300,300,unmatched_cluster,unmatched_cluster,18272
raw_native,8.0,cluster_merging,duplicate_removal,301,301,unmatched_cluster,unmatched_cluster,6623
raw_native,8.0,cluster_merging,duplicate_removal,302,302,unmatched_cluster,unmatched_cluster,3386
raw_native,8.0,cluster_merging,duplicate_removal,303,-1,unmatched_cluster,removed_by_dedup,1
raw_native,8.0,cluster_merging,duplicate_removal,303,303,unmatched_cluster,unmatched_cluster,11929
raw_native,8.0,cluster_merging,duplicate_removal,304,304,unmatched_cluster,unmatched_cluster,679
raw_native,8.0,cluster_merging,duplicate_removal,305,-1,unmatched_cluster,removed_by_dedup,1
raw_native,8.0,cluster_merging,duplicate_removal,305,305,unmatched_cluster,unmatched_cluster,8885
raw_native,8.0,cluster_merging,duplicate_removal,306,306,unmatched_cluster,unmatched_cluster,3293
raw_native,8.0,cluster_merging,duplicate_removal,307,307,unmatched_cluster,unmatched_cluster,4323
raw_native,8.0,cluster_merging,duplicate_removal,308,-1,unmatched_cluster,removed_by_dedup,282
raw_native,8.0,cluster_merging,duplicate_removal,308,308,unmatched_cluster,unmatched_cluster,448
raw_native,8.0,cluster_merging,duplicate_removal,309,-1,unmatched_cluster,removed_by_dedup,5
raw_native,8.0,cluster_merging,duplicate_removal,309,309,unmatched_cluster,unmatched_cluster,2322
raw_native,8.0,cluster_merging,duplicate_removal,310,-1,unmatched_cluster,removed_by_dedup,1
raw_native,8.0,cluster_merging,duplicate_removal,310,310,unmatched_cluster,unmatched_cluster,1915
raw_native,8.0,cluster_merging,duplicate_removal,311,311,unmatched_cluster,unmatched_cluster,887
raw_native,8.0,cluster_merging,duplicate_removal,312,-1,unmatched_cluster,removed_by_dedup,3
raw_native,8.0,cluster_merging,duplicate_removal,312,312,unmatched_cluster,unmatched_cluster,1397
raw_native,8.0,cluster_merging,duplicate_removal,313,313,unmatched_cluster,unmatched_cluster,267
raw_native,8.0,cluster_merging,duplicate_removal,314,-1,unmatched_cluster,removed_by_dedup,223
raw_native,8.0,cluster_merging,duplicate_removal,314,314,unmatched_cluster,unmatched_cluster,456
raw_native,8.0,cluster_merging,duplicate_removal,315,315,fp_matched_cluster,fp_matched_cluster,312
raw_native,8.0,cluster_merging,duplicate_removal,315,315,tp,tp,9014
raw_native,8.0,cluster_merging,duplicate_removal,316,316,unmatched_cluster,unmatched_cluster,3694
raw_native,8.0,cluster_merging,duplicate_removal,317,-1,unmatched_cluster,removed_by_dedup,1
raw_native,8.0,cluster_merging,duplicate_removal,317,317,unmatched_cluster,unmatched_cluster,7708
raw_native,8.0,cluster_merging,duplicate_removal,318,318,unmatched_cluster,unmatched_cluster,3363
raw_native,8.0,cluster_merging,duplicate_removal,319,319,unmatched_cluster,unmatched_cluster,6633
raw_native,8.0,cluster_merging,duplicate_removal,320,-1,unmatched_cluster,removed_by_dedup,10
raw_native,8.0,cluster_merging,duplicate_removal,320,320,unmatched_cluster,unmatched_cluster,23316
raw_native,8.0,cluster_merging,duplicate_removal,321,321,unmatched_cluster,unmatched_cluster,732
raw_native,8.0,cluster_merging,duplicate_removal,322,322,unmatched_cluster,unmatched_cluster,2807
raw_native,8.0,cluster_merging,duplicate_removal,323,-1,unmatched_cluster,removed_by_dedup,2
raw_native,8.0,cluster_merging,duplicate_removal,323,323,unmatched_cluster,unmatched_cluster,12676
raw_native,8.0,cluster_merging,duplicate_removal,324,324,unmatched_cluster,unmatched_cluster,1598
raw_native,8.0,cluster_merging,duplicate_removal,325,-1,unmatched_cluster,removed_by_dedup,1
raw_native,8.0,cluster_merging,duplicate_removal,325,325,unmatched_cluster,unmatched_cluster,970
raw_native,8.0,cluster_merging,duplicate_removal,326,326,unmatched_cluster,unmatched_cluster,9573
raw_native,8.0,cluster_merging,duplicate_removal,327,327,unmatched_cluster,unmatched_cluster,10347
raw_native,8.0,cluster_merging,duplicate_removal,328,-1,unmatched_cluster,removed_by_dedup,1
raw_native,8.0,cluster_merging,duplicate_removal,328,328,unmatched_cluster,unmatched_cluster,1122
raw_native,8.0,cluster_merging,duplicate_removal,329,-1,unmatched_cluster,removed_by_dedup,4
raw_native,8.0,cluster_merging,duplicate_removal,329,329,unmatched_cluster,unmatched_cluster,38134
raw_native,8.0,cluster_merging,duplicate_removal,330,-1,unmatched_cluster,removed_by_dedup,45
raw_native,8.0,cluster_merging,duplicate_removal,330,330,unmatched_cluster,unmatched_cluster,27872
raw_native,8.0,cluster_merging,duplicate_removal,331,331,unmatched_cluster,unmatched_cluster,1946
raw_native,8.0,cluster_merging,duplicate_removal,332,332,unmatched_cluster,unmatched_cluster,1928
raw_native,8.0,cluster_merging,duplicate_removal,333,333,unmatched_cluster,unmatched_cluster,2130
raw_native,8.0,cluster_merging,duplicate_removal,334,-1,unmatched_cluster,removed_by_dedup,4
raw_native,8.0,cluster_merging,duplicate_removal,334,334,unmatched_cluster,unmatched_cluster,12956
raw_native,8.0,cluster_merging,duplicate_removal,335,-1,unmatched_cluster,removed_by_dedup,1
raw_native,8.0,cluster_merging,duplicate_removal,335,335,unmatched_cluster,unmatched_cluster,1938
raw_native,8.0,cluster_merging,duplicate_removal,336,-1,unmatched_cluster,removed_by_dedup,1
raw_native,8.0,cluster_merging,duplicate_removal,336,336,unmatched_cluster,unmatched_cluster,1005
raw_native,8.0,cluster_merging,duplicate_removal,337,337,unmatched_cluster,unmatched_cluster,440
raw_native,8.0,cluster_merging,duplicate_removal,338,-1,unmatched_cluster,removed_by_dedup,6
raw_native,8.0,cluster_merging,duplicate_removal,338,338,unmatched_cluster,unmatched_cluster,3507
raw_native,8.0,cluster_merging,duplicate_removal,339,-1,unmatched_cluster,removed_by_dedup,1
raw_native,8.0,cluster_merging,duplicate_removal,339,339,unmatched_cluster,unmatched_cluster,4972
raw_native,8.0,cluster_merging,duplicate_removal,340,340,unmatched_cluster,unmatched_cluster,856
raw_native,8.0,cluster_merging,duplicate_removal,341,-1,unmatched_cluster,removed_by_dedup,1
raw_native,8.0,cluster_merging,duplicate_removal,341,341,unmatched_cluster,unmatched_cluster,1510
raw_native,8.0,cluster_merging,duplicate_removal,342,-1,unmatched_cluster,removed_by_dedup,184
raw_native,8.0,cluster_merging,duplicate_removal,342,342,unmatched_cluster,unmatched_cluster,411
raw_native,8.0,cluster_merging,duplicate_removal,343,-1,unmatched_cluster,removed_by_dedup,1
raw_native,8.0,cluster_merging,duplicate_removal,343,343,unmatched_cluster,unmatched_cluster,1107
raw_native,8.0,cluster_merging,duplicate_removal,344,-1,unmatched_cluster,removed_by_dedup,260
raw_native,8.0,cluster_merging,duplicate_removal,344,344,unmatched_cluster,unmatched_cluster,460
raw_native,8.0,cluster_merging,duplicate_removal,345,345,unmatched_cluster,unmatched_cluster,1563
raw_native,8.0,cluster_merging,duplicate_removal,346,346,unmatched_cluster,unmatched_cluster,4384
raw_native,8.0,cluster_merging,duplicate_removal,347,347,unmatched_cluster,unmatched_cluster,2447
raw_native,8.0,cluster_merging,duplicate_removal,348,348,unmatched_cluster,unmatched_cluster,2128
raw_native,8.0,cluster_merging,duplicate_removal,349,349,unmatched_cluster,unmatched_cluster,1482
raw_native,8.0,cluster_merging,duplicate_removal,350,350,unmatched_cluster,unmatched_cluster,1920
raw_native,8.0,cluster_merging,duplicate_removal,351,351,unmatched_cluster,unmatched_cluster,1311
raw_native,8.0,cluster_merging,duplicate_removal,352,-1,unmatched_cluster,removed_by_dedup,1
raw_native,8.0,cluster_merging,duplicate_removal,352,352,unmatched_cluster,unmatched_cluster,22004
raw_native,8.0,cluster_merging,duplicate_removal,353,-1,unmatched_cluster,removed_by_dedup,1
raw_native,8.0,cluster_merging,duplicate_removal,353,353,unmatched_cluster,unmatched_cluster,4903
raw_native,8.0,cluster_merging,duplicate_removal,354,354,unmatched_cluster,unmatched_cluster,2195
raw_native,8.0,cluster_merging,duplicate_removal,355,-1,unmatched_cluster,removed_by_dedup,1
raw_native,8.0,cluster_merging,duplicate_removal,355,355,unmatched_cluster,unmatched_cluster,7634
raw_native,8.0,cluster_merging,duplicate_removal,356,356,unmatched_cluster,unmatched_cluster,1812
raw_native,8.0,cluster_merging,duplicate_removal,357,-1,unmatched_cluster,removed_by_dedup,1
raw_native,8.0,cluster_merging,duplicate_removal,357,357,unmatched_cluster,unmatched_cluster,7503
raw_native,8.0,cluster_merging,duplicate_removal,358,358,unmatched_cluster,unmatched_cluster,4043
raw_native,8.0,cluster_merging,duplicate_removal,359,359,unmatched_cluster,unmatched_cluster,191
raw_native,8.0,cluster_merging,duplicate_removal,360,-1,unmatched_cluster,removed_by_dedup,6
raw_native,8.0,cluster_merging,duplicate_removal,360,360,unmatched_cluster,unmatched_cluster,27994
raw_native,8.0,cluster_merging,duplicate_removal,361,361,unmatched_cluster,unmatched_cluster,680
raw_native,8.0,cluster_merging,duplicate_removal,362,362,unmatched_cluster,unmatched_cluster,236
raw_native,8.0,cluster_merging,duplicate_removal,363,-1,unmatched_cluster,removed_by_dedup,1
raw_native,8.0,cluster_merging,duplicate_removal,363,363,unmatched_cluster,unmatched_cluster,7765
raw_native,8.0,cluster_merging,duplicate_removal,364,364,unmatched_cluster,unmatched_cluster,4536
raw_native,8.0,cluster_merging,duplicate_removal,365,365,unmatched_cluster,unmatched_cluster,7310
raw_native,8.0,cluster_merging,duplicate_removal,366,366,unmatched_cluster,unmatched_cluster,965
raw_native,8.0,cluster_merging,duplicate_removal,367,-1,unmatched_cluster,removed_by_dedup,2
raw_native,8.0,cluster_merging,duplicate_removal,367,367,unmatched_cluster,unmatched_cluster,21885
raw_native,8.0,cluster_merging,duplicate_removal,368,368,unmatched_cluster,unmatched_cluster,3193
raw_native,8.0,cluster_merging,duplicate_removal,369,-1,unmatched_cluster,removed_by_dedup,1
raw_native,8.0,cluster_merging,duplicate_removal,369,369,unmatched_cluster,unmatched_cluster,8460
raw_native,8.0,cluster_merging,duplicate_removal,370,370,unmatched_cluster,unmatched_cluster,4885
raw_native,8.0,cluster_merging,duplicate_removal,371,371,unmatched_cluster,unmatched_cluster,3604
raw_native,8.0,cluster_merging,duplicate_removal,372,372,unmatched_cluster,unmatched_cluster,181
raw_native,8.0,cluster_merging,duplicate_removal,373,373,unmatched_cluster,unmatched_cluster,6795
raw_native,8.0,cluster_merging,duplicate_removal,374,-1,unmatched_cluster,removed_by_dedup,1
raw_native,8.0,cluster_merging,duplicate_removal,374,374,unmatched_cluster,unmatched_cluster,3451
raw_native,8.0,cluster_merging,duplicate_removal,375,375,unmatched_cluster,unmatched_cluster,3396
raw_native,8.0,cluster_merging,duplicate_removal,376,376,unmatched_cluster,unmatched_cluster,1583
raw_native,8.0,cluster_merging,duplicate_removal,377,377,unmatched_cluster,unmatched_cluster,9054
raw_native,8.0,cluster_merging,duplicate_removal,378,378,unmatched_cluster,unmatched_cluster,4141
raw_native,8.0,cluster_merging,duplicate_removal,379,379,unmatched_cluster,unmatched_cluster,2700
raw_native,8.0,cluster_merging,duplicate_removal,380,-1,unmatched_cluster,removed_by_dedup,2
raw_native,8.0,cluster_merging,duplicate_removal,380,380,unmatched_cluster,unmatched_cluster,10136
raw_native,8.0,cluster_merging,duplicate_removal,381,-1,unmatched_cluster,removed_by_dedup,4
raw_native,8.0,cluster_merging,duplicate_removal,381,381,unmatched_cluster,unmatched_cluster,22394
raw_native,8.0,cluster_merging,duplicate_removal,382,382,unmatched_cluster,unmatched_cluster,1979
raw_native,8.0,cluster_merging,duplicate_removal,383,-1,unmatched_cluster,removed_by_dedup,1
raw_native,8.0,cluster_merging,duplicate_removal,383,383,unmatched_cluster,unmatched_cluster,4394
raw_native,8.0,cluster_merging,duplicate_removal,384,384,unmatched_cluster,unmatched_cluster,2279
raw_native,8.0,cluster_merging,duplicate_removal,385,385,unmatched_cluster,unmatched_cluster,223
raw_native,8.0,cluster_merging,duplicate_removal,386,386,unmatched_cluster,unmatched_cluster,3890
raw_native,8.0,cluster_merging,duplicate_removal,387,387,unmatched_cluster,unmatched_cluster,840
raw_native,8.0,cluster_merging,duplicate_removal,388,388,unmatched_cluster,unmatched_cluster,4349
raw_native,8.0,cluster_merging,duplicate_removal,389,-1,unmatched_cluster,removed_by_dedup,2
raw_native,8.0,cluster_merging,duplicate_removal,389,389,unmatched_cluster,unmatched_cluster,11468
raw_native,8.0,cluster_merging,duplicate_removal,390,-1,unmatched_cluster,removed_by_dedup,1
raw_native,8.0,cluster_merging,duplicate_removal,390,390,unmatched_cluster,unmatched_cluster,17800
raw_native,8.0,cluster_merging,duplicate_removal,391,-1,unmatched_cluster,removed_by_dedup,1
raw_native,8.0,cluster_merging,duplicate_removal,391,391,unmatched_cluster,unmatched_cluster,2118
raw_native,8.0,cluster_merging,duplicate_removal,392,-1,unmatched_cluster,removed_by_dedup,2
raw_native,8.0,cluster_merging,duplicate_removal,392,392,unmatched_cluster,unmatched_cluster,15619
raw_native,8.0,cluster_merging,duplicate_removal,393,-1,unmatched_cluster,removed_by_dedup,2
raw_native,8.0,cluster_merging,duplicate_removal,393,393,unmatched_cluster,unmatched_cluster,7198
raw_native,8.0,cluster_merging,duplicate_removal,394,394,unmatched_cluster,unmatched_cluster,3371
raw_native,8.0,cluster_merging,duplicate_removal,395,-1,unmatched_cluster,removed_by_dedup,2
raw_native,8.0,cluster_merging,duplicate_removal,395,395,unmatched_cluster,unmatched_cluster,9639
raw_native,8.0,cluster_merging,duplicate_removal,396,396,unmatched_cluster,unmatched_cluster,730
raw_native,8.0,cluster_merging,duplicate_removal,397,397,unmatched_cluster,unmatched_cluster,6166
raw_native,8.0,cluster_merging,duplicate_removal,398,398,unmatched_cluster,unmatched_cluster,214
raw_native,8.0,cluster_merging,duplicate_removal,399,399,unmatched_cluster,unmatched_cluster,946
raw_native,8.0,cluster_merging,duplicate_removal,400,400,unmatched_cluster,unmatched_cluster,252
raw_native,8.0,cluster_merging,duplicate_removal,401,401,unmatched_cluster,unmatched_cluster,1491
raw_native,8.0,cluster_merging,duplicate_removal,402,-1,unmatched_cluster,removed_by_dedup,3
raw_native,8.0,cluster_merging,duplicate_removal,402,402,unmatched_cluster,unmatched_cluster,5669
raw_native,8.0,cluster_merging,duplicate_removal,403,-1,unmatched_cluster,removed_by_dedup,2
raw_native,8.0,cluster_merging,duplicate_removal,403,403,unmatched_cluster,unmatched_cluster,11040
raw_native,8.0,cluster_merging,duplicate_removal,404,-1,unmatched_cluster,removed_by_dedup,4
raw_native,8.0,cluster_merging,duplicate_removal,404,404,unmatched_cluster,unmatched_cluster,11497
raw_native,8.0,cluster_merging,duplicate_removal,405,-1,unmatched_cluster,removed_by_dedup,1
raw_native,8.0,cluster_merging,duplicate_removal,405,405,unmatched_cluster,unmatched_cluster,8213
raw_native,8.0,cluster_merging,duplicate_removal,406,-1,unmatched_cluster,removed_by_dedup,2
raw_native,8.0,cluster_merging,duplicate_removal,406,406,unmatched_cluster,unmatched_cluster,13506
raw_native,8.0,cluster_merging,duplicate_removal,407,-1,unmatched_cluster,removed_by_dedup,173
raw_native,8.0,cluster_merging,duplicate_removal,407,407,unmatched_cluster,unmatched_cluster,442
raw_native,8.0,cluster_merging,duplicate_removal,408,408,unmatched_cluster,unmatched_cluster,1150
raw_native,8.0,cluster_merging,duplicate_removal,409,-1,unmatched_cluster,removed_by_dedup,1
raw_native,8.0,cluster_merging,duplicate_removal,409,409,unmatched_cluster,unmatched_cluster,498
raw_native,8.0,cluster_merging,duplicate_removal,410,-1,unmatched_cluster,removed_by_dedup,6
raw_native,8.0,cluster_merging,duplicate_removal,410,410,unmatched_cluster,unmatched_cluster,2910
raw_native,8.0,cluster_merging,duplicate_removal,411,-1,unmatched_cluster,removed_by_dedup,4
raw_native,8.0,cluster_merging,duplicate_removal,411,411,unmatched_cluster,unmatched_cluster,4565
raw_native,8.0,cluster_merging,duplicate_removal,412,412,unmatched_cluster,unmatched_cluster,3179
raw_native,8.0,cluster_merging,duplicate_removal,413,-1,unmatched_cluster,removed_by_dedup,1
raw_native,8.0,cluster_merging,duplicate_removal,413,413,unmatched_cluster,unmatched_cluster,5712
raw_native,8.0,cluster_merging,duplicate_removal,414,414,unmatched_cluster,unmatched_cluster,4590
raw_native,8.0,cluster_merging,duplicate_removal,415,415,unmatched_cluster,unmatched_cluster,648
raw_native,8.0,cluster_merging,duplicate_removal,416,416,unmatched_cluster,unmatched_cluster,1624
raw_native,8.0,cluster_merging,duplicate_removal,417,-1,unmatched_cluster,removed_by_dedup,1
raw_native,8.0,cluster_merging,duplicate_removal,417,417,unmatched_cluster,unmatched_cluster,2777
raw_native,8.0,cluster_merging,duplicate_removal,418,-1,unmatched_cluster,removed_by_dedup,5
raw_native,8.0,cluster_merging,duplicate_removal,418,418,unmatched_cluster,unmatched_cluster,13233
raw_native,8.0,cluster_merging,duplicate_removal,419,419,unmatched_cluster,unmatched_cluster,2005
raw_native,8.0,cluster_merging,duplicate_removal,420,420,unmatched_cluster,unmatched_cluster,5299
raw_native,8.0,cluster_merging,duplicate_removal,421,-1,unmatched_cluster,removed_by_dedup,1
raw_native,8.0,cluster_merging,duplicate_removal,421,421,unmatched_cluster,unmatched_cluster,9271
raw_native,8.0,cluster_merging,duplicate_removal,422,422,unmatched_cluster,unmatched_cluster,2232
raw_native,8.0,cluster_merging,duplicate_removal,423,423,unmatched_cluster,unmatched_cluster,2525
raw_native,8.0,cluster_merging,duplicate_removal,424,-1,unmatched_cluster,removed_by_dedup,1
raw_native,8.0,cluster_merging,duplicate_removal,424,424,unmatched_cluster,unmatched_cluster,11266
raw_native,8.0,cluster_merging,duplicate_removal,425,-1,unmatched_cluster,removed_by_dedup,1
raw_native,8.0,cluster_merging,duplicate_removal,425,425,unmatched_cluster,unmatched_cluster,975
raw_native,8.0,cluster_merging,duplicate_removal,426,-1,unmatched_cluster,removed_by_dedup,1
raw_native,8.0,cluster_merging,duplicate_removal,426,426,unmatched_cluster,unmatched_cluster,11348
raw_native,8.0,cluster_merging,duplicate_removal,427,427,unmatched_cluster,unmatched_cluster,3814
raw_native,8.0,cluster_merging,duplicate_removal,428,-1,unmatched_cluster,removed_by_dedup,1
raw_native,8.0,cluster_merging,duplicate_removal,428,428,unmatched_cluster,unmatched_cluster,3991
raw_native,8.0,cluster_merging,duplicate_removal,429,429,unmatched_cluster,unmatched_cluster,9291
raw_native,8.0,cluster_merging,duplicate_removal,430,430,unmatched_cluster,unmatched_cluster,9694
raw_native,8.0,cluster_merging,duplicate_removal,431,431,unmatched_cluster,unmatched_cluster,2899
raw_native,8.0,cluster_merging,duplicate_removal,432,432,unmatched_cluster,unmatched_cluster,2374
raw_native,8.0,cluster_merging,duplicate_removal,433,433,unmatched_cluster,unmatched_cluster,10199
raw_native,8.0,cluster_merging,duplicate_removal,434,434,unmatched_cluster,unmatched_cluster,3888
raw_native,8.0,cluster_merging,duplicate_removal,435,435,unmatched_cluster,unmatched_cluster,340
raw_native,8.0,cluster_merging,duplicate_removal,436,436,unmatched_cluster,unmatched_cluster,2331
raw_native,8.0,cluster_merging,duplicate_removal,437,437,unmatched_cluster,unmatched_cluster,3240
raw_native,8.0,cluster_merging,duplicate_removal,438,438,unmatched_cluster,unmatched_cluster,725
raw_native,8.0,cluster_merging,duplicate_removal,439,-1,unmatched_cluster,removed_by_dedup,1
raw_native,8.0,cluster_merging,duplicate_removal,439,439,unmatched_cluster,unmatched_cluster,9810
raw_native,8.0,cluster_merging,duplicate_removal,440,440,unmatched_cluster,unmatched_cluster,963
raw_native,8.0,cluster_merging,duplicate_removal,441,-1,unmatched_cluster,removed_by_dedup,1
raw_native,8.0,cluster_merging,duplicate_removal,441,441,unmatched_cluster,unmatched_cluster,355
raw_native,8.0,cluster_merging,duplicate_removal,442,442,unmatched_cluster,unmatched_cluster,309
raw_native,8.0,cluster_merging,duplicate_removal,443,443,unmatched_cluster,unmatched_cluster,1375
raw_native,8.0,cluster_merging,duplicate_removal,444,-1,unmatched_cluster,removed_by_dedup,1
raw_native,8.0,cluster_merging,duplicate_removal,444,444,unmatched_cluster,unmatched_cluster,1663
raw_native,8.0,cluster_merging,duplicate_removal,445,-1,unmatched_cluster,removed_by_dedup,1
raw_native,8.0,cluster_merging,duplicate_removal,445,445,unmatched_cluster,unmatched_cluster,1189
raw_native,8.0,cluster_merging,duplicate_removal,446,446,unmatched_cluster,unmatched_cluster,251
raw_native,8.0,cluster_merging,duplicate_removal,447,-1,unmatched_cluster,removed_by_dedup,2
raw_native,8.0,cluster_merging,duplicate_removal,447,447,unmatched_cluster,unmatched_cluster,4035
raw_native,8.0,cluster_merging,duplicate_removal,448,448,unmatched_cluster,unmatched_cluster,606
raw_native,8.0,cluster_merging,duplicate_removal,449,449,unmatched_cluster,unmatched_cluster,3165
raw_native,8.0,cluster_merging,duplicate_removal,450,-1,unmatched_cluster,removed_by_dedup,1
raw_native,8.0,cluster_merging,duplicate_removal,450,450,unmatched_cluster,unmatched_cluster,8355
raw_native,8.0,cluster_merging,duplicate_removal,451,451,unmatched_cluster,unmatched_cluster,2333
raw_native,8.0,cluster_merging,duplicate_removal,452,-1,tp,removed_by_dedup,1
raw_native,8.0,cluster_merging,duplicate_removal,452,452,fp_matched_cluster,fp_matched_cluster,13969
raw_native,8.0,cluster_merging,duplicate_removal,452,452,fp_matched_cluster,tp,1
raw_native,8.0,cluster_merging,duplicate_removal,452,452,tp,tp,15777
raw_native,8.0,cluster_merging,duplicate_removal,453,-1,unmatched_cluster,removed_by_dedup,2
raw_native,8.0,cluster_merging,duplicate_removal,453,453,unmatched_cluster,unmatched_cluster,8842
raw_native,8.0,cluster_merging,duplicate_removal,454,-1,unmatched_cluster,removed_by_dedup,1
raw_native,8.0,cluster_merging,duplicate_removal,454,454,unmatched_cluster,unmatched_cluster,1590
raw_native,8.0,cluster_merging,duplicate_removal,455,455,unmatched_cluster,unmatched_cluster,2605
raw_native,8.0,cluster_merging,duplicate_removal,456,-1,unmatched_cluster,removed_by_dedup,1
raw_native,8.0,cluster_merging,duplicate_removal,456,456,unmatched_cluster,unmatched_cluster,3728
raw_native,8.0,cluster_merging,duplicate_removal,457,457,unmatched_cluster,unmatched_cluster,1827
raw_native,8.0,cluster_merging,duplicate_removal,458,458,unmatched_cluster,unmatched_cluster,491
raw_native,8.0,cluster_merging,duplicate_removal,459,459,unmatched_cluster,unmatched_cluster,630
raw_native,8.0,cluster_merging,duplicate_removal,460,460,unmatched_cluster,unmatched_cluster,448
raw_native,8.0,cluster_merging,duplicate_removal,461,461,unmatched_cluster,unmatched_cluster,752
raw_native,8.0,cluster_merging,duplicate_removal,462,462,unmatched_cluster,unmatched_cluster,1846
raw_native,8.0,cluster_merging,duplicate_removal,463,463,unmatched_cluster,unmatched_cluster,311
raw_native,8.0,cluster_merging,duplicate_removal,464,464,unmatched_cluster,unmatched_cluster,6634
raw_native,8.0,cluster_merging,duplicate_removal,465,465,unmatched_cluster,unmatched_cluster,1960
raw_native,8.0,cluster_merging,duplicate_removal,466,-1,unmatched_cluster,removed_by_dedup,2
raw_native,8.0,cluster_merging,duplicate_removal,466,466,unmatched_cluster,unmatched_cluster,2730
raw_native,8.0,cluster_merging,duplicate_removal,467,-1,unmatched_cluster,removed_by_dedup,1
raw_native,8.0,cluster_merging,duplicate_removal,467,467,unmatched_cluster,unmatched_cluster,6500
raw_native,8.0,cluster_merging,duplicate_removal,468,-1,unmatched_cluster,removed_by_dedup,1
raw_native,8.0,cluster_merging,duplicate_removal,468,468,unmatched_cluster,unmatched_cluster,5214
raw_native,8.0,cluster_merging,duplicate_removal,469,469,unmatched_cluster,unmatched_cluster,1717
raw_native,8.0,cluster_merging,duplicate_removal,470,470,unmatched_cluster,unmatched_cluster,1334
raw_native,8.0,cluster_merging,duplicate_removal,471,471,unmatched_cluster,unmatched_cluster,12140
raw_native,8.0,cluster_merging,duplicate_removal,472,472,unmatched_cluster,unmatched_cluster,679
raw_native,8.0,cluster_merging,duplicate_removal,473,-1,unmatched_cluster,removed_by_dedup,5
raw_native,8.0,cluster_merging,duplicate_removal,473,473,unmatched_cluster,unmatched_cluster,9579
raw_native,8.0,cluster_merging,duplicate_removal,474,474,unmatched_cluster,unmatched_cluster,908
raw_native,8.0,cluster_merging,duplicate_removal,475,475,unmatched_cluster,unmatched_cluster,4588
raw_native,8.0,cluster_merging,duplicate_removal,476,-1,unmatched_cluster,removed_by_dedup,1
raw_native,8.0,cluster_merging,duplicate_removal,476,476,unmatched_cluster,unmatched_cluster,2653
raw_native,8.0,cluster_merging,duplicate_removal,477,-1,unmatched_cluster,removed_by_dedup,4
raw_native,8.0,cluster_merging,duplicate_removal,477,477,unmatched_cluster,unmatched_cluster,12495
raw_native,8.0,cluster_merging,duplicate_removal,478,478,unmatched_cluster,unmatched_cluster,822
raw_native,8.0,cluster_merging,duplicate_removal,479,479,unmatched_cluster,unmatched_cluster,2787
raw_native,8.0,cluster_merging,duplicate_removal,480,480,unmatched_cluster,unmatched_cluster,2120
raw_native,8.0,cluster_merging,duplicate_removal,481,-1,unmatched_cluster,removed_by_dedup,6
raw_native,8.0,cluster_merging,duplicate_removal,481,481,unmatched_cluster,unmatched_cluster,6153
raw_native,8.0,cluster_merging,duplicate_removal,482,482,unmatched_cluster,unmatched_cluster,242
raw_native,8.0,cluster_merging,duplicate_removal,483,-1,unmatched_cluster,removed_by_dedup,7
raw_native,8.0,cluster_merging,duplicate_removal,483,483,unmatched_cluster,unmatched_cluster,95981
raw_native,8.0,cluster_merging,duplicate_removal,484,484,unmatched_cluster,unmatched_cluster,204
raw_native,8.0,cluster_merging,duplicate_removal,485,485,unmatched_cluster,unmatched_cluster,882
raw_native,8.0,cluster_merging,duplicate_removal,486,486,unmatched_cluster,unmatched_cluster,4029
raw_native,8.0,cluster_merging,duplicate_removal,487,-1,unmatched_cluster,removed_by_dedup,10
raw_native,8.0,cluster_merging,duplicate_removal,487,487,unmatched_cluster,unmatched_cluster,18353
raw_native,8.0,cluster_merging,duplicate_removal,488,-1,unmatched_cluster,removed_by_dedup,5
raw_native,8.0,cluster_merging,duplicate_removal,488,488,unmatched_cluster,unmatched_cluster,10145
raw_native,8.0,cluster_merging,duplicate_removal,489,489,unmatched_cluster,unmatched_cluster,46
raw_native,8.0,cluster_merging,duplicate_removal,490,490,unmatched_cluster,unmatched_cluster,2257
raw_native,8.0,cluster_merging,duplicate_removal,491,491,unmatched_cluster,unmatched_cluster,66
raw_native,8.0,cluster_merging,duplicate_removal,492,-1,unmatched_cluster,removed_by_dedup,3
raw_native,8.0,cluster_merging,duplicate_removal,492,492,unmatched_cluster,unmatched_cluster,9379
raw_native,8.0,cluster_merging,duplicate_removal,493,-1,unmatched_cluster,removed_by_dedup,12
raw_native,8.0,cluster_merging,duplicate_removal,493,493,unmatched_cluster,unmatched_cluster,6418
raw_native,8.0,cluster_merging,duplicate_removal,494,-1,unmatched_cluster,removed_by_dedup,11
raw_native,8.0,cluster_merging,duplicate_removal,494,494,unmatched_cluster,unmatched_cluster,4225
raw_native,8.0,cluster_merging,duplicate_removal,495,495,unmatched_cluster,unmatched_cluster,22
raw_native,8.0,cluster_merging,duplicate_removal,496,-1,unmatched_cluster,removed_by_dedup,1
raw_native,8.0,cluster_merging,duplicate_removal,496,496,unmatched_cluster,unmatched_cluster,3609
raw_native,8.0,cluster_merging,duplicate_removal,497,497,unmatched_cluster,unmatched_cluster,588
raw_native,8.0,cluster_merging,duplicate_removal,498,-1,unmatched_cluster,removed_by_dedup,3
raw_native,8.0,cluster_merging,duplicate_removal,498,498,unmatched_cluster,unmatched_cluster,7495
raw_native,8.0,cluster_merging,duplicate_removal,499,499,unmatched_cluster,unmatched_cluster,328
raw_native,8.0,cluster_merging,duplicate_removal,500,500,unmatched_cluster,unmatched_cluster,62
raw_native,8.0,cluster_merging,duplicate_removal,501,501,unmatched_cluster,unmatched_cluster,266
raw_native,8.0,cluster_merging,duplicate_removal,502,-1,unmatched_cluster,removed_by_dedup,2
raw_native,8.0,cluster_merging,duplicate_removal,502,502,unmatched_cluster,unmatched_cluster,7009
raw_native,8.0,cluster_merging,duplicate_removal,503,503,unmatched_cluster,unmatched_cluster,218
raw_native,8.0,cluster_merging,duplicate_removal,504,-1,unmatched_cluster,removed_by_dedup,1
raw_native,8.0,cluster_merging,duplicate_removal,504,504,unmatched_cluster,unmatched_cluster,10198
raw_native,8.0,cluster_merging,duplicate_removal,505,505,unmatched_cluster,unmatched_cluster,1471
raw_native,8.0,cluster_merging,duplicate_removal,506,506,unmatched_cluster,unmatched_cluster,1556
raw_native,8.0,cluster_merging,duplicate_removal,507,507,unmatched_cluster,unmatched_cluster,4094
raw_native,8.0,cluster_merging,duplicate_removal,508,-1,unmatched_cluster,removed_by_dedup,3
raw_native,8.0,cluster_merging,duplicate_removal,508,508,unmatched_cluster,unmatched_cluster,4983
raw_native,8.0,cluster_merging,duplicate_removal,509,509,unmatched_cluster,unmatched_cluster,185
raw_native,8.0,cluster_merging,duplicate_removal,510,-1,unmatched_cluster,removed_by_dedup,7
raw_native,8.0,cluster_merging,duplicate_removal,510,510,unmatched_cluster,unmatched_cluster,19112
raw_native,8.0,cluster_merging,duplicate_removal,511,511,unmatched_cluster,unmatched_cluster,677
raw_native,8.0,cluster_merging,duplicate_removal,512,-1,unmatched_cluster,removed_by_dedup,3
raw_native,8.0,cluster_merging,duplicate_removal,512,512,unmatched_cluster,unmatched_cluster,10568
raw_native,8.0,cluster_merging,duplicate_removal,513,513,unmatched_cluster,unmatched_cluster,293
raw_native,8.0,cluster_merging,duplicate_removal,514,514,unmatched_cluster,unmatched_cluster,34
raw_native,8.0,cluster_merging,duplicate_removal,515,-1,unmatched_cluster,removed_by_dedup,1
raw_native,8.0,cluster_merging,duplicate_removal,515,515,unmatched_cluster,unmatched_cluster,2648
raw_native,8.0,cluster_merging,duplicate_removal,516,516,unmatched_cluster,unmatched_cluster,408
raw_native,8.0,cluster_merging,duplicate_removal,517,-1,unmatched_cluster,removed_by_dedup,2
raw_native,8.0,cluster_merging,duplicate_removal,517,517,unmatched_cluster,unmatched_cluster,3519
raw_native,8.0,cluster_merging,duplicate_removal,518,518,unmatched_cluster,unmatched_cluster,6328
raw_native,8.0,cluster_merging,duplicate_removal,519,519,unmatched_cluster,unmatched_cluster,128
raw_native,8.0,cluster_merging,duplicate_removal,520,-1,unmatched_cluster,removed_by_dedup,1
raw_native,8.0,cluster_merging,duplicate_removal,520,520,unmatched_cluster,unmatched_cluster,4664
raw_native,8.0,cluster_merging,duplicate_removal,521,521,unmatched_cluster,unmatched_cluster,43
raw_native,8.0,cluster_merging,duplicate_removal,522,522,unmatched_cluster,unmatched_cluster,646
raw_native,8.0,cluster_merging,duplicate_removal,523,523,unmatched_cluster,unmatched_cluster,34
raw_native,8.0,cluster_merging,duplicate_removal,524,-1,unmatched_cluster,removed_by_dedup,1
raw_native,8.0,cluster_merging,duplicate_removal,524,524,unmatched_cluster,unmatched_cluster,4311
raw_native,8.0,cluster_merging,duplicate_removal,525,-1,unmatched_cluster,removed_by_dedup,2
raw_native,8.0,cluster_merging,duplicate_removal,525,525,unmatched_cluster,unmatched_cluster,7628
raw_native,8.0,cluster_merging,duplicate_removal,526,-1,unmatched_cluster,removed_by_dedup,3
raw_native,8.0,cluster_merging,duplicate_removal,526,526,unmatched_cluster,unmatched_cluster,5976
raw_native,8.0,cluster_merging,duplicate_removal,527,-1,unmatched_cluster,removed_by_dedup,5
raw_native,8.0,cluster_merging,duplicate_removal,527,527,unmatched_cluster,unmatched_cluster,5218
raw_native,8.0,cluster_merging,duplicate_removal,528,528,unmatched_cluster,unmatched_cluster,269
raw_native,8.0,cluster_merging,duplicate_removal,529,-1,unmatched_cluster,removed_by_dedup,4
raw_native,8.0,cluster_merging,duplicate_removal,529,529,unmatched_cluster,unmatched_cluster,8233
raw_native,8.0,cluster_merging,duplicate_removal,530,530,unmatched_cluster,unmatched_cluster,157
raw_native,8.0,cluster_merging,duplicate_removal,531,531,unmatched_cluster,unmatched_cluster,666
raw_native,8.0,cluster_merging,duplicate_removal,532,532,unmatched_cluster,unmatched_cluster,466
raw_native,8.0,cluster_merging,duplicate_removal,533,533,unmatched_cluster,unmatched_cluster,595
raw_native,8.0,cluster_merging,duplicate_removal,534,-1,unmatched_cluster,removed_by_dedup,2
raw_native,8.0,cluster_merging,duplicate_removal,534,534,unmatched_cluster,unmatched_cluster,4119
raw_native,8.0,cluster_merging,duplicate_removal,535,-1,unmatched_cluster,removed_by_dedup,8
raw_native,8.0,cluster_merging,duplicate_removal,535,535,unmatched_cluster,unmatched_cluster,2647
raw_native,8.0,cluster_merging,duplicate_removal,536,536,unmatched_cluster,unmatched_cluster,383
raw_native,8.0,cluster_merging,duplicate_removal,537,537,unmatched_cluster,unmatched_cluster,1034
raw_native,8.0,cluster_merging,duplicate_removal,538,538,unmatched_cluster,unmatched_cluster,3777
raw_native,8.0,cluster_merging,duplicate_removal,539,539,unmatched_cluster,unmatched_cluster,2963
raw_native,8.0,cluster_merging,duplicate_removal,540,-1,unmatched_cluster,removed_by_dedup,10
raw_native,8.0,cluster_merging,duplicate_removal,540,540,unmatched_cluster,unmatched_cluster,49
raw_native,8.0,cluster_merging,duplicate_removal,541,541,unmatched_cluster,unmatched_cluster,5499
raw_native,8.0,cluster_merging,duplicate_removal,542,542,unmatched_cluster,unmatched_cluster,39
raw_native,8.0,cluster_merging,duplicate_removal,543,-1,unmatched_cluster,removed_by_dedup,6
raw_native,8.0,cluster_merging,duplicate_removal,543,543,unmatched_cluster,unmatched_cluster,3980
raw_native,8.0,cluster_merging,duplicate_removal,544,544,unmatched_cluster,unmatched_cluster,1414
raw_native,8.0,cluster_merging,duplicate_removal,545,-1,unmatched_cluster,removed_by_dedup,6
raw_native,8.0,cluster_merging,duplicate_removal,545,545,unmatched_cluster,unmatched_cluster,367
raw_native,8.0,cluster_merging,duplicate_removal,546,-1,unmatched_cluster,removed_by_dedup,13
raw_native,8.0,cluster_merging,duplicate_removal,546,546,unmatched_cluster,unmatched_cluster,248
raw_native,8.0,cluster_merging,duplicate_removal,547,-1,unmatched_cluster,removed_by_dedup,425
raw_native,8.0,cluster_merging,duplicate_removal,547,547,unmatched_cluster,unmatched_cluster,876
raw_native,8.0,cluster_merging,duplicate_removal,548,-1,unmatched_cluster,removed_by_dedup,298
raw_native,8.0,cluster_merging,duplicate_removal,548,548,unmatched_cluster,unmatched_cluster,652
raw_native,8.0,cluster_merging,duplicate_removal,549,-1,unmatched_cluster,removed_by_dedup,122
raw_native,8.0,cluster_merging,duplicate_removal,549,549,unmatched_cluster,unmatched_cluster,645
raw_native,8.0,cluster_merging,duplicate_removal,550,-1,unmatched_cluster,removed_by_dedup,16
raw_native,8.0,cluster_merging,duplicate_removal,550,550,unmatched_cluster,unmatched_cluster,1521
raw_native,8.0,cluster_merging,duplicate_removal,551,551,unmatched_cluster,unmatched_cluster,1615
raw_native,8.0,cluster_merging,duplicate_removal,552,552,unmatched_cluster,unmatched_cluster,1609
raw_native,8.0,cluster_merging,duplicate_removal,553,-1,unmatched_cluster,removed_by_dedup,2
raw_native,8.0,cluster_merging,duplicate_removal,553,553,unmatched_cluster,unmatched_cluster,1340
raw_native,8.0,cluster_merging,duplicate_removal,554,-1,unmatched_cluster,removed_by_dedup,2
raw_native,8.0,cluster_merging,duplicate_removal,554,554,unmatched_cluster,unmatched_cluster,1569
raw_native,8.0,cluster_merging,duplicate_removal,555,-1,unmatched_cluster,removed_by_dedup,7
raw_native,8.0,cluster_merging,duplicate_removal,555,555,unmatched_cluster,unmatched_cluster,2180
raw_native,8.0,cluster_merging,duplicate_removal,556,-1,unmatched_cluster,removed_by_dedup,7
raw_native,8.0,cluster_merging,duplicate_removal,556,556,unmatched_cluster,unmatched_cluster,995
raw_native,8.0,cluster_merging,duplicate_removal,557,557,unmatched_cluster,unmatched_cluster,1865
raw_native,8.0,cluster_merging,duplicate_removal,558,-1,unmatched_cluster,removed_by_dedup,11
raw_native,8.0,cluster_merging,duplicate_removal,558,558,unmatched_cluster,unmatched_cluster,254
raw_native,8.0,cluster_merging,duplicate_removal,559,-1,unmatched_cluster,removed_by_dedup,116
raw_native,8.0,cluster_merging,duplicate_removal,559,559,unmatched_cluster,unmatched_cluster,358
raw_native,8.0,cluster_merging,duplicate_removal,560,-1,unmatched_cluster,removed_by_dedup,190
raw_native,8.0,cluster_merging,duplicate_removal,560,560,unmatched_cluster,unmatched_cluster,504
raw_native,8.0,cluster_merging,duplicate_removal,561,-1,unmatched_cluster,removed_by_dedup,2
raw_native,8.0,cluster_merging,duplicate_removal,561,561,unmatched_cluster,unmatched_cluster,55
raw_native,8.0,cluster_merging,duplicate_removal,562,562,unmatched_cluster,unmatched_cluster,1312
raw_native,8.0,cluster_merging,duplicate_removal,563,-1,unmatched_cluster,removed_by_dedup,4
raw_native,8.0,cluster_merging,duplicate_removal,563,563,unmatched_cluster,unmatched_cluster,2400
raw_native,8.0,cluster_merging,duplicate_removal,564,564,unmatched_cluster,unmatched_cluster,939
raw_native,8.0,cluster_merging,duplicate_removal,565,565,unmatched_cluster,unmatched_cluster,1715
raw_native,8.0,cluster_merging,duplicate_removal,566,-1,unmatched_cluster,removed_by_dedup,46
raw_native,8.0,cluster_merging,duplicate_removal,566,566,unmatched_cluster,unmatched_cluster,850
