domain,Th_learned,stage,cluster_id,assigned_gt_unit_id,events,detection_templates,dominant_detection_template,dominant_detection_template_fraction,tp,fp_if_matched,gt_proximal_events_any_unit,gt_negative_events_any_unit,is_refractory,contamination
raw_native,8.0,detection_template,0,-1,7236,1,0,1.0,0,0,844,6392,0,0.2539682539481513
raw_native,8.0,detection_template,1,-1,251,1,1,1.0,0,0,29,222,0,0.0
raw_native,8.0,detection_template,2,-1,14944,1,2,1.0,0,0,1725,13219,1,0.052568174346825744
raw_native,8.0,detection_template,3,-1,11554,1,3,1.0,0,0,1354,10200,1,0.08424786608607732
raw_native,8.0,detection_template,4,-1,8432,1,4,1.0,0,0,1011,7421,0,0.3574517151672741
raw_native,8.0,detection_template,5,-1,18281,1,5,1.0,0,0,2119,16162,1,0.0739868841386456
raw_native,8.0,detection_template,6,-1,7991,1,6,1.0,0,0,884,7107,1,0.13702239788427575
raw_native,8.0,detection_template,7,-1,279,1,7,1.0,0,0,44,235,1,0.0
raw_native,8.0,detection_template,8,-1,1986,1,8,1.0,0,0,218,1768,1,0.10948905109226141
raw_native,8.0,detection_template,9,-1,2781,1,9,1.0,0,0,322,2459,0,0.631578947325558
raw_native,8.0,detection_template,10,-1,26004,1,10,1.0,0,0,3026,22978,0,0.45540266812088603
raw_native,8.0,detection_template,11,-1,806,1,11,1.0,0,0,102,704,1,0.0
raw_native,8.0,detection_template,12,-1,3875,1,12,1.0,0,0,494,3381,1,0.11111111110595985
raw_native,8.0,detection_template,13,-1,5981,1,13,1.0,0,0,741,5240,1,0.17177914109171866
raw_native,8.0,detection_template,14,-1,4787,1,14,1.0,0,0,579,4208,1,0.19002375295762666
raw_native,8.0,detection_template,15,-1,5410,1,15,1.0,0,0,619,4791,1,0.017308524448046543
raw_native,8.0,detection_template,16,-1,10649,1,16,1.0,0,0,1253,9396,0,0.22781774579044903
raw_native,8.0,detection_template,17,-1,12159,1,17,1.0,0,0,1366,10793,0,0.29569892471159276
raw_native,8.0,detection_template,18,-1,8567,1,18,1.0,0,0,1019,7548,1,0.12012012011460226
raw_native,8.0,detection_template,19,-1,5995,1,19,1.0,0,0,677,5318,1,0.09244992295413058
raw_native,8.0,detection_template,20,-1,3095,1,20,1.0,0,0,377,2718,1,0.0
raw_native,8.0,detection_template,21,-1,4145,1,21,1.0,0,0,508,3637,1,0.021540118469985395
raw_native,8.0,detection_template,22,-1,521,1,22,1.0,0,0,55,466,0,0.2973977695157224
raw_native,8.0,detection_template,23,-1,10543,1,23,1.0,0,0,1257,9286,1,0.0
raw_native,8.0,detection_template,24,-1,13784,1,24,1.0,0,0,1644,12140,0,0.3627329192261108
raw_native,8.0,detection_template,25,-1,723,1,25,1.0,0,0,90,633,1,0.0
raw_native,8.0,detection_template,26,-1,18523,1,26,1.0,0,0,2192,16331,1,0.046964106001693186
raw_native,8.0,detection_template,27,-1,9708,1,27,1.0,0,0,1117,8591,0,0.20610384461657227
raw_native,8.0,detection_template,28,-1,5292,1,28,1.0,0,0,631,4661,1,0.10943912448000852
raw_native,8.0,detection_template,29,-1,5101,1,29,1.0,0,0,606,4495,1,0.17353579174888129
raw_native,8.0,detection_template,30,-1,28077,1,30,1.0,0,0,3247,24830,1,0.12188074598580788
raw_native,8.0,detection_template,31,-1,8450,1,31,1.0,0,0,1016,7434,0,0.32364840013294544
raw_native,8.0,detection_template,32,-1,22431,1,32,1.0,0,0,2702,19729,0,0.30651340993766507
raw_native,8.0,detection_template,33,-1,14817,1,33,1.0,0,0,1778,13039,1,0.19878997405515333
raw_native,8.0,detection_template,34,-1,1879,1,34,1.0,0,0,235,1644,0,0.5090553107910062
raw_native,8.0,detection_template,35,-1,11127,1,35,1.0,0,0,1344,9783,1,0.0900090008945159
raw_native,8.0,detection_template,36,-1,6449,1,36,1.0,0,0,798,5651,1,0.06942937730318238
raw_native,8.0,detection_template,37,-1,4760,1,37,1.0,0,0,529,4231,1,0.039151712886472796
raw_native,8.0,detection_template,38,-1,8953,1,38,1.0,0,0,1069,7884,1,0.09881965412395997
raw_native,8.0,detection_template,39,-1,5669,1,39,1.0,0,0,691,4978,1,0.04900759617612005
raw_native,8.0,detection_template,40,-1,20721,1,40,1.0,0,0,2396,18325,1,0.02767828068871632
raw_native,8.0,detection_template,41,-1,1482,1,41,1.0,0,0,183,1299,0,0.43956043952500634
raw_native,8.0,detection_template,42,-1,13641,1,42,1.0,0,0,1657,11984,1,0.08813448669375877
raw_native,8.0,detection_template,43,-1,17380,1,43,1.0,0,0,2044,15336,0,0.24012851946885905
raw_native,8.0,detection_template,44,-1,10499,1,44,1.0,0,0,1192,9307,0,0.25490196076900706
raw_native,8.0,detection_template,45,-1,22375,1,45,1.0,0,0,2689,19686,0,0.3361344537556072
raw_native,8.0,detection_template,46,-1,1308,1,46,1.0,0,0,179,1129,0,1.4769230767933594
raw_native,8.0,detection_template,47,-1,26599,1,47,1.0,0,0,3277,23322,0,0.45764543654905115
raw_native,8.0,detection_template,48,-1,25800,1,48,1.0,0,0,3008,22792,0,0.3103242490277029
raw_native,8.0,detection_template,49,-1,1053,1,49,1.0,0,0,143,910,0,0.689655172369742
raw_native,8.0,detection_template,50,-1,16854,1,50,1.0,0,0,2633,14221,0,0.3481381785258212
raw_native,8.0,detection_template,51,-1,18970,1,51,1.0,0,0,2163,16807,0,0.4584464964394307
raw_native,8.0,detection_template,52,-1,21357,1,52,1.0,0,0,3026,18331,0,0.3781683196696798
raw_native,8.0,detection_template,53,-1,51226,1,53,1.0,0,0,6024,45202,0,0.5180824899756912
raw_native,8.0,detection_template,54,-1,1382,1,54,1.0,0,0,180,1202,0,0.4705882352587912
raw_native,8.0,detection_template,55,-1,2438,1,55,1.0,0,0,285,2153,1,0.1706484641609357
raw_native,8.0,detection_template,56,-1,16503,1,56,1.0,0,0,2009,14494,1,0.03167834297722972
raw_native,8.0,detection_template,57,-1,10368,1,57,1.0,0,0,1262,9106,0,0.35655058040468846
raw_native,8.0,detection_template,58,-1,7380,1,58,1.0,0,0,1081,6299,0,0.39768019881017985
raw_native,8.0,detection_template,59,-1,1131,1,59,1.0,0,0,141,990,0,1.6271186439500689
raw_native,8.0,detection_template,60,-1,13366,1,60,1.0,0,0,1595,11771,1,0.04227804028692003
raw_native,8.0,detection_template,61,-1,6018,1,61,1.0,0,0,696,5322,1,0.07561436672536287
raw_native,8.0,detection_template,62,-1,5243,1,62,1.0,0,0,649,4594,0,0.4054054053740303
raw_native,8.0,detection_template,63,-1,27863,1,63,1.0,0,0,3295,24568,0,0.20249485283943203
raw_native,8.0,detection_template,64,-1,9098,1,64,1.0,0,0,1051,8047,1,0.02721088435288986
raw_native,8.0,detection_template,65,-1,15153,1,65,1.0,0,0,1804,13349,1,0.07741136398364679
raw_native,8.0,detection_template,66,-1,23721,1,66,1.0,0,0,2760,20961,0,0.3593478501728616
raw_native,8.0,detection_template,67,-1,945,1,67,1.0,0,0,115,830,0,1.052631578864819
raw_native,8.0,detection_template,68,-1,907,1,68,1.0,0,0,112,795,0,1.2012012011121291
raw_native,8.0,detection_template,69,-1,8560,1,69,1.0,0,0,1019,7541,1,0.057110222725883564
raw_native,8.0,detection_template,70,-1,11469,1,70,1.0,0,0,1274,10195,0,0.9294580683301059
raw_native,8.0,detection_template,71,-1,17803,1,71,1.0,0,0,2095,15708,0,0.34460843158222537
raw_native,8.0,detection_template,72,-1,2047,1,72,1.0,0,0,266,1781,0,1.0480349344338544
raw_native,8.0,detection_template,73,-1,16733,1,73,1.0,0,0,1984,14749,1,0.07355292612453429
raw_native,8.0,detection_template,74,-1,11128,1,74,1.0,0,0,1290,9838,0,0.4329199548840162
raw_native,8.0,detection_template,75,-1,9162,1,75,1.0,0,0,1033,8129,0,0.29010238906118185
raw_native,8.0,detection_template,76,-1,26882,1,76,1.0,0,0,3135,23747,0,0.45402225345013186
raw_native,8.0,detection_template,77,-1,469,1,77,1.0,0,0,63,406,1,0.19354838709447472
raw_native,8.0,detection_template,78,-1,5493,1,78,1.0,0,0,625,4868,1,0.15355086371619414
raw_native,8.0,detection_template,79,-1,3941,1,79,1.0,0,0,485,3456,0,0.4474272930389457
raw_native,8.0,detection_template,80,-1,3585,1,80,1.0,0,0,404,3181,1,0.10875475801812554
raw_native,8.0,detection_template,81,-1,11174,1,81,1.0,0,0,1320,9854,0,0.5309734512849031
raw_native,8.0,detection_template,82,-1,341,1,82,1.0,0,0,51,290,0,1.1428571428252405
raw_native,8.0,detection_template,83,-1,20924,1,83,1.0,0,0,2405,18519,0,0.5610125592132753
raw_native,8.0,detection_template,84,-1,1088,1,84,1.0,0,0,126,962,0,2.1138211381432894
raw_native,8.0,detection_template,85,-1,3261,1,85,1.0,0,0,389,2872,0,0.8379544054037492
raw_native,8.0,detection_template,86,-1,21005,1,86,1.0,0,0,2421,18584,0,0.4905833715791645
raw_native,8.0,detection_template,87,-1,548,1,87,1.0,0,0,79,469,0,5.181818181700266
raw_native,8.0,detection_template,88,-1,1369,1,88,1.0,0,0,166,1203,0,1.0942249239913535
raw_native,8.0,detection_template,89,-1,1661,1,89,1.0,0,0,193,1468,0,2.6086956521086355
raw_native,8.0,detection_template,90,-1,566,1,90,1.0,0,0,69,497,0,4.999999999921251
raw_native,8.0,detection_template,91,-1,5225,1,91,1.0,0,0,573,4652,0,0.9447331128549805
raw_native,8.0,detection_template,92,-1,4247,1,92,1.0,0,0,511,3736,0,0.8633093524946378
raw_native,8.0,detection_template,93,-1,10169,1,93,1.0,0,0,1184,8985,0,0.7640681465731529
raw_native,8.0,detection_template,94,-1,375,1,94,1.0,0,0,46,329,0,3.9999999999247198
raw_native,8.0,detection_template,95,-1,860,1,95,1.0,0,0,101,759,1,0.0
raw_native,8.0,detection_template,96,-1,1663,1,96,1.0,0,0,178,1485,0,1.708542713488442
raw_native,8.0,detection_template,97,-1,5677,1,97,1.0,0,0,701,4976,0,1.678588459618314
raw_native,8.0,detection_template,98,-1,514,1,98,1.0,0,0,63,451,0,0.7017543859485722
raw_native,8.0,detection_template,99,-1,690,1,99,1.0,0,0,83,607,0,2.13114754092801
raw_native,8.0,detection_template,100,-1,6474,1,100,1.0,0,0,759,5715,1,0.06109201985001408
raw_native,8.0,detection_template,101,-1,271,1,101,1.0,0,0,46,225,0,5.142857142676283
raw_native,8.0,detection_template,102,-1,507,1,102,1.0,0,0,59,448,0,0.5828779599221553
raw_native,8.0,detection_template,103,-1,872,1,103,1.0,0,0,110,762,0,1.0526315789121234
raw_native,8.0,detection_template,104,-1,137,1,104,1.0,0,0,9,128,0,0.0
raw_native,8.0,detection_template,105,-1,449,1,105,1.0,0,0,59,390,0,2.285714285493854
raw_native,8.0,detection_template,106,-1,616,1,106,1.0,0,0,68,548,1,0.05772005771869098
raw_native,8.0,detection_template,107,-1,2947,1,107,1.0,0,0,373,2574,0,1.271186440599967
raw_native,8.0,detection_template,108,-1,763,1,108,1.0,0,0,108,655,0,1.3877551019858287
raw_native,8.0,detection_template,109,-1,1219,1,109,1.0,0,0,142,1077,0,1.4222222221282452
raw_native,8.0,detection_template,110,-1,1198,1,110,1.0,0,0,131,1067,0,1.0958904108870486
raw_native,8.0,detection_template,111,-1,1082,1,111,1.0,0,0,137,945,0,1.3114754097519923
raw_native,8.0,detection_template,112,793,18004,1,112,1.0,17940,64,17946,58,1,0.0
raw_native,8.0,detection_template,113,-1,907,1,113,1.0,0,0,72,835,0,0.22845275181568717
raw_native,8.0,detection_template,114,-1,1172,1,114,1.0,0,0,152,1020,0,0.48780487802152395
raw_native,8.0,detection_template,115,-1,8518,1,115,1.0,0,0,947,7571,1,0.04950887984424901
raw_native,8.0,detection_template,116,-1,8579,1,116,1.0,0,0,1005,7574,1,0.016241374819368288
raw_native,8.0,detection_template,117,-1,2407,1,117,1.0,0,0,252,2155,0,1.2587412586561268
raw_native,8.0,detection_template,118,-1,2053,1,118,1.0,0,0,199,1854,0,1.7487437184694554
raw_native,8.0,detection_template,119,-1,3484,1,119,1.0,0,0,400,3084,0,1.9675675674241133
raw_native,8.0,detection_template,120,-1,3213,1,120,1.0,0,0,392,2821,0,1.5584415583254525
raw_native,8.0,detection_template,121,-1,869,1,121,1.0,0,0,118,751,1,0.0
raw_native,8.0,detection_template,122,-1,5844,1,122,1.0,0,0,691,5153,0,1.5861148196391288
raw_native,8.0,detection_template,123,-1,2546,1,123,1.0,0,0,276,2270,0,1.7834394903231112
raw_native,8.0,detection_template,124,2143,18481,1,124,1.0,18122,359,18156,325,1,0.036498296475090924
raw_native,8.0,detection_template,125,-1,2580,1,125,1.0,0,0,372,2208,0,1.6619718308818252
raw_native,8.0,detection_template,126,-1,1836,1,126,1.0,0,0,232,1604,0,2.1759259257985493
raw_native,8.0,detection_template,127,-1,6609,1,127,1.0,0,0,801,5808,0,1.7382812498764102
raw_native,8.0,detection_template,128,-1,16384,1,128,1.0,0,0,1908,14476,0,0.48758109965028246
raw_native,8.0,detection_template,129,-1,838,1,129,1.0,0,0,108,730,0,0.7272727272417298
raw_native,8.0,detection_template,130,-1,7649,1,130,1.0,0,0,1203,6446,0,1.6930091184155451
raw_native,8.0,detection_template,131,-1,7262,1,131,1.0,0,0,1271,5991,0,1.1296296295376898
raw_native,8.0,detection_template,132,-1,2077,1,132,1.0,0,0,284,1793,0,1.8348623852000074
raw_native,8.0,detection_template,133,-1,6465,1,133,1.0,0,0,840,5625,0,0.7576183778220301
raw_native,8.0,detection_template,134,-1,2915,1,134,1.0,0,0,377,2538,0,2.1894736840472393
raw_native,8.0,detection_template,135,-1,9063,1,135,1.0,0,0,1153,7910,0,1.507505925622127
raw_native,8.0,detection_template,136,-1,712,1,136,1.0,0,0,96,616,1,0.0
raw_native,8.0,detection_template,137,-1,1881,1,137,1.0,0,0,203,1678,0,3.1823204417812745
raw_native,8.0,detection_template,138,-1,1903,1,138,1.0,0,0,234,1669,0,3.540800810677413
raw_native,8.0,detection_template,139,-1,827,1,139,1.0,0,0,97,730,0,0.2716049382677692
raw_native,8.0,detection_template,140,-1,3836,1,140,1.0,0,0,456,3380,0,1.7112582780344499
raw_native,8.0,detection_template,141,-1,15618,1,141,1.0,0,0,1836,13782,0,1.5435158500235246
raw_native,8.0,detection_template,142,-1,7890,1,142,1.0,0,0,871,7019,0,1.6380281688943894
raw_native,8.0,detection_template,143,1143,19050,1,143,1.0,15801,3249,16318,2732,0,0.2786885245625259
raw_native,8.0,detection_template,144,-1,3306,1,144,1.0,0,0,407,2899,0,2.2115027827818308
raw_native,8.0,detection_template,145,-1,6577,1,145,1.0,0,0,974,5603,0,0.5614035087151023
raw_native,8.0,detection_template,146,-1,11158,1,146,1.0,0,0,1403,9755,0,0.3457807206307682
raw_native,8.0,detection_template,147,-1,15157,1,147,1.0,0,0,1689,13468,0,0.5539861895294707
raw_native,8.0,detection_template,148,-1,3429,1,148,1.0,0,0,411,3018,0,1.0420841682957245
raw_native,8.0,detection_template,149,-1,16864,1,149,1.0,0,0,1938,14926,0,0.6399665376339292
raw_native,8.0,detection_template,150,1300,19910,1,150,1.0,8427,11483,10807,9103,0,1.0910605218321892
raw_native,8.0,detection_template,151,-1,14563,1,151,1.0,0,0,1734,12829,0,1.5840368379432184
raw_native,8.0,detection_template,152,-1,6470,1,152,1.0,0,0,798,5672,0,1.097366809459196
raw_native,8.0,detection_template,153,-1,1700,1,153,1.0,0,0,183,1517,1,0.0
raw_native,8.0,detection_template,154,-1,5369,1,154,1.0,0,0,598,4771,0,1.720496894281576
raw_native,8.0,detection_template,155,-1,1019,1,155,1.0,0,0,134,885,1,0.0
raw_native,8.0,detection_template,156,-1,8323,1,156,1.0,0,0,961,7362,0,1.6624246482304423
raw_native,8.0,detection_template,157,-1,5498,1,157,1.0,0,0,637,4861,0,1.7362794011582354
raw_native,8.0,detection_template,158,-1,4263,1,158,1.0,0,0,562,3701,0,1.7010309277022393
raw_native,8.0,detection_template,159,-1,715,1,159,1.0,0,0,69,646,1,0.09389671361258706
raw_native,8.0,detection_template,160,-1,767,1,160,1.0,0,0,69,698,1,0.09009009008750914
raw_native,8.0,detection_template,161,-1,7321,1,161,1.0,0,0,867,6454,0,1.403651115516913
raw_native,8.0,detection_template,162,-1,3542,1,162,1.0,0,0,540,3002,0,0.8148148147516354
raw_native,8.0,detection_template,163,-1,4241,1,163,1.0,0,0,484,3757,0,0.9033877038216213
raw_native,8.0,detection_template,164,-1,1202,1,164,1.0,0,0,161,1041,0,0.3960396039414377
raw_native,8.0,detection_template,165,-1,4328,1,165,1.0,0,0,505,3823,0,0.9778812572048118
raw_native,8.0,detection_template,166,-1,8621,1,166,1.0,0,0,973,7648,0,0.8974358973646275
raw_native,8.0,detection_template,167,-1,3030,1,167,1.0,0,0,373,2657,0,1.5594541908933717
raw_native,8.0,detection_template,168,-1,4417,1,168,1.0,0,0,523,3894,0,0.89411764699037
raw_native,8.0,detection_template,169,-1,7746,1,169,1.0,0,0,883,6863,0,0.8270676690951553
raw_native,8.0,detection_template,170,-1,887,1,170,1.0,0,0,106,781,1,0.0
raw_native,8.0,detection_template,171,1122,14102,1,171,1.0,12468,1634,12635,1467,1,0.14451302121092569
raw_native,8.0,detection_template,172,-1,3821,1,172,1.0,0,0,436,3385,0,0.9944993621485916
raw_native,8.0,detection_template,173,-1,12364,1,173,1.0,0,0,1485,10879,0,0.37763418322271425
raw_native,8.0,detection_template,174,-1,8734,1,174,1.0,0,0,994,7740,0,0.7957378949688455
raw_native,8.0,detection_template,175,-1,19183,1,175,1.0,0,0,2260,16923,0,0.5650311818548901
raw_native,8.0,detection_template,176,-1,8887,1,176,1.0,0,0,1009,7878,1,0.037397157814159254
raw_native,8.0,detection_template,177,-1,13024,1,177,1.0,0,0,1441,11583,0,0.6010978330220421
raw_native,8.0,detection_template,178,-1,22875,1,178,1.0,0,0,2736,20139,1,0.028053962620201392
raw_native,8.0,detection_template,179,-1,10312,1,179,1.0,0,0,1251,9061,0,0.5969204285438766
raw_native,8.0,detection_template,180,-1,9792,1,180,1.0,0,0,1164,8628,0,0.5210033022028514
raw_native,8.0,detection_template,181,-1,6029,1,181,1.0,0,0,1156,4873,0,1.1313726759272373
raw_native,8.0,detection_template,182,-1,33845,1,182,1.0,0,0,3937,29908,1,0.06833900161528968
raw_native,8.0,detection_template,183,-1,1684,1,183,1.0,0,0,273,1411,0,0.634920634888777
raw_native,8.0,detection_template,184,-1,532,1,184,1.0,0,0,79,453,1,0.0
raw_native,8.0,detection_template,185,-1,2326,1,185,1.0,0,0,267,2059,0,0.8447214526668481
raw_native,8.0,detection_template,186,-1,1354,1,186,1.0,0,0,180,1174,1,0.10582010581753684
raw_native,8.0,detection_template,187,-1,718,1,187,1.0,0,0,97,621,0,1.1238738737649705
raw_native,8.0,detection_template,188,-1,3312,1,188,1.0,0,0,391,2921,0,0.4213256136193988
raw_native,8.0,detection_template,189,-1,4037,1,189,1.0,0,0,437,3600,1,0.0
raw_native,8.0,detection_template,190,-1,1618,1,190,1.0,0,0,176,1442,0,0.353982300871248
raw_native,8.0,detection_template,191,-1,1541,1,191,1.0,0,0,225,1316,0,0.43478260865821294
raw_native,8.0,detection_template,192,-1,21948,1,192,1.0,0,0,2567,19381,1,0.0310305569876317
raw_native,8.0,detection_template,193,-1,5825,1,193,1.0,0,0,675,5150,0,1.03278141264133
raw_native,8.0,detection_template,194,-1,1717,1,194,1.0,0,0,223,1494,0,0.6106870228548789
raw_native,8.0,detection_template,195,-1,1213,1,195,1.0,0,0,172,1041,0,0.9541108985498606
raw_native,8.0,detection_template,196,-1,7143,1,196,1.0,0,0,1160,5983,0,0.9360784128881344
raw_native,8.0,detection_template,197,-1,9506,1,197,1.0,0,0,1129,8377,0,0.7183889883062925
raw_native,8.0,detection_template,198,-1,1536,1,198,1.0,0,0,169,1367,0,0.24918851433871858
raw_native,8.0,detection_template,199,-1,3767,1,199,1.0,0,0,437,3330,1,0.0
raw_native,8.0,detection_template,200,-1,15378,1,200,1.0,0,0,1709,13669,0,0.3884553256542024
raw_native,8.0,detection_template,201,-1,14190,1,201,1.0,0,0,1754,12436,0,0.5489808713212867
raw_native,8.0,detection_template,202,-1,666,1,202,1.0,0,0,84,582,1,0.0
raw_native,8.0,detection_template,203,-1,3006,1,203,1.0,0,0,335,2671,1,0.15179861585129795
raw_native,8.0,detection_template,204,-1,1159,1,204,1.0,0,0,144,1015,0,0.6557377048697662
raw_native,8.0,detection_template,205,-1,5741,1,205,1.0,0,0,672,5069,0,0.8410646498528832
raw_native,8.0,detection_template,206,-1,29643,1,206,1.0,0,0,3380,26263,1,0.005090252522974968
raw_native,8.0,detection_template,207,-1,4854,1,207,1.0,0,0,597,4257,0,0.9619056360434584
raw_native,8.0,detection_template,208,-1,1453,1,208,1.0,0,0,171,1282,0,1.3119248825205279
raw_native,8.0,detection_template,209,-1,5172,1,209,1.0,0,0,596,4576,0,1.0157760813290648
raw_native,8.0,detection_template,210,-1,1138,1,210,1.0,0,0,132,1006,0,0.7370753322898828
raw_native,8.0,detection_template,211,-1,4875,1,211,1.0,0,0,605,4270,0,1.2799382986984769
raw_native,8.0,detection_template,212,-1,4901,1,212,1.0,0,0,595,4306,0,0.28595988535950434
raw_native,8.0,detection_template,213,-1,7621,1,213,1.0,0,0,885,6736,1,0.1352939049842087
raw_native,8.0,detection_template,214,-1,6892,1,214,1.0,0,0,809,6083,0,0.4576482148410053
raw_native,8.0,detection_template,215,-1,10595,1,215,1.0,0,0,1275,9320,0,0.6921499647556204
raw_native,8.0,detection_template,216,-1,11822,1,216,1.0,0,0,1381,10441,1,0.11072017242545343
raw_native,8.0,detection_template,217,-1,24805,1,217,1.0,0,0,3017,21788,0,0.5369386016420353
raw_native,8.0,detection_template,218,-1,1703,1,218,1.0,0,0,205,1498,0,0.9784313724717852
raw_native,8.0,detection_template,219,-1,16393,1,219,1.0,0,0,1941,14452,1,0.0902242044282748
raw_native,8.0,detection_template,220,-1,13548,1,220,1.0,0,0,1624,11924,1,0.1395329045619609
raw_native,8.0,detection_template,221,-1,682,1,221,1.0,0,0,73,609,1,0.0
raw_native,8.0,detection_template,222,-1,10982,1,222,1.0,0,0,1294,9688,0,0.591695832559375
raw_native,8.0,detection_template,223,-1,6226,1,223,1.0,0,0,708,5518,0,0.6144697720121757
raw_native,8.0,detection_template,224,-1,431,1,224,1.0,0,0,41,390,0,2.414516128730563
raw_native,8.0,detection_template,225,-1,1071,1,225,1.0,0,0,115,956,1,0.13245033112246005
raw_native,8.0,detection_template,226,-1,1224,1,226,1.0,0,0,154,1070,1,0.0
raw_native,8.0,detection_template,227,-1,21122,1,227,1.0,0,0,2471,18651,0,0.8308033318017193
raw_native,8.0,detection_template,228,-1,503,1,228,1.0,0,0,70,433,1,0.0
raw_native,8.0,detection_template,229,-1,5631,1,229,1.0,0,0,696,4935,1,0.0
raw_native,8.0,detection_template,230,-1,6813,1,230,1.0,0,0,762,6051,0,0.4354052250248666
raw_native,8.0,detection_template,231,-1,640,1,231,1.0,0,0,66,574,0,1.0526315788715754
raw_native,8.0,detection_template,232,-1,1855,1,232,1.0,0,0,253,1602,1,0.10498687663725322
raw_native,8.0,detection_template,233,-1,5032,1,233,1.0,0,0,610,4422,0,0.4347826086623999
raw_native,8.0,detection_template,234,-1,6914,1,234,1.0,0,0,844,6070,0,0.6244104340532571
raw_native,8.0,detection_template,235,-1,5064,1,235,1.0,0,0,589,4475,1,0.024979975969818248
raw_native,8.0,detection_template,236,-1,10301,1,236,1.0,0,0,1331,8970,0,0.2440616693019225
raw_native,8.0,detection_template,237,-1,5579,1,237,1.0,0,0,688,4891,1,0.018290447913445106
raw_native,8.0,detection_template,238,-1,17586,1,238,1.0,0,0,2094,15492,1,0.16260784274418244
raw_native,8.0,detection_template,239,-1,1716,1,239,1.0,0,0,200,1516,1,0.0
raw_native,8.0,detection_template,240,-1,1036,1,240,1.0,0,0,141,895,1,0.0
raw_native,8.0,detection_template,241,-1,5046,1,241,1.0,0,0,555,4491,0,0.5867568162988318
raw_native,8.0,detection_template,242,-1,757,1,242,1.0,0,0,89,668,0,0.0
raw_native,8.0,detection_template,243,-1,480,1,243,1.0,0,0,58,422,1,0.0
raw_native,8.0,detection_template,244,-1,11831,1,244,1.0,0,0,1410,10421,1,0.07084266649190173
raw_native,8.0,detection_template,245,-1,648,1,245,1.0,0,0,73,575,1,0.0
raw_native,8.0,detection_template,246,-1,807,1,246,1.0,0,0,117,690,0,0.8663194443628447
raw_native,8.0,detection_template,247,-1,15201,1,247,1.0,0,0,1798,13403,0,0.4124575645366421
raw_native,8.0,detection_template,248,-1,11233,1,248,1.0,0,0,1290,9943,0,0.8144412344860519
raw_native,8.0,detection_template,249,-1,583,1,249,1.0,0,0,84,499,0,0.0
raw_native,8.0,detection_template,250,-1,1119,1,250,1.0,0,0,132,987,0,0.8695652173122123
raw_native,8.0,detection_template,251,-1,753,1,251,1.0,0,0,81,672,0,0.0
raw_native,8.0,detection_template,252,-1,25185,1,252,1.0,0,0,3008,22177,1,0.07690048616498216
raw_native,8.0,detection_template,253,-1,604,1,253,1.0,0,0,62,542,0,0.0
raw_native,8.0,detection_template,254,-1,4173,1,254,1.0,0,0,481,3692,0,0.4013377926031725
raw_native,8.0,detection_template,255,-1,6929,1,255,1.0,0,0,834,6095,1,0.15411558668137823
raw_native,8.0,detection_template,256,-1,7157,1,256,1.0,0,0,841,6316,0,0.3496702390459651
raw_native,8.0,detection_template,257,-1,13335,1,257,1.0,0,0,1553,11782,0,0.6649067892934444
raw_native,8.0,detection_template,258,-1,16747,1,258,1.0,0,0,1968,14779,1,0.0478894416052836
raw_native,8.0,detection_template,259,-1,18367,1,259,1.0,0,0,2172,16195,1,0.033987773934323895
raw_native,8.0,detection_template,260,-1,34818,1,260,1.0,0,0,4029,30789,1,0.005296765985046725
raw_native,8.0,detection_template,261,-1,8533,1,261,1.0,0,0,992,7541,0,0.2898466542496001
raw_native,8.0,detection_template,262,-1,27842,1,262,1.0,0,0,3369,24473,1,0.01425860945565935
raw_native,8.0,detection_template,263,-1,5526,1,263,1.0,0,0,672,4854,1,0.12105186550124455
raw_native,8.0,detection_template,264,-1,3373,1,264,1.0,0,0,377,2996,0,1.4641077169025334
raw_native,8.0,detection_template,265,-1,14256,1,265,1.0,0,0,1693,12563,0,0.4874092996852893
raw_native,8.0,detection_template,266,-1,7946,1,266,1.0,0,0,943,7003,0,0.6179566562876376
raw_native,8.0,detection_template,267,-1,2503,1,267,1.0,0,0,286,2217,0,0.6754653129691827
raw_native,8.0,detection_template,268,-1,11089,1,268,1.0,0,0,1270,9819,0,0.30975891437008485
raw_native,8.0,detection_template,269,-1,2092,1,269,1.0,0,0,257,1835,0,0.8946660689541972
raw_native,8.0,detection_template,270,-1,16878,1,270,1.0,0,0,1976,14902,0,0.45172371028427966
raw_native,8.0,detection_template,271,-1,6964,1,271,1.0,0,0,789,6175,0,0.23334953814403206
raw_native,8.0,detection_template,272,-1,14728,1,272,1.0,0,0,1755,12973,1,0.11432171596139172
raw_native,8.0,detection_template,273,-1,73876,1,273,1.0,0,0,8721,65155,1,0.009929348862991025
raw_native,8.0,detection_template,274,-1,32061,1,274,1.0,0,0,3878,28183,1,0.049023561916028406
raw_native,8.0,detection_template,275,-1,12774,1,275,1.0,0,0,1454,11320,1,0.13605998635414612
raw_native,8.0,detection_template,276,-1,4007,1,276,1.0,0,0,499,3508,0,0.520984081001585
raw_native,8.0,detection_template,277,-1,15519,1,277,1.0,0,0,1859,13660,1,0.09402595177129965
raw_native,8.0,detection_template,278,-1,7249,1,278,1.0,0,0,790,6459,0,0.6991720330623202
raw_native,8.0,detection_template,279,-1,1619,1,279,1.0,0,0,199,1420,0,0.347826086930056
raw_native,8.0,detection_template,280,-1,5742,1,280,1.0,0,0,663,5079,0,0.47825566067713854
raw_native,8.0,detection_template,281,-1,8372,1,281,1.0,0,0,1006,7366,0,0.3129647880741767
raw_native,8.0,detection_template,282,-1,8404,1,282,1.0,0,0,928,7476,0,0.46816362267403366
raw_native,8.0,detection_template,283,-1,14123,1,283,1.0,0,0,1693,12430,1,0.13780883944368263
raw_native,8.0,detection_template,284,-1,17901,1,284,1.0,0,0,2053,15848,0,0.5465795805617168
raw_native,8.0,detection_template,285,-1,23472,1,285,1.0,0,0,2805,20667,0,0.33104669171905193
raw_native,8.0,detection_template,286,-1,19373,1,286,1.0,0,0,2262,17111,1,0.050994396402822925
raw_native,8.0,detection_template,287,-1,25016,1,287,1.0,0,0,2884,22132,1,0.08033584919505617
raw_native,8.0,detection_template,288,-1,17673,1,288,1.0,0,0,2124,15549,0,0.44503413888196514
raw_native,8.0,detection_template,289,-1,12508,1,289,1.0,0,0,1522,10986,0,0.49295774643771767
raw_native,8.0,detection_template,290,-1,2142,1,290,1.0,0,0,234,1908,0,1.2373760143207362
raw_native,8.0,detection_template,291,-1,9996,1,291,1.0,0,0,1213,8783,1,0.033068783066961455
raw_native,8.0,detection_template,292,-1,14188,1,292,1.0,0,0,1709,12479,1,0.15807092343175966
raw_native,8.0,detection_template,293,-1,17645,1,293,1.0,0,0,2047,15598,1,0.08947921202219211
raw_native,8.0,detection_template,294,-1,3166,1,294,1.0,0,0,360,2806,0,0.28985507244618536
raw_native,8.0,detection_template,295,-1,22037,1,295,1.0,0,0,2681,19356,0,0.4006442520309708
raw_native,8.0,detection_template,296,-1,6139,1,296,1.0,0,0,739,5400,0,0.2755905511640564
raw_native,8.0,detection_template,297,-1,16803,1,297,1.0,0,0,2000,14803,0,0.3068713461392614
raw_native,8.0,detection_template,298,-1,9440,1,298,1.0,0,0,1154,8286,0,0.24665117886129695
raw_native,8.0,detection_template,299,-1,6905,1,299,1.0,0,0,760,6145,1,0.0573271228917549
raw_native,8.0,detection_template,300,-1,4165,1,300,1.0,0,0,466,3699,0,0.8362369337417137
raw_native,8.0,detection_template,301,-1,30834,1,301,1.0,0,0,3574,27260,1,0.0
raw_native,8.0,detection_template,302,-1,33933,1,302,1.0,0,0,3987,29946,1,0.0015995204642830696
raw_native,8.0,detection_template,303,-1,27080,1,303,1.0,0,0,3161,23919,1,0.013766909755102192
raw_native,8.0,detection_template,304,-1,5068,1,304,1.0,0,0,599,4469,1,0.08362369337729232
raw_native,8.0,detection_template,305,-1,11568,1,305,1.0,0,0,1365,10203,1,0.005161290322432004
raw_native,8.0,detection_template,306,-1,14893,1,306,1.0,0,0,1732,13161,0,0.8530967735060482
raw_native,8.0,detection_template,307,-1,4547,1,307,1.0,0,0,508,4039,0,0.38208269522306076
raw_native,8.0,detection_template,308,-1,15477,1,308,1.0,0,0,1800,13677,1,0.19195904871992261
raw_native,8.0,detection_template,309,-1,13880,1,309,1.0,0,0,1613,12267,0,0.329104593394659
raw_native,8.0,detection_template,310,-1,7920,1,310,1.0,0,0,913,7007,1,0.13110446975789047
raw_native,8.0,detection_template,311,-1,10900,1,311,1.0,0,0,1276,9624,0,0.31838837185139385
raw_native,8.0,detection_template,312,-1,17573,1,312,1.0,0,0,2136,15437,1,0.04038228563456896
raw_native,8.0,detection_template,313,-1,15220,1,313,1.0,0,0,1789,13431,0,0.6374627401025139
raw_native,8.0,detection_template,314,-1,18879,1,314,1.0,0,0,2223,16656,1,0.05397883722366363
raw_native,8.0,detection_template,315,-1,38822,1,315,1.0,0,0,4623,34199,1,0.04246047452144459
raw_native,8.0,detection_template,316,-1,12564,1,316,1.0,0,0,1489,11075,1,0.08180551380451473
raw_native,8.0,detection_template,317,-1,3759,1,317,1.0,0,0,445,3314,0,0.2246735704488864
raw_native,8.0,detection_template,318,-1,1552,1,318,1.0,0,0,187,1365,0,0.6635638297430324
raw_native,8.0,detection_template,319,-1,9786,1,319,1.0,0,0,1168,8618,1,0.044832997082646736
raw_native,8.0,detection_template,320,-1,4631,1,320,1.0,0,0,517,4114,1,0.036546067084975
raw_native,8.0,detection_template,321,-1,14087,1,321,1.0,0,0,1685,12402,0,0.2019975311262871
raw_native,8.0,detection_template,322,-1,8465,1,322,1.0,0,0,1021,7444,0,0.501004016018828
raw_native,8.0,detection_template,323,-1,4037,1,323,1.0,0,0,485,3552,0,0.27972027969902225
raw_native,8.0,detection_template,324,-1,4829,1,324,1.0,0,0,567,4262,1,0.020664237202249067
raw_native,8.0,detection_template,325,-1,9588,1,325,1.0,0,0,1077,8511,1,0.06569679414891964
raw_native,8.0,detection_template,326,-1,7797,1,326,1.0,0,0,967,6830,0,0.3692876965484488
raw_native,8.0,detection_template,327,-1,8407,1,327,1.0,0,0,971,7436,1,0.0
raw_native,8.0,detection_template,328,-1,25120,1,328,1.0,0,0,3021,22099,1,0.019918713936485543
raw_native,8.0,detection_template,329,-1,3386,1,329,1.0,0,0,388,2998,0,1.5616942908660918
raw_native,8.0,detection_template,330,-1,19003,1,330,1.0,0,0,2267,16736,1,0.08336694903184193
raw_native,8.0,detection_template,331,-1,6694,1,331,1.0,0,0,834,5860,0,0.24820257741520746
raw_native,8.0,detection_template,332,-1,7164,1,332,1.0,0,0,841,6323,0,0.5460750852886909
raw_native,8.0,detection_template,333,-1,14462,1,333,1.0,0,0,1702,12760,0,0.6489323630618584
raw_native,8.0,detection_template,334,-1,67318,1,334,1.0,0,0,8038,59280,1,0.013598700055285453
raw_native,8.0,detection_template,335,-1,4320,1,335,1.0,0,0,525,3795,0,1.3441428272036662
raw_native,8.0,detection_template,336,-1,683,1,336,1.0,0,0,87,596,1,0.0
raw_native,8.0,detection_template,337,-1,3298,1,337,1.0,0,0,369,2929,1,0.0
raw_native,8.0,detection_template,338,-1,8880,1,338,1.0,0,0,1052,7828,0,1.161328588284261
raw_native,8.0,detection_template,339,-1,1355,1,339,1.0,0,0,162,1193,0,1.237113401983713
raw_native,8.0,detection_template,340,-1,770,1,340,1.0,0,0,71,699,1,0.1423948220025341
raw_native,8.0,detection_template,341,-1,878,1,341,1.0,0,0,131,747,0,0.968461911625041
raw_native,8.0,detection_template,342,-1,279,1,342,1.0,0,0,33,246,1,0.0
raw_native,8.0,detection_template,343,-1,1881,1,343,1.0,0,0,230,1651,1,0.0
raw_native,8.0,detection_template,344,-1,745,1,344,1.0,0,0,68,677,1,0.05503955968215924
raw_native,8.0,detection_template,345,-1,2298,1,345,1.0,0,0,257,2041,1,0.1858304297289132
raw_native,8.0,detection_template,346,-1,340,1,346,1.0,0,0,55,285,0,0.0
raw_native,8.0,detection_template,347,664,9326,1,347,1.0,9014,312,9034,292,1,0.08236588719950383
raw_native,8.0,detection_template,348,-1,1175,1,348,1.0,0,0,153,1022,0,0.30769230768138806
raw_native,8.0,detection_template,349,-1,3020,1,349,1.0,0,0,362,2658,0,0.5371900826108476
raw_native,8.0,detection_template,350,-1,3693,1,350,1.0,0,0,453,3240,1,0.0
raw_native,8.0,detection_template,351,-1,7699,1,351,1.0,0,0,880,6819,1,0.0
raw_native,8.0,detection_template,352,-1,5472,1,352,1.0,0,0,638,4834,1,0.0
raw_native,8.0,detection_template,353,-1,1102,1,353,1.0,0,0,141,961,0,0.2173913043285984
raw_native,8.0,detection_template,354,-1,8920,1,354,1.0,0,0,1040,7880,1,0.016111066267602527
raw_native,8.0,detection_template,355,-1,22833,1,355,1.0,0,0,2686,20147,0,0.3763712305202892
raw_native,8.0,detection_template,356,-1,3024,1,356,1.0,0,0,363,2661,1,0.07889546350728434
raw_native,8.0,detection_template,357,-1,1775,1,357,1.0,0,0,218,1557,0,0.7710816776483881
raw_native,8.0,detection_template,358,-1,37925,1,358,1.0,0,0,4591,33334,1,0.021113173890626016
raw_native,8.0,detection_template,359,-1,303,1,359,1.0,0,0,33,270,1,0.0
raw_native,8.0,detection_template,360,-1,1462,1,360,1.0,0,0,176,1286,0,0.28419182948129595
raw_native,8.0,detection_template,361,-1,2025,1,361,1.0,0,0,233,1792,1,0.0
raw_native,8.0,detection_template,362,-1,2794,1,362,1.0,0,0,360,2434,1,0.09708737863463418
raw_native,8.0,detection_template,363,-1,1707,1,363,1.0,0,0,213,1494,1,0.0
raw_native,8.0,detection_template,364,-1,1897,1,364,1.0,0,0,218,1679,1,0.0
raw_native,8.0,detection_template,365,-1,10495,1,365,1.0,0,0,1207,9288,1,0.09898107714172209
raw_native,8.0,detection_template,366,-1,591,1,366,1.0,0,0,61,530,0,0.0
raw_native,8.0,detection_template,367,-1,1827,1,367,1.0,0,0,233,1594,0,0.21333333332700116
raw_native,8.0,detection_template,368,-1,27691,1,368,1.0,0,0,3191,24500,0,0.38051792715159405
raw_native,8.0,detection_template,369,-1,8585,1,369,1.0,0,0,1029,7556,1,0.1999370367014959
raw_native,8.0,detection_template,370,-1,1371,1,370,1.0,0,0,165,1206,1,0.10781671158846705
raw_native,8.0,detection_template,371,-1,2238,1,371,1.0,0,0,241,1997,1,0.09803921568426302
raw_native,8.0,detection_template,372,-1,10486,1,372,1.0,0,0,1184,9302,1,0.04660918200487397
raw_native,8.0,detection_template,373,-1,1092,1,373,1.0,0,0,138,954,1,0.0
raw_native,8.0,detection_template,374,-1,1029,1,374,1.0,0,0,121,908,1,0.0
raw_native,8.0,detection_template,375,-1,810,1,375,1.0,0,0,97,713,1,0.0
raw_native,8.0,detection_template,376,-1,529,1,376,1.0,0,0,57,472,1,0.0
raw_native,8.0,detection_template,377,-1,856,1,377,1.0,0,0,107,749,1,0.0
raw_native,8.0,detection_template,378,-1,1541,1,378,1.0,0,0,198,1343,0,0.3124999999806675
raw_native,8.0,detection_template,379,-1,420,1,379,1.0,0,0,41,379,1,0.0
raw_native,8.0,detection_template,380,-1,3414,1,380,1.0,0,0,387,3027,1,0.01362494538973656
raw_native,8.0,detection_template,381,-1,630,1,381,1.0,0,0,61,569,1,0.01980198019745896
raw_native,8.0,detection_template,382,-1,4876,1,382,1.0,0,0,598,4278,1,0.1275045537271561
raw_native,8.0,detection_template,383,-1,1926,1,383,1.0,0,0,231,1695,0,0.34219443321790843
raw_native,8.0,detection_template,384,-1,486,1,384,1.0,0,0,74,412,1,0.0
raw_native,8.0,detection_template,385,-1,1147,1,385,1.0,0,0,143,1004,0,0.4849368318498079
raw_native,8.0,detection_template,386,-1,3421,1,386,1.0,0,0,383,3038,1,0.0408647940365288
raw_native,8.0,detection_template,387,-1,8976,1,387,1.0,0,0,991,7985,0,0.24461269654463944
raw_native,8.0,detection_template,388,-1,628,1,388,1.0,0,0,81,547,0,1.2820512819853565
raw_native,8.0,detection_template,389,-1,2450,1,389,1.0,0,0,285,2165,1,0.15904572563978112
raw_native,8.0,detection_template,390,-1,2251,1,390,1.0,0,0,274,1977,1,0.0
raw_native,8.0,detection_template,391,-1,12582,1,391,1.0,0,0,1454,11128,1,0.17833259026688525
raw_native,8.0,detection_template,392,-1,2571,1,392,1.0,0,0,307,2264,1,0.07305936072911885
raw_native,8.0,detection_template,393,-1,2245,1,393,1.0,0,0,261,1984,0,0.24922118378756278
raw_native,8.0,detection_template,394,-1,446,1,394,1.0,0,0,46,400,1,0.11396011395732117
raw_native,8.0,detection_template,395,-1,1308,1,395,1.0,0,0,164,1144,1,0.0
raw_native,8.0,detection_template,396,-1,4744,1,396,1.0,0,0,530,4214,0,0.698812019530057
raw_native,8.0,detection_template,397,-1,714,1,397,1.0,0,0,93,621,0,0.701754385943914
raw_native,8.0,detection_template,398,-1,7717,1,398,1.0,0,0,905,6812,1,0.08831048105564895
raw_native,8.0,detection_template,399,-1,1482,1,399,1.0,0,0,182,1300,0,0.41467099794015055
raw_native,8.0,detection_template,400,-1,806,1,400,1.0,0,0,78,728,1,0.0
raw_native,8.0,detection_template,401,-1,100,1,401,1.0,0,0,13,87,1,0.0
raw_native,8.0,detection_template,402,-1,2304,1,402,1.0,0,0,279,2025,0,0.9619238476612415
raw_native,8.0,detection_template,403,-1,4001,1,403,1.0,0,0,490,3511,1,0.0
raw_native,8.0,detection_template,404,-1,2268,1,404,1.0,0,0,295,1973,1,0.0
raw_native,8.0,detection_template,405,-1,6776,1,405,1.0,0,0,821,5955,1,0.06602858150466996
raw_native,8.0,detection_template,406,-1,7867,1,406,1.0,0,0,953,6914,0,0.21288963548120765
raw_native,8.0,detection_template,407,-1,28113,1,407,1.0,0,0,3388,24725,1,0.0059901163076977555
raw_native,8.0,detection_template,408,-1,965,1,408,1.0,0,0,114,851,0,1.2244897958793617
raw_native,8.0,detection_template,409,-1,3545,1,409,1.0,0,0,430,3115,0,0.5734265733929689
raw_native,8.0,detection_template,410,-1,21824,1,410,1.0,0,0,2567,19257,1,0.0740021275557326
raw_native,8.0,detection_template,411,-1,4947,1,411,1.0,0,0,543,4404,1,0.16014234874863045
raw_native,8.0,detection_template,412,-1,7288,1,412,1.0,0,0,815,6473,1,0.1735450962059058
raw_native,8.0,detection_template,413,-1,8619,1,413,1.0,0,0,1034,7585,1,0.016496685785227557
raw_native,8.0,detection_template,414,-1,3117,1,414,1.0,0,0,369,2748,0,0.4972595913965111
raw_native,8.0,detection_template,415,-1,1584,1,415,1.0,0,0,193,1391,0,1.5517241378748412
raw_native,8.0,detection_template,416,-1,6553,1,416,1.0,0,0,779,5774,0,0.2535077114581474
raw_native,8.0,detection_template,417,-1,3245,1,417,1.0,0,0,396,2849,1,0.04623208506478403
raw_native,8.0,detection_template,418,-1,4467,1,418,1.0,0,0,507,3960,1,0.12802275959867557
raw_native,8.0,detection_template,419,-1,9473,1,419,1.0,0,0,1177,8296,0,0.263825469294907
raw_native,8.0,detection_template,420,-1,3701,1,420,1.0,0,0,415,3286,1,0.11262837150838122
raw_native,8.0,detection_template,421,-1,6585,1,421,1.0,0,0,786,5799,1,0.125642490000524
raw_native,8.0,detection_template,422,-1,15344,1,422,1.0,0,0,1910,13434,1,0.0914000830850242
raw_native,8.0,detection_template,423,-1,3020,1,423,1.0,0,0,367,2653,1,0.07001166861018722
raw_native,8.0,detection_template,424,-1,341,1,424,1.0,0,0,39,302,1,0.0
raw_native,8.0,detection_template,425,-1,9866,1,425,1.0,0,0,1157,8709,0,0.42807790397093665
raw_native,8.0,detection_template,426,-1,840,1,426,1.0,0,0,91,749,0,1.4545454544828462
raw_native,8.0,detection_template,427,-1,1161,1,427,1.0,0,0,147,1014,1,0.15564202334358135
raw_native,8.0,detection_template,428,-1,3993,1,428,1.0,0,0,470,3523,1,0.19417475727528197
raw_native,8.0,detection_template,429,-1,2210,1,429,1.0,0,0,273,1937,0,0.3585628742340365
raw_native,8.0,detection_template,430,-1,2367,1,430,1.0,0,0,303,2064,0,0.20012031280392387
raw_native,8.0,detection_template,431,-1,16634,1,431,1.0,0,0,2061,14573,1,0.017843866169779957
raw_native,8.0,detection_template,432,-1,3662,1,432,1.0,0,0,410,3252,1,0.0
raw_native,8.0,detection_template,433,-1,11361,1,433,1.0,0,0,1345,10016,1,0.03329108012244459
raw_native,8.0,detection_template,434,-1,663,1,434,1.0,0,0,67,596,1,0.05988023952082498
raw_native,8.0,detection_template,435,-1,1899,1,435,1.0,0,0,232,1667,0,0.446304044607752
raw_native,8.0,detection_template,436,-1,4214,1,436,1.0,0,0,504,3710,0,0.4301075268543352
raw_native,8.0,detection_template,437,-1,1911,1,437,1.0,0,0,228,1683,1,0.0
raw_native,8.0,detection_template,438,-1,17326,1,438,1.0,0,0,2029,15297,0,0.41996618912534045
raw_native,8.0,detection_template,439,-1,3325,1,439,1.0,0,0,411,2914,1,0.0
raw_native,8.0,detection_template,440,-1,1255,1,440,1.0,0,0,163,1092,1,0.06578947368307311
raw_native,8.0,detection_template,441,-1,7433,1,441,1.0,0,0,892,6541,1,0.17075773744878872
raw_native,8.0,detection_template,442,-1,2481,1,442,1.0,0,0,271,2210,0,0.24489795917853546
raw_native,8.0,detection_template,443,-1,13651,1,443,1.0,0,0,1575,12076,0,0.35204477573632553
raw_native,8.0,detection_template,444,-1,4808,1,444,1.0,0,0,595,4213,1,0.10108376379041764
raw_native,8.0,detection_template,445,-1,415,1,445,1.0,0,0,58,357,1,0.0
raw_native,8.0,detection_template,446,-1,6810,1,446,1.0,0,0,804,6006,0,0.20028612302549342
raw_native,8.0,detection_template,447,-1,11310,1,447,1.0,0,0,1318,9992,1,0.008077832096950673
raw_native,8.0,detection_template,448,-1,3184,1,448,1.0,0,0,375,2809,0,1.295774647825416
raw_native,8.0,detection_template,449,-1,4359,1,449,1.0,0,0,531,3828,0,0.29541193880281846
raw_native,8.0,detection_template,450,-1,3122,1,450,1.0,0,0,357,2765,0,0.6557161628852788
raw_native,8.0,detection_template,451,-1,2595,1,451,1.0,0,0,318,2277,1,0.18648018647041786
raw_native,8.0,detection_template,452,-1,3104,1,452,1.0,0,0,364,2740,0,0.365058670128121
raw_native,8.0,detection_template,453,-1,5673,1,453,1.0,0,0,650,5023,0,0.5749951987339111
raw_native,8.0,detection_template,454,-1,14704,1,454,1.0,0,0,1693,13011,1,0.08339952342532632
raw_native,8.0,detection_template,455,-1,10605,1,455,1.0,0,0,1271,9334,0,0.3496706508571949
raw_native,8.0,detection_template,456,-1,623,1,456,1.0,0,0,67,556,1,0.08163265306032358
raw_native,8.0,detection_template,457,-1,3230,1,457,1.0,0,0,369,2861,0,0.3274215552368467
raw_native,8.0,detection_template,458,-1,4411,1,458,1.0,0,0,526,3885,1,0.0
raw_native,8.0,detection_template,459,-1,2043,1,459,1.0,0,0,238,1805,0,0.3278688524402967
raw_native,8.0,detection_template,460,-1,989,1,460,1.0,0,0,119,870,0,0.26737967914204286
raw_native,8.0,detection_template,461,-1,4230,1,461,1.0,0,0,511,3719,0,0.2729332708076964
raw_native,8.0,detection_template,462,-1,8787,1,462,1.0,0,0,1051,7736,1,0.13286881052679164
raw_native,8.0,detection_template,463,-1,9400,1,463,1.0,0,0,1109,8291,0,0.5214090000948265
raw_native,8.0,detection_template,464,-1,12278,1,464,1.0,0,0,1461,10817,1,0.18411269013094683
raw_native,8.0,detection_template,465,-1,5344,1,465,1.0,0,0,624,4720,1,0.0
raw_native,8.0,detection_template,466,-1,3064,1,466,1.0,0,0,358,2706,1,0.14440433212180212
raw_native,8.0,detection_template,467,-1,370,1,467,1.0,0,0,48,322,0,1.1428571427820862
raw_native,8.0,detection_template,468,-1,1352,1,468,1.0,0,0,153,1199,0,0.2898550724527424
raw_native,8.0,detection_template,469,-1,5147,1,469,1.0,0,0,625,4522,0,0.42042295050439793
raw_native,8.0,detection_template,470,-1,4378,1,470,1.0,0,0,495,3883,0,0.2727968510586445
raw_native,8.0,detection_template,471,-1,3016,1,471,1.0,0,0,382,2634,0,0.36308623296360676
raw_native,8.0,detection_template,472,-1,2164,1,472,1.0,0,0,258,1906,0,0.7476635513472931
raw_native,8.0,detection_template,473,-1,9746,1,473,1.0,0,0,1141,8605,1,0.0
raw_native,8.0,detection_template,474,-1,10161,1,474,1.0,0,0,1188,8973,1,0.027195467421034996
raw_native,8.0,detection_template,475,-1,606,1,475,1.0,0,0,68,538,0,0.0
raw_native,8.0,detection_template,476,-1,1049,1,476,1.0,0,0,112,937,0,0.4545454545263938
raw_native,8.0,detection_template,477,-1,1777,1,477,1.0,0,0,228,1549,0,0.24539877300082943
raw_native,8.0,detection_template,478,-1,855,1,478,1.0,0,0,101,754,0,1.389585073689088
raw_native,8.0,detection_template,479,-1,3911,1,479,1.0,0,0,455,3456,0,0.5633802816395446
raw_native,8.0,detection_template,480,-1,898,1,480,1.0,0,0,264,634,1,0.0
raw_native,8.0,detection_template,481,-1,3817,1,481,1.0,0,0,569,3248,0,0.4271650734400323
raw_native,8.0,detection_template,482,-1,2178,1,482,1.0,0,0,258,1920,0,0.2024340770629051
raw_native,8.0,detection_template,483,-1,2789,1,483,1.0,0,0,351,2438,0,0.4651162790346873
raw_native,8.0,detection_template,484,-1,3278,1,484,1.0,0,0,344,2934,1,0.13050570961716468
raw_native,8.0,detection_template,485,-1,3938,1,485,1.0,0,0,470,3468,1,0.09111658905698032
raw_native,8.0,detection_template,486,-1,1974,1,486,1.0,0,0,214,1760,0,0.33864947402267453
raw_native,8.0,detection_template,487,-1,3130,1,487,1.0,0,0,383,2747,1,0.1591511936270451
raw_native,8.0,detection_template,488,-1,3943,1,488,1.0,0,0,513,3430,1,0.06944057889717449
raw_native,8.0,detection_template,489,-1,6795,1,489,1.0,0,0,845,5950,0,0.2586832555493991
raw_native,8.0,detection_template,490,-1,1066,1,490,1.0,0,0,122,944,0,0.4179229480488391
raw_native,8.0,detection_template,491,-1,3096,1,491,1.0,0,0,392,2704,0,0.5685279187724649
raw_native,8.0,detection_template,492,-1,5250,1,492,1.0,0,0,737,4513,1,0.18591347872108116
raw_native,8.0,detection_template,493,-1,2648,1,493,1.0,0,0,310,2338,1,0.14802631578375558
raw_native,8.0,detection_template,494,-1,3878,1,494,1.0,0,0,470,3408,1,0.11690289327947266
raw_native,8.0,detection_template,495,-1,8086,1,495,1.0,0,0,920,7166,0,0.39497307000247445
raw_native,8.0,detection_template,496,-1,8076,1,496,1.0,0,0,997,7079,0,0.45462827984593157
raw_native,8.0,detection_template,497,337,28208,1,497,1.0,15513,12695,16813,11395,0,0.3224358897689612
raw_native,8.0,detection_template,498,-1,12287,1,498,1.0,0,0,1448,10839,1,0.19689003243101882
raw_native,8.0,detection_template,499,-1,1895,1,499,1.0,0,0,240,1655,0,0.8979591836185771
raw_native,8.0,detection_template,500,-1,1830,1,500,1.0,0,0,206,1624,0,0.8304498269573919
raw_native,8.0,detection_template,501,-1,1471,1,501,1.0,0,0,232,1239,0,0.512820512796728
raw_native,8.0,detection_template,502,-1,3703,1,502,1.0,0,0,443,3260,0,0.3646308112883271
raw_native,8.0,detection_template,503,-1,2681,1,503,1.0,0,0,366,2315,0,0.7997236805086512
raw_native,8.0,detection_template,504,-1,7267,1,504,1.0,0,0,1273,5994,1,0.1286082474105393
raw_native,8.0,detection_template,505,-1,2293,1,505,1.0,0,0,288,2005,0,0.7349985644225598
raw_native,8.0,detection_template,506,-1,1065,1,506,1.0,0,0,123,942,0,0.8641975308236611
raw_native,8.0,detection_template,507,-1,3383,1,507,1.0,0,0,389,2994,0,0.37703995497219617
raw_native,8.0,detection_template,508,-1,9675,1,508,1.0,0,0,1200,8475,0,0.5779855503229134
raw_native,8.0,detection_template,509,-1,1717,1,509,1.0,0,0,254,1463,0,1.3429888083655506
raw_native,8.0,detection_template,510,-1,7946,1,510,1.0,0,0,911,7035,0,0.7583508877039714
raw_native,8.0,detection_template,511,-1,1310,1,511,1.0,0,0,155,1155,0,0.5491990846609603
raw_native,8.0,detection_template,512,-1,5304,1,512,1.0,0,0,601,4703,1,0.06264682850276923
raw_native,8.0,detection_template,513,-1,2764,1,513,1.0,0,0,329,2435,0,0.4210526315628015
raw_native,8.0,detection_template,514,-1,1877,1,514,1.0,0,0,197,1680,0,0.33694344163179824
raw_native,8.0,detection_template,515,-1,2352,1,515,1.0,0,0,272,2080,0,0.2539682539632963
raw_native,8.0,detection_template,516,-1,12665,1,516,1.0,0,0,1472,11193,1,0.01021946296715077
raw_native,8.0,detection_template,517,-1,2787,1,517,1.0,0,0,364,2423,0,1.3088587389316306
raw_native,8.0,detection_template,518,-1,1646,1,518,1.0,0,0,183,1463,0,0.6313834725931671
raw_native,8.0,detection_template,519,-1,862,1,519,1.0,0,0,105,757,0,0.4678362573031589
raw_native,8.0,detection_template,520,-1,590,1,520,1.0,0,0,79,511,1,0.19900497512092563
raw_native,8.0,detection_template,521,-1,998,1,521,1.0,0,0,113,885,1,0.0
raw_native,8.0,detection_template,522,-1,5358,1,522,1.0,0,0,626,4732,0,0.5740884406303464
raw_native,8.0,detection_template,523,-1,95524,1,523,1.0,0,0,11328,84196,1,0.004972243360535426
raw_native,8.0,detection_template,524,-1,4114,1,524,1.0,0,0,466,3648,0,0.7067137808717372
raw_native,8.0,detection_template,525,-1,17250,1,525,1.0,0,0,1971,15279,0,0.3683609365815673
raw_native,8.0,detection_template,526,-1,2323,1,526,1.0,0,0,262,2061,0,0.664451827202791
raw_native,8.0,detection_template,527,-1,10318,1,527,1.0,0,0,1272,9046,0,0.21834830074352932
raw_native,8.0,detection_template,528,-1,4550,1,528,1.0,0,0,542,4008,0,1.2025769505490238
raw_native,8.0,detection_template,529,-1,11255,1,529,1.0,0,0,1397,9858,0,0.45300611337084196
raw_native,8.0,detection_template,530,-1,717,1,530,1.0,0,0,72,645,0,0.5128205128092084
raw_native,8.0,detection_template,531,-1,1526,1,531,1.0,0,0,185,1341,0,1.4678899082044663
raw_native,8.0,detection_template,532,-1,1604,1,532,1.0,0,0,202,1402,0,0.2685950413211227
raw_native,8.0,detection_template,533,-1,6995,1,533,1.0,0,0,819,6176,0,0.49219119731174094
raw_native,8.0,detection_template,534,-1,3470,1,534,1.0,0,0,394,3076,0,0.6436781608997262
raw_native,8.0,detection_template,535,-1,7400,1,535,1.0,0,0,870,6530,0,0.26703183840314226
raw_native,8.0,detection_template,536,-1,1188,1,536,1.0,0,0,145,1043,0,0.33802816900959887
raw_native,8.0,detection_template,537,-1,2325,1,537,1.0,0,0,282,2043,0,0.2802101576093483
raw_native,8.0,detection_template,538,-1,10673,1,538,1.0,0,0,1282,9391,1,0.019965772960097675
raw_native,8.0,detection_template,539,-1,1471,1,539,1.0,0,0,200,1271,0,1.1347517730205443
raw_native,8.0,detection_template,540,-1,4941,1,540,1.0,0,0,551,4390,0,0.21136964117857646
raw_native,8.0,detection_template,541,-1,4067,1,541,1.0,0,0,482,3585,0,0.475059382402027
raw_native,8.0,detection_template,542,-1,1175,1,542,1.0,0,0,141,1034,0,0.8333333333132709
raw_native,8.0,detection_template,543,-1,10294,1,543,1.0,0,0,1244,9050,1,0.00457247370809145
raw_native,8.0,detection_template,544,-1,3208,1,544,1.0,0,0,362,2846,0,0.9742120343360456
raw_native,8.0,detection_template,545,-1,730,1,545,1.0,0,0,93,637,1,0.0
raw_native,8.0,detection_template,546,-1,1005,1,546,1.0,0,0,108,897,0,0.46242774566017875
raw_native,8.0,detection_template,547,-1,2553,1,547,1.0,0,0,263,2290,0,0.5733558178541889
raw_native,8.0,detection_template,548,-1,2613,1,548,1.0,0,0,278,2335,0,0.5139186295251857
raw_native,8.0,detection_template,549,-1,3382,1,549,1.0,0,0,382,3000,1,0.19588638588885735
raw_native,8.0,detection_template,550,-1,18377,1,550,1.0,0,0,2149,16228,1,0.01621543361753992
raw_native,8.0,detection_template,551,-1,472,1,551,1.0,0,0,52,420,1,0.0
raw_native,8.0,detection_template,552,-1,5074,1,552,1.0,0,0,561,4513,0,0.23529411764110794
raw_native,8.0,detection_template,553,-1,817,1,553,1.0,0,0,82,735,0,1.0714285713856992
raw_native,8.0,detection_template,554,-1,2186,1,554,1.0,0,0,260,1926,0,0.6236080177952079
raw_native,8.0,detection_template,555,-1,3136,1,555,1.0,0,0,339,2797,0,0.6321839080161591
raw_native,8.0,detection_template,556,-1,2649,1,556,1.0,0,0,318,2331,0,1.435406698510836
raw_native,8.0,detection_template,557,-1,3340,1,557,1.0,0,0,387,2953,0,0.744416873414755
raw_native,8.0,detection_template,558,-1,1021,1,558,1.0,0,0,125,896,0,0.7843137254632648
raw_native,8.0,detection_template,559,-1,8402,1,559,1.0,0,0,1002,7400,0,0.2516881522285172
raw_native,8.0,detection_template,560,-1,1428,1,560,1.0,0,0,182,1246,0,0.9183673469067786
raw_native,8.0,detection_template,561,-1,5913,1,561,1.0,0,0,717,5196,1,0.010843046896006474
raw_native,8.0,detection_template,562,-1,2517,1,562,1.0,0,0,310,2207,0,1.1336032388179145
raw_native,8.0,detection_template,563,-1,860,1,563,1.0,0,0,117,743,1,0.0
raw_native,8.0,detection_template,564,-1,755,1,564,1.0,0,0,92,663,1,0.0
raw_native,8.0,detection_template,565,-1,1393,1,565,1.0,0,0,146,1247,0,1.4643337819522018
raw_native,8.0,detection_template,566,-1,3771,1,566,1.0,0,0,415,3356,0,0.6701570680295379
raw_native,8.0,detection_template,567,-1,3725,1,567,1.0,0,0,486,3239,1,0.04540295118944035
raw_native,8.0,detection_template,568,-1,3777,1,568,1.0,0,0,434,3343,0,0.6517311608645298
raw_native,8.0,detection_template,569,-1,2963,1,569,1.0,0,0,372,2591,0,0.5891980359782413
raw_native,8.0,detection_template,570,-1,5499,1,570,1.0,0,0,662,4837,0,0.2523884455255949
raw_native,8.0,detection_template,571,-1,1512,1,571,1.0,0,0,179,1333,0,0.7843137254510767
raw_native,8.0,detection_template,572,-1,3986,1,572,1.0,0,0,456,3530,0,0.540084388149392
raw_native,8.0,detection_template,573,-1,373,1,573,1.0,0,0,36,337,0,4.102564102490619
raw_native,8.0,detection_template,574,-1,261,1,574,1.0,0,0,25,236,0,7.294117647025889
raw_native,8.0,detection_template,575,-1,1301,1,575,1.0,0,0,81,1220,0,16.20770519255286
raw_native,8.0,detection_template,576,-1,705,1,576,1.0,0,0,48,657,0,4.625850340121769
raw_native,8.0,detection_template,577,-1,245,1,577,1.0,0,0,22,223,0,48.74999999938682
raw_native,8.0,detection_template,578,-1,767,1,578,1.0,0,0,64,703,0,19.781249999695543
raw_native,8.0,detection_template,579,-1,1342,1,579,1.0,0,0,160,1182,0,2.244224422419866
raw_native,8.0,detection_template,580,-1,1609,1,580,1.0,0,0,195,1414,1,0.0
raw_native,8.0,detection_template,581,-1,1615,1,581,1.0,0,0,179,1436,1,0.0
raw_native,8.0,detection_template,582,-1,1537,1,582,1.0,0,0,177,1360,0,2.1374722837950335
raw_native,8.0,detection_template,583,-1,1571,1,583,1.0,0,0,204,1367,0,2.189189189164788
raw_native,8.0,detection_template,584,-1,1987,1,584,1.0,0,0,253,1734,0,2.5543556515235046
raw_native,8.0,detection_template,585,-1,657,1,585,1.0,0,0,62,595,0,6.1176470587489
raw_native,8.0,detection_template,586,-1,1811,1,586,1.0,0,0,232,1579,1,0.0
raw_native,8.0,detection_template,587,-1,1472,1,587,1.0,0,0,166,1306,0,1.9585492227795176
raw_native,8.0,detection_template,588,-1,560,1,588,1.0,0,0,65,495,0,1.0185185185073664
raw_native,8.0,detection_template,589,-1,1369,1,589,1.0,0,0,172,1197,0,2.6896268962377587
raw_native,8.0,detection_template,590,-1,2404,1,590,1.0,0,0,276,2128,0,2.6293848499995933
raw_native,8.0,detection_template,591,-1,939,1,591,1.0,0,0,111,828,0,2.3188405796771243
raw_native,8.0,detection_template,592,-1,1715,1,592,1.0,0,0,203,1512,0,2.7739251040031996
raw_native,8.0,detection_template,593,-1,363,1,593,1.0,0,0,38,325,0,7.789473684119813
raw_native,8.0,detection_template,594,-1,533,1,594,1.0,0,0,71,462,0,1.094527363176308
raw_native,8.0,final_clustering,0,-1,179,1,7,1.0,0,0,37,142,1,0.0
raw_native,8.0,final_clustering,1,-1,17018,6,5,0.9727935127512046,0,0,1962,15056,1,0.031852986215574225
raw_native,8.0,final_clustering,2,-1,2827,4,9,0.9837283339228865,0,0,326,2501,0,0.6249999999566251
raw_native,8.0,final_clustering,3,-1,203,1,1,1.0,0,0,26,177,0,0.0
raw_native,8.0,final_clustering,4,-1,1404,1,8,1.0,0,0,148,1256,1,0.0
raw_native,8.0,final_clustering,5,-1,27525,8,10,0.9435059037238874,0,0,3193,24332,0,0.5011963228413989
raw_native,8.0,final_clustering,6,-1,24085,7,4,0.3480589578575877,0,0,2801,21284,0,0.5270135896163768
raw_native,8.0,final_clustering,7,-1,1139,2,18,0.9991220368744512,0,0,144,995,0,0.6153846153435784
raw_native,8.0,final_clustering,8,-1,5260,2,15,0.999809885931559,0,0,602,4658,1,0.0
raw_native,8.0,final_clustering,9,-1,3385,3,12,0.9988183161004431,0,0,417,2968,1,0.04419889502575829
raw_native,8.0,final_clustering,10,-1,806,1,11,1.0,0,0,102,704,1,0.0
raw_native,8.0,final_clustering,11,-1,11118,4,3,0.9867781975175391,0,0,1309,9809,1,0.03293730149234508
raw_native,8.0,final_clustering,12,-1,6472,2,16,0.99057478368356,0,0,735,5737,1,0.011210762331399827
raw_native,8.0,final_clustering,13,-1,3996,5,14,0.9814814814814815,0,0,500,3496,1,0.0
raw_native,8.0,final_clustering,14,-1,22567,7,2,0.6577746266672575,0,0,2639,19928,1,0.19109231150413505
raw_native,8.0,final_clustering,15,-1,6953,2,18,0.9995685315691069,0,0,817,6136,1,0.0
raw_native,8.0,final_clustering,16,-1,17036,5,17,0.7099671284339046,0,0,1987,15049,0,0.4071246819034671
raw_native,8.0,final_clustering,17,-1,282,2,22,0.9964539007092199,0,0,34,248,1,0.0
raw_native,8.0,final_clustering,18,-1,14146,4,24,0.9744097271313445,0,0,1689,12457,0,0.37001897530278716
raw_native,8.0,final_clustering,19,-1,6212,4,19,0.965067611075338,0,0,695,5517,1,0.16134946827254967
raw_native,8.0,final_clustering,20,-1,3097,2,20,0.999354213755247,0,0,377,2720,1,0.0
raw_native,8.0,final_clustering,21,-1,3843,1,21,1.0,0,0,468,3375,1,0.0
raw_native,8.0,final_clustering,22,-1,10503,2,23,0.9992383128629915,0,0,1256,9247,1,0.0
raw_native,8.0,final_clustering,23,-1,9910,6,27,0.9616548940464178,0,0,1134,8776,0,0.22333461685153191
raw_native,8.0,final_clustering,24,-1,28551,4,30,0.965570382823719,0,0,3309,25242,1,0.135447129434917
raw_native,8.0,final_clustering,25,-1,6817,4,28,0.7564911251283556,0,0,811,6006,1,0.03470715834907541
raw_native,8.0,final_clustering,26,-1,723,1,25,1.0,0,0,90,633,1,0.0
raw_native,8.0,final_clustering,27,-1,3588,2,29,0.9640468227424749,0,0,426,3162,1,0.0
raw_native,8.0,final_clustering,28,-1,25962,6,32,0.8567906940913643,0,0,3116,22846,0,0.3828445056425992
raw_native,8.0,final_clustering,29,-1,4623,4,31,0.9833441488211119,0,0,554,4069,1,0.006150061500480142
raw_native,8.0,final_clustering,30,-1,14425,5,33,0.9822530329289428,0,0,1750,12675,1,0.16808631458073772
raw_native,8.0,final_clustering,31,-1,11974,7,35,0.9264239184900618,0,0,1445,10529,1,0.11812080536154788
raw_native,8.0,final_clustering,32,-1,1322,3,34,0.7677760968229954,0,0,158,1164,1,0.0
raw_native,8.0,final_clustering,33,-1,4106,2,37,0.9980516317584024,0,0,453,3653,1,0.0
raw_native,8.0,final_clustering,34,-1,18651,3,26,0.9905098922309796,0,0,2208,16443,1,0.057576260861054815
raw_native,8.0,final_clustering,35,-1,333,2,36,0.8798798798798799,0,0,43,290,1,0.0
raw_native,8.0,final_clustering,36,-1,5455,3,36,0.9952337305224565,0,0,687,4768,1,0.0
raw_native,8.0,final_clustering,37,-1,5171,3,39,0.9955521175788049,0,0,640,4531,1,0.010462987182596577
raw_native,8.0,final_clustering,38,-1,993,3,34,0.8529707955689829,0,0,119,874,0,0.6249999999678689
raw_native,8.0,final_clustering,39,-1,20124,3,40,0.9967203339296362,0,0,2328,17796,1,0.0
raw_native,8.0,final_clustering,40,-1,999,3,37,0.5095095095095095,0,0,106,893,1,0.0
raw_native,8.0,final_clustering,41,-1,1482,1,41,1.0,0,0,183,1299,0,0.43956043952500634
raw_native,8.0,final_clustering,42,-1,11230,4,44,0.8739982190560998,0,0,1280,9950,0,0.2688879146407926
raw_native,8.0,final_clustering,43,-1,11982,3,42,0.985311300283759,0,0,1454,10528,1,0.0
raw_native,8.0,final_clustering,44,-1,9827,4,38,0.8911163122010787,0,0,1178,8649,1,0.13654984068184503
raw_native,8.0,final_clustering,45,-1,17153,5,43,0.9878155424707048,0,0,2019,15134,0,0.22892819977241216
raw_native,8.0,final_clustering,46,-1,22656,2,45,0.982035663841808,0,0,2719,19937,0,0.33953699498043294
raw_native,8.0,final_clustering,47,-1,26640,2,47,0.9976726726726727,0,0,3283,23357,0,0.4590188286446358
raw_native,8.0,final_clustering,48,-1,1308,1,46,1.0,0,0,179,1129,0,1.4769230767933594
raw_native,8.0,final_clustering,49,-1,25759,2,48,0.9991847509608293,0,0,3002,22757,0,0.3097186190107699
raw_native,8.0,final_clustering,50,-1,1053,1,49,1.0,0,0,143,910,0,0.689655172369742
raw_native,8.0,final_clustering,51,-1,16781,2,50,0.9996424527739706,0,0,2617,14164,0,0.35097241064409473
raw_native,8.0,final_clustering,52,-1,18738,2,51,0.999786530045896,0,0,2134,16604,0,0.44323785248385483
raw_native,8.0,final_clustering,53,-1,51531,3,53,0.9938871747103685,0,0,6069,45462,0,0.5185281134644952
raw_native,8.0,final_clustering,54,-1,1505,1,55,1.0,0,0,166,1339,1,0.0
raw_native,8.0,final_clustering,55,-1,1382,1,54,1.0,0,0,180,1202,0,0.4705882352587912
raw_native,8.0,final_clustering,56,-1,11216,4,57,0.9235912981455064,0,0,1372,9844,0,0.3952424519367303
raw_native,8.0,final_clustering,57,-1,16394,5,56,0.9951201659143589,0,0,1992,14402,1,0.031954771705976576
raw_native,8.0,final_clustering,58,-1,28931,5,52,0.7372023089419654,0,0,4125,24806,0,0.49348697390478247
raw_native,8.0,final_clustering,59,-1,15493,2,63,0.9997418188859485,0,0,1805,13688,1,0.01266624445787584
raw_native,8.0,final_clustering,60,-1,13285,3,60,0.9951825366955213,0,0,1584,11701,1,0.047422937724453954
raw_native,8.0,final_clustering,61,-1,12558,4,63,0.9816849816849816,0,0,1509,11049,0,0.2609603340113218
raw_native,8.0,final_clustering,62,-1,1131,1,59,1.0,0,0,141,990,0,1.6271186439500689
raw_native,8.0,final_clustering,63,-1,5195,2,62,0.9998075072184793,0,0,643,4552,0,0.4120171673501581
raw_native,8.0,final_clustering,64,-1,23662,4,66,0.9949708393204294,0,0,2759,20903,0,0.35075985580742086
raw_native,8.0,final_clustering,65,-1,267,1,68,1.0,0,0,31,236,1,0.0
raw_native,8.0,final_clustering,66,-1,13747,3,65,0.9837782788972139,0,0,1624,12123,1,0.0
raw_native,8.0,final_clustering,67,-1,950,2,67,0.9947368421052631,0,0,115,835,0,0.9999999999247086
raw_native,8.0,final_clustering,68,-1,9048,4,64,0.9941423519009726,0,0,1046,8002,1,0.031872509959168835
raw_native,8.0,final_clustering,69,-1,8181,1,69,1.0,0,0,973,7208,1,0.0
raw_native,8.0,final_clustering,70,-1,7489,5,61,0.7696621711844038,0,0,882,6607,1,0.10856453557891911
raw_native,8.0,final_clustering,71,-1,615,1,68,1.0,0,0,79,536,0,0.9842209072059981
raw_native,8.0,final_clustering,72,-1,18199,7,71,0.9780757184460684,0,0,2145,16054,0,0.3547251556734597
raw_native,8.0,final_clustering,73,-1,11457,2,70,0.999825434232347,0,0,1272,10185,0,0.9274835188893318
raw_native,8.0,final_clustering,74,-1,4144,2,74,0.9983108108108109,0,0,487,3657,1,0.0
raw_native,8.0,final_clustering,75,-1,3329,1,73,1.0,0,0,388,2941,0,0.21136063407674055
raw_native,8.0,final_clustering,76,-1,2047,1,72,1.0,0,0,266,1781,0,1.0480349344338544
raw_native,8.0,final_clustering,77,-1,13374,1,73,1.0,0,0,1596,11778,1,0.0
raw_native,8.0,final_clustering,78,-1,33896,3,76,0.7928664149162143,0,0,3930,29966,0,0.5470878005970194
raw_native,8.0,final_clustering,79,-1,141,1,77,1.0,0,0,21,120,0,0.0
raw_native,8.0,final_clustering,80,-1,14969,5,81,0.736188122119046,0,0,1756,13213,0,0.4803115534012457
raw_native,8.0,final_clustering,81,-1,118,2,77,0.9915254237288136,0,0,20,98,1,0.0
raw_native,8.0,final_clustering,82,-1,2524,3,80,0.9932646592709984,0,0,302,2222,1,0.0
raw_native,8.0,final_clustering,83,-1,210,1,77,1.0,0,0,22,188,0,6292176114.890403
raw_native,8.0,final_clustering,84,-1,156,4,81,0.782051282051282,0,0,16,140,1,0.0
raw_native,8.0,final_clustering,85,-1,1085,2,79,0.9834101382488479,0,0,138,947,1,0.0
raw_native,8.0,final_clustering,86,-1,14621,4,75,0.6262909513713152,0,0,1651,12970,0,0.30984318909684433
raw_native,8.0,final_clustering,87,-1,340,1,82,1.0,0,0,50,290,0,1.1428571428254273
raw_native,8.0,final_clustering,88,-1,20925,2,83,0.9999522102747909,0,0,2406,18519,0,0.5609851446042423
raw_native,8.0,final_clustering,89,-1,1088,1,84,1.0,0,0,126,962,0,2.1138211381432894
raw_native,8.0,final_clustering,90,-1,21005,1,86,1.0,0,0,2421,18584,0,0.4905833715791645
raw_native,8.0,final_clustering,91,-1,782,3,88,0.9833759590792839,0,0,102,680,0,0.46874999999251976
raw_native,8.0,final_clustering,92,-1,274,1,90,1.0,0,0,33,241,0,5.999999999936676
raw_native,8.0,final_clustering,93,-1,281,2,90,0.9928825622775801,0,0,36,245,0,0.9230769230581795
raw_native,8.0,final_clustering,94,-1,13355,6,93,0.7486334706102583,0,0,1537,11818,0,1.0501101848592143
raw_native,8.0,final_clustering,95,-1,3119,5,92,0.8794485411991023,0,0,383,2736,1,0.18076178179091906
raw_native,8.0,final_clustering,96,-1,227,3,89,0.8986784140969163,0,0,24,203,0,0.0
raw_native,8.0,final_clustering,97,-1,101,2,93,0.9801980198019802,0,0,13,88,0,0.0
raw_native,8.0,final_clustering,98,-1,5145,5,91,0.9053449951409135,0,0,580,4565,1,0.1836547291018313
raw_native,8.0,final_clustering,99,-1,3203,2,85,0.999687792694349,0,0,380,2823,0,0.7323232323074159
raw_native,8.0,final_clustering,100,-1,559,2,87,0.9767441860465116,0,0,80,479,0,5.511111110983516
raw_native,8.0,final_clustering,101,-1,1646,1,96,1.0,0,0,176,1470,0,1.487179487110394
raw_native,8.0,final_clustering,102,-1,5695,4,97,0.9961369622475856,0,0,702,4993,0,1.7210401890372893
raw_native,8.0,final_clustering,103,-1,861,3,95,0.9941927990708479,0,0,101,760,0,0.0
raw_native,8.0,final_clustering,104,-1,373,1,94,1.0,0,0,46,327,0,3.9999999999255205
raw_native,8.0,final_clustering,105,-1,6523,2,100,0.9924881189636671,0,0,768,5755,1,0.07541478129107941
raw_native,8.0,final_clustering,106,-1,54,1,98,1.0,0,0,4,50,0,0.0
raw_native,8.0,final_clustering,107,-1,460,1,98,1.0,0,0,59,401,0,0.7207207207068963
raw_native,8.0,final_clustering,108,-1,641,1,99,1.0,0,0,74,567,0,1.818181818136418
raw_native,8.0,final_clustering,109,-1,778,2,102,0.6516709511568124,0,0,91,687,0,1.6521233274984628
raw_native,8.0,final_clustering,110,-1,1009,2,103,0.8642220019821606,0,0,119,890,0,0.869565217359101
raw_native,8.0,final_clustering,111,-1,449,1,105,1.0,0,0,59,390,0,2.285714285493854
raw_native,8.0,final_clustering,112,-1,557,1,106,1.0,0,0,66,491,1,0.05079365079235276
raw_native,8.0,final_clustering,113,-1,611,1,108,1.0,0,0,92,519,0,1.3749999999465026
raw_native,8.0,final_clustering,114,-1,59,1,106,1.0,0,0,6,53,0,0.0
raw_native,8.0,final_clustering,115,-1,152,1,108,1.0,0,0,17,135,1,0.0
raw_native,8.0,final_clustering,116,-1,460,1,113,1.0,0,0,47,413,1,0.19753086419083646
raw_native,8.0,final_clustering,117,-1,123,2,113,0.983739837398374,0,0,21,102,0,0.4999999999862675
raw_native,8.0,final_clustering,118,-1,133,1,113,1.0,0,0,17,116,0,0.0
raw_native,8.0,final_clustering,119,-1,1246,2,110,0.9598715890850722,0,0,140,1106,0,1.560975609657533
raw_native,8.0,final_clustering,120,-1,120,1,113,1.0,0,0,15,105,0,0.0
raw_native,8.0,final_clustering,121,-1,82,1,109,1.0,0,0,11,71,0,0.0
raw_native,8.0,final_clustering,122,-1,4107,3,107,0.7175553932310689,0,0,506,3601,0,1.0121012100584044
raw_native,8.0,final_clustering,123,-1,1091,2,111,0.9917506874427131,0,0,137,954,0,1.249999999922348
raw_native,8.0,final_clustering,124,-1,940,1,114,1.0,0,0,117,823,1,0.0
raw_native,8.0,final_clustering,125,-1,232,1,114,1.0,0,0,35,197,1,0.0
raw_native,8.0,final_clustering,126,793,17995,1,112,1.0,17940,55,17946,49,1,0.0
raw_native,8.0,final_clustering,127,-1,8581,2,116,0.9997669269315931,0,0,1006,7575,1,0.0162318651990852
raw_native,8.0,final_clustering,128,-1,8519,2,115,0.9998826153304379,0,0,947,7572,1,0.04950233126717179
raw_native,8.0,final_clustering,129,-1,2051,1,118,1.0,0,0,198,1853,0,1.7575757574512403
raw_native,8.0,final_clustering,130,-1,2406,1,117,1.0,0,0,252,2154,0,1.258741258656198
raw_native,8.0,final_clustering,131,-1,3213,1,120,1.0,0,0,392,2821,0,1.5584415583254525
raw_native,8.0,final_clustering,132,-1,3484,1,119,1.0,0,0,400,3084,0,1.9675675674241133
raw_native,8.0,final_clustering,133,-1,2581,2,125,0.9996125532739248,0,0,372,2209,0,1.6573033706829303
raw_native,8.0,final_clustering,134,2143,18123,1,124,1.0,18122,1,18122,1,1,0.0
raw_native,8.0,final_clustering,135,-1,867,1,121,1.0,0,0,118,749,1,0.0
raw_native,8.0,final_clustering,136,-1,2490,3,123,0.9883534136546185,0,0,271,2219,0,1.5635179152041692
raw_native,8.0,final_clustering,137,-1,6259,4,122,0.9303403099536667,0,0,731,5528,0,1.6465169831807531
raw_native,8.0,final_clustering,138,-1,14730,2,128,0.9911065852002715,0,0,1694,13036,1,0.012451361867003378
raw_native,8.0,final_clustering,139,-1,1836,1,126,1.0,0,0,232,1604,0,2.1759259257985493
raw_native,8.0,final_clustering,140,-1,19,1,127,1.0,0,0,3,16,0,0.0
raw_native,8.0,final_clustering,141,-1,8244,2,127,0.7834788937409025,0,0,1028,7216,0,1.8352035907612063
raw_native,8.0,final_clustering,142,-1,384,2,139,0.9114583333333334,0,0,49,335,0,0.0
raw_native,8.0,final_clustering,143,-1,189,1,136,1.0,0,0,23,166,0,0.0
raw_native,8.0,final_clustering,144,-1,254,1,139,1.0,0,0,25,229,0,0.0
raw_native,8.0,final_clustering,145,-1,7381,3,131,0.972632434629454,0,0,1317,6064,0,1.153880663880863
raw_native,8.0,final_clustering,146,-1,305,1,136,1.0,0,0,44,261,1,0.0
raw_native,8.0,final_clustering,147,-1,2095,3,132,0.9914081145584726,0,0,286,1809,0,1.850175967700483
raw_native,8.0,final_clustering,148,-1,204,1,139,1.0,0,0,35,169,1,0.0
raw_native,8.0,final_clustering,149,-1,7715,4,130,0.9699287103046014,0,0,1189,6526,0,1.6977877764016
raw_native,8.0,final_clustering,150,-1,10532,3,135,0.8605203190277251,0,0,1327,9205,0,1.6029786398995207
raw_native,8.0,final_clustering,151,-1,246,2,129,0.991869918699187,0,0,24,222,0,0.0
raw_native,8.0,final_clustering,152,-1,2884,1,134,1.0,0,0,374,2510,0,2.23783783767006
raw_native,8.0,final_clustering,153,-1,6496,2,133,0.9952278325123153,0,0,843,5653,0,0.7843866170490742
raw_native,8.0,final_clustering,154,-1,1026,2,138,0.9902534113060428,0,0,138,888,1,0.0
raw_native,8.0,final_clustering,155,-1,3877,2,140,0.9829765282434872,0,0,458,3419,0,1.735751295224063
raw_native,8.0,final_clustering,156,-1,17287,3,141,0.903395615202175,0,0,2005,15282,0,1.5455684308221314
raw_native,8.0,final_clustering,157,1143,19047,2,143,0.9999474982936946,15802,3245,16318,2729,0,0.2787570713833597
raw_native,8.0,final_clustering,158,-1,7849,2,142,0.9968148808765448,0,0,869,6980,0,1.631897472290797
raw_native,8.0,final_clustering,159,-1,215,1,137,1.0,0,0,29,186,1,0.0
raw_native,8.0,final_clustering,160,-1,15268,3,147,0.9926643961226094,0,0,1710,13558,0,0.5705670879689911
raw_native,8.0,final_clustering,161,-1,1727,1,148,1.0,0,0,213,1514,1,0.09756097560738902
raw_native,8.0,final_clustering,162,-1,383,1,148,1.0,0,0,47,336,0,0.6249999999936217
raw_native,8.0,final_clustering,163,-1,6421,3,145,0.995016352593054,0,0,884,5537,0,0.5282465149870691
raw_native,8.0,final_clustering,164,-1,1097,2,148,0.9990884229717412,0,0,124,973,0,1.3207547169310747
raw_native,8.0,final_clustering,165,-1,3165,1,144,1.0,0,0,385,2780,0,2.1869918697701793
raw_native,8.0,final_clustering,166,-1,11139,3,146,0.9934464494119759,0,0,1380,9759,0,0.3081078994792219
raw_native,8.0,final_clustering,167,-1,16925,4,149,0.9963958641063515,0,0,1945,14980,0,0.6438213914210992
raw_native,8.0,final_clustering,168,1300,20276,4,150,0.9817518248175182,8535,11741,10942,9334,0,1.107986878120204
raw_native,8.0,final_clustering,169,-1,1681,1,153,1.0,0,0,181,1500,1,0.0
raw_native,8.0,final_clustering,170,-1,6467,2,152,0.9996907375908458,0,0,798,5669,0,1.0987124462580147
raw_native,8.0,final_clustering,171,-1,5372,2,154,0.9990692479523455,0,0,598,4774,0,1.7213622289739952
raw_native,8.0,final_clustering,172,-1,14582,2,151,0.9986970237278837,0,0,1736,12846,0,1.583233271354409
raw_native,8.0,final_clustering,173,-1,8334,2,156,0.9986801055915526,0,0,961,7373,0,1.6593186371462276
raw_native,8.0,final_clustering,174,-1,1008,1,155,1.0,0,0,134,874,1,0.0
raw_native,8.0,final_clustering,175,-1,5498,1,157,1.0,0,0,637,4861,0,1.7362794011582354
raw_native,8.0,final_clustering,176,-1,4371,3,158,0.9752916952642416,0,0,576,3795,0,1.6216216214947263
raw_native,8.0,final_clustering,177,-1,213,1,159,1.0,0,0,23,190,0,0.0
raw_native,8.0,final_clustering,178,-1,7472,3,161,0.9795235546038544,0,0,884,6588,0,1.400237060347441
raw_native,8.0,final_clustering,179,-1,316,2,160,0.9936708860759493,0,0,27,289,1,0.0
raw_native,8.0,final_clustering,180,-1,347,1,160,1.0,0,0,47,300,1,0.0
raw_native,8.0,final_clustering,181,-1,347,1,159,1.0,0,0,45,302,1,0.11111111110628985
raw_native,8.0,final_clustering,182,-1,3542,1,162,1.0,0,0,540,3002,0,0.8148148147516354
raw_native,8.0,final_clustering,183,-1,4241,1,163,1.0,0,0,484,3757,0,0.9033877038216213
raw_native,8.0,final_clustering,184,-1,4328,1,165,1.0,0,0,505,3823,0,0.9778812572048118
raw_native,8.0,final_clustering,185,-1,9823,2,166,0.8776341239947063,0,0,1133,8690,0,0.9169336947757054
raw_native,8.0,final_clustering,186,-1,8688,4,169,0.8900782688766115,0,0,993,7695,0,0.9110947831633478
raw_native,8.0,final_clustering,187,1122,14190,4,171,0.9936575052854123,12486,1704,12662,1528,1,0.14245437007039055
raw_native,8.0,final_clustering,188,-1,851,1,170,1.0,0,0,103,748,1,0.0
raw_native,8.0,final_clustering,189,-1,4417,1,168,1.0,0,0,523,3894,0,0.89411764699037
raw_native,8.0,final_clustering,190,-1,2036,3,167,0.9970530451866405,0,0,239,1797,0,0.8759124086706395
raw_native,8.0,final_clustering,191,-1,12364,1,173,1.0,0,0,1485,10879,0,0.37763418322271425
raw_native,8.0,final_clustering,192,-1,475,1,172,1.0,0,0,54,421,0,0.0
raw_native,8.0,final_clustering,193,-1,12080,2,174,0.7230132450331126,0,0,1375,10705,0,0.8876183214950296
raw_native,8.0,final_clustering,194,-1,8670,1,176,1.0,0,0,978,7692,1,0.0
raw_native,8.0,final_clustering,195,-1,188,1,176,1.0,0,0,29,159,0,0.0
raw_native,8.0,final_clustering,196,-1,13053,2,177,0.99777828851605,0,0,1443,11610,0,0.6054339231086187
raw_native,8.0,final_clustering,197,-1,2330,3,179,0.9969957081545064,0,0,274,2056,1,0.18717179293237857
raw_native,8.0,final_clustering,198,-1,5427,2,179,0.9998157361341441,0,0,648,4779,1,0.03926042485852914
raw_native,8.0,final_clustering,199,-1,2473,2,179,0.9935301253538212,0,0,319,2154,0,1.2631578946135347
raw_native,8.0,final_clustering,200,-1,6074,2,181,0.9911096476786302,0,0,1160,4914,0,1.1437208707300113
raw_native,8.0,final_clustering,201,-1,29057,3,175,0.6594280207867296,0,0,3431,25626,0,0.639016075605802
raw_native,8.0,final_clustering,202,-1,22830,2,178,0.9996057818659658,0,0,2732,20098,1,0.026445188213464293
raw_native,8.0,final_clustering,203,-1,15599,11,201,0.8995448426181165,0,0,1951,13648,0,0.6454419848258977
raw_native,8.0,final_clustering,204,-1,3438,8,203,0.849912739965096,0,0,391,3047,0,0.26566104700431176
raw_native,8.0,final_clustering,205,-1,4021,6,189,0.9972643620989804,0,0,437,3584,1,0.0
raw_native,8.0,final_clustering,206,-1,3931,5,199,0.9455609259730349,0,0,454,3477,1,0.04444444444316742
raw_native,8.0,final_clustering,207,-1,1490,1,190,1.0,0,0,167,1323,1,0.1960784313654155
raw_native,8.0,final_clustering,208,-1,7468,7,193,0.7793251205141939,0,0,883,6585,0,1.082695377962395
raw_native,8.0,final_clustering,209,-1,15574,4,200,0.9874149223064081,0,0,1729,13845,0,0.4169744850565856
raw_native,8.0,final_clustering,210,-1,9542,7,197,0.9959128065395095,0,0,1136,8406,0,0.7135221852414133
raw_native,8.0,final_clustering,211,-1,796,4,186,0.992462311557789,0,0,111,685,1,0.0
raw_native,8.0,final_clustering,212,-1,1511,1,198,1.0,0,0,167,1344,0,0.25336379789991065
raw_native,8.0,final_clustering,213,-1,2288,2,185,0.9995629370629371,0,0,263,2025,0,0.8826177841168835
raw_native,8.0,final_clustering,214,-1,12579,12,196,0.5661817314571905,0,0,1954,10625,0,1.3480847058904382
raw_native,8.0,final_clustering,215,-1,32647,2,182,0.9954360278126627,0,0,3773,28874,1,0.0030142939490899086
raw_native,8.0,final_clustering,216,-1,621,1,208,1.0,0,0,76,545,1,0.0
raw_native,8.0,final_clustering,217,-1,5188,4,209,0.9967232074016962,0,0,598,4590,0,1.0489363490141714
raw_native,8.0,final_clustering,218,-1,854,6,214,0.9871194379391101,0,0,99,755,0,0.0
raw_native,8.0,final_clustering,219,-1,29407,3,206,0.9995919338932907,0,0,3351,26056,1,0.0
raw_native,8.0,final_clustering,220,-1,8467,9,212,0.5769457895358451,0,0,1024,7443,0,0.3895029348956727
raw_native,8.0,final_clustering,221,-1,5506,3,214,0.9987286596440247,0,0,659,4847,1,0.04446820834753633
raw_native,8.0,final_clustering,222,-1,641,5,214,0.6053042121684867,0,0,67,574,0,1.7777777776152055
raw_native,8.0,final_clustering,223,-1,352,1,187,1.0,0,0,47,305,0,0.0
raw_native,8.0,final_clustering,224,-1,1994,10,204,0.5310932798395186,0,0,216,1778,0,0.8633093524356064
raw_native,8.0,final_clustering,225,-1,4847,3,207,0.9991747472663504,0,0,596,4251,0,0.9663408335536529
raw_native,8.0,final_clustering,226,-1,12919,9,215,0.8201099156281446,0,0,1553,11366,0,0.9455039748656145
raw_native,8.0,final_clustering,227,-1,11453,3,216,0.9974679123373789,0,0,1335,10118,1,0.02088914936178898
raw_native,8.0,final_clustering,228,-1,21358,3,192,0.9944283172581703,0,0,2517,18841,1,0.001259814688460194
raw_native,8.0,final_clustering,229,-1,862,2,226,0.9872389791183295,0,0,117,745,1,0.0
raw_native,8.0,final_clustering,230,-1,11565,7,230,0.5275399913532209,0,0,1293,10272,0,0.5959417606087694
raw_native,8.0,final_clustering,231,-1,647,8,221,0.8608964451313755,0,0,70,577,1,0.0
raw_native,8.0,final_clustering,232,-1,16909,4,258,0.9765213791471997,0,0,1991,14918,1,0.017545573169387506
raw_native,8.0,final_clustering,233,-1,15866,6,219,0.9967225513677045,0,0,1879,13987,1,0.001990935061037947
raw_native,8.0,final_clustering,234,-1,5621,11,229,0.9882583170254403,0,0,695,4926,1,0.02169565217267181
raw_native,8.0,final_clustering,235,-1,582,3,213,0.5876288659793815,0,0,79,503,1,0.0
raw_native,8.0,final_clustering,236,-1,7207,3,213,0.9990287220757597,0,0,834,6373,1,0.07866629881488424
raw_native,8.0,final_clustering,237,-1,4889,7,211,0.9971364287175292,0,0,605,4284,0,1.2858795686494024
raw_native,8.0,final_clustering,238,-1,2466,2,223,0.9935117599351176,0,0,259,2207,1,0.0
raw_native,8.0,final_clustering,239,-1,13989,15,220,0.9166487954821646,0,0,1644,12345,1,0.13750344446221438
raw_native,8.0,final_clustering,240,-1,5087,7,222,0.9659917436603106,0,0,605,4482,1,0.16066972549521655
raw_native,8.0,final_clustering,241,-1,364,4,226,0.717032967032967,0,0,36,328,0,0.0
raw_native,8.0,final_clustering,242,-1,2456,7,223,0.9466612377850163,0,0,286,2170,1,0.0
raw_native,8.0,final_clustering,243,-1,6278,15,222,0.8109270468302007,0,0,763,5515,0,0.6337465980623361
raw_native,8.0,final_clustering,244,-1,4896,2,235,0.9993872549019608,0,0,570,4326,1,0.0
raw_native,8.0,final_clustering,245,-1,5572,2,237,0.949748743718593,0,0,683,4889,1,0.03924807298841104
raw_native,8.0,final_clustering,246,-1,9117,8,236,0.9806954041899748,0,0,1166,7951,1,0.04014696416705674
raw_native,8.0,final_clustering,247,-1,8683,15,233,0.5522284924565243,0,0,1079,7604,0,0.9014084506244108
raw_native,8.0,final_clustering,248,-1,33767,19,217,0.7329937512956437,0,0,4102,29665,0,0.6428135024625428
raw_native,8.0,final_clustering,249,-1,711,6,249,0.6343178621659634,0,0,87,624,1,0.0
raw_native,8.0,final_clustering,250,-1,282,1,245,1.0,0,0,31,251,0,0.0
raw_native,8.0,final_clustering,251,-1,239,2,245,0.99581589958159,0,0,29,210,1,0.0
raw_native,8.0,final_clustering,252,-1,2838,6,241,0.9904862579281184,0,0,304,2534,1,0.0
raw_native,8.0,final_clustering,253,-1,8131,16,255,0.8461443856844176,0,0,972,7159,0,0.25078369904381037
raw_native,8.0,final_clustering,254,-1,800,1,239,1.0,0,0,99,701,1,0.0
raw_native,8.0,final_clustering,255,-1,7304,14,256,0.9596111719605696,0,0,858,6446,0,0.31435546103246514
raw_native,8.0,final_clustering,256,-1,348,1,240,1.0,0,0,61,287,1,0.0
raw_native,8.0,final_clustering,257,-1,618,1,242,1.0,0,0,76,542,0,0.0
raw_native,8.0,final_clustering,258,-1,147,2,239,0.9863945578231292,0,0,15,132,0,0.0
raw_native,8.0,final_clustering,259,-1,532,1,239,1.0,0,0,58,474,1,0.0
raw_native,8.0,final_clustering,260,-1,11984,18,244,0.9649532710280374,0,0,1432,10552,1,0.09214859498706768
raw_native,8.0,final_clustering,261,-1,322,2,240,0.9658385093167702,0,0,39,283,1,0.0
raw_native,8.0,final_clustering,262,-1,1236,6,250,0.587378640776699,0,0,144,1092,1,0.0
raw_native,8.0,final_clustering,263,-1,6553,13,254,0.6244468182511826,0,0,773,5780,0,0.7707413944518601
raw_native,8.0,final_clustering,264,-1,16088,6,238,0.9876305320735952,0,0,1937,14151,1,0.003743660534463478
raw_native,8.0,final_clustering,265,-1,25455,9,252,0.9480652131211943,0,0,3015,22440,1,0.11990860151449773
raw_native,8.0,final_clustering,266,-1,21446,7,259,0.8381982654107992,0,0,2549,18897,1,0.010559952595750594
raw_native,8.0,final_clustering,267,-1,35038,7,260,0.9899252240424682,0,0,4054,30984,1,0.0037262442591341283
raw_native,8.0,final_clustering,268,-1,34001,14,227,0.6196582453457251,0,0,3957,30044,0,0.8944183762353783
raw_native,8.0,final_clustering,269,-1,74078,6,273,0.9970976538243473,0,0,8743,65335,1,0.009693652082579851
raw_native,8.0,final_clustering,270,-1,5153,6,263,0.9355715117407336,0,0,629,4524,1,0.08830072298409498
raw_native,8.0,final_clustering,271,-1,15554,7,272,0.9181561013244182,0,0,1835,13719,0,0.22843488750204483
raw_native,8.0,final_clustering,272,-1,399,1,251,1.0,0,0,50,349,0,0.0
raw_native,8.0,final_clustering,273,-1,6032,3,247,0.9993368700265252,0,0,726,5306,1,0.022713824023197132
raw_native,8.0,final_clustering,274,-1,2329,5,247,0.9969944182052383,0,0,291,2038,1,0.12531391259959382
raw_native,8.0,final_clustering,275,-1,6731,9,247,0.956767196553261,0,0,771,5960,0,0.455638411157172
raw_native,8.0,final_clustering,276,-1,9119,5,257,0.9887049018532734,0,0,1106,8013,1,0.09140389898426964
raw_native,8.0,final_clustering,277,-1,4268,6,257,0.89456419868791,0,0,465,3803,0,0.5780815569464408
raw_native,8.0,final_clustering,278,-1,4212,7,271,0.7675688509021842,0,0,478,3734,1,0.05332905845469907
raw_native,8.0,final_clustering,279,-1,3726,7,271,0.9342458400429415,0,0,415,3311,1,0.07540056550095228
raw_native,8.0,final_clustering,280,-1,402,1,243,1.0,0,0,46,356,1,0.0
raw_native,8.0,final_clustering,281,-1,30327,6,262,0.9158505622052956,0,0,3652,26675,1,0.05034507442719684
raw_native,8.0,final_clustering,282,-1,12331,3,275,0.9866190900981266,0,0,1414,10917,1,0.0
raw_native,8.0,final_clustering,283,-1,31584,4,274,0.9917996453900709,0,0,3823,27761,1,0.0005329989360911609
raw_native,8.0,final_clustering,284,-1,1088,4,269,0.9825367647058824,0,0,140,948,1,0.0
raw_native,8.0,final_clustering,285,-1,24676,7,287,0.9402658453558114,0,0,2868,21808,1,0.016205376351705356
raw_native,8.0,final_clustering,286,-1,5514,8,280,0.9686253173739572,0,0,633,4881,0,0.481629238748532
raw_native,8.0,final_clustering,287,-1,11928,7,283,0.8717303822937625,0,0,1421,10507,1,0.026209457244465374
raw_native,8.0,final_clustering,288,-1,7774,9,281,0.9626961667095446,0,0,948,6826,1,0.19088248010911096
raw_native,8.0,final_clustering,289,-1,26369,18,285,0.8673442299670067,0,0,3124,23245,0,0.3880724782101744
raw_native,8.0,final_clustering,290,-1,7199,8,282,0.9545770245867482,0,0,780,6419,1,0.02052568795836288
raw_native,8.0,final_clustering,291,-1,9743,8,268,0.9481679154264601,0,0,1127,8616,1,0.07160152816381778
raw_native,8.0,final_clustering,292,-1,5176,8,276,0.7252704791344667,0,0,631,4545,0,0.6115107913177588
raw_native,8.0,final_clustering,293,-1,10282,16,261,0.8158918498346626,0,0,1201,9081,0,0.5034903115084778
raw_native,8.0,final_clustering,294,-1,14796,8,277,0.994728304947283,0,0,1761,13035,1,0.02330425360807564
raw_native,8.0,final_clustering,295,-1,10591,11,278,0.6139174771032009,0,0,1183,9408,0,0.7910156249277714
raw_native,8.0,final_clustering,296,-1,19268,6,286,0.9949657463151339,0,0,2246,17022,1,0.025716052632319047
raw_native,8.0,final_clustering,297,-1,60560,14,284,0.2918758256274769,0,0,6998,53562,0,1.0056563506979326
raw_native,8.0,final_clustering,298,-1,9291,5,289,0.9778280055968142,0,0,1149,8142,1,0.07316435849984004
raw_native,8.0,final_clustering,299,-1,5484,5,296,0.9722830051057623,0,0,661,4823,1,0.19922523518540047
raw_native,8.0,final_clustering,300,-1,1977,2,300,0.9989883662114315,0,0,223,1754,1,0.0
raw_native,8.0,final_clustering,301,-1,16320,6,297,0.9685049019607843,0,0,1952,14368,0,0.2514663846571863
raw_native,8.0,final_clustering,302,-1,14220,4,292,0.9885372714486639,0,0,1706,12514,1,0.17351958338456458
raw_native,8.0,final_clustering,303,-1,9965,1,291,1.0,0,0,1212,8753,1,0.01992362609885495
raw_native,8.0,final_clustering,304,-1,30834,2,301,0.9999675682687942,0,0,3574,27260,1,0.0
raw_native,8.0,final_clustering,305,-1,33949,3,302,0.9993519691301659,0,0,3987,29962,1,0.0015970453060364983
raw_native,8.0,final_clustering,306,-1,28605,8,295,0.755077783604265,0,0,3420,25185,0,0.6359925104596561
raw_native,8.0,final_clustering,307,-1,27038,2,303,0.9951549670833642,0,0,3162,23876,1,0.0
raw_native,8.0,final_clustering,308,-1,403,2,299,0.9975186104218362,0,0,48,355,1,0.0
raw_native,8.0,final_clustering,309,-1,6362,1,299,1.0,0,0,699,5663,1,0.008309098462350988
raw_native,8.0,final_clustering,310,-1,17433,6,312,0.9983364882693742,0,0,2122,15311,1,0.008190567196211963
raw_native,8.0,final_clustering,311,-1,11568,6,309,0.9951590594744122,0,0,1360,10208,1,0.04687772603088169
raw_native,8.0,final_clustering,312,-1,15372,11,306,0.9361826697892272,0,0,1799,13573,0,0.8676721078022851
raw_native,8.0,final_clustering,313,-1,5074,6,304,0.9984233346472211,0,0,599,4475,1,0.08333333333084618
raw_native,8.0,final_clustering,314,-1,8068,5,310,0.9755825483391175,0,0,933,7135,1,0.15884131782810834
raw_native,8.0,final_clustering,315,-1,3659,4,307,0.9934408308280951,0,0,401,3258,1,0.06228935213647347
raw_native,8.0,final_clustering,316,-1,2914,7,309,0.5816746739876458,0,0,325,2589,0,0.8498783454257407
raw_native,8.0,final_clustering,317,-1,11575,4,305,0.9992224622030238,0,0,1365,10210,1,0.0051586278048552005
raw_native,8.0,final_clustering,318,-1,199,1,294,1.0,0,0,25,174,1,0.0
raw_native,8.0,final_clustering,319,-1,1162,1,290,1.0,0,0,125,1037,1,0.0
raw_native,8.0,final_clustering,320,-1,8819,7,298,0.9857126658351287,0,0,1073,7746,1,0.1537664229347729
raw_native,8.0,final_clustering,321,-1,313,4,311,0.9488817891373802,0,0,31,282,1,0.0
raw_native,8.0,final_clustering,322,-1,16004,12,308,0.957073231692077,0,0,1849,14155,0,0.22035256408371937
raw_native,8.0,final_clustering,323,-1,9976,6,311,0.9949879711307137,0,0,1153,8823,1,0.1874731644343798
raw_native,8.0,final_clustering,324,-1,13443,5,288,0.9742616975377519,0,0,1608,11835,1,0.04940410627858766
raw_native,8.0,final_clustering,325,-1,2596,1,294,1.0,0,0,293,2303,1,0.0
raw_native,8.0,final_clustering,326,-1,15613,9,313,0.931275219368475,0,0,1854,13759,0,0.6482754195644476
raw_native,8.0,final_clustering,327,-1,23899,10,293,0.7232101761579982,0,0,2792,21107,0,0.3637080339423177
raw_native,8.0,final_clustering,328,-1,38387,7,315,0.997863860160992,0,0,4580,33807,1,0.013830431699988892
raw_native,8.0,final_clustering,329,-1,18522,10,321,0.7495410862757802,0,0,2185,16337,0,0.33362857983602506
raw_native,8.0,final_clustering,330,-1,7368,10,326,0.9576547231270358,0,0,914,6454,0,0.2523856087746585
raw_native,8.0,final_clustering,331,-1,4849,2,324,0.9925757888224376,0,0,571,4278,1,0.020467596388841772
raw_native,8.0,final_clustering,332,-1,9336,5,325,0.9978577549271637,0,0,1046,8290,1,0.022873644883615967
raw_native,8.0,final_clustering,333,-1,8720,8,322,0.9212155963302753,0,0,1053,7667,0,0.5451670403736413
raw_native,8.0,final_clustering,334,-1,4314,2,320,0.9997681965693093,0,0,487,3827,1,0.0
raw_native,8.0,final_clustering,335,-1,67604,5,334,0.9956955209750902,0,0,8071,59533,1,0.014174344435335553
raw_native,8.0,final_clustering,336,-1,9449,7,319,0.9780929198857022,0,0,1152,8297,1,0.019526482790868473
raw_native,8.0,final_clustering,337,-1,8359,1,327,1.0,0,0,966,7393,1,0.0
raw_native,8.0,final_clustering,338,-1,12355,3,316,0.9739376770538244,0,0,1468,10887,1,0.0
raw_native,8.0,final_clustering,339,-1,20975,7,314,0.8986889153754469,0,0,2461,18514,1,0.1635581635062292
raw_native,8.0,final_clustering,340,-1,24931,3,328,0.9999197785889054,0,0,2999,21932,1,0.005519728327073698
raw_native,8.0,final_clustering,341,-1,14534,3,333,0.9935324067703316,0,0,1709,12825,0,0.6566670602973421
raw_native,8.0,final_clustering,342,-1,18273,3,330,0.9948557981721666,0,0,2189,16084,1,0.028636884304704784
raw_native,8.0,final_clustering,343,-1,6623,2,331,0.996829231466103,0,0,828,5795,0,0.23062346903818245
raw_native,8.0,final_clustering,344,-1,3386,1,329,1.0,0,0,388,2998,0,1.5616942908660918
raw_native,8.0,final_clustering,345,-1,11930,4,332,0.5955574182732607,0,0,1403,10527,0,0.622065727656229
raw_native,8.0,final_clustering,346,-1,679,1,336,1.0,0,0,87,592,1,0.0
raw_native,8.0,final_clustering,347,-1,8886,2,338,0.9993247805536799,0,0,1053,7833,0,1.1596091204307277
raw_native,8.0,final_clustering,348,-1,3293,2,337,0.9996963255390222,0,0,368,2925,1,0.0
raw_native,8.0,final_clustering,349,-1,4323,2,335,0.9993060374739764,0,0,525,3798,0,1.3419011881339387
raw_native,8.0,final_clustering,350,-1,730,1,340,1.0,0,0,69,661,1,0.0979020978994684
raw_native,8.0,final_clustering,351,-1,1242,3,345,0.9895330112721417,0,0,140,1102,0,0.27210884353312326
raw_native,8.0,final_clustering,352,-1,1085,3,345,0.9852534562211982,0,0,125,960,1,0.0
raw_native,8.0,final_clustering,353,-1,1916,5,343,0.9817327766179541,0,0,234,1682,1,0.0
raw_native,8.0,final_clustering,354,-1,887,3,341,0.9887260428410372,0,0,134,753,0,0.911680911619128
raw_native,8.0,final_clustering,355,-1,1400,4,339,0.9621428571428572,0,0,169,1231,0,1.215686274431848
raw_native,8.0,final_clustering,356,-1,267,1,342,1.0,0,0,32,235,1,0.0
raw_native,8.0,final_clustering,357,-1,679,1,344,1.0,0,0,61,618,1,0.03527336860577171
raw_native,8.0,final_clustering,358,664,9326,1,347,1.0,9014,312,9034,292,1,0.08236588719950383
raw_native,8.0,final_clustering,359,-1,3694,2,350,0.9997292907417433,0,0,453,3241,1,0.0
raw_native,8.0,final_clustering,360,-1,7709,2,351,0.998702814891685,0,0,880,6829,1,0.0
raw_native,8.0,final_clustering,361,-1,3363,3,349,0.8980077311923877,0,0,418,2945,0,0.5614035087347682
raw_native,8.0,final_clustering,362,-1,5469,2,352,0.9992686048637777,0,0,637,4832,1,0.0
raw_native,8.0,final_clustering,363,-1,1164,1,348,1.0,0,0,153,1011,0,0.3124999999889464
raw_native,8.0,final_clustering,364,-1,23326,4,355,0.9788647860756238,0,0,2764,20562,0,0.3807844865274996
raw_native,8.0,final_clustering,365,-1,732,2,357,0.9890710382513661,0,0,78,654,1,0.0
raw_native,8.0,final_clustering,366,-1,2807,3,356,0.9921624510153189,0,0,332,2475,1,0.0391517128857584
raw_native,8.0,final_clustering,367,-1,9687,3,354,0.9195829462165789,0,0,1133,8554,1,0.042404328241712606
raw_native,8.0,final_clustering,368,-1,1598,7,353,0.5569461827284106,0,0,193,1405,0,0.5656565656078013
raw_native,8.0,final_clustering,369,-1,971,1,360,1.0,0,0,118,853,1,0.029962546816266637
raw_native,8.0,final_clustering,370,-1,9573,3,372,0.9992687767679933,0,0,1063,8510,1,0.02270147559394559
raw_native,8.0,final_clustering,371,-1,2991,4,362,0.9324640588431963,0,0,382,2609,1,0.08953884801123871
raw_native,8.0,final_clustering,372,-1,10347,6,365,0.9964240842756354,0,0,1186,9161,1,0.1022556390922526
raw_native,8.0,final_clustering,373,-1,1123,4,370,0.9519145146927872,0,0,138,985,1,0.13565891472701652
raw_native,8.0,final_clustering,374,-1,38138,8,358,0.9939692694949919,0,0,4618,33520,1,0.028073711486177058
raw_native,8.0,final_clustering,375,-1,27917,12,368,0.991797112870294,0,0,3216,24701,0,0.3811092805878493
raw_native,8.0,final_clustering,376,-1,1946,1,361,1.0,0,0,225,1721,1,0.0
raw_native,8.0,final_clustering,377,-1,1928,7,363,0.8718879668049793,0,0,243,1685,1,0.0
raw_native,8.0,final_clustering,378,-1,2130,2,371,0.9995305164319249,0,0,228,1902,1,0.0
raw_native,8.0,final_clustering,379,-1,12960,5,369,0.6619598765432099,0,0,1570,11390,0,0.4831936116706103
raw_native,8.0,final_clustering,380,-1,1939,9,383,0.9546157813305828,0,0,233,1706,0,0.44177062371465015
raw_native,8.0,final_clustering,381,-1,1006,3,374,0.9900596421471173,0,0,121,885,1,0.0
raw_native,8.0,final_clustering,382,-1,440,1,376,1.0,0,0,51,389,1,0.0
raw_native,8.0,final_clustering,383,-1,3513,6,380,0.9715343011670936,0,0,397,3116,1,0.060639202813617385
raw_native,8.0,final_clustering,384,-1,4973,10,382,0.9802935853609491,0,0,605,4368,1,0.13253810469785848
raw_native,8.0,final_clustering,385,-1,856,1,367,1.0,0,0,116,740,1,0.0
raw_native,8.0,final_clustering,386,-1,1511,7,385,0.7233620119126406,0,0,186,1325,0,0.45801526714894614
raw_native,8.0,final_clustering,387,-1,300,1,381,1.0,0,0,25,275,1,0.0
raw_native,8.0,final_clustering,388,-1,1108,4,373,0.9846570397111913,0,0,141,967,1,0.0
raw_native,8.0,final_clustering,389,-1,310,1,379,1.0,0,0,33,277,1,0.0
raw_native,8.0,final_clustering,390,-1,295,1,381,1.0,0,0,41,254,1,0.0
raw_native,8.0,final_clustering,391,-1,951,2,375,0.7013669821240799,0,0,123,828,1,0.0
raw_native,8.0,final_clustering,392,-1,1563,4,367,0.6212412028150992,0,0,178,1385,0,0.37735849053703685
raw_native,8.0,final_clustering,393,-1,3433,5,386,0.9898048354209147,0,0,389,3044,1,0.07062272543188722
raw_native,8.0,final_clustering,394,-1,2447,3,392,0.9955046996322027,0,0,295,2152,1,0.07670182166679215
raw_native,8.0,final_clustering,395,-1,267,1,394,1.0,0,0,28,239,1,0.18912529550413917
raw_native,8.0,final_clustering,396,-1,2128,4,393,0.9530075187969925,0,0,250,1878,1,0.1486988847500095
raw_native,8.0,final_clustering,397,-1,1482,2,377,0.5775978407557355,0,0,188,1294,0,0.7534246574963164
raw_native,8.0,final_clustering,398,-1,1920,2,390,0.9932291666666667,0,0,234,1686,1,0.0
raw_native,8.0,final_clustering,399,-1,1311,3,395,0.9977116704805492,0,0,164,1147,1,0.0
raw_native,8.0,final_clustering,400,-1,22005,7,391,0.5716882526698478,0,0,2495,19510,0,0.23823246876154758
raw_native,8.0,final_clustering,401,-1,143,2,394,0.993006993006993,0,0,20,123,0,0.0
raw_native,8.0,final_clustering,402,-1,4904,4,396,0.9555464926590538,0,0,546,4358,0,0.711488250615466
raw_native,8.0,final_clustering,403,-1,2195,4,404,0.9662870159453303,0,0,281,1914,1,0.08230452674488763
raw_native,8.0,final_clustering,404,-1,7635,3,406,0.9858546168958743,0,0,922,6713,1,0.04259738781255643
raw_native,8.0,final_clustering,405,-1,1812,1,389,1.0,0,0,210,1602,1,0.0
raw_native,8.0,final_clustering,406,-1,7504,5,405,0.9009861407249466,0,0,909,6595,0,0.3438914026857115
raw_native,8.0,final_clustering,407,-1,4043,5,403,0.9896116744991343,0,0,496,3547,1,0.02638522427345308
raw_native,8.0,final_clustering,408,-1,191,2,400,0.9947643979057592,0,0,16,175,1,0.0
raw_native,8.0,final_clustering,409,-1,28000,2,407,0.9999285714285714,0,0,3379,24621,1,0.0
raw_native,8.0,final_clustering,410,-1,680,1,397,1.0,0,0,88,592,0,0.7999999999752476
raw_native,8.0,final_clustering,411,-1,236,3,406,0.9703389830508474,0,0,28,208,1,0.0
raw_native,8.0,final_clustering,412,-1,7766,5,398,0.9899562194179758,0,0,913,6853,1,0.08731617646655193
raw_native,8.0,final_clustering,413,-1,4536,7,402,0.49382716049382713,0,0,542,3994,0,0.9516728624049788
raw_native,8.0,final_clustering,414,-1,7310,3,412,0.9937072503419973,0,0,817,6493,1,0.17029898095063753
raw_native,8.0,final_clustering,415,-1,965,1,408,1.0,0,0,114,851,0,1.2244897958793617
raw_native,8.0,final_clustering,416,-1,21887,2,410,0.9962077945812583,0,0,2574,19313,1,0.0715859030784542
raw_native,8.0,final_clustering,417,-1,3193,4,414,0.9332915753210147,0,0,381,2812,0,0.3153736767049811
raw_native,8.0,final_clustering,418,-1,8461,4,413,0.989835716818343,0,0,1017,7444,1,0.0
raw_native,8.0,final_clustering,419,-1,4885,3,411,0.9957011258955988,0,0,536,4349,1,0.16430853490959166
raw_native,8.0,final_clustering,420,-1,3604,3,409,0.9814095449500555,0,0,433,3171,0,0.581867388328553
raw_native,8.0,final_clustering,421,-1,181,3,423,0.9668508287292817,0,0,23,158,0,0.0
raw_native,8.0,final_clustering,422,-1,6795,8,421,0.9599705665930831,0,0,810,5985,1,0.15102481121271588
raw_native,8.0,final_clustering,423,-1,3452,6,417,0.9385863267670915,0,0,412,3040,1,0.0678541136522086
raw_native,8.0,final_clustering,424,-1,3396,1,420,1.0,0,0,387,3009,1,0.0
raw_native,8.0,final_clustering,425,-1,1583,1,415,1.0,0,0,193,1390,0,1.551724137874912
raw_native,8.0,final_clustering,426,-1,9054,4,419,0.9857521537442014,0,0,1134,7920,1,0.1887301159272588
raw_native,8.0,final_clustering,427,-1,4141,4,418,0.9903404974643806,0,0,479,3662,1,0.09115077857758615
raw_native,8.0,final_clustering,428,-1,2700,2,423,0.9992592592592593,0,0,327,2373,1,0.024922118379683084
raw_native,8.0,final_clustering,429,-1,10138,6,425,0.9672519234563031,0,0,1185,8953,0,0.4159154218644383
raw_native,8.0,final_clustering,430,-1,22398,8,422,0.6838557014019109,0,0,2735,19663,0,0.4469808835555936
raw_native,8.0,final_clustering,431,-1,1979,3,430,0.998989388580091,0,0,256,1723,1,0.0
raw_native,8.0,final_clustering,432,-1,4395,8,432,0.8261660978384527,0,0,495,3900,1,0.08885327634691523
raw_native,8.0,final_clustering,433,-1,2279,7,429,0.9240895129442738,0,0,277,2002,0,0.3461271676127557
raw_native,8.0,final_clustering,434,-1,223,1,424,1.0,0,0,25,198,1,0.0
raw_native,8.0,final_clustering,435,-1,3890,3,428,0.9979434447300771,0,0,462,3428,1,0.17434620173797796
raw_native,8.0,final_clustering,436,-1,222,2,434,0.9864864864864865,0,0,22,200,1,0.0
raw_native,8.0,final_clustering,437,-1,840,1,426,1.0,0,0,91,749,0,1.4545454544828462
raw_native,8.0,final_clustering,438,-1,4349,5,436,0.9620602437341917,0,0,516,3833,0,0.49281314165186774
raw_native,8.0,final_clustering,439,-1,11248,4,433,0.9859530583214794,0,0,1330,9918,1,0.0
raw_native,8.0,final_clustering,440,-1,17801,9,431,0.9343857086680524,0,0,2200,15601,1,0.06899195093440126
raw_native,8.0,final_clustering,441,-1,685,2,427,0.9985401459854014,0,0,93,592,1,0.0
raw_native,8.0,final_clustering,442,-1,1434,2,435,0.99860529986053,0,0,177,1257,1,0.0
raw_native,8.0,final_clustering,443,-1,15621,7,443,0.8718391908328532,0,0,1805,13816,0,0.4225918050714555
raw_native,8.0,final_clustering,444,-1,6711,4,438,0.9934436000596036,0,0,792,5919,1,0.0
raw_native,8.0,final_clustering,445,-1,3371,8,439,0.9816078315040048,0,0,422,2949,1,0.0
raw_native,8.0,final_clustering,446,-1,9641,5,438,0.9600663831552744,0,0,1122,8519,1,0.012207353767468449
raw_native,8.0,final_clustering,447,-1,730,4,437,0.9753424657534246,0,0,87,643,1,0.0
raw_native,8.0,final_clustering,448,-1,3575,1,446,1.0,0,0,426,3149,1,0.0
raw_native,8.0,final_clustering,449,-1,214,4,437,0.5654205607476636,0,0,31,183,1,0.0
raw_native,8.0,final_clustering,450,-1,489,4,438,0.9161554192229039,0,0,66,423,1,0.0
raw_native,8.0,final_clustering,451,-1,946,1,440,1.0,0,0,129,817,1,0.0
raw_native,8.0,final_clustering,452,-1,252,3,446,0.9920634920634921,0,0,37,215,1,0.0
raw_native,8.0,final_clustering,453,-1,1491,2,442,0.9993293091884641,0,0,171,1320,1,0.0
raw_native,8.0,final_clustering,454,-1,5672,6,444,0.8014809590973202,0,0,697,4975,0,0.25541093884602073
raw_native,8.0,final_clustering,455,-1,2591,3,446,0.996912389038981,0,0,308,2283,1,0.0
raw_native,8.0,final_clustering,456,-1,11042,9,441,0.667723238543742,0,0,1281,9761,0,0.36697247703628977
raw_native,8.0,final_clustering,457,-1,11501,2,447,0.9711329449613078,0,0,1338,10163,1,0.0025049823544759037
raw_native,8.0,final_clustering,458,-1,8214,3,462,0.9842951059167275,0,0,971,7243,1,0.0
raw_native,8.0,final_clustering,459,-1,102,1,467,1.0,0,0,13,89,0,0.0
raw_native,8.0,final_clustering,460,-1,167,1,456,1.0,0,0,20,147,0,0.0
raw_native,8.0,final_clustering,461,-1,13508,5,454,0.9796416938110749,0,0,1571,11937,1,0.02063242879428676
raw_native,8.0,final_clustering,462,-1,374,1,456,1.0,0,0,42,332,1,0.0
raw_native,8.0,final_clustering,463,-1,1150,6,451,0.5669565217391305,0,0,137,1013,0,1.1594202897809338
raw_native,8.0,final_clustering,464,-1,499,4,451,0.9278557114228457,0,0,59,440,1,0.0
raw_native,8.0,final_clustering,465,-1,74,1,456,1.0,0,0,16,58,0,0.0
raw_native,8.0,final_clustering,466,-1,2916,7,454,0.4489026063100137,0,0,344,2572,0,0.6916426512403122
raw_native,8.0,final_clustering,467,-1,4569,8,458,0.9564456117312322,0,0,548,4021,1,0.028653295127510293
raw_native,8.0,final_clustering,468,-1,3179,3,461,0.9971689210443536,0,0,386,2793,1,0.01885224224474779
raw_native,8.0,final_clustering,469,-1,5713,5,457,0.44967617713985647,0,0,664,5049,1,0.013826477704282749
raw_native,8.0,final_clustering,470,-1,4590,3,453,0.9742919389978214,0,0,507,4083,1,0.0
raw_native,8.0,final_clustering,471,-1,648,1,459,1.0,0,0,71,577,1,0.0
raw_native,8.0,final_clustering,472,-1,1624,3,448,0.7266009852216748,0,0,197,1427,1,0.0
raw_native,8.0,final_clustering,473,-1,2778,4,452,0.9103671706263499,0,0,338,2440,1,0.019249278151589114
raw_native,8.0,final_clustering,474,-1,13238,9,463,0.7001057561565192,0,0,1574,11664,0,0.7958233384415164
raw_native,8.0,final_clustering,475,-1,2005,5,470,0.9810473815461347,0,0,222,1783,1,0.0
raw_native,8.0,final_clustering,476,-1,5299,2,465,0.998867710888847,0,0,619,4680,1,0.0
raw_native,8.0,final_clustering,477,-1,9272,6,455,0.96904659188956,0,0,1087,8185,0,0.23027226578415133
raw_native,8.0,final_clustering,478,-1,2232,4,471,0.982078853046595,0,0,292,1940,1,0.0
raw_native,8.0,final_clustering,479,-1,2525,2,466,0.9924752475247525,0,0,294,2231,1,0.0
raw_native,8.0,final_clustering,480,-1,11267,11,469,0.43631845211680126,0,0,1370,9897,0,0.6593406592767777
raw_native,8.0,final_clustering,481,-1,976,2,468,0.9959016393442623,0,0,117,859,1,0.10840108400802737
raw_native,8.0,final_clustering,482,-1,11247,3,464,0.9954654574553214,0,0,1353,9894,1,0.0
raw_native,8.0,final_clustering,483,-1,3814,4,449,0.995280545359203,0,0,466,3348,1,0.0
raw_native,8.0,final_clustering,484,-1,3992,5,472,0.530811623246493,0,0,451,3541,0,0.6596701648649868
raw_native,8.0,final_clustering,485,-1,9291,2,474,0.9997847379184157,0,0,1084,8207,1,0.0
raw_native,8.0,final_clustering,486,-1,9694,2,473,0.9998968434082938,0,0,1134,8560,1,0.0
raw_native,8.0,final_clustering,487,-1,2043,2,487,0.9995105237395986,0,0,247,1796,1,0.0
raw_native,8.0,final_clustering,488,-1,1688,2,491,0.9982227488151659,0,0,226,1462,1,0.0
raw_native,8.0,final_clustering,489,-1,10199,13,489,0.6570251985488773,0,0,1225,8974,0,0.46575168108407594
raw_native,8.0,final_clustering,490,-1,3888,9,485,0.9038065843621399,0,0,469,3419,1,0.17427748187288766
raw_native,8.0,final_clustering,491,-1,340,2,480,0.9882352941176471,0,0,57,283,1,0.0
raw_native,8.0,final_clustering,492,-1,2331,5,488,0.9764049764049764,0,0,273,2058,1,0.0
raw_native,8.0,final_clustering,493,-1,134,3,494,0.8134328358208955,0,0,18,116,0,0.0
raw_native,8.0,final_clustering,494,-1,3240,6,494,0.9845679012345679,0,0,390,2850,1,0.0
raw_native,8.0,final_clustering,495,-1,725,8,476,0.416551724137931,0,0,94,631,1,0.0
raw_native,8.0,final_clustering,496,-1,9811,12,496,0.8010396493731525,0,0,1189,8622,0,0.6147843941973186
raw_native,8.0,final_clustering,497,-1,963,3,479,0.9626168224299065,0,0,114,849,1,0.0
raw_native,8.0,final_clustering,498,-1,356,10,494,0.5955056179775281,0,0,43,313,1,0.0
raw_native,8.0,final_clustering,499,-1,309,5,482,0.5210355987055016,0,0,39,270,1,0.0
raw_native,8.0,final_clustering,500,-1,1375,7,477,0.978909090909091,0,0,165,1210,1,0.17142857142546963
raw_native,8.0,final_clustering,501,-1,686,4,490,0.9927113702623906,0,0,89,597,1,0.0
raw_native,8.0,final_clustering,502,-1,1664,13,478,0.2566105769230769,0,0,182,1482,0,1.1179985062516462
raw_native,8.0,final_clustering,503,-1,1056,4,491,0.9772727272727273,0,0,128,928,1,0.0
raw_native,8.0,final_clustering,504,-1,251,2,476,0.6294820717131474,0,0,31,220,1,0.0
raw_native,8.0,final_clustering,505,-1,1293,8,482,0.9574632637277649,0,0,140,1153,1,0.0
raw_native,8.0,final_clustering,506,-1,606,1,475,1.0,0,0,68,538,0,0.0
raw_native,8.0,final_clustering,507,-1,3165,11,484,0.987045813586098,0,0,333,2832,1,0.14035087718475425
raw_native,8.0,final_clustering,508,-1,8356,6,495,0.9273575873623744,0,0,954,7402,0,0.4270960966043131
raw_native,8.0,final_clustering,509,-1,856,2,487,0.991822429906542,0,0,100,756,1,0.0
raw_native,8.0,final_clustering,510,-1,2333,1,493,1.0,0,0,269,2064,1,0.0
raw_native,8.0,final_clustering,511,337,29748,13,497,0.9430213795885438,15778,13970,17215,12533,0,0.35975000197457874
raw_native,8.0,final_clustering,512,-1,8844,8,508,0.9696969696969697,0,0,1102,7742,0,0.5880808610781444
raw_native,8.0,final_clustering,513,-1,1591,2,486,0.9767441860465116,0,0,176,1415,0,0.20568837591847713
raw_native,8.0,final_clustering,514,-1,2605,4,507,0.9973128598848369,0,0,316,2289,1,0.0
raw_native,8.0,final_clustering,515,-1,233,1,506,1.0,0,0,27,206,1,0.0
raw_native,8.0,final_clustering,516,-1,3729,10,483,0.7173504961115581,0,0,479,3250,0,0.33277870213738575
raw_native,8.0,final_clustering,517,-1,1827,2,500,0.9989053092501369,0,0,206,1621,0,0.8333333333009881
raw_native,8.0,final_clustering,518,-1,491,2,508,0.9938900203665988,0,0,65,426,1,0.0
raw_native,8.0,final_clustering,519,-1,630,2,508,0.9571428571428572,0,0,85,545,1,0.0
raw_native,8.0,final_clustering,520,-1,448,2,505,0.9955357142857143,0,0,61,387,1,0.0
raw_native,8.0,final_clustering,521,-1,752,3,501,0.9960106382978723,0,0,94,658,1,0.0
raw_native,8.0,final_clustering,522,-1,1846,2,503,0.9539544962080173,0,0,221,1625,0,0.4119427627636486
raw_native,8.0,final_clustering,523,-1,311,4,502,0.7331189710610932,0,0,42,269,1,0.0
raw_native,8.0,final_clustering,524,-1,6634,3,504,0.9960807958999096,0,0,775,5859,1,0.0
raw_native,8.0,final_clustering,525,-1,1960,5,502,0.9821428571428571,0,0,231,1729,1,0.0
raw_native,8.0,final_clustering,526,-1,2732,4,499,0.6617862371888726,0,0,386,2346,0,1.07359307352363
raw_native,8.0,final_clustering,527,-1,2744,6,481,0.9548104956268222,0,0,347,2397,0,0.5504921927598599
raw_native,8.0,final_clustering,528,-1,6501,9,492,0.799415474542378,0,0,1421,5080,0,0.3885714285557806
raw_native,8.0,final_clustering,529,-1,5215,9,505,0.31907957813998084,0,0,603,4612,0,1.0873786407127486
raw_native,8.0,final_clustering,530,-1,1717,1,509,1.0,0,0,254,1463,0,1.3429888083655506
raw_native,8.0,final_clustering,531,-1,1101,1,513,1.0,0,0,142,959,1,0.0
raw_native,8.0,final_clustering,532,-1,12140,3,498,0.999176276771005,0,0,1435,10705,1,0.1826901118874416
raw_native,8.0,final_clustering,533,-1,679,2,514,0.9985272459499264,0,0,77,602,1,0.03565062388581552
raw_native,8.0,final_clustering,534,-1,9584,7,510,0.8286727879799666,0,0,1090,8494,0,0.8676079393767537
raw_native,8.0,final_clustering,535,-1,908,1,511,1.0,0,0,115,793,1,0.0
raw_native,8.0,final_clustering,536,-1,4588,2,512,0.999128160418483,0,0,512,4076,1,0.0
raw_native,8.0,final_clustering,537,-1,2654,6,513,0.6152976639035418,0,0,283,2371,0,0.47058823527784704
raw_native,8.0,final_clustering,538,-1,12499,2,516,0.9981598527882231,0,0,1460,11039,1,0.0005149794651903478
raw_native,8.0,final_clustering,539,-1,822,3,518,0.8807785888077859,0,0,87,735,1,0.0
raw_native,8.0,final_clustering,540,-1,2787,1,517,1.0,0,0,364,2423,0,1.3088587389316306
raw_native,8.0,final_clustering,541,-1,2120,3,515,0.9863207547169811,0,0,241,1879,0,0.2777777777729571
raw_native,8.0,final_clustering,542,-1,6159,5,522,0.8637765871082969,0,0,712,5447,0,0.7312975590199072
raw_native,8.0,final_clustering,543,-1,242,3,519,0.9917355371900827,0,0,37,205,1,0.0
raw_native,8.0,final_clustering,544,-1,95988,7,523,0.9951660624244697,0,0,11380,84608,1,0.013083584901057379
raw_native,8.0,final_clustering,545,-1,204,2,520,0.9950980392156863,0,0,32,172,1,0.0
raw_native,8.0,final_clustering,546,-1,882,2,518,0.9954648526077098,0,0,101,781,1,0.11494252873391002
raw_native,8.0,final_clustering,547,-1,4029,6,524,0.9585505088111194,0,0,468,3561,0,0.5904059040197216
raw_native,8.0,final_clustering,548,-1,18363,5,525,0.9391711593966128,0,0,2100,16263,0,0.4763977858986551
raw_native,8.0,final_clustering,549,-1,10150,2,527,0.9970443349753695,0,0,1254,8896,1,0.16812865496020735
raw_native,8.0,final_clustering,550,-1,46,2,521,0.9782608695652174,0,0,6,40,0,0.0
raw_native,8.0,final_clustering,551,-1,2257,1,526,1.0,0,0,250,2007,0,0.6896551723733854
raw_native,8.0,final_clustering,552,-1,66,1,526,1.0,0,0,12,54,0,0.0
raw_native,8.0,final_clustering,553,-1,9382,2,529,0.9941377105094863,0,0,1171,8211,1,0.03164556961943606
raw_native,8.0,final_clustering,554,-1,6430,5,528,0.6934681181959564,0,0,774,5656,0,1.2998324957523637
raw_native,8.0,final_clustering,555,-1,4236,6,537,0.5304532577903682,0,0,497,3739,0,0.7646356033179346
raw_native,8.0,final_clustering,556,-1,22,1,533,1.0,0,0,3,19,0,0.0
raw_native,8.0,final_clustering,557,-1,3610,6,534,0.9537396121883657,0,0,404,3206,0,0.6748025843292613
raw_native,8.0,final_clustering,558,-1,588,3,530,0.9965986394557823,0,0,62,526,1,0.0
raw_native,8.0,final_clustering,559,-1,7498,5,535,0.9857295278740997,0,0,888,6610,0,0.28690575478668
raw_native,8.0,final_clustering,560,-1,328,1,536,1.0,0,0,48,280,1,0.0
raw_native,8.0,final_clustering,561,-1,62,1,533,1.0,0,0,8,54,1,0.0
raw_native,8.0,final_clustering,562,-1,266,1,531,1.0,0,0,28,238,0,0.0
raw_native,8.0,final_clustering,563,-1,7011,5,533,0.985451433461703,0,0,827,6184,0,0.5320665082721169
raw_native,8.0,final_clustering,564,-1,218,2,545,0.9908256880733946,0,0,24,194,1,0.0
raw_native,8.0,final_clustering,565,-1,10199,1,543,1.0,0,0,1237,8962,1,0.0
raw_native,8.0,final_clustering,566,-1,1471,1,539,1.0,0,0,200,1271,0,1.1347517730205443
raw_native,8.0,final_clustering,567,-1,1556,4,532,0.9318766066838047,0,0,191,1365,0,0.2527646129531108
raw_native,8.0,final_clustering,568,-1,4094,7,544,0.7699071812408402,0,0,468,3626,0,1.007081038508025
raw_native,8.0,final_clustering,569,-1,4986,8,541,0.8050541516245487,0,0,590,4396,0,0.6193806193549354
raw_native,8.0,final_clustering,570,-1,185,1,542,1.0,0,0,20,165,1,0.0
raw_native,8.0,final_clustering,571,-1,19119,7,550,0.9611904388304827,0,0,2241,16878,1,0.040977932828032686
raw_native,8.0,final_clustering,572,-1,677,4,546,0.8774002954209749,0,0,74,603,1,0.08438818565345294
raw_native,8.0,final_clustering,573,-1,10571,3,538,0.9987702204143412,0,0,1275,9296,1,0.002922267679639846
raw_native,8.0,final_clustering,574,-1,293,2,548,0.8395904436860068,0,0,39,254,1,0.0
raw_native,8.0,final_clustering,575,-1,34,1,554,1.0,0,0,8,26,0,0.0
raw_native,8.0,final_clustering,576,-1,2649,1,556,1.0,0,0,318,2331,0,1.435406698510836
raw_native,8.0,final_clustering,577,-1,408,3,554,0.9681372549019608,0,0,60,348,1,0.0
raw_native,8.0,final_clustering,578,-1,3521,7,548,0.6535075262709458,0,0,379,3142,0,0.5140186915639201
raw_native,8.0,final_clustering,579,-1,6328,8,549,0.5238621997471555,0,0,701,5627,0,0.4200504060330175
raw_native,8.0,final_clustering,580,-1,128,2,553,0.984375,0,0,19,109,1,0.0
raw_native,8.0,final_clustering,581,-1,4665,6,540,0.9877813504823151,0,0,518,4147,1,0.11326860841201256
raw_native,8.0,final_clustering,582,-1,43,2,555,0.7906976744186046,0,0,3,40,0,0.0
raw_native,8.0,final_clustering,583,-1,646,2,555,0.9752321981424149,0,0,69,577,1,0.0
raw_native,8.0,final_clustering,584,-1,34,2,548,0.9705882352941176,0,0,2,32,0,0.0
raw_native,8.0,final_clustering,585,-1,4312,3,552,0.99652133580705,0,0,470,3842,1,0.0
raw_native,8.0,final_clustering,586,-1,7630,9,557,0.35570117955439057,0,0,838,6792,0,0.7947661739388606
raw_native,8.0,final_clustering,587,-1,5979,3,561,0.9876233483860177,0,0,731,5248,1,0.02134187008102654
raw_native,8.0,final_clustering,588,-1,5223,8,566,0.7124258089220754,0,0,584,4639,0,0.6847045830688512
raw_native,8.0,final_clustering,589,-1,269,1,565,1.0,0,0,31,238,1,0.0
raw_native,8.0,final_clustering,590,-1,7699,3,559,0.9932458760878036,0,0,918,6781,1,0.06906406286886202
raw_native,8.0,final_clustering,591,-1,157,1,563,1.0,0,0,28,129,1,0.0
raw_native,8.0,final_clustering,592,-1,666,3,563,0.993993993993994,0,0,82,584,1,0.0
raw_native,8.0,final_clustering,593,-1,466,1,565,1.0,0,0,49,417,1,0.0
raw_native,8.0,final_clustering,594,-1,595,2,565,0.9949579831932773,0,0,63,532,0,0.5970149253625718
raw_native,8.0,final_clustering,595,-1,4121,2,567,0.8743023537976219,0,0,536,3585,1,0.015220700151550312
raw_native,8.0,final_clustering,596,-1,2655,5,562,0.9480225988700565,0,0,338,2317,0,1.2142857142347405
raw_native,8.0,final_clustering,597,-1,383,1,558,1.0,0,0,47,336,1,0.0
raw_native,8.0,final_clustering,598,-1,538,1,558,1.0,0,0,57,481,1,0.1851851851801759
raw_native,8.0,final_clustering,599,-1,1034,1,560,1.0,0,0,129,905,1,0.0
raw_native,8.0,final_clustering,600,-1,3777,1,568,1.0,0,0,434,3343,0,0.6517311608645298
raw_native,8.0,final_clustering,601,-1,2963,1,569,1.0,0,0,372,2591,0,0.5891980359782413
raw_native,8.0,final_clustering,602,-1,59,1,571,1.0,0,0,5,54,1,0.0
raw_native,8.0,final_clustering,603,-1,5499,2,570,0.9992725950172758,0,0,662,4837,0,0.25253036435460285
raw_native,8.0,final_clustering,604,-1,39,1,571,1.0,0,0,8,31,0,0.0
raw_native,8.0,final_clustering,605,-1,3986,2,572,0.9989964877069744,0,0,456,3530,0,0.5373635599976877
raw_native,8.0,final_clustering,606,-1,1414,1,571,1.0,0,0,166,1248,0,0.6611570247569207
raw_native,8.0,final_clustering,607,-1,373,1,573,1.0,0,0,36,337,0,4.102564102490619
raw_native,8.0,final_clustering,608,-1,261,1,574,1.0,0,0,25,236,0,7.294117647025889
raw_native,8.0,final_clustering,609,-1,1301,1,575,1.0,0,0,81,1220,0,16.20770519255286
raw_native,8.0,final_clustering,610,-1,950,2,576,0.7421052631578947,0,0,67,883,0,7.883461868007131
raw_native,8.0,final_clustering,611,-1,767,1,578,1.0,0,0,64,703,0,19.781249999695543
raw_native,8.0,final_clustering,612,-1,1537,1,582,1.0,0,0,177,1360,0,2.1374722837950335
raw_native,8.0,final_clustering,613,-1,1615,1,581,1.0,0,0,179,1436,1,0.0
raw_native,8.0,final_clustering,614,-1,1609,1,580,1.0,0,0,195,1414,1,0.0
raw_native,8.0,final_clustering,615,-1,1342,1,579,1.0,0,0,160,1182,0,2.244224422419866
raw_native,8.0,final_clustering,616,-1,1571,1,583,1.0,0,0,204,1367,0,2.189189189164788
raw_native,8.0,final_clustering,617,-1,457,1,585,1.0,0,0,50,407,0,0.2614379084944635
raw_native,8.0,final_clustering,618,-1,2187,2,584,0.9085505258344765,0,0,269,1918,0,3.03727100439118
raw_native,8.0,final_clustering,619,-1,1002,1,587,1.0,0,0,118,884,0,2.2315789473552456
raw_native,8.0,final_clustering,620,-1,1865,2,586,0.9689008042895443,0,0,240,1625,1,0.0
raw_native,8.0,final_clustering,621,-1,247,2,587,0.9838056680161943,0,0,19,228,0,0.0
raw_native,8.0,final_clustering,622,-1,265,1,588,1.0,0,0,30,235,0,2.3448275861878645
raw_native,8.0,final_clustering,623,-1,227,1,587,1.0,0,0,34,193,1,0.0
raw_native,8.0,final_clustering,624,-1,207,1,588,1.0,0,0,27,180,1,0.0
raw_native,8.0,final_clustering,625,-1,30,1,588,1.0,0,0,1,29,0,0.0
raw_native,8.0,final_clustering,626,-1,57,1,589,1.0,0,0,8,49,0,0.0
raw_native,8.0,final_clustering,627,-1,1312,1,589,1.0,0,0,164,1148,0,2.5828092242905014
raw_native,8.0,final_clustering,628,-1,2404,1,590,1.0,0,0,276,2128,0,2.6293848499995933
raw_native,8.0,final_clustering,629,-1,939,1,591,1.0,0,0,111,828,0,2.3188405796771243
raw_native,8.0,final_clustering,630,-1,1715,1,592,1.0,0,0,203,1512,0,2.7739251040031996
raw_native,8.0,final_clustering,631,-1,896,2,594,0.5948660714285714,0,0,104,792,0,3.869731800721438
raw_native,8.0,cluster_merging,0,-1,179,1,7,1.0,0,0,37,142,1,0.0
raw_native,8.0,cluster_merging,1,-1,17018,6,5,0.9727935127512046,0,0,1962,15056,1,0.031852986215574225
raw_native,8.0,cluster_merging,2,-1,2827,4,9,0.9837283339228865,0,0,326,2501,0,0.6249999999566251
raw_native,8.0,cluster_merging,3,-1,203,1,1,1.0,0,0,26,177,0,0.0
raw_native,8.0,cluster_merging,4,-1,1404,1,8,1.0,0,0,148,1256,1,0.0
raw_native,8.0,cluster_merging,5,-1,27525,8,10,0.9435059037238874,0,0,3193,24332,0,0.5011963228413989
raw_native,8.0,cluster_merging,6,-1,24085,7,4,0.3480589578575877,0,0,2801,21284,0,0.5270135896163768
raw_native,8.0,cluster_merging,7,-1,1139,2,18,0.9991220368744512,0,0,144,995,0,0.6153846153435784
raw_native,8.0,cluster_merging,8,-1,5260,2,15,0.999809885931559,0,0,602,4658,1,0.0
raw_native,8.0,cluster_merging,9,-1,3385,3,12,0.9988183161004431,0,0,417,2968,1,0.04419889502575829
raw_native,8.0,cluster_merging,10,-1,806,1,11,1.0,0,0,102,704,1,0.0
raw_native,8.0,cluster_merging,11,-1,11118,4,3,0.9867781975175391,0,0,1309,9809,1,0.03293730149234508
raw_native,8.0,cluster_merging,12,-1,6472,2,16,0.99057478368356,0,0,735,5737,1,0.011210762331399827
raw_native,8.0,cluster_merging,13,-1,3996,5,14,0.9814814814814815,0,0,500,3496,1,0.0
raw_native,8.0,cluster_merging,14,-1,22567,7,2,0.6577746266672575,0,0,2639,19928,1,0.19109231150413505
raw_native,8.0,cluster_merging,15,-1,6953,2,18,0.9995685315691069,0,0,817,6136,1,0.0
raw_native,8.0,cluster_merging,16,-1,17036,5,17,0.7099671284339046,0,0,1987,15049,0,0.4071246819034671
raw_native,8.0,cluster_merging,17,-1,14146,4,24,0.9744097271313445,0,0,1689,12457,0,0.37001897530278716
raw_native,8.0,cluster_merging,18,-1,6212,4,19,0.965067611075338,0,0,695,5517,1,0.16134946827254967
raw_native,8.0,cluster_merging,19,-1,3097,2,20,0.999354213755247,0,0,377,2720,1,0.0
raw_native,8.0,cluster_merging,20,-1,3843,1,21,1.0,0,0,468,3375,1,0.0
raw_native,8.0,cluster_merging,21,-1,10785,2,23,0.9732035234121466,0,0,1290,9495,1,0.0
raw_native,8.0,cluster_merging,22,-1,9910,6,27,0.9616548940464178,0,0,1134,8776,0,0.22333461685153191
raw_native,8.0,cluster_merging,23,-1,28551,4,30,0.965570382823719,0,0,3309,25242,1,0.135447129434917
raw_native,8.0,cluster_merging,24,-1,6817,4,28,0.7564911251283556,0,0,811,6006,1,0.03470715834907541
raw_native,8.0,cluster_merging,25,-1,723,1,25,1.0,0,0,90,633,1,0.0
raw_native,8.0,cluster_merging,26,-1,3588,2,29,0.9640468227424749,0,0,426,3162,1,0.0
raw_native,8.0,cluster_merging,27,-1,25962,6,32,0.8567906940913643,0,0,3116,22846,0,0.3828445056425992
raw_native,8.0,cluster_merging,28,-1,4623,4,31,0.9833441488211119,0,0,554,4069,1,0.006150061500480142
raw_native,8.0,cluster_merging,29,-1,14425,5,33,0.9822530329289428,0,0,1750,12675,1,0.16808631458073772
raw_native,8.0,cluster_merging,30,-1,11974,7,35,0.9264239184900618,0,0,1445,10529,1,0.11812080536154788
raw_native,8.0,cluster_merging,31,-1,1322,3,34,0.7677760968229954,0,0,158,1164,1,0.0
raw_native,8.0,cluster_merging,32,-1,4106,2,37,0.9980516317584024,0,0,453,3653,1,0.0
raw_native,8.0,cluster_merging,33,-1,18651,3,26,0.9905098922309796,0,0,2208,16443,1,0.057576260861054815
raw_native,8.0,cluster_merging,34,-1,333,2,36,0.8798798798798799,0,0,43,290,1,0.0
raw_native,8.0,cluster_merging,35,-1,5455,3,36,0.9952337305224565,0,0,687,4768,1,0.0
raw_native,8.0,cluster_merging,36,-1,5171,3,39,0.9955521175788049,0,0,640,4531,1,0.010462987182596577
raw_native,8.0,cluster_merging,37,-1,993,3,34,0.8529707955689829,0,0,119,874,0,0.6249999999678689
raw_native,8.0,cluster_merging,38,-1,20124,3,40,0.9967203339296362,0,0,2328,17796,1,0.0
raw_native,8.0,cluster_merging,39,-1,999,3,37,0.5095095095095095,0,0,106,893,1,0.0
raw_native,8.0,cluster_merging,40,-1,1482,1,41,1.0,0,0,183,1299,0,0.43956043952500634
raw_native,8.0,cluster_merging,41,-1,11230,4,44,0.8739982190560998,0,0,1280,9950,0,0.2688879146407926
raw_native,8.0,cluster_merging,42,-1,11982,3,42,0.985311300283759,0,0,1454,10528,1,0.0
raw_native,8.0,cluster_merging,43,-1,9827,4,38,0.8911163122010787,0,0,1178,8649,1,0.13654984068184503
raw_native,8.0,cluster_merging,44,-1,17153,5,43,0.9878155424707048,0,0,2019,15134,0,0.22892819977241216
raw_native,8.0,cluster_merging,45,-1,22656,2,45,0.982035663841808,0,0,2719,19937,0,0.33953699498043294
raw_native,8.0,cluster_merging,46,-1,26640,2,47,0.9976726726726727,0,0,3283,23357,0,0.4590188286446358
raw_native,8.0,cluster_merging,47,-1,1308,1,46,1.0,0,0,179,1129,0,1.4769230767933594
raw_native,8.0,cluster_merging,48,-1,25759,2,48,0.9991847509608293,0,0,3002,22757,0,0.3097186190107699
raw_native,8.0,cluster_merging,49,-1,1053,1,49,1.0,0,0,143,910,0,0.689655172369742
raw_native,8.0,cluster_merging,50,-1,16781,2,50,0.9996424527739706,0,0,2617,14164,0,0.35097241064409473
raw_native,8.0,cluster_merging,51,-1,18738,2,51,0.999786530045896,0,0,2134,16604,0,0.44323785248385483
raw_native,8.0,cluster_merging,52,-1,51531,3,53,0.9938871747103685,0,0,6069,45462,0,0.5185281134644952
raw_native,8.0,cluster_merging,53,-1,1505,1,55,1.0,0,0,166,1339,1,0.0
raw_native,8.0,cluster_merging,54,-1,1382,1,54,1.0,0,0,180,1202,0,0.4705882352587912
raw_native,8.0,cluster_merging,55,-1,11216,4,57,0.9235912981455064,0,0,1372,9844,0,0.3952424519367303
raw_native,8.0,cluster_merging,56,-1,16394,5,56,0.9951201659143589,0,0,1992,14402,1,0.031954771705976576
raw_native,8.0,cluster_merging,57,-1,28931,5,52,0.7372023089419654,0,0,4125,24806,0,0.49348697390478247
raw_native,8.0,cluster_merging,58,-1,15493,2,63,0.9997418188859485,0,0,1805,13688,1,0.01266624445787584
raw_native,8.0,cluster_merging,59,-1,13285,3,60,0.9951825366955213,0,0,1584,11701,1,0.047422937724453954
raw_native,8.0,cluster_merging,60,-1,12558,4,63,0.9816849816849816,0,0,1509,11049,0,0.2609603340113218
raw_native,8.0,cluster_merging,61,-1,1131,1,59,1.0,0,0,141,990,0,1.6271186439500689
raw_native,8.0,cluster_merging,62,-1,5195,2,62,0.9998075072184793,0,0,643,4552,0,0.4120171673501581
raw_native,8.0,cluster_merging,63,-1,23662,4,66,0.9949708393204294,0,0,2759,20903,0,0.35075985580742086
raw_native,8.0,cluster_merging,64,-1,267,1,68,1.0,0,0,31,236,1,0.0
raw_native,8.0,cluster_merging,65,-1,13747,3,65,0.9837782788972139,0,0,1624,12123,1,0.0
raw_native,8.0,cluster_merging,66,-1,950,2,67,0.9947368421052631,0,0,115,835,0,0.9999999999247086
raw_native,8.0,cluster_merging,67,-1,9048,4,64,0.9941423519009726,0,0,1046,8002,1,0.031872509959168835
raw_native,8.0,cluster_merging,68,-1,8181,1,69,1.0,0,0,973,7208,1,0.0
raw_native,8.0,cluster_merging,69,-1,7489,5,61,0.7696621711844038,0,0,882,6607,1,0.10856453557891911
raw_native,8.0,cluster_merging,70,-1,615,1,68,1.0,0,0,79,536,0,0.9842209072059981
raw_native,8.0,cluster_merging,71,-1,18199,7,71,0.9780757184460684,0,0,2145,16054,0,0.3547251556734597
raw_native,8.0,cluster_merging,72,-1,11457,2,70,0.999825434232347,0,0,1272,10185,0,0.9274835188893318
raw_native,8.0,cluster_merging,73,-1,4144,2,74,0.9983108108108109,0,0,487,3657,1,0.0
raw_native,8.0,cluster_merging,74,-1,2047,1,72,1.0,0,0,266,1781,0,1.0480349344338544
raw_native,8.0,cluster_merging,75,-1,16703,1,73,1.0,0,0,1981,14722,1,0.07210671793986861
raw_native,8.0,cluster_merging,76,-1,33896,3,76,0.7928664149162143,0,0,3930,29966,0,0.5470878005970194
raw_native,8.0,cluster_merging,77,-1,141,1,77,1.0,0,0,21,120,0,0.0
raw_native,8.0,cluster_merging,78,-1,14969,5,81,0.736188122119046,0,0,1756,13213,0,0.4803115534012457
raw_native,8.0,cluster_merging,79,-1,328,2,77,0.9969512195121951,0,0,42,286,1,0.0714285714265934
raw_native,8.0,cluster_merging,80,-1,2524,3,80,0.9932646592709984,0,0,302,2222,1,0.0
raw_native,8.0,cluster_merging,81,-1,156,4,81,0.782051282051282,0,0,16,140,1,0.0
raw_native,8.0,cluster_merging,82,-1,1085,2,79,0.9834101382488479,0,0,138,947,1,0.0
raw_native,8.0,cluster_merging,83,-1,14621,4,75,0.6262909513713152,0,0,1651,12970,0,0.30984318909684433
raw_native,8.0,cluster_merging,84,-1,340,1,82,1.0,0,0,50,290,0,1.1428571428254273
raw_native,8.0,cluster_merging,85,-1,20925,2,83,0.9999522102747909,0,0,2406,18519,0,0.5609851446042423
raw_native,8.0,cluster_merging,86,-1,1088,1,84,1.0,0,0,126,962,0,2.1138211381432894
raw_native,8.0,cluster_merging,87,-1,21005,1,86,1.0,0,0,2421,18584,0,0.4905833715791645
raw_native,8.0,cluster_merging,88,-1,782,3,88,0.9833759590792839,0,0,102,680,0,0.46874999999251976
raw_native,8.0,cluster_merging,89,-1,274,1,90,1.0,0,0,33,241,0,5.999999999936676
raw_native,8.0,cluster_merging,90,-1,281,2,90,0.9928825622775801,0,0,36,245,0,0.9230769230581795
raw_native,8.0,cluster_merging,91,-1,13355,6,93,0.7486334706102583,0,0,1537,11818,0,1.0501101848592143
raw_native,8.0,cluster_merging,92,-1,3119,5,92,0.8794485411991023,0,0,383,2736,1,0.18076178179091906
raw_native,8.0,cluster_merging,93,-1,227,3,89,0.8986784140969163,0,0,24,203,0,0.0
raw_native,8.0,cluster_merging,94,-1,101,2,93,0.9801980198019802,0,0,13,88,0,0.0
raw_native,8.0,cluster_merging,95,-1,5145,5,91,0.9053449951409135,0,0,580,4565,1,0.1836547291018313
raw_native,8.0,cluster_merging,96,-1,3203,2,85,0.999687792694349,0,0,380,2823,0,0.7323232323074159
raw_native,8.0,cluster_merging,97,-1,559,2,87,0.9767441860465116,0,0,80,479,0,5.511111110983516
raw_native,8.0,cluster_merging,98,-1,1646,1,96,1.0,0,0,176,1470,0,1.487179487110394
raw_native,8.0,cluster_merging,99,-1,5695,4,97,0.9961369622475856,0,0,702,4993,0,1.7210401890372893
raw_native,8.0,cluster_merging,100,-1,861,3,95,0.9941927990708479,0,0,101,760,0,0.0
raw_native,8.0,cluster_merging,101,-1,373,1,94,1.0,0,0,46,327,0,3.9999999999255205
raw_native,8.0,cluster_merging,102,-1,6523,2,100,0.9924881189636671,0,0,768,5755,1,0.07541478129107941
raw_native,8.0,cluster_merging,103,-1,54,1,98,1.0,0,0,4,50,0,0.0
raw_native,8.0,cluster_merging,104,-1,460,1,98,1.0,0,0,59,401,0,0.7207207207068963
raw_native,8.0,cluster_merging,105,-1,641,1,99,1.0,0,0,74,567,0,1.818181818136418
raw_native,8.0,cluster_merging,106,-1,778,2,102,0.6516709511568124,0,0,91,687,0,1.6521233274984628
raw_native,8.0,cluster_merging,107,-1,1009,2,103,0.8642220019821606,0,0,119,890,0,0.869565217359101
raw_native,8.0,cluster_merging,108,-1,449,1,105,1.0,0,0,59,390,0,2.285714285493854
raw_native,8.0,cluster_merging,109,-1,616,1,106,1.0,0,0,68,548,1,0.05772005771869098
raw_native,8.0,cluster_merging,110,-1,611,1,108,1.0,0,0,92,519,0,1.3749999999465026
raw_native,8.0,cluster_merging,111,-1,152,1,108,1.0,0,0,17,135,1,0.0
raw_native,8.0,cluster_merging,112,-1,836,2,113,0.9976076555023924,0,0,67,769,0,0.23456790122800367
raw_native,8.0,cluster_merging,113,-1,1246,2,110,0.9598715890850722,0,0,140,1106,0,1.560975609657533
raw_native,8.0,cluster_merging,114,-1,4107,3,107,0.7175553932310689,0,0,506,3601,0,1.0121012100584044
raw_native,8.0,cluster_merging,115,-1,1091,2,111,0.9917506874427131,0,0,137,954,0,1.249999999922348
raw_native,8.0,cluster_merging,116,-1,940,1,114,1.0,0,0,117,823,1,0.0
raw_native,8.0,cluster_merging,117,-1,314,2,114,0.7388535031847133,0,0,44,270,1,0.0
raw_native,8.0,cluster_merging,118,793,17995,1,112,1.0,17940,55,17946,49,1,0.0
raw_native,8.0,cluster_merging,119,-1,8581,2,116,0.9997669269315931,0,0,1006,7575,1,0.0162318651990852
raw_native,8.0,cluster_merging,120,-1,8519,2,115,0.9998826153304379,0,0,947,7572,1,0.04950233126717179
raw_native,8.0,cluster_merging,121,-1,2051,1,118,1.0,0,0,198,1853,0,1.7575757574512403
raw_native,8.0,cluster_merging,122,-1,2406,1,117,1.0,0,0,252,2154,0,1.258741258656198
raw_native,8.0,cluster_merging,123,-1,3213,1,120,1.0,0,0,392,2821,0,1.5584415583254525
raw_native,8.0,cluster_merging,124,-1,3484,1,119,1.0,0,0,400,3084,0,1.9675675674241133
raw_native,8.0,cluster_merging,125,-1,2581,2,125,0.9996125532739248,0,0,372,2209,0,1.6573033706829303
raw_native,8.0,cluster_merging,126,2143,18123,1,124,1.0,18122,1,18122,1,1,0.0
raw_native,8.0,cluster_merging,127,-1,867,1,121,1.0,0,0,118,749,1,0.0
raw_native,8.0,cluster_merging,128,-1,2490,3,123,0.9883534136546185,0,0,271,2219,0,1.5635179152041692
raw_native,8.0,cluster_merging,129,-1,6259,4,122,0.9303403099536667,0,0,731,5528,0,1.6465169831807531
raw_native,8.0,cluster_merging,130,-1,14730,2,128,0.9911065852002715,0,0,1694,13036,1,0.012451361867003378
raw_native,8.0,cluster_merging,131,-1,1836,1,126,1.0,0,0,232,1604,0,2.1759259257985493
raw_native,8.0,cluster_merging,132,-1,19,1,127,1.0,0,0,3,16,0,0.0
raw_native,8.0,cluster_merging,133,-1,8244,2,127,0.7834788937409025,0,0,1028,7216,0,1.8352035907612063
raw_native,8.0,cluster_merging,134,-1,7381,3,131,0.972632434629454,0,0,1317,6064,0,1.153880663880863
raw_native,8.0,cluster_merging,135,-1,494,1,136,1.0,0,0,66,428,1,0.0
raw_native,8.0,cluster_merging,136,-1,2095,3,132,0.9914081145584726,0,0,286,1809,0,1.850175967700483
raw_native,8.0,cluster_merging,137,-1,842,2,139,0.9596199524940617,0,0,95,747,0,0.22471910112060142
raw_native,8.0,cluster_merging,138,-1,7715,4,130,0.9699287103046014,0,0,1189,6526,0,1.6977877764016
raw_native,8.0,cluster_merging,139,-1,10532,3,135,0.8605203190277251,0,0,1327,9205,0,1.6029786398995207
raw_native,8.0,cluster_merging,140,-1,246,2,129,0.991869918699187,0,0,24,222,0,0.0
raw_native,8.0,cluster_merging,141,-1,2884,1,134,1.0,0,0,374,2510,0,2.23783783767006
raw_native,8.0,cluster_merging,142,-1,6496,2,133,0.9952278325123153,0,0,843,5653,0,0.7843866170490742
raw_native,8.0,cluster_merging,143,-1,1026,2,138,0.9902534113060428,0,0,138,888,1,0.0
raw_native,8.0,cluster_merging,144,-1,3877,2,140,0.9829765282434872,0,0,458,3419,0,1.735751295224063
raw_native,8.0,cluster_merging,145,-1,17287,3,141,0.903395615202175,0,0,2005,15282,0,1.5455684308221314
raw_native,8.0,cluster_merging,146,1143,19047,2,143,0.9999474982936946,15802,3245,16318,2729,0,0.2787570713833597
raw_native,8.0,cluster_merging,147,-1,7849,2,142,0.9968148808765448,0,0,869,6980,0,1.631897472290797
raw_native,8.0,cluster_merging,148,-1,215,1,137,1.0,0,0,29,186,1,0.0
raw_native,8.0,cluster_merging,149,-1,15268,3,147,0.9926643961226094,0,0,1710,13558,0,0.5705670879689911
raw_native,8.0,cluster_merging,150,-1,1727,1,148,1.0,0,0,213,1514,1,0.09756097560738902
raw_native,8.0,cluster_merging,151,-1,383,1,148,1.0,0,0,47,336,0,0.6249999999936217
raw_native,8.0,cluster_merging,152,-1,6421,3,145,0.995016352593054,0,0,884,5537,0,0.5282465149870691
raw_native,8.0,cluster_merging,153,-1,1097,2,148,0.9990884229717412,0,0,124,973,0,1.3207547169310747
raw_native,8.0,cluster_merging,154,-1,3165,1,144,1.0,0,0,385,2780,0,2.1869918697701793
raw_native,8.0,cluster_merging,155,-1,11139,3,146,0.9934464494119759,0,0,1380,9759,0,0.3081078994792219
raw_native,8.0,cluster_merging,156,-1,16925,4,149,0.9963958641063515,0,0,1945,14980,0,0.6438213914210992
raw_native,8.0,cluster_merging,157,1300,20276,4,150,0.9817518248175182,8535,11741,10942,9334,0,1.107986878120204
raw_native,8.0,cluster_merging,158,-1,1681,1,153,1.0,0,0,181,1500,1,0.0
raw_native,8.0,cluster_merging,159,-1,6467,2,152,0.9996907375908458,0,0,798,5669,0,1.0987124462580147
raw_native,8.0,cluster_merging,160,-1,5372,2,154,0.9990692479523455,0,0,598,4774,0,1.7213622289739952
raw_native,8.0,cluster_merging,161,-1,14582,2,151,0.9986970237278837,0,0,1736,12846,0,1.583233271354409
raw_native,8.0,cluster_merging,162,-1,8334,2,156,0.9986801055915526,0,0,961,7373,0,1.6593186371462276
raw_native,8.0,cluster_merging,163,-1,1008,1,155,1.0,0,0,134,874,1,0.0
raw_native,8.0,cluster_merging,164,-1,5498,1,157,1.0,0,0,637,4861,0,1.7362794011582354
raw_native,8.0,cluster_merging,165,-1,4371,3,158,0.9752916952642416,0,0,576,3795,0,1.6216216214947263
raw_native,8.0,cluster_merging,166,-1,7472,3,161,0.9795235546038544,0,0,884,6588,0,1.400237060347441
raw_native,8.0,cluster_merging,167,-1,663,2,160,0.9969834087481146,0,0,66,597,1,0.08620689654936972
raw_native,8.0,cluster_merging,168,-1,560,1,159,1.0,0,0,63,497,1,0.024691358024071266
raw_native,8.0,cluster_merging,169,-1,3542,1,162,1.0,0,0,540,3002,0,0.8148148147516354
raw_native,8.0,cluster_merging,170,-1,4241,1,163,1.0,0,0,484,3757,0,0.9033877038216213
raw_native,8.0,cluster_merging,171,-1,4328,1,165,1.0,0,0,505,3823,0,0.9778812572048118
raw_native,8.0,cluster_merging,172,-1,9823,2,166,0.8776341239947063,0,0,1133,8690,0,0.9169336947757054
raw_native,8.0,cluster_merging,173,-1,8688,4,169,0.8900782688766115,0,0,993,7695,0,0.9110947831633478
raw_native,8.0,cluster_merging,174,1122,14190,4,171,0.9936575052854123,12486,1704,12662,1528,1,0.14245437007039055
raw_native,8.0,cluster_merging,175,-1,851,1,170,1.0,0,0,103,748,1,0.0
raw_native,8.0,cluster_merging,176,-1,4417,1,168,1.0,0,0,523,3894,0,0.89411764699037
raw_native,8.0,cluster_merging,177,-1,2036,3,167,0.9970530451866405,0,0,239,1797,0,0.8759124086706395
raw_native,8.0,cluster_merging,178,-1,12364,1,173,1.0,0,0,1485,10879,0,0.37763418322271425
raw_native,8.0,cluster_merging,179,-1,475,1,172,1.0,0,0,54,421,0,0.0
raw_native,8.0,cluster_merging,180,-1,12080,2,174,0.7230132450331126,0,0,1375,10705,0,0.8876183214950296
raw_native,8.0,cluster_merging,181,-1,8670,1,176,1.0,0,0,978,7692,1,0.0
raw_native,8.0,cluster_merging,182,-1,188,1,176,1.0,0,0,29,159,0,0.0
raw_native,8.0,cluster_merging,183,-1,13053,2,177,0.99777828851605,0,0,1443,11610,0,0.6054339231086187
raw_native,8.0,cluster_merging,184,-1,7757,3,179,0.9989686734562331,0,0,922,6835,1,0.08712461338104703
raw_native,8.0,cluster_merging,185,-1,2473,2,179,0.9935301253538212,0,0,319,2154,0,1.2631578946135347
raw_native,8.0,cluster_merging,186,-1,6074,2,181,0.9911096476786302,0,0,1160,4914,0,1.1437208707300113
raw_native,8.0,cluster_merging,187,-1,29057,3,175,0.6594280207867296,0,0,3431,25626,0,0.639016075605802
raw_native,8.0,cluster_merging,188,-1,22830,2,178,0.9996057818659658,0,0,2732,20098,1,0.026445188213464293
raw_native,8.0,cluster_merging,189,-1,15599,11,201,0.8995448426181165,0,0,1951,13648,0,0.6454419848258977
raw_native,8.0,cluster_merging,190,-1,3438,8,203,0.849912739965096,0,0,391,3047,0,0.26566104700431176
raw_native,8.0,cluster_merging,191,-1,5532,7,189,0.7248734634851771,0,0,616,4916,1,0.09048050769929479
raw_native,8.0,cluster_merging,192,-1,3931,5,199,0.9455609259730349,0,0,454,3477,1,0.04444444444316742
raw_native,8.0,cluster_merging,193,-1,7468,7,193,0.7793251205141939,0,0,883,6585,0,1.082695377962395
raw_native,8.0,cluster_merging,194,-1,15574,4,200,0.9874149223064081,0,0,1729,13845,0,0.4169744850565856
raw_native,8.0,cluster_merging,195,-1,9542,7,197,0.9959128065395095,0,0,1136,8406,0,0.7135221852414133
raw_native,8.0,cluster_merging,196,-1,796,4,186,0.992462311557789,0,0,111,685,1,0.0
raw_native,8.0,cluster_merging,197,-1,2288,2,185,0.9995629370629371,0,0,263,2025,0,0.8826177841168835
raw_native,8.0,cluster_merging,198,-1,12579,12,196,0.5661817314571905,0,0,1954,10625,0,1.3480847058904382
raw_native,8.0,cluster_merging,199,-1,32647,2,182,0.9954360278126627,0,0,3773,28874,1,0.0030142939490899086
raw_native,8.0,cluster_merging,200,-1,5188,4,209,0.9967232074016962,0,0,598,4590,0,1.0489363490141714
raw_native,8.0,cluster_merging,201,-1,854,6,214,0.9871194379391101,0,0,99,755,0,0.0
raw_native,8.0,cluster_merging,202,-1,31249,4,206,0.9406701014432461,0,0,3554,27695,1,0.010154568311206955
raw_native,8.0,cluster_merging,203,-1,8467,9,212,0.5769457895358451,0,0,1024,7443,0,0.3895029348956727
raw_native,8.0,cluster_merging,204,-1,5506,3,214,0.9987286596440247,0,0,659,4847,1,0.04446820834753633
raw_native,8.0,cluster_merging,205,-1,641,5,214,0.6053042121684867,0,0,67,574,0,1.7777777776152055
raw_native,8.0,cluster_merging,206,-1,1994,10,204,0.5310932798395186,0,0,216,1778,0,0.8633093524356064
raw_native,8.0,cluster_merging,207,-1,4847,3,207,0.9991747472663504,0,0,596,4251,0,0.9663408335536529
raw_native,8.0,cluster_merging,208,-1,12919,9,215,0.8201099156281446,0,0,1553,11366,0,0.9455039748656145
raw_native,8.0,cluster_merging,209,-1,11453,3,216,0.9974679123373789,0,0,1335,10118,1,0.02088914936178898
raw_native,8.0,cluster_merging,210,-1,21358,3,192,0.9944283172581703,0,0,2517,18841,1,0.001259814688460194
raw_native,8.0,cluster_merging,211,-1,11565,7,230,0.5275399913532209,0,0,1293,10272,0,0.5959417606087694
raw_native,8.0,cluster_merging,212,-1,16909,4,258,0.9765213791471997,0,0,1991,14918,1,0.017545573169387506
raw_native,8.0,cluster_merging,213,-1,16487,7,219,0.95917995996846,0,0,1952,14535,1,0.001862621406177933
raw_native,8.0,cluster_merging,214,-1,5621,11,229,0.9882583170254403,0,0,695,4926,1,0.02169565217267181
raw_native,8.0,cluster_merging,215,-1,7207,3,213,0.9990287220757597,0,0,834,6373,1,0.07866629881488424
raw_native,8.0,cluster_merging,216,-1,4889,7,211,0.9971364287175292,0,0,605,4284,0,1.2858795686494024
raw_native,8.0,cluster_merging,217,-1,2466,2,223,0.9935117599351176,0,0,259,2207,1,0.0
raw_native,8.0,cluster_merging,218,-1,13989,15,220,0.9166487954821646,0,0,1644,12345,1,0.13750344446221438
raw_native,8.0,cluster_merging,219,-1,5087,7,222,0.9659917436603106,0,0,605,4482,1,0.16066972549521655
raw_native,8.0,cluster_merging,220,-1,364,4,226,0.717032967032967,0,0,36,328,0,0.0
raw_native,8.0,cluster_merging,221,-1,10587,23,255,0.6498535940304146,0,0,1234,9353,0,0.20202020200553994
raw_native,8.0,cluster_merging,222,-1,6278,15,222,0.8109270468302007,0,0,763,5515,0,0.6337465980623361
raw_native,8.0,cluster_merging,223,-1,12559,9,237,0.4402420574886536,0,0,1456,11103,1,0.13515498750241306
raw_native,8.0,cluster_merging,224,-1,9117,8,236,0.9806954041899748,0,0,1166,7951,1,0.04014696416705674
raw_native,8.0,cluster_merging,225,-1,8683,15,233,0.5522284924565243,0,0,1079,7604,0,0.9014084506244108
raw_native,8.0,cluster_merging,226,-1,33767,19,217,0.7329937512956437,0,0,4102,29665,0,0.6428135024625428
raw_native,8.0,cluster_merging,227,-1,2838,6,241,0.9904862579281184,0,0,304,2534,1,0.0
raw_native,8.0,cluster_merging,228,-1,7304,14,256,0.9596111719605696,0,0,858,6446,0,0.31435546103246514
raw_native,8.0,cluster_merging,229,-1,618,1,242,1.0,0,0,76,542,0,0.0
raw_native,8.0,cluster_merging,230,-1,11984,18,244,0.9649532710280374,0,0,1432,10552,1,0.09214859498706768
raw_native,8.0,cluster_merging,231,-1,6553,13,254,0.6244468182511826,0,0,773,5780,0,0.7707413944518601
raw_native,8.0,cluster_merging,232,-1,16088,6,238,0.9876305320735952,0,0,1937,14151,1,0.003743660534463478
raw_native,8.0,cluster_merging,233,-1,25455,9,252,0.9480652131211943,0,0,3015,22440,1,0.11990860151449773
raw_native,8.0,cluster_merging,234,-1,21446,7,259,0.8381982654107992,0,0,2549,18897,1,0.010559952595750594
raw_native,8.0,cluster_merging,235,-1,35972,8,260,0.9642221728010675,0,0,4149,31823,1,0.004928012640620166
raw_native,8.0,cluster_merging,236,-1,34001,14,227,0.6196582453457251,0,0,3957,30044,0,0.8944183762353783
raw_native,8.0,cluster_merging,237,-1,77216,8,273,0.9565763572316618,0,0,9146,68070,1,0.013187045045793822
raw_native,8.0,cluster_merging,238,-1,15554,7,272,0.9181561013244182,0,0,1835,13719,0,0.22843488750204483
raw_native,8.0,cluster_merging,239,-1,11185,7,247,0.540098345999106,0,0,1364,9821,1,0.05536096362171115
raw_native,8.0,cluster_merging,240,-1,2329,5,247,0.9969944182052383,0,0,291,2038,1,0.12531391259959382
raw_native,8.0,cluster_merging,241,-1,6731,9,247,0.956767196553261,0,0,771,5960,0,0.455638411157172
raw_native,8.0,cluster_merging,242,-1,9119,5,257,0.9887049018532734,0,0,1106,8013,1,0.09140389898426964
raw_native,8.0,cluster_merging,243,-1,4268,6,257,0.89456419868791,0,0,465,3803,0,0.5780815569464408
raw_native,8.0,cluster_merging,244,-1,4212,7,271,0.7675688509021842,0,0,478,3734,1,0.05332905845469907
raw_native,8.0,cluster_merging,245,-1,3726,7,271,0.9342458400429415,0,0,415,3311,1,0.07540056550095228
raw_native,8.0,cluster_merging,246,-1,30327,6,262,0.9158505622052956,0,0,3652,26675,1,0.05034507442719684
raw_native,8.0,cluster_merging,247,-1,12331,3,275,0.9866190900981266,0,0,1414,10917,1,0.0
raw_native,8.0,cluster_merging,248,-1,32930,6,274,0.9512602490130581,0,0,3985,28945,1,0.00245762928881266
raw_native,8.0,cluster_merging,249,-1,24676,7,287,0.9402658453558114,0,0,2868,21808,1,0.016205376351705356
raw_native,8.0,cluster_merging,250,-1,5514,8,280,0.9686253173739572,0,0,633,4881,0,0.481629238748532
raw_native,8.0,cluster_merging,251,-1,11928,7,283,0.8717303822937625,0,0,1421,10507,1,0.026209457244465374
raw_native,8.0,cluster_merging,252,-1,7774,9,281,0.9626961667095446,0,0,948,6826,1,0.19088248010911096
raw_native,8.0,cluster_merging,253,-1,26369,18,285,0.8673442299670067,0,0,3124,23245,0,0.3880724782101744
raw_native,8.0,cluster_merging,254,-1,7199,8,282,0.9545770245867482,0,0,780,6419,1,0.02052568795836288
raw_native,8.0,cluster_merging,255,-1,9743,8,268,0.9481679154264601,0,0,1127,8616,1,0.07160152816381778
raw_native,8.0,cluster_merging,256,-1,5176,8,276,0.7252704791344667,0,0,631,4545,0,0.6115107913177588
raw_native,8.0,cluster_merging,257,-1,10282,16,261,0.8158918498346626,0,0,1201,9081,0,0.5034903115084778
raw_native,8.0,cluster_merging,258,-1,15884,10,277,0.9265927977839336,0,0,1902,13982,1,0.04025881821068118
raw_native,8.0,cluster_merging,259,-1,10591,11,278,0.6139174771032009,0,0,1183,9408,0,0.7910156249277714
raw_native,8.0,cluster_merging,260,-1,19268,6,286,0.9949657463151339,0,0,2246,17022,1,0.025716052632319047
raw_native,8.0,cluster_merging,261,-1,60560,14,284,0.2918758256274769,0,0,6998,53562,0,1.0056563506979326
raw_native,8.0,cluster_merging,262,-1,9291,5,289,0.9778280055968142,0,0,1149,8142,1,0.07316435849984004
raw_native,8.0,cluster_merging,263,-1,5484,5,296,0.9722830051057623,0,0,661,4823,1,0.19922523518540047
raw_native,8.0,cluster_merging,264,-1,16320,6,297,0.9685049019607843,0,0,1952,14368,0,0.2514663846571863
raw_native,8.0,cluster_merging,265,-1,14220,4,292,0.9885372714486639,0,0,1706,12514,1,0.17351958338456458
raw_native,8.0,cluster_merging,266,-1,9965,1,291,1.0,0,0,1212,8753,1,0.01992362609885495
raw_native,8.0,cluster_merging,267,-1,30834,2,301,0.9999675682687942,0,0,3574,27260,1,0.0
raw_native,8.0,cluster_merging,268,-1,48120,8,302,0.7050498753117207,0,0,5558,42562,1,0.006416286110162045
raw_native,8.0,cluster_merging,269,-1,28605,8,295,0.755077783604265,0,0,3420,25185,0,0.6359925104596561
raw_native,8.0,cluster_merging,270,-1,27038,2,303,0.9951549670833642,0,0,3162,23876,1,0.0
raw_native,8.0,cluster_merging,271,-1,403,2,299,0.9975186104218362,0,0,48,355,1,0.0
raw_native,8.0,cluster_merging,272,-1,6362,1,299,1.0,0,0,699,5663,1,0.008309098462350988
raw_native,8.0,cluster_merging,273,-1,17433,6,312,0.9983364882693742,0,0,2122,15311,1,0.008190567196211963
raw_native,8.0,cluster_merging,274,-1,11568,6,309,0.9951590594744122,0,0,1360,10208,1,0.04687772603088169
raw_native,8.0,cluster_merging,275,-1,15372,11,306,0.9361826697892272,0,0,1799,13573,0,0.8676721078022851
raw_native,8.0,cluster_merging,276,-1,5387,8,304,0.940412103211435,0,0,627,4760,1,0.07421150278070802
raw_native,8.0,cluster_merging,277,-1,8068,5,310,0.9755825483391175,0,0,933,7135,1,0.15884131782810834
raw_native,8.0,cluster_merging,278,-1,3659,4,307,0.9934408308280951,0,0,401,3258,1,0.06228935213647347
raw_native,8.0,cluster_merging,279,-1,2914,7,309,0.5816746739876458,0,0,325,2589,0,0.8498783454257407
raw_native,8.0,cluster_merging,280,-1,199,1,294,1.0,0,0,25,174,1,0.0
raw_native,8.0,cluster_merging,281,-1,8819,7,298,0.9857126658351287,0,0,1073,7746,1,0.1537664229347729
raw_native,8.0,cluster_merging,282,-1,16004,12,308,0.957073231692077,0,0,1849,14155,0,0.22035256408371937
raw_native,8.0,cluster_merging,283,-1,9976,6,311,0.9949879711307137,0,0,1153,8823,1,0.1874731644343798
raw_native,8.0,cluster_merging,284,-1,13443,5,288,0.9742616975377519,0,0,1608,11835,1,0.04940410627858766
raw_native,8.0,cluster_merging,285,-1,15613,9,313,0.931275219368475,0,0,1854,13759,0,0.6482754195644476
raw_native,8.0,cluster_merging,286,-1,23899,10,293,0.7232101761579982,0,0,2792,21107,0,0.3637080339423177
raw_native,8.0,cluster_merging,287,-1,40364,9,315,0.9489891982955109,0,0,4795,35569,1,0.015320358930198709
raw_native,8.0,cluster_merging,288,-1,18522,10,321,0.7495410862757802,0,0,2185,16337,0,0.33362857983602506
raw_native,8.0,cluster_merging,289,-1,7368,10,326,0.9576547231270358,0,0,914,6454,0,0.2523856087746585
raw_native,8.0,cluster_merging,290,-1,4849,2,324,0.9925757888224376,0,0,571,4278,1,0.020467596388841772
raw_native,8.0,cluster_merging,291,-1,9336,5,325,0.9978577549271637,0,0,1046,8290,1,0.022873644883615967
raw_native,8.0,cluster_merging,292,-1,8720,8,322,0.9212155963302753,0,0,1053,7667,0,0.5451670403736413
raw_native,8.0,cluster_merging,293,-1,67604,5,334,0.9956955209750902,0,0,8071,59533,1,0.014174344435335553
raw_native,8.0,cluster_merging,294,-1,9449,7,319,0.9780929198857022,0,0,1152,8297,1,0.019526482790868473
raw_native,8.0,cluster_merging,295,-1,12673,3,327,0.6595912570030774,0,0,1455,11218,1,0.0
raw_native,8.0,cluster_merging,296,-1,13517,4,316,0.8902123252200932,0,0,1593,11924,1,0.0
raw_native,8.0,cluster_merging,297,-1,20975,7,314,0.8986889153754469,0,0,2461,18514,1,0.1635581635062292
raw_native,8.0,cluster_merging,298,-1,24931,3,328,0.9999197785889054,0,0,2999,21932,1,0.005519728327073698
raw_native,8.0,cluster_merging,299,-1,14534,3,333,0.9935324067703316,0,0,1709,12825,0,0.6566670602973421
raw_native,8.0,cluster_merging,300,-1,18273,3,330,0.9948557981721666,0,0,2189,16084,1,0.028636884304704784
raw_native,8.0,cluster_merging,301,-1,6623,2,331,0.996829231466103,0,0,828,5795,0,0.23062346903818245
raw_native,8.0,cluster_merging,302,-1,3386,1,329,1.0,0,0,388,2998,0,1.5616942908660918
raw_native,8.0,cluster_merging,303,-1,11930,4,332,0.5955574182732607,0,0,1403,10527,0,0.622065727656229
raw_native,8.0,cluster_merging,304,-1,679,1,336,1.0,0,0,87,592,1,0.0
raw_native,8.0,cluster_merging,305,-1,8886,2,338,0.9993247805536799,0,0,1053,7833,0,1.1596091204307277
raw_native,8.0,cluster_merging,306,-1,3293,2,337,0.9996963255390222,0,0,368,2925,1,0.0
raw_native,8.0,cluster_merging,307,-1,4323,2,335,0.9993060374739764,0,0,525,3798,0,1.3419011881339387
raw_native,8.0,cluster_merging,308,-1,730,1,340,1.0,0,0,69,661,1,0.0979020978994684
raw_native,8.0,cluster_merging,309,-1,2327,4,345,0.9875376020627418,0,0,262,2065,1,0.18411967778658223
raw_native,8.0,cluster_merging,310,-1,1916,5,343,0.9817327766179541,0,0,234,1682,1,0.0
raw_native,8.0,cluster_merging,311,-1,887,3,341,0.9887260428410372,0,0,134,753,0,0.911680911619128
raw_native,8.0,cluster_merging,312,-1,1400,4,339,0.9621428571428572,0,0,169,1231,0,1.215686274431848
raw_native,8.0,cluster_merging,313,-1,267,1,342,1.0,0,0,32,235,1,0.0
raw_native,8.0,cluster_merging,314,-1,679,1,344,1.0,0,0,61,618,1,0.03527336860577171
raw_native,8.0,cluster_merging,315,664,9326,1,347,1.0,9014,312,9034,292,1,0.08236588719950383
raw_native,8.0,cluster_merging,316,-1,3694,2,350,0.9997292907417433,0,0,453,3241,1,0.0
raw_native,8.0,cluster_merging,317,-1,7709,2,351,0.998702814891685,0,0,880,6829,1,0.0
raw_native,8.0,cluster_merging,318,-1,3363,3,349,0.8980077311923877,0,0,418,2945,0,0.5614035087347682
raw_native,8.0,cluster_merging,319,-1,6633,3,352,0.8239107492838836,0,0,792,5841,1,0.040048057668026854
raw_native,8.0,cluster_merging,320,-1,23326,4,355,0.9788647860756238,0,0,2764,20562,0,0.3807844865274996
raw_native,8.0,cluster_merging,321,-1,732,2,357,0.9890710382513661,0,0,78,654,1,0.0
raw_native,8.0,cluster_merging,322,-1,2807,3,356,0.9921624510153189,0,0,332,2475,1,0.0391517128857584
raw_native,8.0,cluster_merging,323,-1,12678,7,354,0.7026344849345323,0,0,1521,11157,1,0.07062986553014358
raw_native,8.0,cluster_merging,324,-1,1598,7,353,0.5569461827284106,0,0,193,1405,0,0.5656565656078013
raw_native,8.0,cluster_merging,325,-1,971,1,360,1.0,0,0,118,853,1,0.029962546816266637
raw_native,8.0,cluster_merging,326,-1,9573,3,372,0.9992687767679933,0,0,1063,8510,1,0.02270147559394559
raw_native,8.0,cluster_merging,327,-1,10347,6,365,0.9964240842756354,0,0,1186,9161,1,0.1022556390922526
raw_native,8.0,cluster_merging,328,-1,1123,4,370,0.9519145146927872,0,0,138,985,1,0.13565891472701652
raw_native,8.0,cluster_merging,329,-1,38138,8,358,0.9939692694949919,0,0,4618,33520,1,0.028073711486177058
raw_native,8.0,cluster_merging,330,-1,27917,12,368,0.991797112870294,0,0,3216,24701,0,0.3811092805878493
raw_native,8.0,cluster_merging,331,-1,1946,1,361,1.0,0,0,225,1721,1,0.0
raw_native,8.0,cluster_merging,332,-1,1928,7,363,0.8718879668049793,0,0,243,1685,1,0.0
raw_native,8.0,cluster_merging,333,-1,2130,2,371,0.9995305164319249,0,0,228,1902,1,0.0
raw_native,8.0,cluster_merging,334,-1,12960,5,369,0.6619598765432099,0,0,1570,11390,0,0.4831936116706103
raw_native,8.0,cluster_merging,335,-1,1939,9,383,0.9546157813305828,0,0,233,1706,0,0.44177062371465015
raw_native,8.0,cluster_merging,336,-1,1006,3,374,0.9900596421471173,0,0,121,885,1,0.0
raw_native,8.0,cluster_merging,337,-1,440,1,376,1.0,0,0,51,389,1,0.0
raw_native,8.0,cluster_merging,338,-1,3513,6,380,0.9715343011670936,0,0,397,3116,1,0.060639202813617385
raw_native,8.0,cluster_merging,339,-1,4973,10,382,0.9802935853609491,0,0,605,4368,1,0.13253810469785848
raw_native,8.0,cluster_merging,340,-1,856,1,367,1.0,0,0,116,740,1,0.0
raw_native,8.0,cluster_merging,341,-1,1511,7,385,0.7233620119126406,0,0,186,1325,0,0.45801526714894614
raw_native,8.0,cluster_merging,342,-1,595,1,381,1.0,0,0,59,536,1,0.021505376343495995
raw_native,8.0,cluster_merging,343,-1,1108,4,373,0.9846570397111913,0,0,141,967,1,0.0
raw_native,8.0,cluster_merging,344,-1,720,3,394,0.5680555555555555,0,0,64,656,1,0.04761904761777677
raw_native,8.0,cluster_merging,345,-1,1563,4,367,0.6212412028150992,0,0,178,1385,0,0.37735849053703685
raw_native,8.0,cluster_merging,346,-1,4384,5,386,0.7750912408759124,0,0,515,3869,1,0.08514874011329569
raw_native,8.0,cluster_merging,347,-1,2447,3,392,0.9955046996322027,0,0,295,2152,1,0.07670182166679215
raw_native,8.0,cluster_merging,348,-1,2128,4,393,0.9530075187969925,0,0,250,1878,1,0.1486988847500095
raw_native,8.0,cluster_merging,349,-1,1482,2,377,0.5775978407557355,0,0,188,1294,0,0.7534246574963164
raw_native,8.0,cluster_merging,350,-1,1920,2,390,0.9932291666666667,0,0,234,1686,1,0.0
raw_native,8.0,cluster_merging,351,-1,1311,3,395,0.9977116704805492,0,0,164,1147,1,0.0
raw_native,8.0,cluster_merging,352,-1,22005,7,391,0.5716882526698478,0,0,2495,19510,0,0.23823246876154758
raw_native,8.0,cluster_merging,353,-1,4904,4,396,0.9555464926590538,0,0,546,4358,0,0.711488250615466
raw_native,8.0,cluster_merging,354,-1,2195,4,404,0.9662870159453303,0,0,281,1914,1,0.08230452674488763
raw_native,8.0,cluster_merging,355,-1,7635,3,406,0.9858546168958743,0,0,922,6713,1,0.04259738781255643
raw_native,8.0,cluster_merging,356,-1,1812,1,389,1.0,0,0,210,1602,1,0.0
raw_native,8.0,cluster_merging,357,-1,7504,5,405,0.9009861407249466,0,0,909,6595,0,0.3438914026857115
raw_native,8.0,cluster_merging,358,-1,4043,5,403,0.9896116744991343,0,0,496,3547,1,0.02638522427345308
raw_native,8.0,cluster_merging,359,-1,191,2,400,0.9947643979057592,0,0,16,175,1,0.0
raw_native,8.0,cluster_merging,360,-1,28000,2,407,0.9999285714285714,0,0,3379,24621,1,0.0
raw_native,8.0,cluster_merging,361,-1,680,1,397,1.0,0,0,88,592,0,0.7999999999752476
raw_native,8.0,cluster_merging,362,-1,236,3,406,0.9703389830508474,0,0,28,208,1,0.0
raw_native,8.0,cluster_merging,363,-1,7766,5,398,0.9899562194179758,0,0,913,6853,1,0.08731617646655193
raw_native,8.0,cluster_merging,364,-1,4536,7,402,0.49382716049382713,0,0,542,3994,0,0.9516728624049788
raw_native,8.0,cluster_merging,365,-1,7310,3,412,0.9937072503419973,0,0,817,6493,1,0.17029898095063753
raw_native,8.0,cluster_merging,366,-1,965,1,408,1.0,0,0,114,851,0,1.2244897958793617
raw_native,8.0,cluster_merging,367,-1,21887,2,410,0.9962077945812583,0,0,2574,19313,1,0.0715859030784542
raw_native,8.0,cluster_merging,368,-1,3193,4,414,0.9332915753210147,0,0,381,2812,0,0.3153736767049811
raw_native,8.0,cluster_merging,369,-1,8461,4,413,0.989835716818343,0,0,1017,7444,1,0.0
raw_native,8.0,cluster_merging,370,-1,4885,3,411,0.9957011258955988,0,0,536,4349,1,0.16430853490959166
raw_native,8.0,cluster_merging,371,-1,3604,3,409,0.9814095449500555,0,0,433,3171,0,0.581867388328553
raw_native,8.0,cluster_merging,372,-1,181,3,423,0.9668508287292817,0,0,23,158,0,0.0
raw_native,8.0,cluster_merging,373,-1,6795,8,421,0.9599705665930831,0,0,810,5985,1,0.15102481121271588
raw_native,8.0,cluster_merging,374,-1,3452,6,417,0.9385863267670915,0,0,412,3040,1,0.0678541136522086
raw_native,8.0,cluster_merging,375,-1,3396,1,420,1.0,0,0,387,3009,1,0.0
raw_native,8.0,cluster_merging,376,-1,1583,1,415,1.0,0,0,193,1390,0,1.551724137874912
raw_native,8.0,cluster_merging,377,-1,9054,4,419,0.9857521537442014,0,0,1134,7920,1,0.1887301159272588
raw_native,8.0,cluster_merging,378,-1,4141,4,418,0.9903404974643806,0,0,479,3662,1,0.09115077857758615
raw_native,8.0,cluster_merging,379,-1,2700,2,423,0.9992592592592593,0,0,327,2373,1,0.024922118379683084
raw_native,8.0,cluster_merging,380,-1,10138,6,425,0.9672519234563031,0,0,1185,8953,0,0.4159154218644383
raw_native,8.0,cluster_merging,381,-1,22398,8,422,0.6838557014019109,0,0,2735,19663,0,0.4469808835555936
raw_native,8.0,cluster_merging,382,-1,1979,3,430,0.998989388580091,0,0,256,1723,1,0.0
raw_native,8.0,cluster_merging,383,-1,4395,8,432,0.8261660978384527,0,0,495,3900,1,0.08885327634691523
raw_native,8.0,cluster_merging,384,-1,2279,7,429,0.9240895129442738,0,0,277,2002,0,0.3461271676127557
raw_native,8.0,cluster_merging,385,-1,223,1,424,1.0,0,0,25,198,1,0.0
raw_native,8.0,cluster_merging,386,-1,3890,3,428,0.9979434447300771,0,0,462,3428,1,0.17434620173797796
raw_native,8.0,cluster_merging,387,-1,840,1,426,1.0,0,0,91,749,0,1.4545454544828462
raw_native,8.0,cluster_merging,388,-1,4349,5,436,0.9620602437341917,0,0,516,3833,0,0.49281314165186774
raw_native,8.0,cluster_merging,389,-1,11470,4,433,0.967131647776809,0,0,1351,10119,1,0.0
raw_native,8.0,cluster_merging,390,-1,17801,9,431,0.9343857086680524,0,0,2200,15601,1,0.06899195093440126
raw_native,8.0,cluster_merging,391,-1,2119,3,435,0.6757904672015101,0,0,270,1849,1,0.0
raw_native,8.0,cluster_merging,392,-1,15621,7,443,0.8718391908328532,0,0,1805,13816,0,0.4225918050714555
raw_native,8.0,cluster_merging,393,-1,7200,5,438,0.9881944444444445,0,0,858,6342,1,0.0
raw_native,8.0,cluster_merging,394,-1,3371,8,439,0.9816078315040048,0,0,422,2949,1,0.0
raw_native,8.0,cluster_merging,395,-1,9641,5,438,0.9600663831552744,0,0,1122,8519,1,0.012207353767468449
raw_native,8.0,cluster_merging,396,-1,730,4,437,0.9753424657534246,0,0,87,643,1,0.0
raw_native,8.0,cluster_merging,397,-1,6166,3,446,0.9987025624391827,0,0,734,5432,1,0.0
raw_native,8.0,cluster_merging,398,-1,214,4,437,0.5654205607476636,0,0,31,183,1,0.0
raw_native,8.0,cluster_merging,399,-1,946,1,440,1.0,0,0,129,817,1,0.0
raw_native,8.0,cluster_merging,400,-1,252,3,446,0.9920634920634921,0,0,37,215,1,0.0
raw_native,8.0,cluster_merging,401,-1,1491,2,442,0.9993293091884641,0,0,171,1320,1,0.0
raw_native,8.0,cluster_merging,402,-1,5672,6,444,0.8014809590973202,0,0,697,4975,0,0.25541093884602073
raw_native,8.0,cluster_merging,403,-1,11042,9,441,0.667723238543742,0,0,1281,9761,0,0.36697247703628977
raw_native,8.0,cluster_merging,404,-1,11501,2,447,0.9711329449613078,0,0,1338,10163,1,0.0025049823544759037
raw_native,8.0,cluster_merging,405,-1,8214,3,462,0.9842951059167275,0,0,971,7243,1,0.0
raw_native,8.0,cluster_merging,406,-1,13508,5,454,0.9796416938110749,0,0,1571,11937,1,0.02063242879428676
raw_native,8.0,cluster_merging,407,-1,615,1,456,1.0,0,0,63,552,1,0.08510638297776918
raw_native,8.0,cluster_merging,408,-1,1150,6,451,0.5669565217391305,0,0,137,1013,0,1.1594202897809338
raw_native,8.0,cluster_merging,409,-1,499,4,451,0.9278557114228457,0,0,59,440,1,0.0
raw_native,8.0,cluster_merging,410,-1,2916,7,454,0.4489026063100137,0,0,344,2572,0,0.6916426512403122
raw_native,8.0,cluster_merging,411,-1,4569,8,458,0.9564456117312322,0,0,548,4021,1,0.028653295127510293
raw_native,8.0,cluster_merging,412,-1,3179,3,461,0.9971689210443536,0,0,386,2793,1,0.01885224224474779
raw_native,8.0,cluster_merging,413,-1,5713,5,457,0.44967617713985647,0,0,664,5049,1,0.013826477704282749
raw_native,8.0,cluster_merging,414,-1,4590,3,453,0.9742919389978214,0,0,507,4083,1,0.0
raw_native,8.0,cluster_merging,415,-1,648,1,459,1.0,0,0,71,577,1,0.0
raw_native,8.0,cluster_merging,416,-1,1624,3,448,0.7266009852216748,0,0,197,1427,1,0.0
raw_native,8.0,cluster_merging,417,-1,2778,4,452,0.9103671706263499,0,0,338,2440,1,0.019249278151589114
raw_native,8.0,cluster_merging,418,-1,13238,9,463,0.7001057561565192,0,0,1574,11664,0,0.7958233384415164
raw_native,8.0,cluster_merging,419,-1,2005,5,470,0.9810473815461347,0,0,222,1783,1,0.0
raw_native,8.0,cluster_merging,420,-1,5299,2,465,0.998867710888847,0,0,619,4680,1,0.0
raw_native,8.0,cluster_merging,421,-1,9272,6,455,0.96904659188956,0,0,1087,8185,0,0.23027226578415133
raw_native,8.0,cluster_merging,422,-1,2232,4,471,0.982078853046595,0,0,292,1940,1,0.0
raw_native,8.0,cluster_merging,423,-1,2525,2,466,0.9924752475247525,0,0,294,2231,1,0.0
raw_native,8.0,cluster_merging,424,-1,11267,11,469,0.43631845211680126,0,0,1370,9897,0,0.6593406592767777
raw_native,8.0,cluster_merging,425,-1,976,2,468,0.9959016393442623,0,0,117,859,1,0.10840108400802737
raw_native,8.0,cluster_merging,426,-1,11349,4,464,0.9865186360031721,0,0,1366,9983,1,0.0
raw_native,8.0,cluster_merging,427,-1,3814,4,449,0.995280545359203,0,0,466,3348,1,0.0
raw_native,8.0,cluster_merging,428,-1,3992,5,472,0.530811623246493,0,0,451,3541,0,0.6596701648649868
raw_native,8.0,cluster_merging,429,-1,9291,2,474,0.9997847379184157,0,0,1084,8207,1,0.0
raw_native,8.0,cluster_merging,430,-1,9694,2,473,0.9998968434082938,0,0,1134,8560,1,0.0
raw_native,8.0,cluster_merging,431,-1,2899,2,487,0.9972404277337013,0,0,347,2552,1,0.0
raw_native,8.0,cluster_merging,432,-1,2374,5,491,0.7097725358045492,0,0,316,2058,1,0.0
raw_native,8.0,cluster_merging,433,-1,10199,13,489,0.6570251985488773,0,0,1225,8974,0,0.46575168108407594
raw_native,8.0,cluster_merging,434,-1,3888,9,485,0.9038065843621399,0,0,469,3419,1,0.17427748187288766
raw_native,8.0,cluster_merging,435,-1,340,2,480,0.9882352941176471,0,0,57,283,1,0.0
raw_native,8.0,cluster_merging,436,-1,2331,5,488,0.9764049764049764,0,0,273,2058,1,0.0
raw_native,8.0,cluster_merging,437,-1,3240,6,494,0.9845679012345679,0,0,390,2850,1,0.0
raw_native,8.0,cluster_merging,438,-1,725,8,476,0.416551724137931,0,0,94,631,1,0.0
raw_native,8.0,cluster_merging,439,-1,9811,12,496,0.8010396493731525,0,0,1189,8622,0,0.6147843941973186
raw_native,8.0,cluster_merging,440,-1,963,3,479,0.9626168224299065,0,0,114,849,1,0.0
raw_native,8.0,cluster_merging,441,-1,356,10,494,0.5955056179775281,0,0,43,313,1,0.0
raw_native,8.0,cluster_merging,442,-1,309,5,482,0.5210355987055016,0,0,39,270,1,0.0
raw_native,8.0,cluster_merging,443,-1,1375,7,477,0.978909090909091,0,0,165,1210,1,0.17142857142546963
raw_native,8.0,cluster_merging,444,-1,1664,13,478,0.2566105769230769,0,0,182,1482,0,1.1179985062516462
raw_native,8.0,cluster_merging,445,-1,1190,6,491,0.8672268907563025,0,0,143,1047,1,0.0
raw_native,8.0,cluster_merging,446,-1,251,2,476,0.6294820717131474,0,0,31,220,1,0.0
raw_native,8.0,cluster_merging,447,-1,4037,14,481,0.6489967797869706,0,0,468,3569,0,0.22620126924826342
raw_native,8.0,cluster_merging,448,-1,606,1,475,1.0,0,0,68,538,0,0.0
raw_native,8.0,cluster_merging,449,-1,3165,11,484,0.987045813586098,0,0,333,2832,1,0.14035087718475425
raw_native,8.0,cluster_merging,450,-1,8356,6,495,0.9273575873623744,0,0,954,7402,0,0.4270960966043131
raw_native,8.0,cluster_merging,451,-1,2333,1,493,1.0,0,0,269,2064,1,0.0
raw_native,8.0,cluster_merging,452,337,29748,13,497,0.9430213795885438,15778,13970,17215,12533,0,0.35975000197457874
raw_native,8.0,cluster_merging,453,-1,8844,8,508,0.9696969696969697,0,0,1102,7742,0,0.5880808610781444
raw_native,8.0,cluster_merging,454,-1,1591,2,486,0.9767441860465116,0,0,176,1415,0,0.20568837591847713
raw_native,8.0,cluster_merging,455,-1,2605,4,507,0.9973128598848369,0,0,316,2289,1,0.0
raw_native,8.0,cluster_merging,456,-1,3729,10,483,0.7173504961115581,0,0,479,3250,0,0.33277870213738575
raw_native,8.0,cluster_merging,457,-1,1827,2,500,0.9989053092501369,0,0,206,1621,0,0.8333333333009881
raw_native,8.0,cluster_merging,458,-1,491,2,508,0.9938900203665988,0,0,65,426,1,0.0
raw_native,8.0,cluster_merging,459,-1,630,2,508,0.9571428571428572,0,0,85,545,1,0.0
raw_native,8.0,cluster_merging,460,-1,448,2,505,0.9955357142857143,0,0,61,387,1,0.0
raw_native,8.0,cluster_merging,461,-1,752,3,501,0.9960106382978723,0,0,94,658,1,0.0
raw_native,8.0,cluster_merging,462,-1,1846,2,503,0.9539544962080173,0,0,221,1625,0,0.4119427627636486
raw_native,8.0,cluster_merging,463,-1,311,4,502,0.7331189710610932,0,0,42,269,1,0.0
raw_native,8.0,cluster_merging,464,-1,6634,3,504,0.9960807958999096,0,0,775,5859,1,0.0
raw_native,8.0,cluster_merging,465,-1,1960,5,502,0.9821428571428571,0,0,231,1729,1,0.0
raw_native,8.0,cluster_merging,466,-1,2732,4,499,0.6617862371888726,0,0,386,2346,0,1.07359307352363
raw_native,8.0,cluster_merging,467,-1,6501,9,492,0.799415474542378,0,0,1421,5080,0,0.3885714285557806
raw_native,8.0,cluster_merging,468,-1,5215,9,505,0.31907957813998084,0,0,603,4612,0,1.0873786407127486
raw_native,8.0,cluster_merging,469,-1,1717,1,509,1.0,0,0,254,1463,0,1.3429888083655506
raw_native,8.0,cluster_merging,470,-1,1334,2,513,0.8253373313343328,0,0,169,1165,1,0.0
raw_native,8.0,cluster_merging,471,-1,12140,3,498,0.999176276771005,0,0,1435,10705,1,0.1826901118874416
raw_native,8.0,cluster_merging,472,-1,679,2,514,0.9985272459499264,0,0,77,602,1,0.03565062388581552
raw_native,8.0,cluster_merging,473,-1,9584,7,510,0.8286727879799666,0,0,1090,8494,0,0.8676079393767537
raw_native,8.0,cluster_merging,474,-1,908,1,511,1.0,0,0,115,793,1,0.0
raw_native,8.0,cluster_merging,475,-1,4588,2,512,0.999128160418483,0,0,512,4076,1,0.0
raw_native,8.0,cluster_merging,476,-1,2654,6,513,0.6152976639035418,0,0,283,2371,0,0.47058823527784704
raw_native,8.0,cluster_merging,477,-1,12499,2,516,0.9981598527882231,0,0,1460,11039,1,0.0005149794651903478
raw_native,8.0,cluster_merging,478,-1,822,3,518,0.8807785888077859,0,0,87,735,1,0.0
raw_native,8.0,cluster_merging,479,-1,2787,1,517,1.0,0,0,364,2423,0,1.3088587389316306
raw_native,8.0,cluster_merging,480,-1,2120,3,515,0.9863207547169811,0,0,241,1879,0,0.2777777777729571
raw_native,8.0,cluster_merging,481,-1,6159,5,522,0.8637765871082969,0,0,712,5447,0,0.7312975590199072
raw_native,8.0,cluster_merging,482,-1,242,3,519,0.9917355371900827,0,0,37,205,1,0.0
raw_native,8.0,cluster_merging,483,-1,95988,7,523,0.9951660624244697,0,0,11380,84608,1,0.013083584901057379
raw_native,8.0,cluster_merging,484,-1,204,2,520,0.9950980392156863,0,0,32,172,1,0.0
raw_native,8.0,cluster_merging,485,-1,882,2,518,0.9954648526077098,0,0,101,781,1,0.11494252873391002
raw_native,8.0,cluster_merging,486,-1,4029,6,524,0.9585505088111194,0,0,468,3561,0,0.5904059040197216
raw_native,8.0,cluster_merging,487,-1,18363,5,525,0.9391711593966128,0,0,2100,16263,0,0.4763977858986551
raw_native,8.0,cluster_merging,488,-1,10150,2,527,0.9970443349753695,0,0,1254,8896,1,0.16812865496020735
raw_native,8.0,cluster_merging,489,-1,46,2,521,0.9782608695652174,0,0,6,40,0,0.0
raw_native,8.0,cluster_merging,490,-1,2257,1,526,1.0,0,0,250,2007,0,0.6896551723733854
raw_native,8.0,cluster_merging,491,-1,66,1,526,1.0,0,0,12,54,0,0.0
raw_native,8.0,cluster_merging,492,-1,9382,2,529,0.9941377105094863,0,0,1171,8211,1,0.03164556961943606
raw_native,8.0,cluster_merging,493,-1,6430,5,528,0.6934681181959564,0,0,774,5656,0,1.2998324957523637
raw_native,8.0,cluster_merging,494,-1,4236,6,537,0.5304532577903682,0,0,497,3739,0,0.7646356033179346
raw_native,8.0,cluster_merging,495,-1,22,1,533,1.0,0,0,3,19,0,0.0
raw_native,8.0,cluster_merging,496,-1,3610,6,534,0.9537396121883657,0,0,404,3206,0,0.6748025843292613
raw_native,8.0,cluster_merging,497,-1,588,3,530,0.9965986394557823,0,0,62,526,1,0.0
raw_native,8.0,cluster_merging,498,-1,7498,5,535,0.9857295278740997,0,0,888,6610,0,0.28690575478668
raw_native,8.0,cluster_merging,499,-1,328,1,536,1.0,0,0,48,280,1,0.0
raw_native,8.0,cluster_merging,500,-1,62,1,533,1.0,0,0,8,54,1,0.0
raw_native,8.0,cluster_merging,501,-1,266,1,531,1.0,0,0,28,238,0,0.0
raw_native,8.0,cluster_merging,502,-1,7011,5,533,0.985451433461703,0,0,827,6184,0,0.5320665082721169
raw_native,8.0,cluster_merging,503,-1,218,2,545,0.9908256880733946,0,0,24,194,1,0.0
raw_native,8.0,cluster_merging,504,-1,10199,1,543,1.0,0,0,1237,8962,1,0.0
raw_native,8.0,cluster_merging,505,-1,1471,1,539,1.0,0,0,200,1271,0,1.1347517730205443
raw_native,8.0,cluster_merging,506,-1,1556,4,532,0.9318766066838047,0,0,191,1365,0,0.2527646129531108
raw_native,8.0,cluster_merging,507,-1,4094,7,544,0.7699071812408402,0,0,468,3626,0,1.007081038508025
raw_native,8.0,cluster_merging,508,-1,4986,8,541,0.8050541516245487,0,0,590,4396,0,0.6193806193549354
raw_native,8.0,cluster_merging,509,-1,185,1,542,1.0,0,0,20,165,1,0.0
raw_native,8.0,cluster_merging,510,-1,19119,7,550,0.9611904388304827,0,0,2241,16878,1,0.040977932828032686
raw_native,8.0,cluster_merging,511,-1,677,4,546,0.8774002954209749,0,0,74,603,1,0.08438818565345294
raw_native,8.0,cluster_merging,512,-1,10571,3,538,0.9987702204143412,0,0,1275,9296,1,0.002922267679639846
raw_native,8.0,cluster_merging,513,-1,293,2,548,0.8395904436860068,0,0,39,254,1,0.0
raw_native,8.0,cluster_merging,514,-1,34,1,554,1.0,0,0,8,26,0,0.0
raw_native,8.0,cluster_merging,515,-1,2649,1,556,1.0,0,0,318,2331,0,1.435406698510836
raw_native,8.0,cluster_merging,516,-1,408,3,554,0.9681372549019608,0,0,60,348,1,0.0
raw_native,8.0,cluster_merging,517,-1,3521,7,548,0.6535075262709458,0,0,379,3142,0,0.5140186915639201
raw_native,8.0,cluster_merging,518,-1,6328,8,549,0.5238621997471555,0,0,701,5627,0,0.4200504060330175
raw_native,8.0,cluster_merging,519,-1,128,2,553,0.984375,0,0,19,109,1,0.0
raw_native,8.0,cluster_merging,520,-1,4665,6,540,0.9877813504823151,0,0,518,4147,1,0.11326860841201256
raw_native,8.0,cluster_merging,521,-1,43,2,555,0.7906976744186046,0,0,3,40,0,0.0
raw_native,8.0,cluster_merging,522,-1,646,2,555,0.9752321981424149,0,0,69,577,1,0.0
raw_native,8.0,cluster_merging,523,-1,34,2,548,0.9705882352941176,0,0,2,32,0,0.0
raw_native,8.0,cluster_merging,524,-1,4312,3,552,0.99652133580705,0,0,470,3842,1,0.0
raw_native,8.0,cluster_merging,525,-1,7630,9,557,0.35570117955439057,0,0,838,6792,0,0.7947661739388606
raw_native,8.0,cluster_merging,526,-1,5979,3,561,0.9876233483860177,0,0,731,5248,1,0.02134187008102654
raw_native,8.0,cluster_merging,527,-1,5223,8,566,0.7124258089220754,0,0,584,4639,0,0.6847045830688512
raw_native,8.0,cluster_merging,528,-1,269,1,565,1.0,0,0,31,238,1,0.0
raw_native,8.0,cluster_merging,529,-1,8237,4,559,0.9283719800898386,0,0,989,7248,1,0.07751937984138413
raw_native,8.0,cluster_merging,530,-1,157,1,563,1.0,0,0,28,129,1,0.0
raw_native,8.0,cluster_merging,531,-1,666,3,563,0.993993993993994,0,0,82,584,1,0.0
raw_native,8.0,cluster_merging,532,-1,466,1,565,1.0,0,0,49,417,1,0.0
raw_native,8.0,cluster_merging,533,-1,595,2,565,0.9949579831932773,0,0,63,532,0,0.5970149253625718
raw_native,8.0,cluster_merging,534,-1,4121,2,567,0.8743023537976219,0,0,536,3585,1,0.015220700151550312
raw_native,8.0,cluster_merging,535,-1,2655,5,562,0.9480225988700565,0,0,338,2317,0,1.2142857142347405
raw_native,8.0,cluster_merging,536,-1,383,1,558,1.0,0,0,47,336,1,0.0
raw_native,8.0,cluster_merging,537,-1,1034,1,560,1.0,0,0,129,905,1,0.0
raw_native,8.0,cluster_merging,538,-1,3777,1,568,1.0,0,0,434,3343,0,0.6517311608645298
raw_native,8.0,cluster_merging,539,-1,2963,1,569,1.0,0,0,372,2591,0,0.5891980359782413
raw_native,8.0,cluster_merging,540,-1,59,1,571,1.0,0,0,5,54,1,0.0
raw_native,8.0,cluster_merging,541,-1,5499,2,570,0.9992725950172758,0,0,662,4837,0,0.25253036435460285
raw_native,8.0,cluster_merging,542,-1,39,1,571,1.0,0,0,8,31,0,0.0
raw_native,8.0,cluster_merging,543,-1,3986,2,572,0.9989964877069744,0,0,456,3530,0,0.5373635599976877
raw_native,8.0,cluster_merging,544,-1,1414,1,571,1.0,0,0,166,1248,0,0.6611570247569207
raw_native,8.0,cluster_merging,545,-1,373,1,573,1.0,0,0,36,337,0,4.102564102490619
raw_native,8.0,cluster_merging,546,-1,261,1,574,1.0,0,0,25,236,0,7.294117647025889
raw_native,8.0,cluster_merging,547,-1,1301,1,575,1.0,0,0,81,1220,0,16.20770519255286
raw_native,8.0,cluster_merging,548,-1,950,2,576,0.7421052631578947,0,0,67,883,0,7.883461868007131
raw_native,8.0,cluster_merging,549,-1,767,1,578,1.0,0,0,64,703,0,19.781249999695543
raw_native,8.0,cluster_merging,550,-1,1537,1,582,1.0,0,0,177,1360,0,2.1374722837950335
raw_native,8.0,cluster_merging,551,-1,1615,1,581,1.0,0,0,179,1436,1,0.0
raw_native,8.0,cluster_merging,552,-1,1609,1,580,1.0,0,0,195,1414,1,0.0
raw_native,8.0,cluster_merging,553,-1,1342,1,579,1.0,0,0,160,1182,0,2.244224422419866
raw_native,8.0,cluster_merging,554,-1,1571,1,583,1.0,0,0,204,1367,0,2.189189189164788
raw_native,8.0,cluster_merging,555,-1,2187,2,584,0.9085505258344765,0,0,269,1918,0,3.03727100439118
raw_native,8.0,cluster_merging,556,-1,1002,1,587,1.0,0,0,118,884,0,2.2315789473552456
raw_native,8.0,cluster_merging,557,-1,1865,2,586,0.9689008042895443,0,0,240,1625,1,0.0
raw_native,8.0,cluster_merging,558,-1,265,1,588,1.0,0,0,30,235,0,2.3448275861878645
raw_native,8.0,cluster_merging,559,-1,474,2,587,0.9915611814345991,0,0,51,423,1,0.09374999999762797
raw_native,8.0,cluster_merging,560,-1,694,2,585,0.6585014409221902,0,0,70,624,1,0.08714596949832942
raw_native,8.0,cluster_merging,561,-1,57,1,589,1.0,0,0,8,49,0,0.0
raw_native,8.0,cluster_merging,562,-1,1312,1,589,1.0,0,0,164,1148,0,2.5828092242905014
raw_native,8.0,cluster_merging,563,-1,2404,1,590,1.0,0,0,276,2128,0,2.6293848499995933
raw_native,8.0,cluster_merging,564,-1,939,1,591,1.0,0,0,111,828,0,2.3188405796771243
raw_native,8.0,cluster_merging,565,-1,1715,1,592,1.0,0,0,203,1512,0,2.7739251040031996
raw_native,8.0,cluster_merging,566,-1,896,2,594,0.5948660714285714,0,0,104,792,0,3.869731800721438
raw_native,8.0,duplicate_removal,0,-1,179,1,7,1.0,0,0,37,142,1,0.0
raw_native,8.0,duplicate_removal,1,-1,17018,6,5,0.9727935127512046,0,0,1962,15056,1,0.031852986215574225
raw_native,8.0,duplicate_removal,2,-1,2827,4,9,0.9837283339228865,0,0,326,2501,0,0.6249999999566251
raw_native,8.0,duplicate_removal,3,-1,201,1,1,1.0,0,0,25,176,0,0.0
raw_native,8.0,duplicate_removal,4,-1,1404,1,8,1.0,0,0,148,1256,1,0.0
raw_native,8.0,duplicate_removal,5,-1,27518,8,10,0.9435642125154444,0,0,3193,24325,0,0.501369949256272
raw_native,8.0,duplicate_removal,6,-1,24077,7,4,0.3481330730572746,0,0,2801,21276,0,0.5257920052655459
raw_native,8.0,duplicate_removal,7,-1,1139,2,18,0.9991220368744512,0,0,144,995,0,0.6153846153435784
raw_native,8.0,duplicate_removal,8,-1,5260,2,15,0.999809885931559,0,0,602,4658,1,0.0
raw_native,8.0,duplicate_removal,9,-1,3385,3,12,0.9988183161004431,0,0,417,2968,1,0.04419889502575829
raw_native,8.0,duplicate_removal,10,-1,806,1,11,1.0,0,0,102,704,1,0.0
raw_native,8.0,duplicate_removal,11,-1,11118,4,3,0.9867781975175391,0,0,1309,9809,1,0.03293730149234508
raw_native,8.0,duplicate_removal,12,-1,6472,2,16,0.99057478368356,0,0,735,5737,1,0.011210762331399827
raw_native,8.0,duplicate_removal,13,-1,3996,5,14,0.9814814814814815,0,0,500,3496,1,0.0
raw_native,8.0,duplicate_removal,14,-1,22567,7,2,0.6577746266672575,0,0,2639,19928,1,0.19109231150413505
raw_native,8.0,duplicate_removal,15,-1,6953,2,18,0.9995685315691069,0,0,817,6136,1,0.0
raw_native,8.0,duplicate_removal,16,-1,17032,5,17,0.7099577266322217,0,0,1986,15046,0,0.40737597404567605
raw_native,8.0,duplicate_removal,17,-1,14145,4,24,0.9744079179922234,0,0,1689,12456,0,0.37010676153654537
raw_native,8.0,duplicate_removal,18,-1,6210,4,19,0.9650563607085346,0,0,695,5515,1,0.16134946827255456
raw_native,8.0,duplicate_removal,19,-1,3097,2,20,0.999354213755247,0,0,377,2720,1,0.0
raw_native,8.0,duplicate_removal,20,-1,3843,1,21,1.0,0,0,468,3375,1,0.0
raw_native,8.0,duplicate_removal,21,-1,10783,2,23,0.9731985532783084,0,0,1290,9493,1,0.0
raw_native,8.0,duplicate_removal,22,-1,9910,6,27,0.9616548940464178,0,0,1134,8776,0,0.22333461685153191
raw_native,8.0,duplicate_removal,23,-1,28546,4,30,0.9655643522735234,0,0,3309,25237,1,0.13549579140915446
raw_native,8.0,duplicate_removal,24,-1,6816,4,28,0.7564553990610329,0,0,811,6005,1,0.03470715834907609
raw_native,8.0,duplicate_removal,25,-1,723,1,25,1.0,0,0,90,633,1,0.0
raw_native,8.0,duplicate_removal,26,-1,3588,2,29,0.9640468227424749,0,0,426,3162,1,0.0
raw_native,8.0,duplicate_removal,27,-1,25958,6,32,0.8568456737807227,0,0,3116,22842,0,0.3829000326023406
raw_native,8.0,duplicate_removal,28,-1,4623,4,31,0.9833441488211119,0,0,554,4069,1,0.006150061500480142
raw_native,8.0,duplicate_removal,29,-1,14422,5,33,0.9822493412841492,0,0,1750,12672,1,0.16816270876984335
raw_native,8.0,duplicate_removal,30,-1,11974,7,35,0.9264239184900618,0,0,1445,10529,1,0.11812080536154788
raw_native,8.0,duplicate_removal,31,-1,1321,3,34,0.7676003028009084,0,0,158,1163,1,0.0
raw_native,8.0,duplicate_removal,32,-1,4106,2,37,0.9980516317584024,0,0,453,3653,1,0.0
raw_native,8.0,duplicate_removal,33,-1,18645,3,26,0.990506838294449,0,0,2207,16438,1,0.05760815376575857
raw_native,8.0,duplicate_removal,34,-1,333,2,36,0.8798798798798799,0,0,43,290,1,0.0
raw_native,8.0,duplicate_removal,35,-1,5455,3,36,0.9952337305224565,0,0,687,4768,1,0.0
raw_native,8.0,duplicate_removal,36,-1,5171,3,39,0.9955521175788049,0,0,640,4531,1,0.010462987182596577
raw_native,8.0,duplicate_removal,37,-1,993,3,34,0.8529707955689829,0,0,119,874,0,0.6249999999678689
raw_native,8.0,duplicate_removal,38,-1,20120,3,40,0.9967693836978131,0,0,2328,17792,1,0.0
raw_native,8.0,duplicate_removal,39,-1,999,3,37,0.5095095095095095,0,0,106,893,1,0.0
raw_native,8.0,duplicate_removal,40,-1,1482,1,41,1.0,0,0,183,1299,0,0.43956043952500634
raw_native,8.0,duplicate_removal,41,-1,11229,4,44,0.8739869979517321,0,0,1280,9949,0,0.26892721424831156
raw_native,8.0,duplicate_removal,42,-1,11980,3,42,0.9853088480801335,0,0,1454,10526,1,0.0
raw_native,8.0,duplicate_removal,43,-1,9827,4,38,0.8911163122010787,0,0,1178,8649,1,0.13654984068184503
raw_native,8.0,duplicate_removal,44,-1,17151,5,43,0.9878141216255611,0,0,2019,15132,0,0.22894805305485125
raw_native,8.0,duplicate_removal,45,-1,22653,2,45,0.9820332847746436,0,0,2719,19934,0,0.3396603396339514
raw_native,8.0,duplicate_removal,46,-1,26640,2,47,0.9976726726726727,0,0,3283,23357,0,0.4590188286446358
raw_native,8.0,duplicate_removal,47,-1,1308,1,46,1.0,0,0,179,1129,0,1.4769230767933594
raw_native,8.0,duplicate_removal,48,-1,25759,2,48,0.9991847509608293,0,0,3002,22757,0,0.3097186190107699
raw_native,8.0,duplicate_removal,49,-1,1053,1,49,1.0,0,0,143,910,0,0.689655172369742
raw_native,8.0,duplicate_removal,50,-1,16781,2,50,0.9996424527739706,0,0,2617,14164,0,0.35097241064409473
raw_native,8.0,duplicate_removal,51,-1,18728,2,51,0.9997864160615122,0,0,2133,16595,0,0.4437541601664657
raw_native,8.0,duplicate_removal,52,-1,51523,3,53,0.9939056343768802,0,0,6069,45454,0,0.5186883284701506
raw_native,8.0,duplicate_removal,53,-1,1505,1,55,1.0,0,0,166,1339,1,0.0
raw_native,8.0,duplicate_removal,54,-1,1382,1,54,1.0,0,0,180,1202,0,0.4705882352587912
raw_native,8.0,duplicate_removal,55,-1,11214,4,57,0.923577670768682,0,0,1372,9842,0,0.3953871498872835
raw_native,8.0,duplicate_removal,56,-1,16393,5,56,0.9951198682364424,0,0,1992,14401,1,0.0319645930643811
raw_native,8.0,duplicate_removal,57,-1,28925,5,52,0.737286084701815,0,0,4125,24800,0,0.4936570085708138
raw_native,8.0,duplicate_removal,58,-1,15493,2,63,0.9997418188859485,0,0,1805,13688,1,0.01266624445787584
raw_native,8.0,duplicate_removal,59,-1,13285,3,60,0.9951825366955213,0,0,1584,11701,1,0.047422937724453954
raw_native,8.0,duplicate_removal,60,-1,12557,4,63,0.9816835231345067,0,0,1509,11048,0,0.2609603340113247
raw_native,8.0,duplicate_removal,61,-1,1131,1,59,1.0,0,0,141,990,0,1.6271186439500689
raw_native,8.0,duplicate_removal,62,-1,5195,2,62,0.9998075072184793,0,0,643,4552,0,0.4120171673501581
raw_native,8.0,duplicate_removal,63,-1,23659,4,66,0.9949702016146076,0,0,2759,20900,0,0.3508511112519554
raw_native,8.0,duplicate_removal,64,-1,267,1,68,1.0,0,0,31,236,1,0.0
raw_native,8.0,duplicate_removal,65,-1,13744,3,65,0.9838474970896391,0,0,1624,12120,1,0.0
raw_native,8.0,duplicate_removal,66,-1,950,2,67,0.9947368421052631,0,0,115,835,0,0.9999999999247086
raw_native,8.0,duplicate_removal,67,-1,9047,4,64,0.9941417044324086,0,0,1046,8001,1,0.03187976773213004
raw_native,8.0,duplicate_removal,68,-1,8181,1,69,1.0,0,0,973,7208,1,0.0
raw_native,8.0,duplicate_removal,69,-1,7489,5,61,0.7696621711844038,0,0,882,6607,1,0.10856453557891911
raw_native,8.0,duplicate_removal,70,-1,615,1,68,1.0,0,0,79,536,0,0.9842209072059981
raw_native,8.0,duplicate_removal,71,-1,18194,7,71,0.9780696933054853,0,0,2145,16049,0,0.35496545180926
raw_native,8.0,duplicate_removal,72,-1,10784,2,70,0.9999072700296736,0,0,1256,9528,0,0.9221737766601852
raw_native,8.0,duplicate_removal,73,-1,4144,2,74,0.9983108108108109,0,0,487,3657,1,0.0
raw_native,8.0,duplicate_removal,74,-1,2047,1,72,1.0,0,0,266,1781,0,1.0480349344338544
raw_native,8.0,duplicate_removal,75,-1,16701,1,73,1.0,0,0,1981,14720,1,0.07211827396662308
raw_native,8.0,duplicate_removal,76,-1,33887,3,76,0.7930179714934931,0,0,3930,29957,0,0.5467586953175007
raw_native,8.0,duplicate_removal,77,-1,141,1,77,1.0,0,0,21,120,0,0.0
raw_native,8.0,duplicate_removal,78,-1,14968,5,81,0.7361704970603955,0,0,1756,13212,0,0.4803635182993752
raw_native,8.0,duplicate_removal,79,-1,304,2,77,0.9967105263157895,0,0,42,262,1,0.0888888888862575
raw_native,8.0,duplicate_removal,80,-1,2524,3,80,0.9932646592709984,0,0,302,2222,1,0.0
raw_native,8.0,duplicate_removal,81,-1,150,4,81,0.7933333333333333,0,0,16,134,1,0.0
raw_native,8.0,duplicate_removal,82,-1,1085,2,79,0.9834101382488479,0,0,138,947,1,0.0
raw_native,8.0,duplicate_removal,83,-1,14618,4,75,0.6263510740183336,0,0,1651,12967,0,0.30987246100890536
raw_native,8.0,duplicate_removal,84,-1,340,1,82,1.0,0,0,50,290,0,1.1428571428254273
raw_native,8.0,duplicate_removal,85,-1,20921,2,83,0.999952201137613,0,0,2406,18515,0,0.5612594113220459
raw_native,8.0,duplicate_removal,86,-1,1088,1,84,1.0,0,0,126,962,0,2.1138211381432894
raw_native,8.0,duplicate_removal,87,-1,21003,1,86,1.0,0,0,2421,18582,0,0.49080882349624133
raw_native,8.0,duplicate_removal,88,-1,782,3,88,0.9833759590792839,0,0,102,680,0,0.46874999999251976
raw_native,8.0,duplicate_removal,89,-1,274,1,90,1.0,0,0,33,241,0,5.999999999936676
raw_native,8.0,duplicate_removal,90,-1,281,2,90,0.9928825622775801,0,0,36,245,0,0.9230769230581795
raw_native,8.0,duplicate_removal,91,-1,13338,6,93,0.7488379067326436,0,0,1537,11801,0,1.0343170238764365
raw_native,8.0,duplicate_removal,92,-1,3119,5,92,0.8794485411991023,0,0,383,2736,1,0.18076178179091906
raw_native,8.0,duplicate_removal,93,-1,227,3,89,0.8986784140969163,0,0,24,203,0,0.0
raw_native,8.0,duplicate_removal,94,-1,101,2,93,0.9801980198019802,0,0,13,88,0,0.0
raw_native,8.0,duplicate_removal,95,-1,5144,5,91,0.9053265940902022,0,0,580,4564,1,0.1836547291018342
raw_native,8.0,duplicate_removal,96,-1,3198,2,85,0.9996873045653534,0,0,380,2818,0,0.7088607594783702
raw_native,8.0,duplicate_removal,97,-1,559,2,87,0.9767441860465116,0,0,80,479,0,5.511111110983516
raw_native,8.0,duplicate_removal,98,-1,1645,1,96,1.0,0,0,176,1469,0,1.4871794871104778
raw_native,8.0,duplicate_removal,99,-1,5694,4,97,0.9961362838075167,0,0,702,4992,0,1.7210401890373206
raw_native,8.0,duplicate_removal,100,-1,861,3,95,0.9941927990708479,0,0,101,760,0,0.0
raw_native,8.0,duplicate_removal,101,-1,373,1,94,1.0,0,0,46,327,0,3.9999999999255205
raw_native,8.0,duplicate_removal,102,-1,6522,2,100,0.9924869671879791,0,0,768,5754,1,0.07541478129108124
raw_native,8.0,duplicate_removal,103,-1,54,1,98,1.0,0,0,4,50,0,0.0
raw_native,8.0,duplicate_removal,104,-1,460,1,98,1.0,0,0,59,401,0,0.7207207207068963
raw_native,8.0,duplicate_removal,105,-1,641,1,99,1.0,0,0,74,567,0,1.818181818136418
raw_native,8.0,duplicate_removal,106,-1,656,2,102,0.6509146341463414,0,0,91,565,0,1.303258145349286
raw_native,8.0,duplicate_removal,107,-1,1009,2,103,0.8642220019821606,0,0,119,890,0,0.869565217359101
raw_native,8.0,duplicate_removal,108,-1,449,1,105,1.0,0,0,59,390,0,2.285714285493854
raw_native,8.0,duplicate_removal,109,-1,460,1,106,1.0,0,0,63,397,1,0.03798670465238103
raw_native,8.0,duplicate_removal,110,-1,611,1,108,1.0,0,0,92,519,0,1.3749999999465026
raw_native,8.0,duplicate_removal,111,-1,133,1,108,1.0,0,0,17,116,1,0.0
raw_native,8.0,duplicate_removal,112,-1,495,2,113,0.9959595959595959,0,0,57,438,0,0.35714285713159455
raw_native,8.0,duplicate_removal,113,-1,1246,2,110,0.9598715890850722,0,0,140,1106,0,1.560975609657533
raw_native,8.0,duplicate_removal,114,-1,4106,3,107,0.7177301509985388,0,0,506,3600,0,1.014332965758536
raw_native,8.0,duplicate_removal,115,-1,1091,2,111,0.9917506874427131,0,0,137,954,0,1.249999999922348
raw_native,8.0,duplicate_removal,116,-1,940,1,114,1.0,0,0,117,823,1,0.0
raw_native,8.0,duplicate_removal,117,-1,283,2,114,0.773851590106007,0,0,44,239,1,0.0
raw_native,8.0,duplicate_removal,118,793,17991,1,112,1.0,17940,51,17946,45,1,0.0
raw_native,8.0,duplicate_removal,119,-1,8580,2,116,0.9997668997668998,0,0,1006,7574,1,0.016236090321802434
raw_native,8.0,duplicate_removal,120,-1,8519,2,115,0.9998826153304379,0,0,947,7572,1,0.04950233126717179
raw_native,8.0,duplicate_removal,121,-1,2051,1,118,1.0,0,0,198,1853,0,1.7575757574512403
raw_native,8.0,duplicate_removal,122,-1,2406,1,117,1.0,0,0,252,2154,0,1.258741258656198
raw_native,8.0,duplicate_removal,123,-1,3213,1,120,1.0,0,0,392,2821,0,1.5584415583254525
raw_native,8.0,duplicate_removal,124,-1,3484,1,119,1.0,0,0,400,3084,0,1.9675675674241133
raw_native,8.0,duplicate_removal,125,-1,2581,2,125,0.9996125532739248,0,0,372,2209,0,1.6573033706829303
raw_native,8.0,duplicate_removal,126,2143,18122,1,124,1.0,18122,0,18122,0,1,0.0
raw_native,8.0,duplicate_removal,127,-1,867,1,121,1.0,0,0,118,749,1,0.0
raw_native,8.0,duplicate_removal,128,-1,2490,3,123,0.9883534136546185,0,0,271,2219,0,1.5635179152041692
raw_native,8.0,duplicate_removal,129,-1,6259,4,122,0.9303403099536667,0,0,731,5528,0,1.6465169831807531
raw_native,8.0,duplicate_removal,130,-1,14730,2,128,0.9911065852002715,0,0,1694,13036,1,0.012451361867003378
raw_native,8.0,duplicate_removal,131,-1,1836,1,126,1.0,0,0,232,1604,0,2.1759259257985493
raw_native,8.0,duplicate_removal,132,-1,19,1,127,1.0,0,0,3,16,0,0.0
raw_native,8.0,duplicate_removal,133,-1,8241,2,127,0.7835214173037253,0,0,1028,7213,0,1.8387407644020897
raw_native,8.0,duplicate_removal,134,-1,7378,3,131,0.972621306587151,0,0,1317,6061,0,1.1554357591151534
raw_native,8.0,duplicate_removal,135,-1,454,1,136,1.0,0,0,66,388,1,0.0
raw_native,8.0,duplicate_removal,136,-1,2095,3,132,0.9914081145584726,0,0,286,1809,0,1.850175967700483
raw_native,8.0,duplicate_removal,137,-1,675,2,139,0.9511111111111111,0,0,93,582,1,0.0
raw_native,8.0,duplicate_removal,138,-1,7712,4,130,0.9700466804979253,0,0,1189,6523,0,1.6981981980717895
raw_native,8.0,duplicate_removal,139,-1,10513,3,135,0.8605536003043851,0,0,1327,9186,0,1.6006295493626312
raw_native,8.0,duplicate_removal,140,-1,246,2,129,0.991869918699187,0,0,24,222,0,0.0
raw_native,8.0,duplicate_removal,141,-1,2884,1,134,1.0,0,0,374,2510,0,2.23783783767006
raw_native,8.0,duplicate_removal,142,-1,6496,2,133,0.9952278325123153,0,0,843,5653,0,0.7843866170490742
raw_native,8.0,duplicate_removal,143,-1,1026,2,138,0.9902534113060428,0,0,138,888,1,0.0
raw_native,8.0,duplicate_removal,144,-1,3877,2,140,0.9829765282434872,0,0,458,3419,0,1.735751295224063
raw_native,8.0,duplicate_removal,145,-1,17254,3,141,0.9035585951083807,0,0,2003,15251,0,1.5455046014682765
raw_native,8.0,duplicate_removal,146,1143,19042,2,143,0.9999474845079298,15802,3240,16318,2724,0,0.2789171451733243
raw_native,8.0,duplicate_removal,147,-1,7849,2,142,0.9968148808765448,0,0,869,6980,0,1.631897472290797
raw_native,8.0,duplicate_removal,148,-1,215,1,137,1.0,0,0,29,186,1,0.0
raw_native,8.0,duplicate_removal,149,-1,15268,3,147,0.9926643961226094,0,0,1710,13558,0,0.5705670879689911
raw_native,8.0,duplicate_removal,150,-1,1727,1,148,1.0,0,0,213,1514,1,0.09756097560738902
raw_native,8.0,duplicate_removal,151,-1,382,1,148,1.0,0,0,47,335,0,0.624999999993655
raw_native,8.0,duplicate_removal,152,-1,6419,3,145,0.995014799813055,0,0,884,5535,0,0.5282465149871022
raw_native,8.0,duplicate_removal,153,-1,1097,2,148,0.9990884229717412,0,0,124,973,0,1.3207547169310747
raw_native,8.0,duplicate_removal,154,-1,3165,1,144,1.0,0,0,385,2780,0,2.1869918697701793
raw_native,8.0,duplicate_removal,155,-1,11139,3,146,0.9934464494119759,0,0,1380,9759,0,0.3081078994792219
raw_native,8.0,duplicate_removal,156,-1,16924,4,149,0.9963956511463011,0,0,1945,14979,0,0.6440220213342749
raw_native,8.0,duplicate_removal,157,1300,20272,4,150,0.9817482241515391,8535,11737,10941,9331,0,1.1083578889955514
raw_native,8.0,duplicate_removal,158,-1,1681,1,153,1.0,0,0,181,1500,1,0.0
raw_native,8.0,duplicate_removal,159,-1,6467,2,152,0.9996907375908458,0,0,798,5669,0,1.0987124462580147
raw_native,8.0,duplicate_removal,160,-1,5371,2,154,0.9990690746602122,0,0,598,4773,0,1.7213622289740427
raw_native,8.0,duplicate_removal,161,-1,14577,2,151,0.998696576799067,0,0,1735,12842,0,1.5834880418126382
raw_native,8.0,duplicate_removal,162,-1,8333,2,156,0.9986799471978879,0,0,961,7372,0,1.6585365852375804
raw_native,8.0,duplicate_removal,163,-1,1007,1,155,1.0,0,0,134,873,1,0.0
raw_native,8.0,duplicate_removal,164,-1,5498,1,157,1.0,0,0,637,4861,0,1.7362794011582354
raw_native,8.0,duplicate_removal,165,-1,4362,3,158,0.9773039889958735,0,0,576,3786,0,1.6296296295020056
raw_native,8.0,duplicate_removal,166,-1,7458,3,161,0.9810941271118262,0,0,884,6574,0,1.3960474307277175
raw_native,8.0,duplicate_removal,167,-1,430,2,160,0.9976744186046511,0,0,63,367,1,0.04166666666550987
raw_native,8.0,duplicate_removal,168,-1,437,1,159,1.0,0,0,61,376,1,0.041152263373436686
raw_native,8.0,duplicate_removal,169,-1,3542,1,162,1.0,0,0,540,3002,0,0.8148148147516354
raw_native,8.0,duplicate_removal,170,-1,4241,1,163,1.0,0,0,484,3757,0,0.9033877038216213
raw_native,8.0,duplicate_removal,171,-1,4328,1,165,1.0,0,0,505,3823,0,0.9778812572048118
raw_native,8.0,duplicate_removal,172,-1,9820,2,166,0.8775967413441955,0,0,1133,8687,0,0.9173859432071692
raw_native,8.0,duplicate_removal,173,-1,8687,4,169,0.8900656152872107,0,0,993,7694,0,0.9110947831633673
raw_native,8.0,duplicate_removal,174,1122,14189,4,171,0.9936570582845866,12486,1703,12662,1527,1,0.1424755120071774
raw_native,8.0,duplicate_removal,175,-1,851,1,170,1.0,0,0,103,748,1,0.0
raw_native,8.0,duplicate_removal,176,-1,4417,1,168,1.0,0,0,523,3894,0,0.89411764699037
raw_native,8.0,duplicate_removal,177,-1,2036,3,167,0.9970530451866405,0,0,239,1797,0,0.8759124086706395
raw_native,8.0,duplicate_removal,178,-1,12364,1,173,1.0,0,0,1485,10879,0,0.37763418322271425
raw_native,8.0,duplicate_removal,179,-1,475,1,172,1.0,0,0,54,421,0,0.0
raw_native,8.0,duplicate_removal,180,-1,12080,2,174,0.7230132450331126,0,0,1375,10705,0,0.8876183214950296
raw_native,8.0,duplicate_removal,181,-1,8670,1,176,1.0,0,0,978,7692,1,0.0
raw_native,8.0,duplicate_removal,182,-1,188,1,176,1.0,0,0,29,159,0,0.0
raw_native,8.0,duplicate_removal,183,-1,13048,2,177,0.9979307173513182,0,0,1443,11605,0,0.6058303548919611
raw_native,8.0,duplicate_removal,184,-1,7755,3,179,0.9989684074790458,0,0,922,6833,1,0.08718332708530852
raw_native,8.0,duplicate_removal,185,-1,2473,2,179,0.9935301253538212,0,0,319,2154,0,1.2631578946135347
raw_native,8.0,duplicate_removal,186,-1,6074,2,181,0.9911096476786302,0,0,1160,4914,0,1.1437208707300113
raw_native,8.0,duplicate_removal,187,-1,29056,3,175,0.6594162995594713,0,0,3431,25625,0,0.6390587920118052
raw_native,8.0,duplicate_removal,188,-1,22829,2,178,0.9996057645976608,0,0,2732,20097,1,0.02644846681354027
raw_native,8.0,duplicate_removal,189,-1,15591,11,201,0.8997498556859727,0,0,1951,13640,0,0.6460750752171923
raw_native,8.0,duplicate_removal,190,-1,3438,8,203,0.849912739965096,0,0,391,3047,0,0.26566104700431176
raw_native,8.0,duplicate_removal,191,-1,5532,7,189,0.7248734634851771,0,0,616,4916,1,0.09048050769929479
raw_native,8.0,duplicate_removal,192,-1,3931,5,199,0.9455609259730349,0,0,454,3477,1,0.04444444444316742
raw_native,8.0,duplicate_removal,193,-1,7466,7,193,0.7793999464237878,0,0,883,6583,0,1.0831387966370862
raw_native,8.0,duplicate_removal,194,-1,15574,4,200,0.9874149223064081,0,0,1729,13845,0,0.4169744850565856
raw_native,8.0,duplicate_removal,195,-1,9542,7,197,0.9959128065395095,0,0,1136,8406,0,0.7135221852414133
raw_native,8.0,duplicate_removal,196,-1,796,4,186,0.992462311557789,0,0,111,685,1,0.0
raw_native,8.0,duplicate_removal,197,-1,2288,2,185,0.9995629370629371,0,0,263,2025,0,0.8826177841168835
raw_native,8.0,duplicate_removal,198,-1,12574,12,196,0.5662478129473517,0,0,1953,10621,0,1.3479228640576686
raw_native,8.0,duplicate_removal,199,-1,32631,2,182,0.9957096012993779,0,0,3773,28858,1,0.0030169547152184774
raw_native,8.0,duplicate_removal,200,-1,5188,4,209,0.9967232074016962,0,0,598,4590,0,1.0489363490141714
raw_native,8.0,duplicate_removal,201,-1,854,6,214,0.9871194379391101,0,0,99,755,0,0.0
raw_native,8.0,duplicate_removal,202,-1,31145,4,206,0.9420131642318189,0,0,3552,27593,1,0.010222104874079074
raw_native,8.0,duplicate_removal,203,-1,8465,9,212,0.5769639692852924,0,0,1024,7441,0,0.3897463133853545
raw_native,8.0,duplicate_removal,204,-1,5506,3,214,0.9987286596440247,0,0,659,4847,1,0.04446820834753633
raw_native,8.0,duplicate_removal,205,-1,641,5,214,0.6053042121684867,0,0,67,574,0,1.7777777776152055
raw_native,8.0,duplicate_removal,206,-1,1994,10,204,0.5310932798395186,0,0,216,1778,0,0.8633093524356064
raw_native,8.0,duplicate_removal,207,-1,4846,3,207,0.9991745769706974,0,0,596,4250,0,0.9668758072573985
raw_native,8.0,duplicate_removal,208,-1,12917,9,215,0.8201594797553612,0,0,1553,11364,0,0.9458416316659194
raw_native,8.0,duplicate_removal,209,-1,11452,3,216,0.9974676912329724,0,0,1335,10117,1,0.020891248281576288
raw_native,8.0,duplicate_removal,210,-1,21344,3,192,0.9945183658170914,0,0,2517,18827,1,0.0012611965949011475
raw_native,8.0,duplicate_removal,211,-1,11564,7,230,0.5274991352473193,0,0,1293,10271,0,0.5960030630803761
raw_native,8.0,duplicate_removal,212,-1,16909,4,258,0.9765213791471997,0,0,1991,14918,1,0.017545573169387506
raw_native,8.0,duplicate_removal,213,-1,16481,7,219,0.9593471269947212,0,0,1952,14529,1,0.001864040821963105
raw_native,8.0,duplicate_removal,214,-1,5620,11,229,0.9884341637010676,0,0,695,4925,1,0.02171075530679786
raw_native,8.0,duplicate_removal,215,-1,7205,3,213,0.999028452463567,0,0,834,6371,1,0.07868490557930033
raw_native,8.0,duplicate_removal,216,-1,4889,7,211,0.9971364287175292,0,0,605,4284,0,1.2858795686494024
raw_native,8.0,duplicate_removal,217,-1,2466,2,223,0.9935117599351176,0,0,259,2207,1,0.0
raw_native,8.0,duplicate_removal,218,-1,13987,15,220,0.9166368771001644,0,0,1644,12343,1,0.1375603032262908
raw_native,8.0,duplicate_removal,219,-1,5087,7,222,0.9659917436603106,0,0,605,4482,1,0.16066972549521655
raw_native,8.0,duplicate_removal,220,-1,364,4,226,0.717032967032967,0,0,36,328,0,0.0
raw_native,8.0,duplicate_removal,221,-1,10572,23,255,0.6507756337495271,0,0,1234,9338,0,0.2024527934445343
raw_native,8.0,duplicate_removal,222,-1,6276,15,222,0.8110261312938177,0,0,763,5513,0,0.6341301058372624
raw_native,8.0,duplicate_removal,223,-1,11979,9,237,0.44728274480340596,0,0,1443,10536,1,0.1459611875817165
raw_native,8.0,duplicate_removal,224,-1,9114,8,236,0.9809084924292297,0,0,1166,7948,1,0.04017713365166931
raw_native,8.0,duplicate_removal,225,-1,8679,15,233,0.5522525636594078,0,0,1079,7600,0,0.902043692661514
raw_native,8.0,duplicate_removal,226,-1,33751,19,217,0.7331338330716127,0,0,4102,29649,0,0.6434371598227953
raw_native,8.0,duplicate_removal,227,-1,2838,6,241,0.9904862579281184,0,0,304,2534,1,0.0
raw_native,8.0,duplicate_removal,228,-1,7304,14,256,0.9596111719605696,0,0,858,6446,0,0.31435546103246514
raw_native,8.0,duplicate_removal,229,-1,618,1,242,1.0,0,0,76,542,0,0.0
raw_native,8.0,duplicate_removal,230,-1,11984,18,244,0.9649532710280374,0,0,1432,10552,1,0.09214859498706768
raw_native,8.0,duplicate_removal,231,-1,6550,13,254,0.6245801526717557,0,0,773,5777,0,0.7716778967537232
raw_native,8.0,duplicate_removal,232,-1,16087,6,238,0.9876297631628023,0,0,1937,14150,1,0.0037441661536361586
raw_native,8.0,duplicate_removal,233,-1,25431,9,252,0.9484880657465298,0,0,3014,22417,1,0.12004686226809708
raw_native,8.0,duplicate_removal,234,-1,21439,7,259,0.8383786557208825,0,0,2549,18890,1,0.010567914202082125
raw_native,8.0,duplicate_removal,235,-1,35875,8,260,0.9657700348432056,0,0,4147,31728,1,0.004955094895436227
raw_native,8.0,duplicate_removal,236,-1,33966,14,227,0.6199729140905611,0,0,3957,30009,0,0.894372655827053
raw_native,8.0,duplicate_removal,237,-1,77098,8,273,0.9568341591221562,0,0,9146,67952,1,0.013225005839889085
raw_native,8.0,duplicate_removal,238,-1,15547,7,272,0.9183765356660449,0,0,1834,13713,0,0.22648796778044974
raw_native,8.0,duplicate_removal,239,-1,11174,7,247,0.5401825666726329,0,0,1364,9810,1,0.0475305996055485
raw_native,8.0,duplicate_removal,240,-1,2329,5,247,0.9969944182052383,0,0,291,2038,1,0.12531391259959382
raw_native,8.0,duplicate_removal,241,-1,6731,9,247,0.956767196553261,0,0,771,5960,0,0.455638411157172
raw_native,8.0,duplicate_removal,242,-1,9119,5,257,0.9887049018532734,0,0,1106,8013,1,0.09140389898426964
raw_native,8.0,duplicate_removal,243,-1,4265,6,257,0.8944900351699883,0,0,465,3800,0,0.5786178107098664
raw_native,8.0,duplicate_removal,244,-1,4212,7,271,0.7675688509021842,0,0,478,3734,1,0.05332905845469907
raw_native,8.0,duplicate_removal,245,-1,3724,7,271,0.9344790547798066,0,0,415,3309,1,0.07540056550095582
raw_native,8.0,duplicate_removal,246,-1,30322,6,262,0.9159356242991887,0,0,3652,26670,1,0.05036322172283269
raw_native,8.0,duplicate_removal,247,-1,12329,3,275,0.986616919458188,0,0,1414,10915,1,0.0
raw_native,8.0,duplicate_removal,248,-1,32899,6,274,0.9519742241405514,0,0,3985,28914,1,0.0024624367363764855
raw_native,8.0,duplicate_removal,249,-1,24669,7,287,0.9402894320807491,0,0,2868,21801,1,0.016214415881867627
raw_native,8.0,duplicate_removal,250,-1,5514,8,280,0.9686253173739572,0,0,633,4881,0,0.481629238748532
raw_native,8.0,duplicate_removal,251,-1,11926,7,283,0.8718765721952038,0,0,1421,10505,1,0.02620945724446583
raw_native,8.0,duplicate_removal,252,-1,7774,9,281,0.9626961667095446,0,0,948,6826,1,0.19088248010911096
raw_native,8.0,duplicate_removal,253,-1,26359,18,285,0.8675215296483174,0,0,3124,23235,0,0.38839110409811134
raw_native,8.0,duplicate_removal,254,-1,7199,8,282,0.9545770245867482,0,0,780,6419,1,0.02052568795836288
raw_native,8.0,duplicate_removal,255,-1,9741,8,268,0.9481572733805564,0,0,1127,8614,1,0.07162979310827614
raw_native,8.0,duplicate_removal,256,-1,5174,8,276,0.7251642829532277,0,0,631,4543,0,0.6115107913177968
raw_native,8.0,duplicate_removal,257,-1,10279,16,261,0.8160326880046697,0,0,1201,9078,0,0.4934792013892801
raw_native,8.0,duplicate_removal,258,-1,15879,10,277,0.926695635745324,0,0,1902,13977,1,0.04027929127479165
raw_native,8.0,duplicate_removal,259,-1,10582,11,278,0.6137781137781138,0,0,1183,9399,0,0.782587429617951
raw_native,8.0,duplicate_removal,260,-1,19257,6,286,0.995066728981669,0,0,2246,17011,1,0.025748636885182554
raw_native,8.0,duplicate_removal,261,-1,60405,14,284,0.2922109096929062,0,0,6994,53411,0,1.0034280800641464
raw_native,8.0,duplicate_removal,262,-1,9291,5,289,0.9778280055968142,0,0,1149,8142,1,0.07316435849984004
raw_native,8.0,duplicate_removal,263,-1,5483,5,296,0.9722779500273573,0,0,661,4822,1,0.1993355481616915
raw_native,8.0,duplicate_removal,264,-1,16318,6,297,0.9685010417943375,0,0,1952,14366,0,0.2515266449937925
raw_native,8.0,duplicate_removal,265,-1,14217,4,292,0.9885348526412042,0,0,1706,12511,1,0.17359909037216523
raw_native,8.0,duplicate_removal,266,-1,9963,1,291,1.0,0,0,1211,8752,1,0.019930244144395256
raw_native,8.0,duplicate_removal,267,-1,30827,2,301,0.999967560904402,0,0,3574,27253,1,0.0
raw_native,8.0,duplicate_removal,268,-1,48063,8,302,0.7056571583130474,0,0,5556,42507,1,0.006430673728196946
raw_native,8.0,duplicate_removal,269,-1,28586,8,295,0.7552648149443784,0,0,3420,25166,0,0.6356622505845861
raw_native,8.0,duplicate_removal,270,-1,27020,2,303,0.9956698741672835,0,0,3162,23858,1,0.0
raw_native,8.0,duplicate_removal,271,-1,403,2,299,0.9975186104218362,0,0,48,355,1,0.0
raw_native,8.0,duplicate_removal,272,-1,6362,1,299,1.0,0,0,699,5663,1,0.008309098462350988
raw_native,8.0,duplicate_removal,273,-1,17433,6,312,0.9983364882693742,0,0,2122,15311,1,0.008190567196211963
raw_native,8.0,duplicate_removal,274,-1,11566,6,309,0.9951582223759294,0,0,1360,10206,1,0.04689282981029539
raw_native,8.0,duplicate_removal,275,-1,15368,11,306,0.9362311296199896,0,0,1799,13569,0,0.8684425500929716
raw_native,8.0,duplicate_removal,276,-1,5384,8,304,0.9403789004457652,0,0,627,4757,1,0.07423445715830979
raw_native,8.0,duplicate_removal,277,-1,8066,5,310,0.9757004711133151,0,0,932,7134,1,0.1589323820610246
raw_native,8.0,duplicate_removal,278,-1,3658,4,307,0.9934390377255331,0,0,401,3257,1,0.0623516181388571
raw_native,8.0,duplicate_removal,279,-1,2912,7,309,0.5817307692307693,0,0,325,2587,0,0.8511208576266492
raw_native,8.0,duplicate_removal,280,-1,199,1,294,1.0,0,0,25,174,1,0.0
raw_native,8.0,duplicate_removal,281,-1,8818,7,298,0.9858244499886596,0,0,1073,7745,1,0.15380951045205707
raw_native,8.0,duplicate_removal,282,-1,16004,12,308,0.957073231692077,0,0,1849,14155,0,0.22035256408371937
raw_native,8.0,duplicate_removal,283,-1,9976,6,311,0.9949879711307137,0,0,1153,8823,1,0.1874731644343798
raw_native,8.0,duplicate_removal,284,-1,13440,5,288,0.9742559523809524,0,0,1608,11832,1,0.0494273509518815
raw_native,8.0,duplicate_removal,285,-1,15610,9,313,0.931326073030109,0,0,1854,13756,0,0.6486499497968036
raw_native,8.0,duplicate_removal,286,-1,23886,10,293,0.7234781880599515,0,0,2790,21096,0,0.3603853799501485
raw_native,8.0,duplicate_removal,287,-1,40355,9,315,0.949002601908066,0,0,4795,35560,1,0.015328413683996385
raw_native,8.0,duplicate_removal,288,-1,18520,10,321,0.7495140388768898,0,0,2185,16335,0,0.33370247320918917
raw_native,8.0,duplicate_removal,289,-1,7367,10,326,0.9576489751594951,0,0,914,6453,0,0.2524026302286347
raw_native,8.0,duplicate_removal,290,-1,4849,2,324,0.9925757888224376,0,0,571,4278,1,0.020467596388841772
raw_native,8.0,duplicate_removal,291,-1,9333,5,325,0.9978570663237972,0,0,1046,8287,1,0.02289358383036335
raw_native,8.0,duplicate_removal,292,-1,8720,8,322,0.9212155963302753,0,0,1053,7667,0,0.5451670403736413
raw_native,8.0,duplicate_removal,293,-1,67598,5,334,0.9957099322465162,0,0,8071,59527,1,0.01417653212175843
raw_native,8.0,duplicate_removal,294,-1,9449,7,319,0.9780929198857022,0,0,1152,8297,1,0.019526482790868473
raw_native,8.0,duplicate_removal,295,-1,12670,3,327,0.6596685082872928,0,0,1455,11215,1,0.0
raw_native,8.0,duplicate_removal,296,-1,13516,4,316,0.8902042024267535,0,0,1593,11923,1,0.0
raw_native,8.0,duplicate_removal,297,-1,20970,7,314,0.8987124463519314,0,0,2461,18509,1,0.1636510526532889
raw_native,8.0,duplicate_removal,298,-1,24928,3,328,0.9999197689345315,0,0,2998,21930,1,0.005521031182051417
raw_native,8.0,duplicate_removal,299,-1,14532,3,333,0.993531516652904,0,0,1709,12823,0,0.656667060297357
raw_native,8.0,duplicate_removal,300,-1,18272,3,330,0.9948555166374781,0,0,2189,16083,1,0.028638934629348994
raw_native,8.0,duplicate_removal,301,-1,6623,2,331,0.996829231466103,0,0,828,5795,0,0.23062346903818245
raw_native,8.0,duplicate_removal,302,-1,3386,1,329,1.0,0,0,388,2998,0,1.5616942908660918
raw_native,8.0,duplicate_removal,303,-1,11929,4,332,0.595523514125241,0,0,1403,10526,0,0.6161971830557058
raw_native,8.0,duplicate_removal,304,-1,679,1,336,1.0,0,0,87,592,1,0.0
raw_native,8.0,duplicate_removal,305,-1,8885,2,338,0.9993247045582442,0,0,1053,7832,0,1.1599526065445929
raw_native,8.0,duplicate_removal,306,-1,3293,2,337,0.9996963255390222,0,0,368,2925,1,0.0
raw_native,8.0,duplicate_removal,307,-1,4323,2,335,0.9993060374739764,0,0,525,3798,0,1.3419011881339387
raw_native,8.0,duplicate_removal,308,-1,448,1,340,1.0,0,0,62,386,1,0.0
raw_native,8.0,duplicate_removal,309,-1,2322,4,345,0.9883720930232558,0,0,262,2060,1,0.18411967778659927
raw_native,8.0,duplicate_removal,310,-1,1915,5,343,0.9822454308093995,0,0,234,1681,1,0.0
raw_native,8.0,duplicate_removal,311,-1,887,3,341,0.9887260428410372,0,0,134,753,0,0.911680911619128
raw_native,8.0,duplicate_removal,312,-1,1397,4,339,0.9642090193271295,0,0,169,1228,0,1.2156862744321815
raw_native,8.0,duplicate_removal,313,-1,267,1,342,1.0,0,0,32,235,1,0.0
raw_native,8.0,duplicate_removal,314,-1,456,1,344,1.0,0,0,60,396,1,0.08307372793121393
raw_native,8.0,duplicate_removal,315,664,9326,1,347,1.0,9014,312,9034,292,1,0.08236588719950383
raw_native,8.0,duplicate_removal,316,-1,3694,2,350,0.9997292907417433,0,0,453,3241,1,0.0
raw_native,8.0,duplicate_removal,317,-1,7708,2,351,0.9987026466009341,0,0,880,6828,1,0.0
raw_native,8.0,duplicate_removal,318,-1,3363,3,349,0.8980077311923877,0,0,418,2945,0,0.5614035087347682
raw_native,8.0,duplicate_removal,319,-1,6633,3,352,0.8239107492838836,0,0,792,5841,1,0.040048057668026854
raw_native,8.0,duplicate_removal,320,-1,23316,4,355,0.9788557213930348,0,0,2764,20552,0,0.3811036125141801
raw_native,8.0,duplicate_removal,321,-1,732,2,357,0.9890710382513661,0,0,78,654,1,0.0
raw_native,8.0,duplicate_removal,322,-1,2807,3,356,0.9921624510153189,0,0,332,2475,1,0.0391517128857584
raw_native,8.0,duplicate_removal,323,-1,12676,7,354,0.7026664562953613,0,0,1521,11155,1,0.07065236628373713
raw_native,8.0,duplicate_removal,324,-1,1598,7,353,0.5569461827284106,0,0,193,1405,0,0.5656565656078013
raw_native,8.0,duplicate_removal,325,-1,970,1,360,1.0,0,0,118,852,1,0.029962546816267074
raw_native,8.0,duplicate_removal,326,-1,9573,3,372,0.9992687767679933,0,0,1063,8510,1,0.02270147559394559
raw_native,8.0,duplicate_removal,327,-1,10347,6,365,0.9964240842756354,0,0,1186,9161,1,0.1022556390922526
raw_native,8.0,duplicate_removal,328,-1,1122,4,370,0.9518716577540107,0,0,138,984,1,0.13565891472701952
raw_native,8.0,duplicate_removal,329,-1,38134,8,358,0.9939686369119421,0,0,4618,33516,1,0.028079269936531644
raw_native,8.0,duplicate_removal,330,-1,27872,12,368,0.9917838691159586,0,0,3214,24658,0,0.3816141395486629
raw_native,8.0,duplicate_removal,331,-1,1946,1,361,1.0,0,0,225,1721,1,0.0
raw_native,8.0,duplicate_removal,332,-1,1928,7,363,0.8718879668049793,0,0,243,1685,1,0.0
raw_native,8.0,duplicate_removal,333,-1,2130,2,371,0.9995305164319249,0,0,228,1902,1,0.0
raw_native,8.0,duplicate_removal,334,-1,12956,5,369,0.6618555109601729,0,0,1570,11386,0,0.4835656444527209
raw_native,8.0,duplicate_removal,335,-1,1938,9,383,0.955108359133127,0,0,233,1705,0,0.44212645989968646
raw_native,8.0,duplicate_removal,336,-1,1005,3,374,0.991044776119403,0,0,121,884,1,0.0
raw_native,8.0,duplicate_removal,337,-1,440,1,376,1.0,0,0,51,389,1,0.0
raw_native,8.0,duplicate_removal,338,-1,3507,6,380,0.9726261762189906,0,0,397,3110,1,0.060794346972867674
raw_native,8.0,duplicate_removal,339,-1,4972,10,382,0.9802896218825422,0,0,605,4367,1,0.13271400131987945
raw_native,8.0,duplicate_removal,340,-1,856,1,367,1.0,0,0,116,740,1,0.0
raw_native,8.0,duplicate_removal,341,-1,1510,7,385,0.7231788079470198,0,0,186,1324,0,0.4580152671489815
raw_native,8.0,duplicate_removal,342,-1,411,1,381,1.0,0,0,56,355,1,0.0439560439548678
raw_native,8.0,duplicate_removal,343,-1,1107,4,373,0.985546522131888,0,0,141,966,1,0.0
raw_native,8.0,duplicate_removal,344,-1,460,2,394,0.591304347826087,0,0,61,399,1,0.038647342994144046
raw_native,8.0,duplicate_removal,345,-1,1563,4,367,0.6212412028150992,0,0,178,1385,0,0.37735849053703685
raw_native,8.0,duplicate_removal,346,-1,4384,5,386,0.7750912408759124,0,0,515,3869,1,0.08514874011329569
raw_native,8.0,duplicate_removal,347,-1,2447,3,392,0.9955046996322027,0,0,295,2152,1,0.07670182166679215
raw_native,8.0,duplicate_removal,348,-1,2128,4,393,0.9530075187969925,0,0,250,1878,1,0.1486988847500095
raw_native,8.0,duplicate_removal,349,-1,1482,2,377,0.5775978407557355,0,0,188,1294,0,0.7534246574963164
raw_native,8.0,duplicate_removal,350,-1,1920,2,390,0.9932291666666667,0,0,234,1686,1,0.0
raw_native,8.0,duplicate_removal,351,-1,1311,3,395,0.9977116704805492,0,0,164,1147,1,0.0
raw_native,8.0,duplicate_removal,352,-1,22004,7,391,0.5716687874931831,0,0,2495,19509,0,0.2382439117928545
raw_native,8.0,duplicate_removal,353,-1,4903,4,396,0.955537426065674,0,0,546,4357,0,0.7114882506154812
raw_native,8.0,duplicate_removal,354,-1,2195,4,404,0.9662870159453303,0,0,281,1914,1,0.08230452674488763
raw_native,8.0,duplicate_removal,355,-1,7634,3,406,0.9858527639507466,0,0,922,6712,1,0.04261193817132056
raw_native,8.0,duplicate_removal,356,-1,1812,1,389,1.0,0,0,210,1602,1,0.0
raw_native,8.0,duplicate_removal,357,-1,7503,5,405,0.9011062241769958,0,0,909,6594,0,0.34389140268571927
raw_native,8.0,duplicate_removal,358,-1,4043,5,403,0.9896116744991343,0,0,496,3547,1,0.02638522427345308
raw_native,8.0,duplicate_removal,359,-1,191,2,400,0.9947643979057592,0,0,16,175,1,0.0
raw_native,8.0,duplicate_removal,360,-1,27994,2,407,0.9999285561191684,0,0,3379,24615,1,0.0
raw_native,8.0,duplicate_removal,361,-1,680,1,397,1.0,0,0,88,592,0,0.7999999999752476
raw_native,8.0,duplicate_removal,362,-1,236,3,406,0.9703389830508474,0,0,28,208,1,0.0
raw_native,8.0,duplicate_removal,363,-1,7765,5,398,0.9899549259497746,0,0,913,6852,1,0.08741660915169504
raw_native,8.0,duplicate_removal,364,-1,4536,7,402,0.49382716049382713,0,0,542,3994,0,0.9516728624049788
raw_native,8.0,duplicate_removal,365,-1,7310,3,412,0.9937072503419973,0,0,817,6493,1,0.17029898095063753
raw_native,8.0,duplicate_removal,366,-1,965,1,408,1.0,0,0,114,851,0,1.2244897958793617
raw_native,8.0,duplicate_removal,367,-1,21885,2,410,0.9962074480237606,0,0,2574,19311,1,0.0716121924295654
raw_native,8.0,duplicate_removal,368,-1,3193,4,414,0.9332915753210147,0,0,381,2812,0,0.3153736767049811
raw_native,8.0,duplicate_removal,369,-1,8460,4,413,0.9898345153664303,0,0,1017,7443,1,0.0
raw_native,8.0,duplicate_removal,370,-1,4885,3,411,0.9957011258955988,0,0,536,4349,1,0.16430853490959166
raw_native,8.0,duplicate_removal,371,-1,3604,3,409,0.9814095449500555,0,0,433,3171,0,0.581867388328553
raw_native,8.0,duplicate_removal,372,-1,181,3,423,0.9668508287292817,0,0,23,158,0,0.0
raw_native,8.0,duplicate_removal,373,-1,6795,8,421,0.9599705665930831,0,0,810,5985,1,0.15102481121271588
raw_native,8.0,duplicate_removal,374,-1,3451,6,417,0.9385685308606201,0,0,412,3039,1,0.06794055201354658
raw_native,8.0,duplicate_removal,375,-1,3396,1,420,1.0,0,0,387,3009,1,0.0
raw_native,8.0,duplicate_removal,376,-1,1583,1,415,1.0,0,0,193,1390,0,1.551724137874912
raw_native,8.0,duplicate_removal,377,-1,9054,4,419,0.9857521537442014,0,0,1134,7920,1,0.1887301159272588
raw_native,8.0,duplicate_removal,378,-1,4141,4,418,0.9903404974643806,0,0,479,3662,1,0.09115077857758615
raw_native,8.0,duplicate_removal,379,-1,2700,2,423,0.9992592592592593,0,0,327,2373,1,0.024922118379683084
raw_native,8.0,duplicate_removal,380,-1,10136,6,425,0.9672454617205999,0,0,1185,8951,0,0.41607056651208224
raw_native,8.0,duplicate_removal,381,-1,22394,8,422,0.6838438867553809,0,0,2735,19659,0,0.44721290525684343
raw_native,8.0,duplicate_removal,382,-1,1979,3,430,0.998989388580091,0,0,256,1723,1,0.0
raw_native,8.0,duplicate_removal,383,-1,4394,8,432,0.8263541192535275,0,0,495,3899,1,0.08886910061696987
raw_native,8.0,duplicate_removal,384,-1,2279,7,429,0.9240895129442738,0,0,277,2002,0,0.3461271676127557
raw_native,8.0,duplicate_removal,385,-1,223,1,424,1.0,0,0,25,198,1,0.0
raw_native,8.0,duplicate_removal,386,-1,3890,3,428,0.9979434447300771,0,0,462,3428,1,0.17434620173797796
raw_native,8.0,duplicate_removal,387,-1,840,1,426,1.0,0,0,91,749,0,1.4545454544828462
raw_native,8.0,duplicate_removal,388,-1,4349,5,436,0.9620602437341917,0,0,516,3833,0,0.49281314165186774
raw_native,8.0,duplicate_removal,389,-1,11468,4,433,0.9671259155912103,0,0,1351,10117,1,0.0
raw_native,8.0,duplicate_removal,390,-1,17800,9,431,0.9343820224719102,0,0,2200,15600,1,0.06899635852086636
raw_native,8.0,duplicate_removal,391,-1,2118,3,435,0.676109537299339,0,0,270,1848,1,0.0
raw_native,8.0,duplicate_removal,392,-1,15619,7,443,0.8718868045329407,0,0,1805,13814,0,0.42269843554638536
raw_native,8.0,duplicate_removal,393,-1,7198,5,438,0.9881911642122811,0,0,858,6340,1,0.0
raw_native,8.0,duplicate_removal,394,-1,3371,8,439,0.9816078315040048,0,0,422,2949,1,0.0
raw_native,8.0,duplicate_removal,395,-1,9639,5,438,0.9600580973129993,0,0,1122,8517,1,0.012209145847980728
raw_native,8.0,duplicate_removal,396,-1,730,4,437,0.9753424657534246,0,0,87,643,1,0.0
raw_native,8.0,duplicate_removal,397,-1,6166,3,446,0.9987025624391827,0,0,734,5432,1,0.0
raw_native,8.0,duplicate_removal,398,-1,214,4,437,0.5654205607476636,0,0,31,183,1,0.0
raw_native,8.0,duplicate_removal,399,-1,946,1,440,1.0,0,0,129,817,1,0.0
raw_native,8.0,duplicate_removal,400,-1,252,3,446,0.9920634920634921,0,0,37,215,1,0.0
raw_native,8.0,duplicate_removal,401,-1,1491,2,442,0.9993293091884641,0,0,171,1320,1,0.0
raw_native,8.0,duplicate_removal,402,-1,5669,6,444,0.8013759040395131,0,0,697,4972,0,0.2555230431352151
raw_native,8.0,duplicate_removal,403,-1,11040,9,441,0.6677536231884058,0,0,1281,9759,0,0.36704119847394184
raw_native,8.0,duplicate_removal,404,-1,11497,2,447,0.9711229016265113,0,0,1338,10159,1,0.002505888083516265
raw_native,8.0,duplicate_removal,405,-1,8213,3,462,0.9842931937172775,0,0,971,7242,1,0.0
raw_native,8.0,duplicate_removal,406,-1,13506,5,454,0.9796386791055827,0,0,1571,11935,1,0.020634742625036628
raw_native,8.0,duplicate_removal,407,-1,442,1,456,1.0,0,0,56,386,1,0.0
raw_native,8.0,duplicate_removal,408,-1,1150,6,451,0.5669565217391305,0,0,137,1013,0,1.1594202897809338
raw_native,8.0,duplicate_removal,409,-1,498,4,451,0.927710843373494,0,0,59,439,1,0.0
raw_native,8.0,duplicate_removal,410,-1,2910,7,454,0.4491408934707904,0,0,344,2566,0,0.6916426512405445
raw_native,8.0,duplicate_removal,411,-1,4565,8,458,0.9570646221248631,0,0,548,4017,1,0.02867383512401894
raw_native,8.0,duplicate_removal,412,-1,3179,3,461,0.9971689210443536,0,0,386,2793,1,0.01885224224474779
raw_native,8.0,duplicate_removal,413,-1,5712,5,457,0.4495798319327731,0,0,664,5048,1,0.01383604289121047
raw_native,8.0,duplicate_removal,414,-1,4590,3,453,0.9742919389978214,0,0,507,4083,1,0.0
raw_native,8.0,duplicate_removal,415,-1,648,1,459,1.0,0,0,71,577,1,0.0
raw_native,8.0,duplicate_removal,416,-1,1624,3,448,0.7266009852216748,0,0,197,1427,1,0.0
raw_native,8.0,duplicate_removal,417,-1,2777,4,452,0.9103348937702557,0,0,338,2439,1,0.019249278151589465
raw_native,8.0,duplicate_removal,418,-1,13233,9,463,0.7001435804428323,0,0,1574,11659,0,0.7964976697549758
raw_native,8.0,duplicate_removal,419,-1,2005,5,470,0.9810473815461347,0,0,222,1783,1,0.0
raw_native,8.0,duplicate_removal,420,-1,5299,2,465,0.998867710888847,0,0,619,4680,1,0.0
raw_native,8.0,duplicate_removal,421,-1,9271,6,455,0.9691511163844245,0,0,1087,8184,0,0.23033131601129783
raw_native,8.0,duplicate_removal,422,-1,2232,4,471,0.982078853046595,0,0,292,1940,1,0.0
raw_native,8.0,duplicate_removal,423,-1,2525,2,466,0.9924752475247525,0,0,294,2231,1,0.0
raw_native,8.0,duplicate_removal,424,-1,11266,11,469,0.436357180898278,0,0,1370,9896,0,0.6594916417955002
raw_native,8.0,duplicate_removal,425,-1,975,2,468,0.9958974358974358,0,0,117,858,1,0.10840108400803311
raw_native,8.0,duplicate_removal,426,-1,11348,4,464,0.9865174480084596,0,0,1366,9982,1,0.0
raw_native,8.0,duplicate_removal,427,-1,3814,4,449,0.995280545359203,0,0,466,3348,1,0.0
raw_native,8.0,duplicate_removal,428,-1,3991,5,472,0.5309446254071661,0,0,451,3540,0,0.6596701648650132
raw_native,8.0,duplicate_removal,429,-1,9291,2,474,0.9997847379184157,0,0,1084,8207,1,0.0
raw_native,8.0,duplicate_removal,430,-1,9694,2,473,0.9998968434082938,0,0,1134,8560,1,0.0
raw_native,8.0,duplicate_removal,431,-1,2899,2,487,0.9972404277337013,0,0,347,2552,1,0.0
raw_native,8.0,duplicate_removal,432,-1,2374,5,491,0.7097725358045492,0,0,316,2058,1,0.0
raw_native,8.0,duplicate_removal,433,-1,10199,13,489,0.6570251985488773,0,0,1225,8974,0,0.46575168108407594
raw_native,8.0,duplicate_removal,434,-1,3888,9,485,0.9038065843621399,0,0,469,3419,1,0.17427748187288766
raw_native,8.0,duplicate_removal,435,-1,340,2,480,0.9882352941176471,0,0,57,283,1,0.0
raw_native,8.0,duplicate_removal,436,-1,2331,5,488,0.9764049764049764,0,0,273,2058,1,0.0
raw_native,8.0,duplicate_removal,437,-1,3240,6,494,0.9845679012345679,0,0,390,2850,1,0.0
raw_native,8.0,duplicate_removal,438,-1,725,8,476,0.416551724137931,0,0,94,631,1,0.0
raw_native,8.0,duplicate_removal,439,-1,9810,12,496,0.8011213047910296,0,0,1189,8621,0,0.6149438954778891
raw_native,8.0,duplicate_removal,440,-1,963,3,479,0.9626168224299065,0,0,114,849,1,0.0
raw_native,8.0,duplicate_removal,441,-1,355,9,494,0.5971830985915493,0,0,43,312,1,0.0
raw_native,8.0,duplicate_removal,442,-1,309,5,482,0.5210355987055016,0,0,39,270,1,0.0
raw_native,8.0,duplicate_removal,443,-1,1375,7,477,0.978909090909091,0,0,165,1210,1,0.17142857142546963
raw_native,8.0,duplicate_removal,444,-1,1663,13,478,0.25676488274203246,0,0,182,1481,0,1.1179985062517617
raw_native,8.0,duplicate_removal,445,-1,1189,6,491,0.8671152228763667,0,0,143,1046,1,0.0
raw_native,8.0,duplicate_removal,446,-1,251,2,476,0.6294820717131474,0,0,31,220,1,0.0
raw_native,8.0,duplicate_removal,447,-1,4035,14,481,0.6490706319702603,0,0,467,3568,0,0.22635518256370196
raw_native,8.0,duplicate_removal,448,-1,606,1,475,1.0,0,0,68,538,0,0.0
raw_native,8.0,duplicate_removal,449,-1,3165,11,484,0.987045813586098,0,0,333,2832,1,0.14035087718475425
raw_native,8.0,duplicate_removal,450,-1,8355,5,495,0.9274685816876123,0,0,954,7401,0,0.4272456662406635
raw_native,8.0,duplicate_removal,451,-1,2333,1,493,1.0,0,0,269,2064,1,0.0
raw_native,8.0,duplicate_removal,452,337,29747,13,497,0.9430194641476451,15778,13969,17215,12532,0,0.35977892907870307
raw_native,8.0,duplicate_removal,453,-1,8842,8,508,0.9698032119429993,0,0,1102,7740,0,0.5885444035330005
raw_native,8.0,duplicate_removal,454,-1,1590,2,486,0.9773584905660377,0,0,176,1414,0,0.20568837591848843
raw_native,8.0,duplicate_removal,455,-1,2605,4,507,0.9973128598848369,0,0,316,2289,1,0.0
raw_native,8.0,duplicate_removal,456,-1,3728,10,483,0.717274678111588,0,0,479,3249,0,0.3327787021373995
raw_native,8.0,duplicate_removal,457,-1,1827,2,500,0.9989053092501369,0,0,206,1621,0,0.8333333333009881
raw_native,8.0,duplicate_removal,458,-1,491,2,508,0.9938900203665988,0,0,65,426,1,0.0
raw_native,8.0,duplicate_removal,459,-1,630,2,508,0.9571428571428572,0,0,85,545,1,0.0
raw_native,8.0,duplicate_removal,460,-1,448,2,505,0.9955357142857143,0,0,61,387,1,0.0
raw_native,8.0,duplicate_removal,461,-1,752,3,501,0.9960106382978723,0,0,94,658,1,0.0
raw_native,8.0,duplicate_removal,462,-1,1846,2,503,0.9539544962080173,0,0,221,1625,0,0.4119427627636486
raw_native,8.0,duplicate_removal,463,-1,311,4,502,0.7331189710610932,0,0,42,269,1,0.0
raw_native,8.0,duplicate_removal,464,-1,6634,3,504,0.9960807958999096,0,0,775,5859,1,0.0
raw_native,8.0,duplicate_removal,465,-1,1960,5,502,0.9821428571428571,0,0,231,1729,1,0.0
raw_native,8.0,duplicate_removal,466,-1,2730,4,499,0.6619047619047619,0,0,386,2344,0,1.0735930735237316
raw_native,8.0,duplicate_removal,467,-1,6500,9,492,0.7993846153846154,0,0,1421,5079,0,0.38890477550620584
raw_native,8.0,duplicate_removal,468,-1,5214,9,505,0.3189489835059455,0,0,603,4611,0,1.0873786407127732
raw_native,8.0,duplicate_removal,469,-1,1717,1,509,1.0,0,0,254,1463,0,1.3429888083655506
raw_native,8.0,duplicate_removal,470,-1,1334,2,513,0.8253373313343328,0,0,169,1165,1,0.0
raw_native,8.0,duplicate_removal,471,-1,12140,3,498,0.999176276771005,0,0,1435,10705,1,0.1826901118874416
raw_native,8.0,duplicate_removal,472,-1,679,2,514,0.9985272459499264,0,0,77,602,1,0.03565062388581552
raw_native,8.0,duplicate_removal,473,-1,9579,7,510,0.8288965445244806,0,0,1090,8489,0,0.8692086920323866
raw_native,8.0,duplicate_removal,474,-1,908,1,511,1.0,0,0,115,793,1,0.0
raw_native,8.0,duplicate_removal,475,-1,4588,2,512,0.999128160418483,0,0,512,4076,1,0.0
raw_native,8.0,duplicate_removal,476,-1,2653,6,513,0.6151526573690163,0,0,283,2370,0,0.47058823527785926
raw_native,8.0,duplicate_removal,477,-1,12495,2,516,0.9983193277310924,0,0,1460,11035,1,0.000515258079887286
raw_native,8.0,duplicate_removal,478,-1,822,3,518,0.8807785888077859,0,0,87,735,1,0.0
raw_native,8.0,duplicate_removal,479,-1,2787,1,517,1.0,0,0,364,2423,0,1.3088587389316306
raw_native,8.0,duplicate_removal,480,-1,2120,3,515,0.9863207547169811,0,0,241,1879,0,0.2777777777729571
raw_native,8.0,duplicate_removal,481,-1,6153,5,522,0.8639687957094101,0,0,712,5441,0,0.733036156485619
raw_native,8.0,duplicate_removal,482,-1,242,3,519,0.9917355371900827,0,0,37,205,1,0.0
raw_native,8.0,duplicate_removal,483,-1,95981,7,523,0.9951761286087871,0,0,11380,84601,1,0.013085194821138508
raw_native,8.0,duplicate_removal,484,-1,204,2,520,0.9950980392156863,0,0,32,172,1,0.0
raw_native,8.0,duplicate_removal,485,-1,882,2,518,0.9954648526077098,0,0,101,781,1,0.11494252873391002
raw_native,8.0,duplicate_removal,486,-1,4029,6,524,0.9585505088111194,0,0,468,3561,0,0.5904059040197216
raw_native,8.0,duplicate_removal,487,-1,18353,5,525,0.9391925025881327,0,0,2099,16254,0,0.4770802191993205
raw_native,8.0,duplicate_removal,488,-1,10145,2,527,0.9970428782651553,0,0,1253,8892,1,0.16834400730873514
raw_native,8.0,duplicate_removal,489,-1,46,2,521,0.9782608695652174,0,0,6,40,0,0.0
raw_native,8.0,duplicate_removal,490,-1,2257,1,526,1.0,0,0,250,2007,0,0.6896551723733854
raw_native,8.0,duplicate_removal,491,-1,66,1,526,1.0,0,0,12,54,0,0.0
raw_native,8.0,duplicate_removal,492,-1,9379,2,529,0.9944556989018019,0,0,1170,8209,1,0.03167619885531911
raw_native,8.0,duplicate_removal,493,-1,6418,5,528,0.6935182299781864,0,0,774,5644,0,1.2933647692227561
raw_native,8.0,duplicate_removal,494,-1,4225,6,537,0.5306508875739645,0,0,497,3728,0,0.769230769203237
raw_native,8.0,duplicate_removal,495,-1,22,1,533,1.0,0,0,3,19,0,0.0
raw_native,8.0,duplicate_removal,496,-1,3609,6,534,0.9537267941257966,0,0,404,3205,0,0.6618705035764312
raw_native,8.0,duplicate_removal,497,-1,588,3,530,0.9965986394557823,0,0,62,526,1,0.0
raw_native,8.0,duplicate_removal,498,-1,7495,5,535,0.9857238158772516,0,0,888,6607,0,0.2870973126266322
raw_native,8.0,duplicate_removal,499,-1,328,1,536,1.0,0,0,48,280,1,0.0
raw_native,8.0,duplicate_removal,500,-1,62,1,533,1.0,0,0,8,54,1,0.0
raw_native,8.0,duplicate_removal,501,-1,266,1,531,1.0,0,0,28,238,0,0.0
raw_native,8.0,duplicate_removal,502,-1,7009,5,533,0.9854472820659153,0,0,827,6182,0,0.5320665082721405
raw_native,8.0,duplicate_removal,503,-1,218,2,545,0.9908256880733946,0,0,24,194,1,0.0
raw_native,8.0,duplicate_removal,504,-1,10198,1,543,1.0,0,0,1237,8961,1,0.0
raw_native,8.0,duplicate_removal,505,-1,1471,1,539,1.0,0,0,200,1271,0,1.1347517730205443
raw_native,8.0,duplicate_removal,506,-1,1556,4,532,0.9318766066838047,0,0,191,1365,0,0.2527646129531108
raw_native,8.0,duplicate_removal,507,-1,4094,7,544,0.7699071812408402,0,0,468,3626,0,1.007081038508025
raw_native,8.0,duplicate_removal,508,-1,4983,8,541,0.8055388320288982,0,0,590,4393,0,0.6209313970698616
raw_native,8.0,duplicate_removal,509,-1,185,1,542,1.0,0,0,20,165,1,0.0
raw_native,8.0,duplicate_removal,510,-1,19112,7,550,0.9613331938049393,0,0,2241,16871,1,0.04099722991551439
raw_native,8.0,duplicate_removal,511,-1,677,4,546,0.8774002954209749,0,0,74,603,1,0.08438818565345294
raw_native,8.0,duplicate_removal,512,-1,10568,3,538,0.9988644965934897,0,0,1275,9293,1,0.002924617971697737
raw_native,8.0,duplicate_removal,513,-1,293,2,548,0.8395904436860068,0,0,39,254,1,0.0
raw_native,8.0,duplicate_removal,514,-1,34,1,554,1.0,0,0,8,26,0,0.0
raw_native,8.0,duplicate_removal,515,-1,2648,1,556,1.0,0,0,318,2330,0,1.4354066985108767
raw_native,8.0,duplicate_removal,516,-1,408,3,554,0.9681372549019608,0,0,60,348,1,0.0
raw_native,8.0,duplicate_removal,517,-1,3519,7,548,0.6535947712418301,0,0,378,3141,0,0.5146198830160408
raw_native,8.0,duplicate_removal,518,-1,6328,8,549,0.5238621997471555,0,0,701,5627,0,0.4200504060330175
raw_native,8.0,duplicate_removal,519,-1,128,2,553,0.984375,0,0,19,109,1,0.0
raw_native,8.0,duplicate_removal,520,-1,4664,6,540,0.9879931389365352,0,0,518,4146,1,0.11332973556172198
raw_native,8.0,duplicate_removal,521,-1,43,2,555,0.7906976744186046,0,0,3,40,0,0.0
raw_native,8.0,duplicate_removal,522,-1,646,2,555,0.9752321981424149,0,0,69,577,1,0.0
raw_native,8.0,duplicate_removal,523,-1,34,2,548,0.9705882352941176,0,0,2,32,0,0.0
raw_native,8.0,duplicate_removal,524,-1,4311,3,552,0.9965205288796103,0,0,470,3841,1,0.0
raw_native,8.0,duplicate_removal,525,-1,7628,9,557,0.3557944415312008,0,0,838,6790,0,0.7947661739388802
raw_native,8.0,duplicate_removal,526,-1,5976,3,561,0.9879518072289156,0,0,731,5245,1,0.02134471718215824
raw_native,8.0,duplicate_removal,527,-1,5218,8,566,0.7129168263702568,0,0,584,4634,0,0.6854615809495521
raw_native,8.0,duplicate_removal,528,-1,269,1,565,1.0,0,0,31,238,1,0.0
raw_native,8.0,duplicate_removal,529,-1,8233,4,559,0.9285801044576704,0,0,989,7244,1,0.07758268680736376
raw_native,8.0,duplicate_removal,530,-1,157,1,563,1.0,0,0,28,129,1,0.0
raw_native,8.0,duplicate_removal,531,-1,666,3,563,0.993993993993994,0,0,82,584,1,0.0
raw_native,8.0,duplicate_removal,532,-1,466,1,565,1.0,0,0,49,417,1,0.0
raw_native,8.0,duplicate_removal,533,-1,595,2,565,0.9949579831932773,0,0,63,532,0,0.5970149253625718
raw_native,8.0,duplicate_removal,534,-1,4119,2,567,0.8744840980820587,0,0,536,3583,1,0.01523229245935818
raw_native,8.0,duplicate_removal,535,-1,2647,4,562,0.9486210804684548,0,0,338,2309,0,1.2208258527315503
raw_native,8.0,duplicate_removal,536,-1,383,1,558,1.0,0,0,47,336,1,0.0
raw_native,8.0,duplicate_removal,537,-1,1034,1,560,1.0,0,0,129,905,1,0.0
raw_native,8.0,duplicate_removal,538,-1,3777,1,568,1.0,0,0,434,3343,0,0.6517311608645298
raw_native,8.0,duplicate_removal,539,-1,2963,1,569,1.0,0,0,372,2591,0,0.5891980359782413
raw_native,8.0,duplicate_removal,540,-1,49,1,571,1.0,0,0,5,44,1,0.0
raw_native,8.0,duplicate_removal,541,-1,5499,2,570,0.9992725950172758,0,0,662,4837,0,0.25253036435460285
raw_native,8.0,duplicate_removal,542,-1,39,1,571,1.0,0,0,8,31,0,0.0
raw_native,8.0,duplicate_removal,543,-1,3980,2,572,0.9989949748743718,0,0,456,3524,0,0.5380411937430191
raw_native,8.0,duplicate_removal,544,-1,1414,1,571,1.0,0,0,166,1248,0,0.6611570247569207
raw_native,8.0,duplicate_removal,545,-1,367,1,573,1.0,0,0,36,331,0,3.2323232322569915
raw_native,8.0,duplicate_removal,546,-1,248,1,574,1.0,0,0,25,223,0,6.69565217388278
raw_native,8.0,duplicate_removal,547,-1,876,1,575,1.0,0,0,80,796,0,9.012082444868875
raw_native,8.0,duplicate_removal,548,-1,652,2,576,0.7239263803680982,0,0,61,591,0,6.457739791033906
raw_native,8.0,duplicate_removal,549,-1,645,1,578,1.0,0,0,63,582,0,10.60869565201326
raw_native,8.0,duplicate_removal,550,-1,1521,1,582,1.0,0,0,177,1344,0,2.1265260821127128
raw_native,8.0,duplicate_removal,551,-1,1615,1,581,1.0,0,0,179,1436,1,0.0
raw_native,8.0,duplicate_removal,552,-1,1609,1,580,1.0,0,0,195,1414,1,0.0
raw_native,8.0,duplicate_removal,553,-1,1340,1,579,1.0,0,0,160,1180,0,2.1782178217605233
raw_native,8.0,duplicate_removal,554,-1,1569,1,583,1.0,0,0,204,1365,0,2.1891891891648503
raw_native,8.0,duplicate_removal,555,-1,2180,2,584,0.9105504587155964,0,0,269,1911,0,3.0345710627090865
raw_native,8.0,duplicate_removal,556,-1,995,1,587,1.0,0,0,118,877,0,2.236331569651815
raw_native,8.0,duplicate_removal,557,-1,1865,2,586,0.9689008042895443,0,0,240,1625,1,0.0
raw_native,8.0,duplicate_removal,558,-1,254,1,588,1.0,0,0,29,225,0,2.15384615382824
raw_native,8.0,duplicate_removal,559,-1,358,2,587,0.9916201117318436,0,0,51,307,1,0.11594202898240297
raw_native,8.0,duplicate_removal,560,-1,504,2,585,0.7281746031746031,0,0,67,437,1,0.10666666666590117
raw_native,8.0,duplicate_removal,561,-1,55,1,589,1.0,0,0,8,47,0,0.0
raw_native,8.0,duplicate_removal,562,-1,1312,1,589,1.0,0,0,164,1148,0,2.5828092242905014
raw_native,8.0,duplicate_removal,563,-1,2400,1,590,1.0,0,0,276,2124,0,2.6239185750378997
raw_native,8.0,duplicate_removal,564,-1,939,1,591,1.0,0,0,111,828,0,2.3188405796771243
raw_native,8.0,duplicate_removal,565,-1,1715,1,592,1.0,0,0,203,1512,0,2.7739251040031996
raw_native,8.0,duplicate_removal,566,-1,850,2,594,0.5870588235294117,0,0,103,747,0,3.3491311216045627
