Th_learned,domain,events,peel,score_mean,score_median,score_q10,score_q90,stage,status,score_margin_mean,score_margin_q10,score_margin_median,score_margin_q90,supported
8.0,denoised,47,0,21.05082321166992,20.425058364868164,15.776671409606934,28.507492065429688,duplicate_removal,fp_matched_cluster,13.050823211669918,7.776671409606934,12.425058364868164,20.507492065429688,False
8.0,denoised,170,1,19.02301979064941,18.72281837463379,15.26609706878662,22.36049461364746,duplicate_removal,fp_matched_cluster,11.02301979064941,7.266097068786619,10.722818374633789,14.360494613647461,True
8.0,denoised,371,2,18.42322158813477,17.992921829223633,14.799899101257324,22.244171142578125,duplicate_removal,fp_matched_cluster,10.42322158813477,6.799899101257324,9.992921829223633,14.244171142578125,True
8.0,denoised,645,3,17.924606323242188,17.788400650024414,14.285149574279783,21.576086044311523,duplicate_removal,fp_matched_cluster,9.924606323242188,6.285149574279783,9.788400650024414,13.576086044311523,True
8.0,denoised,916,4,17.156869888305664,17.060020446777344,13.66482925415039,20.74217796325684,duplicate_removal,fp_matched_cluster,9.156869888305664,5.664829254150391,9.060020446777344,12.74217796325684,True
8.0,denoised,1132,5,16.612539291381836,16.621360778808594,13.284975051879885,19.90098571777344,duplicate_removal,fp_matched_cluster,8.612539291381836,5.284975051879885,8.621360778808594,11.900985717773441,True
8.0,denoised,1311,6,16.094688415527344,15.968000411987305,12.956071853637695,19.27827835083008,duplicate_removal,fp_matched_cluster,8.094688415527344,4.956071853637695,7.968000411987305,11.278278350830082,True
8.0,denoised,1653,7,15.633949279785156,15.465312957763672,12.412970542907717,19.08403205871582,duplicate_removal,fp_matched_cluster,7.633949279785156,4.412970542907717,7.465312957763672,11.08403205871582,True
8.0,denoised,1688,8,15.148810386657717,14.98488426208496,12.037946701049805,18.402530670166016,duplicate_removal,fp_matched_cluster,7.148810386657717,4.037946701049805,6.984884262084959,10.402530670166016,True
8.0,denoised,1842,9,14.548015594482422,14.412738800048828,11.59462833404541,17.723962783813477,duplicate_removal,fp_matched_cluster,6.548015594482422,3.59462833404541,6.412738800048828,9.723962783813477,True
8.0,denoised,1933,10,14.166061401367188,13.963658332824709,11.362810134887695,17.264795303344727,duplicate_removal,fp_matched_cluster,6.1660614013671875,3.3628101348876953,5.963658332824709,9.264795303344727,True
8.0,denoised,2011,11,13.642136573791504,13.370294570922852,11.032835006713867,16.591949462890625,duplicate_removal,fp_matched_cluster,5.642136573791504,3.032835006713867,5.370294570922852,8.591949462890625,True
8.0,denoised,1938,12,13.162243843078612,12.872465133666992,10.7018404006958,15.971640586853027,duplicate_removal,fp_matched_cluster,5.1622438430786115,2.701840400695801,4.872465133666992,7.971640586853027,True
8.0,denoised,2006,13,12.851947784423828,12.543807983398438,10.616233825683594,15.554420471191406,duplicate_removal,fp_matched_cluster,4.851947784423828,2.6162338256835938,4.5438079833984375,7.554420471191406,True
8.0,denoised,2012,14,12.500448226928713,12.20102310180664,10.42368221282959,14.998234748840332,duplicate_removal,fp_matched_cluster,4.500448226928713,2.42368221282959,4.201023101806641,6.998234748840332,True
8.0,denoised,2032,15,12.132299423217772,11.839679718017578,10.149449348449709,14.49544906616211,duplicate_removal,fp_matched_cluster,4.132299423217772,2.149449348449709,3.839679718017578,6.495449066162109,True
8.0,denoised,2033,16,11.829022407531738,11.52661418914795,9.953612327575684,14.16908073425293,duplicate_removal,fp_matched_cluster,3.8290224075317383,1.9536123275756836,3.526614189147949,6.16908073425293,True
8.0,denoised,2017,17,11.523557662963867,11.302014350891112,9.860492706298828,13.49115753173828,duplicate_removal,fp_matched_cluster,3.523557662963867,1.8604927062988281,3.3020143508911115,5.4911575317382795,True
8.0,denoised,2018,18,11.264676094055176,11.03753662109375,9.644519805908203,13.134027481079102,duplicate_removal,fp_matched_cluster,3.264676094055176,1.6445198059082031,3.03753662109375,5.134027481079102,True
8.0,denoised,1951,19,11.015515327453612,10.812417984008787,9.51861572265625,12.768769264221191,duplicate_removal,fp_matched_cluster,3.0155153274536115,1.51861572265625,2.8124179840087873,4.768769264221191,True
8.0,denoised,1963,20,10.78276824951172,10.602912902832031,9.334440231323242,12.424985885620115,duplicate_removal,fp_matched_cluster,2.7827682495117205,1.3344402313232422,2.6029129028320312,4.424985885620115,True
8.0,denoised,1986,21,10.629436492919922,10.460545539855955,9.245737075805664,12.230402946472168,duplicate_removal,fp_matched_cluster,2.629436492919922,1.245737075805664,2.4605455398559553,4.230402946472168,True
8.0,denoised,1974,22,10.440425872802734,10.243888854980469,9.130002975463867,11.946008682250977,duplicate_removal,fp_matched_cluster,2.4404258728027344,1.1300029754638672,2.2438888549804688,3.9460086822509766,True
8.0,denoised,1924,23,10.217926025390623,10.01853847503662,9.012299537658691,11.715447425842283,duplicate_removal,fp_matched_cluster,2.2179260253906232,1.0122995376586914,2.0185384750366193,3.7154474258422834,True
8.0,denoised,1890,24,10.071859359741213,9.92719841003418,8.967934608459473,11.381712913513184,duplicate_removal,fp_matched_cluster,2.0718593597412127,0.9679346084594727,1.9271984100341797,3.3817129135131836,True
8.0,denoised,1811,25,9.93576717376709,9.813385009765623,8.787095069885254,11.211764335632324,duplicate_removal,fp_matched_cluster,1.9357671737670898,0.7870950698852539,1.8133850097656232,3.211764335632324,True
8.0,denoised,1842,26,9.817191123962402,9.647465705871582,8.755023956298828,11.076006889343262,duplicate_removal,fp_matched_cluster,1.8171911239624023,0.7550239562988281,1.647465705871582,3.0760068893432617,True
8.0,denoised,1842,27,9.688294410705566,9.56352424621582,8.650009155273438,10.854777336120604,duplicate_removal,fp_matched_cluster,1.6882944107055664,0.6500091552734375,1.5635242462158203,2.8547773361206037,True
8.0,denoised,1804,28,9.55778980255127,9.415531158447266,8.578862190246582,10.694522857666016,duplicate_removal,fp_matched_cluster,1.5577898025512695,0.578862190246582,1.4155311584472656,2.6945228576660156,True
8.0,denoised,1769,29,9.462414741516112,9.335001945495604,8.486983299255371,10.553322792053224,duplicate_removal,fp_matched_cluster,1.4624147415161115,0.4869832992553711,1.3350019454956037,2.5533227920532244,True
8.0,denoised,1792,30,9.34744930267334,9.235069274902344,8.454142570495605,10.388282775878906,duplicate_removal,fp_matched_cluster,1.3474493026733398,0.45414257049560547,1.2350692749023438,2.3882827758789062,True
8.0,denoised,1775,31,9.250285148620604,9.130000114440918,8.351757049560547,10.32957935333252,duplicate_removal,fp_matched_cluster,1.2502851486206037,0.3517570495605469,1.130000114440918,2.3295793533325195,True
8.0,denoised,1645,32,9.16786289215088,9.042346000671388,8.359367370605469,10.095562934875488,duplicate_removal,fp_matched_cluster,1.1678628921508807,0.35936737060546875,1.0423460006713885,2.0955629348754883,True
8.0,denoised,1659,33,9.097332954406738,8.996025085449219,8.307050704956055,9.998234748840332,duplicate_removal,fp_matched_cluster,1.0973329544067383,0.3070507049560547,0.9960250854492188,1.998234748840332,True
8.0,denoised,1728,34,9.01266098022461,8.901540756225586,8.257552146911621,9.852421760559082,duplicate_removal,fp_matched_cluster,1.0126609802246094,0.2575521469116211,0.9015407562255859,1.852421760559082,True
8.0,denoised,1643,35,8.957770347595215,8.823928833007812,8.209474563598633,9.8259859085083,duplicate_removal,fp_matched_cluster,0.9577703475952148,0.2094745635986328,0.8239288330078125,1.8259859085083008,True
8.0,denoised,1526,36,8.89111328125,8.783376693725586,8.22171401977539,9.671432495117188,duplicate_removal,fp_matched_cluster,0.89111328125,0.22171401977539062,0.7833766937255859,1.6714324951171875,True
8.0,denoised,1502,37,8.858399391174316,8.754964828491211,8.16281795501709,9.670503616333008,duplicate_removal,fp_matched_cluster,0.8583993911743164,0.16281795501708984,0.7549648284912109,1.6705036163330078,True
8.0,denoised,1424,38,8.780342102050781,8.626240730285645,8.148418426513672,9.62999439239502,duplicate_removal,fp_matched_cluster,0.7803421020507812,0.14841842651367188,0.6262407302856445,1.6299943923950195,True
8.0,denoised,1441,39,8.706445693969727,8.601940155029297,8.134159088134766,9.391304969787598,duplicate_removal,fp_matched_cluster,0.7064456939697266,0.13415908813476562,0.6019401550292969,1.3913049697875977,True
8.0,denoised,1401,40,8.700261116027832,8.560470581054688,8.126741409301758,9.44298267364502,duplicate_removal,fp_matched_cluster,0.700261116027832,0.1267414093017578,0.5604705810546875,1.4429826736450195,True
8.0,denoised,1257,41,8.632756233215332,8.51918888092041,8.093916893005371,9.309283256530762,duplicate_removal,fp_matched_cluster,0.632756233215332,0.0939168930053711,0.5191888809204102,1.3092832565307617,True
8.0,denoised,1206,42,8.602944374084473,8.493288040161133,8.09231948852539,9.244462966918944,duplicate_removal,fp_matched_cluster,0.6029443740844727,0.09231948852539062,0.4932880401611328,1.2444629669189435,True
8.0,denoised,1163,43,8.550029754638672,8.434438705444336,8.085968971252441,9.133703231811523,duplicate_removal,fp_matched_cluster,0.5500297546386719,0.0859689712524414,0.43443870544433594,1.1337032318115234,True
8.0,denoised,1104,44,8.555575370788574,8.428546905517578,8.08541202545166,9.136152267456056,duplicate_removal,fp_matched_cluster,0.5555753707885742,0.08541202545166016,0.4285469055175781,1.1361522674560565,True
8.0,denoised,987,45,8.538169860839844,8.402702331542969,8.074865341186523,9.136107444763184,duplicate_removal,fp_matched_cluster,0.5381698608398438,0.07486534118652344,0.40270233154296875,1.1361074447631836,True
8.0,denoised,950,46,8.507577896118164,8.40481948852539,8.074620246887207,9.07285213470459,duplicate_removal,fp_matched_cluster,0.5075778961181641,0.07462024688720703,0.4048194885253906,1.0728521347045898,True
8.0,denoised,849,47,8.480894088745117,8.377493858337402,8.071409225463867,9.04750156402588,duplicate_removal,fp_matched_cluster,0.4808940887451172,0.07140922546386719,0.37749385833740234,1.0475015640258807,True
8.0,denoised,777,48,8.45425033569336,8.337416648864746,8.05313491821289,9.03393268585205,duplicate_removal,fp_matched_cluster,0.4542503356933594,0.053134918212890625,0.3374166488647461,1.0339326858520508,True
8.0,denoised,728,49,8.448376655578613,8.340158462524414,8.05402660369873,8.965662956237793,duplicate_removal,fp_matched_cluster,0.4483766555786133,0.05402660369873047,0.34015846252441406,0.965662956237793,True
8.0,denoised,618,50,8.426263809204102,8.31447982788086,8.048465728759766,8.955856323242188,duplicate_removal,fp_matched_cluster,0.42626380920410156,0.048465728759765625,0.3144798278808594,0.9558563232421875,True
8.0,denoised,622,51,8.432743072509766,8.313396453857422,8.05520248413086,8.920083999633789,duplicate_removal,fp_matched_cluster,0.4327430725097656,0.055202484130859375,0.3133964538574219,0.9200839996337891,True
8.0,denoised,528,52,8.405760765075684,8.301753997802734,8.045660018920898,8.88426399230957,duplicate_removal,fp_matched_cluster,0.4057607650756836,0.04566001892089844,0.3017539978027344,0.8842639923095703,True
8.0,denoised,454,53,8.386590003967285,8.271188735961914,8.050210952758789,8.821938514709473,duplicate_removal,fp_matched_cluster,0.38659000396728516,0.05021095275878906,0.27118873596191406,0.8219385147094727,True
8.0,denoised,462,54,8.391167640686035,8.270837783813477,8.044243812561035,8.860671997070312,duplicate_removal,fp_matched_cluster,0.39116764068603516,0.044243812561035156,0.27083778381347656,0.8606719970703125,True
8.0,denoised,355,55,8.401102066040039,8.276378631591797,8.05040168762207,8.891536712646484,duplicate_removal,fp_matched_cluster,0.40110206604003906,0.05040168762207031,0.2763786315917969,0.8915367126464844,True
8.0,denoised,339,56,8.348783493041992,8.241700172424316,8.038189888000488,8.734878540039062,duplicate_removal,fp_matched_cluster,0.3487834930419922,0.03818988800048828,0.2417001724243164,0.7348785400390625,True
8.0,denoised,294,57,8.349191665649414,8.231249809265137,8.030956268310547,8.85879898071289,duplicate_removal,fp_matched_cluster,0.34919166564941406,0.030956268310546875,0.23124980926513672,0.8587989807128906,True
8.0,denoised,223,58,8.321586608886719,8.215826988220215,8.04359245300293,8.737222671508789,duplicate_removal,fp_matched_cluster,0.32158660888671875,0.04359245300292969,0.21582698822021484,0.7372226715087891,True
8.0,denoised,210,59,8.388051986694336,8.250003814697266,8.042634010314941,8.89184856414795,duplicate_removal,fp_matched_cluster,0.38805198669433594,0.042634010314941406,0.2500038146972656,0.8918485641479492,True
8.0,denoised,199,60,8.329934120178223,8.220169067382812,8.035369873046875,8.757826805114746,duplicate_removal,fp_matched_cluster,0.32993412017822266,0.035369873046875,0.2201690673828125,0.7578268051147461,True
8.0,denoised,148,61,8.384889602661133,8.240714073181152,8.043549537658691,8.919058799743652,duplicate_removal,fp_matched_cluster,0.3848896026611328,0.043549537658691406,0.24071407318115234,0.9190587997436523,True
8.0,denoised,137,62,8.362265586853027,8.212003707885742,8.034483909606934,8.872977256774902,duplicate_removal,fp_matched_cluster,0.36226558685302734,0.034483909606933594,0.2120037078857422,0.8729772567749023,True
8.0,denoised,103,63,8.290972709655762,8.213507652282715,8.017481803894043,8.67829418182373,duplicate_removal,fp_matched_cluster,0.2909727096557617,0.01748180389404297,0.21350765228271484,0.6782941818237305,True
8.0,denoised,105,64,8.290791511535645,8.175895690917969,8.027946472167969,8.697338104248047,duplicate_removal,fp_matched_cluster,0.29079151153564453,0.02794647216796875,0.17589569091796875,0.6973381042480469,True
8.0,denoised,86,65,8.441843032836914,8.298871994018555,8.0606689453125,8.919532775878906,duplicate_removal,fp_matched_cluster,0.44184303283691406,0.0606689453125,0.2988719940185547,0.9195327758789062,False
8.0,denoised,94,66,8.325533866882324,8.204635620117188,8.03902530670166,8.823129653930664,duplicate_removal,fp_matched_cluster,0.3255338668823242,0.039025306701660156,0.2046356201171875,0.8231296539306641,False
8.0,denoised,62,67,8.410752296447754,8.312173843383789,8.028159141540527,8.949068069458008,duplicate_removal,fp_matched_cluster,0.4107522964477539,0.028159141540527344,0.31217384338378906,0.9490680694580078,False
8.0,denoised,64,68,8.355144500732422,8.249286651611328,8.029601097106934,8.874171257019043,duplicate_removal,fp_matched_cluster,0.3551445007324219,0.029601097106933594,0.24928665161132812,0.874171257019043,False
8.0,denoised,51,69,8.240599632263184,8.142330169677734,8.039907455444336,8.555403709411621,duplicate_removal,fp_matched_cluster,0.2405996322631836,0.03990745544433594,0.14233016967773438,0.5554037094116211,False
8.0,denoised,41,70,8.357172012329102,8.317279815673828,8.045680046081543,8.679935455322266,duplicate_removal,fp_matched_cluster,0.35717201232910156,0.04568004608154297,0.3172798156738281,0.6799354553222656,False
8.0,denoised,29,71,8.457045555114746,8.364805221557617,8.095621109008789,8.917468070983887,duplicate_removal,fp_matched_cluster,0.4570455551147461,0.09562110900878906,0.3648052215576172,0.9174680709838867,False
8.0,denoised,37,72,8.362576484680176,8.223733901977539,8.023205757141113,8.751827239990234,duplicate_removal,fp_matched_cluster,0.3625764846801758,0.02320575714111328,0.22373390197753906,0.7518272399902344,False
8.0,denoised,24,73,8.40352725982666,8.24742317199707,8.05744457244873,8.956442832946777,duplicate_removal,fp_matched_cluster,0.40352725982666016,0.05744457244873047,0.2474231719970703,0.9564428329467773,False
8.0,denoised,22,74,8.419341087341309,8.368593215942383,8.063039779663086,8.823225021362305,duplicate_removal,fp_matched_cluster,0.4193410873413086,0.06303977966308594,0.3685932159423828,0.8232250213623047,False
8.0,denoised,28,75,8.442290306091309,8.329405784606934,8.080638885498047,9.070633888244627,duplicate_removal,fp_matched_cluster,0.4422903060913086,0.08063888549804688,0.3294057846069336,1.0706338882446271,False
8.0,denoised,28,76,8.421557426452637,8.17979621887207,8.052863121032715,9.098690032958984,duplicate_removal,fp_matched_cluster,0.4215574264526367,0.052863121032714844,0.1797962188720703,1.0986900329589844,False
8.0,denoised,19,77,8.344366073608398,8.24865436553955,8.049964904785156,8.696884155273438,duplicate_removal,fp_matched_cluster,0.34436607360839844,0.04996490478515625,0.24865436553955078,0.6968841552734375,False
8.0,denoised,18,78,8.305184364318848,8.223674774169922,8.057578086853027,8.62127685546875,duplicate_removal,fp_matched_cluster,0.30518436431884766,0.057578086853027344,0.22367477416992188,0.62127685546875,False
8.0,denoised,10,79,8.217042922973633,8.166084289550781,8.056520462036133,8.36081600189209,duplicate_removal,fp_matched_cluster,0.2170429229736328,0.05652046203613281,0.16608428955078125,0.36081600189208984,False
8.0,denoised,12,80,8.383040428161621,8.281890869140625,8.087959289550781,8.811603546142578,duplicate_removal,fp_matched_cluster,0.3830404281616211,0.08795928955078125,0.281890869140625,0.8116035461425781,False
8.0,denoised,11,81,8.452498435974121,8.258925437927246,8.140684127807617,8.81501579284668,duplicate_removal,fp_matched_cluster,0.4524984359741211,0.1406841278076172,0.2589254379272461,0.8150157928466797,False
8.0,denoised,18,82,8.447607040405273,8.281094551086426,8.070128440856934,8.892255783081055,duplicate_removal,fp_matched_cluster,0.44760704040527344,0.0701284408569336,0.2810945510864258,0.8922557830810547,False
8.0,denoised,8,83,8.49624252319336,8.357255935668945,8.152243614196777,8.910553932189941,duplicate_removal,fp_matched_cluster,0.4962425231933594,0.15224361419677734,0.3572559356689453,0.9105539321899414,False
8.0,denoised,10,84,8.26673412322998,8.229108810424805,8.018115043640137,8.505475997924805,duplicate_removal,fp_matched_cluster,0.26673412322998047,0.01811504364013672,0.2291088104248047,0.5054759979248047,False
8.0,denoised,6,85,8.228878021240234,8.120166778564453,8.039507865905762,8.526958465576172,duplicate_removal,fp_matched_cluster,0.22887802124023438,0.03950786590576172,0.12016677856445312,0.5269584655761719,False
8.0,denoised,10,86,8.449371337890625,8.434887886047363,8.022003173828125,8.774463653564453,duplicate_removal,fp_matched_cluster,0.449371337890625,0.022003173828125,0.4348878860473633,0.7744636535644531,False
8.0,denoised,7,87,8.214510917663574,8.174270629882812,8.098503112792969,8.359688758850098,duplicate_removal,fp_matched_cluster,0.21451091766357422,0.09850311279296875,0.1742706298828125,0.35968875885009766,False
8.0,denoised,6,88,8.186288833618164,8.102989196777344,8.058887481689453,8.396989822387695,duplicate_removal,fp_matched_cluster,0.18628883361816406,0.058887481689453125,0.10298919677734375,0.3969898223876953,False
8.0,denoised,1,89,8.268559455871582,8.268559455871582,8.268559455871582,8.268559455871582,duplicate_removal,fp_matched_cluster,0.26855945587158203,0.26855945587158203,0.26855945587158203,0.26855945587158203,False
8.0,denoised,2,90,8.521368026733398,8.521368026733398,8.421399116516113,8.621337890625,duplicate_removal,fp_matched_cluster,0.5213680267333984,0.4213991165161133,0.5213680267333984,0.621337890625,False
8.0,denoised,5,91,8.339754104614258,8.046723365783691,8.02178955078125,8.851174354553223,duplicate_removal,fp_matched_cluster,0.3397541046142578,0.02178955078125,0.046723365783691406,0.8511743545532227,False
8.0,denoised,8,92,8.51028823852539,8.236934661865234,8.103803634643555,9.113496780395508,duplicate_removal,fp_matched_cluster,0.5102882385253906,0.10380363464355469,0.23693466186523438,1.1134967803955078,False
8.0,denoised,5,93,8.256525993347168,8.188804626464844,8.068593978881836,8.515301704406738,duplicate_removal,fp_matched_cluster,0.25652599334716797,0.06859397888183594,0.18880462646484375,0.5153017044067383,False
8.0,denoised,2,94,8.190135955810547,8.190135955810547,8.12098503112793,8.259286880493164,duplicate_removal,fp_matched_cluster,0.19013595581054688,0.12098503112792969,0.19013595581054688,0.25928688049316406,False
8.0,denoised,5,95,8.666009902954102,8.272639274597168,8.027149200439453,9.635663032531738,duplicate_removal,fp_matched_cluster,0.6660099029541016,0.027149200439453125,0.27263927459716797,1.6356630325317383,False
8.0,denoised,2,96,8.697681427001953,8.697681427001953,8.591897964477539,8.803464889526367,duplicate_removal,fp_matched_cluster,0.6976814270019531,0.5918979644775391,0.6976814270019531,0.8034648895263672,False
8.0,denoised,4,97,10.22026824951172,8.348459243774414,8.118816375732422,13.819168090820312,duplicate_removal,fp_matched_cluster,2.2202682495117205,0.11881637573242188,0.34845924377441406,5.8191680908203125,False
8.0,denoised,3,98,8.942534446716309,8.157681465148926,8.094705581665039,10.104304313659668,duplicate_removal,fp_matched_cluster,0.9425344467163086,0.09470558166503906,0.15768146514892578,2.104304313659668,False
8.0,denoised,1,99,8.068967819213867,8.068967819213867,8.068967819213867,8.068967819213867,duplicate_removal,fp_matched_cluster,0.06896781921386719,0.06896781921386719,0.06896781921386719,0.06896781921386719,False
8.0,denoised,11230,0,35.25123596191406,35.90159225463867,30.71759986877441,39.4947509765625,duplicate_removal,tp,27.251235961914062,22.71759986877441,27.901592254638672,31.4947509765625,True
8.0,denoised,11910,1,33.39354705810547,34.473976135253906,27.949359893798828,38.61223220825195,duplicate_removal,tp,25.39354705810547,19.949359893798828,26.473976135253906,30.612232208251953,True
8.0,denoised,9342,2,29.94595718383789,32.01331329345703,17.806211471557617,37.39826965332031,duplicate_removal,tp,21.94595718383789,9.806211471557617,24.01331329345703,29.398269653320312,True
8.0,denoised,7029,3,25.731678009033203,27.767553329467773,16.06875228881836,35.57867431640625,duplicate_removal,tp,17.731678009033203,8.06875228881836,19.767553329467773,27.57867431640625,True
8.0,denoised,6370,4,21.70681571960449,18.82791519165039,15.198436737060549,32.56129455566406,duplicate_removal,tp,13.706815719604489,7.198436737060549,10.82791519165039,24.561294555664062,True
8.0,denoised,6425,5,18.94258117675781,17.622880935668945,14.506502151489258,27.9329833984375,duplicate_removal,tp,10.942581176757809,6.506502151489258,9.622880935668945,19.9329833984375,True
8.0,denoised,6575,6,17.510271072387695,16.98248291015625,13.905817031860352,20.58376121520996,duplicate_removal,tp,9.510271072387695,5.905817031860352,8.98248291015625,12.583761215209961,True
8.0,denoised,6662,7,16.67156982421875,16.49960708618164,13.483071327209473,19.6474666595459,duplicate_removal,tp,8.67156982421875,5.483071327209473,8.49960708618164,11.647466659545898,True
8.0,denoised,6494,8,16.19058609008789,16.114505767822266,13.127055168151855,19.089603424072266,duplicate_removal,tp,8.19058609008789,5.1270551681518555,8.114505767822266,11.089603424072266,True
8.0,denoised,6182,9,15.723735809326172,15.665538787841797,12.702765464782717,18.661304473876957,duplicate_removal,tp,7.723735809326172,4.702765464782717,7.665538787841797,10.661304473876957,True
8.0,denoised,5640,10,15.227367401123049,15.208542823791504,12.271924018859863,18.149940490722656,duplicate_removal,tp,7.227367401123049,4.271924018859863,7.208542823791504,10.149940490722656,True
8.0,denoised,5054,11,14.843416213989258,14.725247383117676,11.980660438537598,17.76166343688965,duplicate_removal,tp,6.843416213989258,3.9806604385375977,6.725247383117676,9.761663436889648,True
8.0,denoised,4515,12,14.506053924560549,14.379095077514648,11.661845207214355,17.500537872314453,duplicate_removal,tp,6.506053924560549,3.6618452072143555,6.379095077514648,9.500537872314453,True
8.0,denoised,3931,13,14.001622200012209,13.787079811096191,11.285919189453123,16.948753356933594,duplicate_removal,tp,6.001622200012209,3.2859191894531232,5.787079811096191,8.948753356933594,True
8.0,denoised,3280,14,13.643759727478027,13.4637451171875,11.008065223693848,16.572359085083008,duplicate_removal,tp,5.643759727478027,3.0080652236938477,5.4637451171875,8.572359085083008,True
8.0,denoised,2861,15,13.215710639953612,12.962797164916992,10.666654586791992,16.122297286987305,duplicate_removal,tp,5.2157106399536115,2.666654586791992,4.962797164916992,8.122297286987305,True
8.0,denoised,2490,16,12.767984390258787,12.493005752563477,10.39512538909912,15.582511901855469,duplicate_removal,tp,4.767984390258787,2.3951253890991193,4.493005752563477,7.582511901855469,True
8.0,denoised,2089,17,12.55063533782959,12.322502136230469,10.24095344543457,15.27166748046875,duplicate_removal,tp,4.55063533782959,2.2409534454345703,4.322502136230469,7.27166748046875,True
8.0,denoised,1735,18,12.173416137695312,11.887239456176758,10.02613353729248,14.793146133422852,duplicate_removal,tp,4.1734161376953125,2.0261335372924805,3.887239456176758,6.793146133422852,True
8.0,denoised,1505,19,11.845610618591309,11.533157348632812,9.801520347595217,14.339092254638672,duplicate_removal,tp,3.8456106185913086,1.8015203475952166,3.5331573486328125,6.339092254638672,True
8.0,denoised,1293,20,11.650297164916992,11.280344009399414,9.577141761779783,14.280192375183104,duplicate_removal,tp,3.650297164916992,1.5771417617797834,3.280344009399414,6.280192375183104,True
8.0,denoised,1225,21,11.30016040802002,10.947141647338867,9.459635734558104,13.737783432006836,duplicate_removal,tp,3.3001604080200195,1.4596357345581037,2.947141647338867,5.737783432006836,True
8.0,denoised,1024,22,10.919549942016602,10.629446029663086,9.341511726379396,12.985498428344728,duplicate_removal,tp,2.9195499420166016,1.3415117263793963,2.629446029663086,4.985498428344728,True
8.0,denoised,943,23,10.725048065185549,10.4794340133667,9.17160415649414,12.48180866241455,duplicate_removal,tp,2.7250480651855487,1.1716041564941406,2.479434013366699,4.481808662414551,True
8.0,denoised,788,24,10.552342414855955,10.294837951660156,8.902884483337402,12.53182888031006,duplicate_removal,tp,2.5523424148559553,0.9028844833374023,2.2948379516601562,4.53182888031006,True
8.0,denoised,717,25,10.418601989746094,10.130160331726074,9.062358856201172,12.127422332763672,duplicate_removal,tp,2.4186019897460938,1.0623588562011719,2.130160331726074,4.127422332763672,True
8.0,denoised,643,26,10.118640899658203,9.974312782287598,8.792520523071289,11.68130588531494,duplicate_removal,tp,2.118640899658203,0.7925205230712891,1.9743127822875977,3.6813058853149396,True
8.0,denoised,618,27,10.065160751342772,9.856942176818848,8.776484489440918,11.589221000671388,duplicate_removal,tp,2.0651607513427717,0.776484489440918,1.8569421768188477,3.5892210006713885,True
8.0,denoised,586,28,9.850372314453123,9.614013671875,8.642007827758789,11.39735221862793,duplicate_removal,tp,1.8503723144531232,0.6420078277587891,1.614013671875,3.3973522186279297,True
8.0,denoised,529,29,9.718221664428713,9.545503616333008,8.574125289916992,11.153464317321776,duplicate_removal,tp,1.7182216644287127,0.5741252899169922,1.5455036163330078,3.1534643173217756,True
8.0,denoised,489,30,9.633313179016112,9.450383186340332,8.557390213012695,11.02376651763916,duplicate_removal,tp,1.6333131790161115,0.5573902130126953,1.450383186340332,3.02376651763916,True
8.0,denoised,483,31,9.459399223327637,9.256017684936523,8.406569480895996,10.716875076293944,duplicate_removal,tp,1.4593992233276367,0.4065694808959961,1.2560176849365234,2.7168750762939435,True
8.0,denoised,389,32,9.283987045288086,9.171064376831056,8.337421417236328,10.322388648986816,duplicate_removal,tp,1.283987045288086,0.3374214172363281,1.1710643768310565,2.3223886489868164,True
8.0,denoised,368,33,9.225497245788574,9.043533325195312,8.313393592834473,10.208843231201172,duplicate_removal,tp,1.2254972457885742,0.31339359283447266,1.0435333251953125,2.208843231201172,True
8.0,denoised,359,34,9.196422576904297,8.994739532470703,8.307976722717285,10.291871070861816,duplicate_removal,tp,1.1964225769042969,0.30797672271728516,0.9947395324707031,2.2918710708618164,True
8.0,denoised,295,35,9.16201400756836,8.93840503692627,8.341397285461426,10.193198204040527,duplicate_removal,tp,1.1620140075683594,0.3413972854614258,0.9384050369262695,2.1931982040405273,True
8.0,denoised,298,36,8.998252868652344,8.833822250366211,8.209060668945312,9.87861442565918,duplicate_removal,tp,0.9982528686523438,0.2090606689453125,0.8338222503662109,1.8786144256591797,True
8.0,denoised,275,37,8.867834091186523,8.759944915771484,8.155731201171875,9.719904899597168,duplicate_removal,tp,0.8678340911865234,0.155731201171875,0.7599449157714844,1.719904899597168,True
8.0,denoised,272,38,8.866971969604492,8.76180362701416,8.143631935119629,9.692888259887695,duplicate_removal,tp,0.8669719696044922,0.1436319351196289,0.7618036270141602,1.6928882598876953,True
8.0,denoised,246,39,8.84583568572998,8.682933807373047,8.143190383911133,9.77657985687256,duplicate_removal,tp,0.8458356857299805,0.1431903839111328,0.6829338073730469,1.7765798568725604,True
8.0,denoised,222,40,8.753045082092285,8.627260208129883,8.103109359741211,9.353503227233888,duplicate_removal,tp,0.7530450820922852,0.10310935974121094,0.6272602081298828,1.3535032272338885,True
8.0,denoised,228,41,8.732989311218262,8.575324058532715,8.09836196899414,9.547956466674805,duplicate_removal,tp,0.7329893112182617,0.09836196899414062,0.5753240585327148,1.5479564666748047,True
8.0,denoised,163,42,8.701117515563965,8.554015159606934,8.121718406677246,9.373973846435549,duplicate_removal,tp,0.7011175155639648,0.1217184066772461,0.5540151596069336,1.3739738464355487,True
8.0,denoised,150,43,8.683905601501465,8.521239280700684,8.126104354858398,9.393935203552246,duplicate_removal,tp,0.6839056015014648,0.12610435485839844,0.5212392807006836,1.393935203552246,True
8.0,denoised,164,44,8.701831817626953,8.490668296813965,8.089945793151855,9.631799697875977,duplicate_removal,tp,0.7018318176269531,0.08994579315185547,0.49066829681396484,1.6317996978759766,True
8.0,denoised,142,45,8.583391189575195,8.416918754577637,8.093234062194824,9.18323802947998,duplicate_removal,tp,0.5833911895751953,0.09323406219482422,0.4169187545776367,1.1832380294799805,True
8.0,denoised,120,46,8.74958324432373,8.485393524169922,8.056253433227539,9.255179405212402,duplicate_removal,tp,0.7495832443237305,0.05625343322753906,0.4853935241699219,1.2551794052124023,True
8.0,denoised,95,47,8.635589599609375,8.423593521118164,8.101628303527832,9.473349571228027,duplicate_removal,tp,0.635589599609375,0.10162830352783203,0.42359352111816406,1.4733495712280273,False
8.0,denoised,77,48,8.50314998626709,8.40727710723877,8.070510864257812,9.05147933959961,duplicate_removal,tp,0.5031499862670898,0.0705108642578125,0.40727710723876953,1.0514793395996094,False
8.0,denoised,70,49,8.53913688659668,8.366827011108398,8.070080757141113,9.17416286468506,duplicate_removal,tp,0.5391368865966797,0.07008075714111328,0.36682701110839844,1.1741628646850604,False
8.0,denoised,72,50,8.401310920715332,8.238367080688477,8.055453300476074,8.928542137145996,duplicate_removal,tp,0.40131092071533203,0.05545330047607422,0.23836708068847656,0.9285421371459961,False
8.0,denoised,55,51,8.554388999938965,8.444199562072754,8.093836784362793,9.245309829711914,duplicate_removal,tp,0.5543889999389648,0.09383678436279297,0.4441995620727539,1.245309829711914,False
8.0,denoised,73,52,8.48879337310791,8.354961395263672,8.054275512695312,9.038976669311523,duplicate_removal,tp,0.48879337310791016,0.0542755126953125,0.3549613952636719,1.0389766693115234,False
8.0,denoised,57,53,8.395757675170898,8.323142051696777,8.053065299987793,8.797301292419434,duplicate_removal,tp,0.39575767517089844,0.05306529998779297,0.32314205169677734,0.7973012924194336,False
8.0,denoised,49,54,8.411123275756836,8.25844955444336,8.065735816955566,8.757941246032715,duplicate_removal,tp,0.41112327575683594,0.0657358169555664,0.2584495544433594,0.7579412460327148,False
8.0,denoised,38,55,8.469874382019043,8.306951522827148,8.052358627319336,9.164827346801758,duplicate_removal,tp,0.46987438201904297,0.05235862731933594,0.30695152282714844,1.1648273468017578,False
8.0,denoised,26,56,8.374520301818848,8.242888450622559,8.036334037780762,8.696722030639648,duplicate_removal,tp,0.37452030181884766,0.03633403778076172,0.2428884506225586,0.6967220306396484,False
8.0,denoised,34,57,8.597723007202148,8.211967468261719,8.033062934875488,9.075965881347656,duplicate_removal,tp,0.5977230072021484,0.03306293487548828,0.21196746826171875,1.0759658813476562,False
8.0,denoised,27,58,8.754008293151855,8.375761032104492,8.097760200500488,8.906543731689453,duplicate_removal,tp,0.7540082931518555,0.09776020050048828,0.3757610321044922,0.9065437316894531,False
8.0,denoised,27,59,8.264203071594238,8.200270652770996,8.02701473236084,8.661883354187012,duplicate_removal,tp,0.2642030715942383,0.027014732360839844,0.2002706527709961,0.6618833541870117,False
8.0,denoised,18,60,8.652233123779297,8.264820098876953,8.073798179626465,9.84560203552246,duplicate_removal,tp,0.6522331237792969,0.07379817962646484,0.2648200988769531,1.8456020355224592,False
8.0,denoised,12,61,8.449267387390137,8.291269302368164,8.046053886413574,9.025537490844728,duplicate_removal,tp,0.4492673873901367,0.04605388641357422,0.29126930236816406,1.0255374908447283,False
8.0,denoised,11,62,8.471858024597168,8.361247062683105,8.058797836303711,9.219071388244627,duplicate_removal,tp,0.47185802459716797,0.05879783630371094,0.36124706268310547,1.2190713882446271,False
8.0,denoised,13,63,8.52135181427002,8.383658409118652,8.054436683654785,9.164250373840332,duplicate_removal,tp,0.5213518142700195,0.054436683654785156,0.38365840911865234,1.164250373840332,False
8.0,denoised,13,64,8.532380104064941,8.210943222045898,8.053104400634766,9.113752365112305,duplicate_removal,tp,0.5323801040649414,0.053104400634765625,0.21094322204589844,1.1137523651123047,False
8.0,denoised,14,65,8.384803771972656,8.236030578613281,8.036478042602539,8.887928009033203,duplicate_removal,tp,0.38480377197265625,0.03647804260253906,0.23603057861328125,0.8879280090332031,False
8.0,denoised,10,66,8.235966682434082,8.191024780273438,8.035470962524414,8.511446952819824,duplicate_removal,tp,0.23596668243408203,0.03547096252441406,0.1910247802734375,0.5114469528198242,False
8.0,denoised,7,67,8.401666641235352,8.231239318847656,8.158437728881836,8.804281234741211,duplicate_removal,tp,0.40166664123535156,0.15843772888183594,0.23123931884765625,0.8042812347412109,False
8.0,denoised,6,68,8.138216972351074,8.116344451904297,8.02501106262207,8.273294448852539,duplicate_removal,tp,0.13821697235107422,0.025011062622070312,0.11634445190429688,0.27329444885253906,False
8.0,denoised,2,69,8.058405876159668,8.058405876159668,8.035745620727539,8.081066131591797,duplicate_removal,tp,0.05840587615966797,0.03574562072753906,0.05840587615966797,0.08106613159179688,False
8.0,denoised,5,70,8.584115982055664,8.317680358886719,8.03164291381836,9.270315170288086,duplicate_removal,tp,0.5841159820556641,0.031642913818359375,0.31768035888671875,1.270315170288086,False
8.0,denoised,2,71,8.422921180725098,8.422921180725098,8.1593599319458,8.686482429504395,duplicate_removal,tp,0.42292118072509766,0.15935993194580078,0.42292118072509766,0.6864824295043945,False
8.0,denoised,1,72,8.252413749694824,8.252413749694824,8.252413749694824,8.252413749694824,duplicate_removal,tp,0.2524137496948242,0.2524137496948242,0.2524137496948242,0.2524137496948242,False
8.0,denoised,2,73,8.171092987060547,8.171092987060547,8.117215156555176,8.224969863891602,duplicate_removal,tp,0.17109298706054688,0.11721515655517578,0.17109298706054688,0.22496986389160156,False
8.0,denoised,4,74,8.60539722442627,8.248319625854492,8.119966506958008,9.37648868560791,duplicate_removal,tp,0.6053972244262695,0.11996650695800781,0.2483196258544922,1.3764886856079102,False
8.0,denoised,1,76,8.070564270019531,8.070564270019531,8.070564270019531,8.070564270019531,duplicate_removal,tp,0.07056427001953125,0.07056427001953125,0.07056427001953125,0.07056427001953125,False
8.0,denoised,1,77,8.093100547790527,8.093100547790527,8.093100547790527,8.093100547790527,duplicate_removal,tp,0.09310054779052734,0.09310054779052734,0.09310054779052734,0.09310054779052734,False
8.0,denoised,1,78,8.214873313903809,8.214873313903809,8.214873313903809,8.214873313903809,duplicate_removal,tp,0.2148733139038086,0.2148733139038086,0.2148733139038086,0.2148733139038086,False
8.0,denoised,1,79,8.218374252319336,8.218374252319336,8.218374252319336,8.218374252319336,duplicate_removal,tp,0.21837425231933594,0.21837425231933594,0.21837425231933594,0.21837425231933594,False
8.0,denoised,1,80,20.428316116333008,20.428316116333008,20.428316116333008,20.428316116333008,duplicate_removal,tp,12.428316116333008,12.428316116333008,12.428316116333008,12.428316116333008,False
8.0,denoised,1,83,8.737567901611328,8.737567901611328,8.737567901611328,8.737567901611328,duplicate_removal,tp,0.7375679016113281,0.7375679016113281,0.7375679016113281,0.7375679016113281,False
8.0,denoised,1,84,24.06464958190918,24.06464958190918,24.06464958190918,24.06464958190918,duplicate_removal,tp,16.06464958190918,16.06464958190918,16.06464958190918,16.06464958190918,False
8.0,denoised,1,85,8.354934692382812,8.354934692382812,8.354934692382812,8.354934692382812,duplicate_removal,tp,0.3549346923828125,0.3549346923828125,0.3549346923828125,0.3549346923828125,False
8.0,denoised,1,86,8.585707664489746,8.585707664489746,8.585707664489746,8.585707664489746,duplicate_removal,tp,0.5857076644897461,0.5857076644897461,0.5857076644897461,0.5857076644897461,False
8.0,denoised,1,91,8.078964233398438,8.078964233398438,8.078964233398438,8.078964233398438,duplicate_removal,tp,0.0789642333984375,0.0789642333984375,0.0789642333984375,0.0789642333984375,False
8.0,denoised,3,93,8.322379112243652,8.026935577392578,8.009055137634277,8.75387954711914,duplicate_removal,tp,0.32237911224365234,0.009055137634277344,0.026935577392578125,0.7538795471191406,False
8.0,denoised,1,94,8.302727699279785,8.302727699279785,8.302727699279785,8.302727699279785,duplicate_removal,tp,0.30272769927978516,0.30272769927978516,0.30272769927978516,0.30272769927978516,False
8.0,denoised,1,97,8.0589017868042,8.0589017868042,8.0589017868042,8.0589017868042,duplicate_removal,tp,0.05890178680419922,0.05890178680419922,0.05890178680419922,0.05890178680419922,False
8.0,denoised,272595,0,41.2080192565918,39.90593719482422,28.04290580749512,55.45432662963867,duplicate_removal,unmatched_cluster,33.2080192565918,20.04290580749512,31.90593719482422,47.45432662963867,True
8.0,denoised,250781,1,32.55765914916992,32.3326416015625,22.02373695373535,43.21011352539063,duplicate_removal,unmatched_cluster,24.557659149169922,14.023736953735352,24.3326416015625,35.21011352539063,True
8.0,denoised,242496,2,27.876096725463867,27.6640625,19.35887908935547,36.572303771972656,duplicate_removal,unmatched_cluster,19.876096725463867,11.358879089355469,19.6640625,28.572303771972656,True
8.0,denoised,237189,3,24.68697166442871,24.015033721923828,17.26525115966797,32.86695861816406,duplicate_removal,unmatched_cluster,16.68697166442871,9.265251159667969,16.015033721923828,24.866958618164062,True
8.0,denoised,232537,4,22.273717880249023,21.59318733215332,15.627850532531738,29.829185485839844,duplicate_removal,unmatched_cluster,14.273717880249023,7.627850532531738,13.59318733215332,21.829185485839844,True
8.0,denoised,227623,5,20.37672615051269,19.974557876586918,14.410795211791992,27.029438018798828,duplicate_removal,unmatched_cluster,12.376726150512692,6.410795211791992,11.974557876586918,19.029438018798828,True
8.0,denoised,224218,6,18.836652755737305,18.544910430908203,13.441360473632812,24.578346252441406,duplicate_removal,unmatched_cluster,10.836652755737305,5.4413604736328125,10.544910430908203,16.578346252441406,True
8.0,denoised,221644,7,17.55028533935547,17.201011657714844,12.678647994995115,22.662940979003903,duplicate_removal,unmatched_cluster,9.550285339355469,4.678647994995115,9.201011657714844,14.662940979003903,True
8.0,denoised,219482,8,16.45871353149414,16.026599884033203,12.06169605255127,21.244190216064453,duplicate_removal,unmatched_cluster,8.45871353149414,4.0616960525512695,8.026599884033203,13.244190216064453,True
8.0,denoised,217745,9,15.530778884887695,15.062111854553224,11.570178985595703,20.06151008605957,duplicate_removal,unmatched_cluster,7.530778884887695,3.570178985595703,7.062111854553224,12.06151008605957,True
8.0,denoised,216573,10,14.732548713684082,14.24789810180664,11.166476249694824,19.002138137817383,duplicate_removal,unmatched_cluster,6.732548713684082,3.166476249694824,6.247898101806641,11.002138137817383,True
8.0,denoised,215259,11,14.038119316101074,13.555635452270508,10.833895683288574,17.956634521484375,duplicate_removal,unmatched_cluster,6.038119316101074,2.833895683288574,5.555635452270508,9.956634521484375,True
8.0,denoised,215024,12,13.430335998535156,12.948843002319336,10.54458999633789,16.99919891357422,duplicate_removal,unmatched_cluster,5.430335998535156,2.5445899963378906,4.948843002319336,8.999198913574219,True
8.0,denoised,214072,13,12.905622482299805,12.441529273986816,10.28803253173828,16.167524337768555,duplicate_removal,unmatched_cluster,4.905622482299805,2.2880325317382795,4.441529273986816,8.167524337768555,True
8.0,denoised,213778,14,12.442201614379885,12.006277084350586,10.073558807373049,15.416025161743164,duplicate_removal,unmatched_cluster,4.442201614379885,2.0735588073730487,4.006277084350586,7.416025161743164,True
8.0,denoised,212742,15,12.03743839263916,11.626203536987305,9.875039100646973,14.753853797912598,duplicate_removal,unmatched_cluster,4.03743839263916,1.8750391006469727,3.6262035369873047,6.753853797912598,True
8.0,denoised,212469,16,11.680694580078123,11.30592441558838,9.701555252075195,14.15317726135254,duplicate_removal,unmatched_cluster,3.6806945800781232,1.7015552520751953,3.3059244155883807,6.153177261352541,True
8.0,denoised,212138,17,11.363310813903809,11.021560668945312,9.545768737792969,13.624551773071287,duplicate_removal,unmatched_cluster,3.3633108139038086,1.5457687377929688,3.0215606689453125,5.624551773071287,True
8.0,denoised,211955,18,11.083732604980469,10.772283554077148,9.3976469039917,13.157691955566406,duplicate_removal,unmatched_cluster,3.0837326049804688,1.3976469039916992,2.7722835540771484,5.157691955566406,True
8.0,denoised,211808,19,10.829397201538086,10.550235748291016,9.263489723205566,12.743061065673828,duplicate_removal,unmatched_cluster,2.829397201538086,1.2634897232055664,2.5502357482910156,4.743061065673828,True
8.0,denoised,211469,20,10.603015899658203,10.349193572998049,9.141091346740724,12.357813835144045,duplicate_removal,unmatched_cluster,2.603015899658203,1.1410913467407244,2.3491935729980487,4.357813835144045,True
8.0,denoised,211368,21,10.39920425415039,10.169397354125977,9.026598930358888,12.036809921264648,duplicate_removal,unmatched_cluster,2.3992042541503906,1.0265989303588885,2.1693973541259766,4.036809921264648,True
8.0,denoised,210591,22,10.215006828308104,10.006170272827148,8.921278953552246,11.733110427856444,duplicate_removal,unmatched_cluster,2.2150068283081037,0.9212789535522461,2.0061702728271484,3.7331104278564435,True
8.0,denoised,209905,23,10.047657012939451,9.855886459350586,8.82387638092041,11.468551635742188,duplicate_removal,unmatched_cluster,2.0476570129394513,0.8238763809204102,1.855886459350586,3.4685516357421875,True
8.0,denoised,209781,24,9.891973495483398,9.713089942932127,8.732538223266602,11.228826522827148,duplicate_removal,unmatched_cluster,1.8919734954833984,0.7325382232666016,1.7130899429321271,3.2288265228271484,True
8.0,denoised,208801,25,9.752525329589844,9.583929061889648,8.65365219116211,11.015795707702637,duplicate_removal,unmatched_cluster,1.7525253295898438,0.6536521911621094,1.5839290618896484,3.0157957077026367,True
8.0,denoised,207716,26,9.625171661376951,9.46862506866455,8.576957702636719,10.820768356323242,duplicate_removal,unmatched_cluster,1.6251716613769513,0.5769577026367188,1.4686250686645508,2.820768356323242,True
8.0,denoised,206569,27,9.506197929382324,9.35763168334961,8.507370948791504,10.64182472229004,duplicate_removal,unmatched_cluster,1.5061979293823242,0.5073709487915039,1.3576316833496094,2.641824722290041,True
8.0,denoised,204840,28,9.39687728881836,9.256357192993164,8.442852973937988,10.480036735534668,duplicate_removal,unmatched_cluster,1.3968772888183594,0.4428529739379883,1.256357192993164,2.480036735534668,True
8.0,denoised,202909,29,9.29970645904541,9.165863037109377,8.38866901397705,10.335843086242676,duplicate_removal,unmatched_cluster,1.2997064590454102,0.3886690139770508,1.1658630371093768,2.335843086242676,True
8.0,denoised,200283,30,9.209699630737305,9.07829475402832,8.342707633972168,10.199583053588867,duplicate_removal,unmatched_cluster,1.2096996307373047,0.34270763397216797,1.0782947540283203,2.199583053588867,True
8.0,denoised,197890,31,9.126306533813477,8.997159957885742,8.300334930419922,10.071403503417969,duplicate_removal,unmatched_cluster,1.1263065338134766,0.3003349304199219,0.9971599578857422,2.0714035034179688,True
8.0,denoised,194467,32,9.050018310546877,8.92242431640625,8.2623929977417,9.955666542053224,duplicate_removal,unmatched_cluster,1.0500183105468768,0.2623929977416992,0.92242431640625,1.9556665420532244,True
8.0,denoised,190410,33,8.978967666625977,8.853705406188965,8.229743003845215,9.846561431884766,duplicate_removal,unmatched_cluster,0.9789676666259766,0.22974300384521484,0.8537054061889648,1.8465614318847656,True
8.0,denoised,185756,34,8.914371490478516,8.790275573730469,8.202898025512695,9.74673080444336,duplicate_removal,unmatched_cluster,0.9143714904785156,0.2028980255126953,0.7902755737304688,1.7467308044433594,True
8.0,denoised,180763,35,8.855508804321289,8.732617378234863,8.17973804473877,9.649297714233398,duplicate_removal,unmatched_cluster,0.8555088043212891,0.17973804473876953,0.7326173782348633,1.6492977142333984,True
8.0,denoised,175001,36,8.800558090209961,8.679555892944336,8.158134460449219,9.56446647644043,duplicate_removal,unmatched_cluster,0.8005580902099609,0.15813446044921875,0.6795558929443359,1.5644664764404297,True
8.0,denoised,168918,37,8.752859115600586,8.631498336791992,8.141892433166504,9.48394012451172,duplicate_removal,unmatched_cluster,0.7528591156005859,0.1418924331665039,0.6314983367919922,1.4839401245117205,True
8.0,denoised,161925,38,8.70723819732666,8.585770606994629,8.126437187194824,9.410710334777832,duplicate_removal,unmatched_cluster,0.7072381973266602,0.12643718719482422,0.5857706069946289,1.410710334777832,True
8.0,denoised,154229,39,8.666902542114258,8.545774459838867,8.113231658935547,9.344755172729492,duplicate_removal,unmatched_cluster,0.6669025421142578,0.11323165893554688,0.5457744598388672,1.3447551727294922,True
8.0,denoised,146420,40,8.62920093536377,8.509834289550781,8.100617408752441,9.280424118041992,duplicate_removal,unmatched_cluster,0.6292009353637695,0.1006174087524414,0.5098342895507812,1.2804241180419922,True
8.0,denoised,137603,41,8.598115921020508,8.478818893432617,8.093538284301758,9.226393699645996,duplicate_removal,unmatched_cluster,0.5981159210205078,0.09353828430175781,0.4788188934326172,1.226393699645996,True
8.0,denoised,129168,42,8.56663703918457,8.44912338256836,8.084797859191895,9.174394607543944,duplicate_removal,unmatched_cluster,0.5666370391845703,0.08479785919189453,0.4491233825683594,1.1743946075439435,True
8.0,denoised,120869,43,8.53855037689209,8.420722007751465,8.077534675598145,9.12522792816162,duplicate_removal,unmatched_cluster,0.5385503768920898,0.07753467559814453,0.42072200775146484,1.1252279281616193,True
8.0,denoised,111919,44,8.512872695922852,8.39545726776123,8.070643424987793,9.08155632019043,duplicate_removal,unmatched_cluster,0.5128726959228516,0.07064342498779297,0.39545726776123047,1.0815563201904297,True
8.0,denoised,103397,45,8.489656448364258,8.373793601989746,8.065971374511719,9.036810874938965,duplicate_removal,unmatched_cluster,0.4896564483642578,0.06597137451171875,0.3737936019897461,1.0368108749389648,True
8.0,denoised,94903,46,8.47031021118164,8.353801727294922,8.061659812927246,9.003399848937988,duplicate_removal,unmatched_cluster,0.4703102111816406,0.061659812927246094,0.3538017272949219,1.0033998489379883,True
8.0,denoised,86319,47,8.452856063842773,8.336949348449707,8.058350563049316,8.97282600402832,duplicate_removal,unmatched_cluster,0.45285606384277344,0.058350563049316406,0.33694934844970703,0.9728260040283203,True
8.0,denoised,78578,48,8.434669494628906,8.320089340209961,8.053970336914062,8.936354637145996,duplicate_removal,unmatched_cluster,0.43466949462890625,0.0539703369140625,0.32008934020996094,0.9363546371459961,True
8.0,denoised,70708,49,8.419463157653809,8.30461597442627,8.051420211791992,8.912336349487305,duplicate_removal,unmatched_cluster,0.4194631576538086,0.05142021179199219,0.30461597442626953,0.9123363494873047,True
8.0,denoised,63645,50,8.407635688781738,8.291960716247559,8.048809051513672,8.887917518615723,duplicate_removal,unmatched_cluster,0.4076356887817383,0.048809051513671875,0.2919607162475586,0.8879175186157227,True
8.0,denoised,56797,51,8.395156860351562,8.279242515563965,8.046713829040527,8.868370056152344,duplicate_removal,unmatched_cluster,0.3951568603515625,0.046713829040527344,0.27924251556396484,0.8683700561523438,True
8.0,denoised,50596,52,8.381264686584473,8.266855239868164,8.043619155883789,8.844367980957031,duplicate_removal,unmatched_cluster,0.38126468658447266,0.04361915588378906,0.26685523986816406,0.8443679809570312,True
8.0,denoised,44684,53,8.375866889953613,8.255958557128906,8.04277229309082,8.83460521697998,duplicate_removal,unmatched_cluster,0.3758668899536133,0.04277229309082031,0.25595855712890625,0.8346052169799805,True
8.0,denoised,39314,54,8.370128631591797,8.251960754394531,8.040902137756348,8.814685821533203,duplicate_removal,unmatched_cluster,0.3701286315917969,0.040902137756347656,0.25196075439453125,0.8146858215332031,True
8.0,denoised,34720,55,8.364041328430176,8.245088577270508,8.038567543029785,8.804920196533203,duplicate_removal,unmatched_cluster,0.3640413284301758,0.038567543029785156,0.2450885772705078,0.8049201965332031,True
8.0,denoised,30279,56,8.35816764831543,8.23742389678955,8.03732681274414,8.794923782348633,duplicate_removal,unmatched_cluster,0.3581676483154297,0.037326812744140625,0.23742389678955078,0.7949237823486328,True
8.0,denoised,26459,57,8.350719451904297,8.231407165527344,8.036320686340332,8.787063598632812,duplicate_removal,unmatched_cluster,0.3507194519042969,0.03632068634033203,0.23140716552734375,0.7870635986328125,True
8.0,denoised,22885,58,8.352973937988281,8.225113868713379,8.036513328552246,8.791722297668457,duplicate_removal,unmatched_cluster,0.35297393798828125,0.036513328552246094,0.2251138687133789,0.791722297668457,True
8.0,denoised,19902,59,8.349325180053711,8.221983909606934,8.035113334655762,8.7815580368042,duplicate_removal,unmatched_cluster,0.34932518005371094,0.03511333465576172,0.2219839096069336,0.7815580368041992,True
8.0,denoised,17222,60,8.350988388061523,8.221418380737305,8.0331392288208,8.77862548828125,duplicate_removal,unmatched_cluster,0.35098838806152344,0.03313922882080078,0.2214183807373047,0.77862548828125,True
8.0,denoised,14834,61,8.353484153747559,8.218878746032715,8.03282642364502,8.778727531433105,duplicate_removal,unmatched_cluster,0.3534841537475586,0.03282642364501953,0.21887874603271484,0.7787275314331055,True
8.0,denoised,12847,62,8.35201644897461,8.219098091125488,8.03238296508789,8.780197143554688,duplicate_removal,unmatched_cluster,0.3520164489746094,0.032382965087890625,0.21909809112548828,0.7801971435546875,True
8.0,denoised,11116,63,8.358532905578613,8.223451614379883,8.033916473388672,8.808646202087402,duplicate_removal,unmatched_cluster,0.3585329055786133,0.033916473388671875,0.2234516143798828,0.8086462020874023,True
8.0,denoised,9680,64,8.358451843261719,8.222030639648438,8.032504081726074,8.80661392211914,duplicate_removal,unmatched_cluster,0.35845184326171875,0.03250408172607422,0.2220306396484375,0.8066139221191406,True
8.0,denoised,8354,65,8.365636825561523,8.218534469604492,8.032958030700684,8.833370208740234,duplicate_removal,unmatched_cluster,0.36563682556152344,0.032958030700683594,0.2185344696044922,0.8333702087402344,True
8.0,denoised,7192,66,8.367913246154785,8.216827392578125,8.033154487609863,8.857133865356445,duplicate_removal,unmatched_cluster,0.36791324615478516,0.03315448760986328,0.216827392578125,0.8571338653564453,True
8.0,denoised,6281,67,8.370793342590332,8.216303825378418,8.031822204589844,8.855328559875488,duplicate_removal,unmatched_cluster,0.37079334259033203,0.03182220458984375,0.21630382537841797,0.8553285598754883,True
8.0,denoised,5490,68,8.369462966918945,8.215738296508789,8.033112525939941,8.852970123291016,duplicate_removal,unmatched_cluster,0.3694629669189453,0.033112525939941406,0.21573829650878906,0.8529701232910156,True
8.0,denoised,4764,69,8.376777648925781,8.22416877746582,8.03116512298584,8.838665008544922,duplicate_removal,unmatched_cluster,0.37677764892578125,0.031165122985839844,0.2241687774658203,0.8386650085449219,True
8.0,denoised,4184,70,8.381109237670898,8.22673225402832,8.030577659606934,8.850228309631348,duplicate_removal,unmatched_cluster,0.38110923767089844,0.030577659606933594,0.2267322540283203,0.8502283096313477,True
8.0,denoised,3578,71,8.418435096740723,8.229738235473633,8.033988952636719,8.88520622253418,duplicate_removal,unmatched_cluster,0.41843509674072266,0.03398895263671875,0.2297382354736328,0.8852062225341797,True
8.0,denoised,3118,72,8.398015022277832,8.24132251739502,8.037036895751953,8.857303619384766,duplicate_removal,unmatched_cluster,0.39801502227783203,0.037036895751953125,0.24132251739501953,0.8573036193847656,True
8.0,denoised,2823,73,8.413307189941406,8.240111351013184,8.03342056274414,8.84782886505127,duplicate_removal,unmatched_cluster,0.41330718994140625,0.033420562744140625,0.2401113510131836,0.8478288650512695,True
8.0,denoised,2459,74,8.429075241088867,8.240358352661133,8.03600788116455,8.866764068603516,duplicate_removal,unmatched_cluster,0.4290752410888672,0.03600788116455078,0.2403583526611328,0.8667640686035156,True
8.0,denoised,2209,75,8.442930221557617,8.241456031799316,8.03467082977295,8.87751579284668,duplicate_removal,unmatched_cluster,0.4429302215576172,0.03467082977294922,0.2414560317993164,0.8775157928466797,True
8.0,denoised,1937,76,8.44629955291748,8.24921989440918,8.039252281188965,8.874696731567383,duplicate_removal,unmatched_cluster,0.44629955291748047,0.039252281188964844,0.2492198944091797,0.8746967315673828,True
8.0,denoised,1739,77,8.431415557861328,8.240934371948242,8.038694381713867,8.878828048706055,duplicate_removal,unmatched_cluster,0.4314155578613281,0.03869438171386719,0.2409343719482422,0.8788280487060547,True
8.0,denoised,1519,78,8.471555709838867,8.242608070373535,8.033018112182617,8.920310020446777,duplicate_removal,unmatched_cluster,0.4715557098388672,0.03301811218261719,0.24260807037353516,0.9203100204467773,True
8.0,denoised,1341,79,8.477263450622559,8.247282028198242,8.038308143615723,8.876225471496582,duplicate_removal,unmatched_cluster,0.4772634506225586,0.038308143615722656,0.2472820281982422,0.876225471496582,True
8.0,denoised,1225,80,8.517889976501465,8.2316312789917,8.0396089553833,8.873363494873047,duplicate_removal,unmatched_cluster,0.5178899765014648,0.03960895538330078,0.23163127899169922,0.8733634948730469,True
8.0,denoised,1101,81,8.590521812438965,8.245619773864746,8.041088104248047,8.95567798614502,duplicate_removal,unmatched_cluster,0.5905218124389648,0.041088104248046875,0.2456197738647461,0.9556779861450195,True
8.0,denoised,973,82,8.494417190551758,8.249403953552246,8.034296035766602,8.8650484085083,duplicate_removal,unmatched_cluster,0.4944171905517578,0.03429603576660156,0.2494039535522461,0.8650484085083008,True
8.0,denoised,855,83,8.504878044128418,8.245020866394043,8.040902137756348,8.846282958984375,duplicate_removal,unmatched_cluster,0.504878044128418,0.040902137756347656,0.24502086639404297,0.846282958984375,True
8.0,denoised,758,84,8.598478317260742,8.270519256591797,8.044573783874512,8.883270263671875,duplicate_removal,unmatched_cluster,0.5984783172607422,0.04457378387451172,0.2705192565917969,0.883270263671875,True
8.0,denoised,675,85,8.64750862121582,8.262287139892578,8.035199165344238,9.093000411987305,duplicate_removal,unmatched_cluster,0.6475086212158203,0.03519916534423828,0.2622871398925781,1.0930004119873047,True
8.0,denoised,613,86,8.608528137207031,8.267560005187988,8.039738655090332,9.034342765808104,duplicate_removal,unmatched_cluster,0.6085281372070312,0.03973865509033203,0.2675600051879883,1.0343427658081037,True
8.0,denoised,558,87,8.687732696533203,8.287738800048828,8.041620254516602,9.193782806396484,duplicate_removal,unmatched_cluster,0.6877326965332031,0.04162025451660156,0.2877388000488281,1.1937828063964844,True
8.0,denoised,523,88,8.635416984558105,8.289124488830566,8.052069664001465,9.107738494873049,duplicate_removal,unmatched_cluster,0.6354169845581055,0.052069664001464844,0.2891244888305664,1.1077384948730487,True
8.0,denoised,475,89,8.656262397766113,8.27686882019043,8.045215606689453,9.059043884277344,duplicate_removal,unmatched_cluster,0.6562623977661133,0.045215606689453125,0.2768688201904297,1.0590438842773438,True
8.0,denoised,430,90,8.658175468444824,8.246966361999512,8.050868034362793,9.092819213867188,duplicate_removal,unmatched_cluster,0.6581754684448242,0.05086803436279297,0.24696636199951172,1.0928192138671875,True
8.0,denoised,411,91,8.711301803588867,8.251816749572754,8.041341781616211,9.150099754333496,duplicate_removal,unmatched_cluster,0.7113018035888672,0.04134178161621094,0.2518167495727539,1.150099754333496,True
8.0,denoised,368,92,8.692909240722656,8.257829666137695,8.04406452178955,9.227044105529783,duplicate_removal,unmatched_cluster,0.6929092407226562,0.04406452178955078,0.2578296661376953,1.2270441055297834,True
8.0,denoised,335,93,8.834383964538574,8.260736465454102,8.039027214050293,9.43096160888672,duplicate_removal,unmatched_cluster,0.8343839645385742,0.03902721405029297,0.26073646545410156,1.4309616088867205,True
8.0,denoised,311,94,8.673694610595703,8.251030921936035,8.044641494750977,9.293048858642578,duplicate_removal,unmatched_cluster,0.6736946105957031,0.04464149475097656,0.25103092193603516,1.2930488586425781,True
8.0,denoised,288,95,8.872886657714844,8.245702743530273,8.045644760131836,9.506218910217283,duplicate_removal,unmatched_cluster,0.8728866577148438,0.04564476013183594,0.24570274353027344,1.5062189102172834,True
8.0,denoised,269,96,9.051775932312012,8.242422103881836,8.03171443939209,9.763648986816406,duplicate_removal,unmatched_cluster,1.0517759323120117,0.031714439392089844,0.24242210388183594,1.7636489868164062,True
8.0,denoised,240,97,8.84425163269043,8.224187850952148,8.03255558013916,9.677604675292969,duplicate_removal,unmatched_cluster,0.8442516326904297,0.032555580139160156,0.22418785095214844,1.6776046752929688,True
8.0,denoised,222,98,8.865265846252441,8.249466896057129,8.025781631469727,9.615694999694824,duplicate_removal,unmatched_cluster,0.8652658462524414,0.025781631469726562,0.2494668960571289,1.6156949996948242,True
8.0,denoised,204,99,9.179161071777344,8.320844650268555,8.039752006530762,9.792664527893066,duplicate_removal,unmatched_cluster,1.1791610717773438,0.03975200653076172,0.3208446502685547,1.7926645278930664,True
10.75,denoised,45,0,20.54537010192871,20.33014869689941,15.7216215133667,25.10424041748047,duplicate_removal,fp_matched_cluster,9.795370101928711,4.971621513366699,9.58014869689941,14.354240417480469,False
10.75,denoised,166,1,18.797571182250977,18.636764526367188,15.306543350219728,22.139070510864254,duplicate_removal,fp_matched_cluster,8.047571182250977,4.556543350219728,7.8867645263671875,11.389070510864254,True
10.75,denoised,371,2,18.35041046142578,17.957984924316406,14.799899101257324,22.19810676574707,duplicate_removal,fp_matched_cluster,7.600410461425781,4.049899101257324,7.207984924316406,11.44810676574707,True
10.75,denoised,650,3,17.896806716918945,17.75557518005371,14.252352714538574,21.58196258544922,duplicate_removal,fp_matched_cluster,7.146806716918945,3.502352714538574,7.005575180053711,10.831962585449219,True
10.75,denoised,922,4,17.136316299438477,17.02967071533203,13.615728378295898,20.719066619873047,duplicate_removal,fp_matched_cluster,6.386316299438477,2.8657283782958984,6.279670715332031,9.969066619873047,True
10.75,denoised,1142,5,16.5997257232666,16.597980499267578,13.280306816101074,19.90098571777344,duplicate_removal,fp_matched_cluster,5.849725723266602,2.530306816101074,5.847980499267578,9.150985717773441,True
10.75,denoised,1327,6,16.072481155395508,15.944558143615724,12.886369705200195,19.271947860717773,duplicate_removal,fp_matched_cluster,5.322481155395508,2.1363697052001953,5.194558143615724,8.521947860717773,True
10.75,denoised,1644,7,15.653865814208984,15.4718017578125,12.46491813659668,19.083885192871094,duplicate_removal,fp_matched_cluster,4.903865814208984,1.7149181365966797,4.7218017578125,8.333885192871094,True
10.75,denoised,1695,8,15.1608304977417,14.967541694641112,12.14039134979248,18.397062301635746,duplicate_removal,fp_matched_cluster,4.410830497741699,1.3903913497924805,4.2175416946411115,7.647062301635746,True
10.75,denoised,1837,9,14.631349563598633,14.463153839111328,11.769577980041504,17.725866317749023,duplicate_removal,fp_matched_cluster,3.881349563598633,1.019577980041504,3.713153839111328,6.975866317749023,True
10.75,denoised,1911,10,14.26150608062744,13.98776149749756,11.616682052612305,17.26978302001953,duplicate_removal,fp_matched_cluster,3.5115060806274396,0.8666820526123047,3.2377614974975604,6.519783020019531,True
10.75,denoised,1928,11,13.842511177062988,13.530925750732422,11.48104763031006,16.636171340942383,duplicate_removal,fp_matched_cluster,3.0925111770629883,0.7310476303100604,2.780925750732422,5.886171340942383,True
10.75,denoised,1796,12,13.431448936462402,13.036778450012209,11.266243934631348,16.076391220092773,duplicate_removal,fp_matched_cluster,2.6814489364624023,0.5162439346313477,2.286778450012209,5.326391220092773,True
10.75,denoised,1852,13,13.144577026367188,12.742563247680664,11.16201114654541,15.65976619720459,duplicate_removal,fp_matched_cluster,2.3945770263671875,0.41201114654541016,1.992563247680664,4.90976619720459,True
10.75,denoised,1748,14,12.876681327819824,12.490683555603027,11.114140510559082,15.195836067199709,duplicate_removal,fp_matched_cluster,2.126681327819824,0.36414051055908203,1.7406835556030273,4.445836067199709,True
10.75,denoised,1650,15,12.649713516235352,12.29164695739746,11.034110069274902,14.780620574951172,duplicate_removal,fp_matched_cluster,1.8997135162353516,0.28411006927490234,1.5416469573974592,4.030620574951172,True
10.75,denoised,1525,16,12.48010540008545,12.095785140991213,10.985275268554688,14.556023597717283,duplicate_removal,fp_matched_cluster,1.7301054000854492,0.2352752685546875,1.3457851409912127,3.8060235977172834,True
10.75,denoised,1405,17,12.229336738586426,11.88617992401123,10.975212097167969,14.008980751037598,duplicate_removal,fp_matched_cluster,1.4793367385864258,0.22521209716796875,1.1361799240112305,3.2589807510375977,True
10.75,denoised,1295,18,12.081140518188477,11.741063117980955,10.913756370544434,13.694069862365724,duplicate_removal,fp_matched_cluster,1.3311405181884766,0.1637563705444336,0.9910631179809553,2.9440698623657244,True
10.75,denoised,1052,19,12.005220413208008,11.67064380645752,10.94123077392578,13.405132293701172,duplicate_removal,fp_matched_cluster,1.2552204132080078,0.19123077392577947,0.9206438064575195,2.655132293701172,True
10.75,denoised,938,20,11.860297203063965,11.606887817382812,10.902990341186523,13.203990936279297,duplicate_removal,fp_matched_cluster,1.1102972030639648,0.15299034118652344,0.8568878173828125,2.453990936279297,True
10.75,denoised,801,21,11.80057430267334,11.512702941894531,10.871508598327637,13.173733711242676,duplicate_removal,fp_matched_cluster,1.0505743026733398,0.12150859832763672,0.7627029418945312,2.423733711242676,True
10.75,denoised,689,22,11.706477165222168,11.439300537109377,10.842185020446776,12.96634006500244,duplicate_removal,fp_matched_cluster,0.956477165222168,0.09218502044677557,0.6893005371093768,2.2163400650024396,True
10.75,denoised,574,23,11.610739707946776,11.374065399169922,10.84835147857666,12.759302139282228,duplicate_removal,fp_matched_cluster,0.8607397079467756,0.09835147857666016,0.6240653991699219,2.0093021392822283,True
10.75,denoised,446,24,11.462021827697754,11.26201629638672,10.843324661254885,12.318151473999023,duplicate_removal,fp_matched_cluster,0.7120218276977539,0.09332466125488459,0.5120162963867205,1.5681514739990234,True
10.75,denoised,346,25,11.48024559020996,11.263179779052734,10.836846351623535,12.45633316040039,duplicate_removal,fp_matched_cluster,0.7302455902099592,0.08684635162353516,0.5131797790527344,1.7063331604003906,True
10.75,denoised,281,26,11.547743797302246,11.32634449005127,10.84080696105957,12.433570861816406,duplicate_removal,fp_matched_cluster,0.7977437973022461,0.09080696105957031,0.5763444900512695,1.6835708618164062,True
10.75,denoised,206,27,11.551424980163574,11.333641052246094,10.85097599029541,12.481490135192873,duplicate_removal,fp_matched_cluster,0.8014249801635742,0.10097599029541016,0.5836410522460938,1.7314901351928729,True
10.75,denoised,169,28,11.477901458740234,11.304032325744627,10.82736873626709,12.367660522460938,duplicate_removal,fp_matched_cluster,0.7279014587402344,0.07736873626708984,0.5540323257446271,1.6176605224609375,True
10.75,denoised,126,29,11.507024765014648,11.261432647705078,10.83568286895752,12.320319175720217,duplicate_removal,fp_matched_cluster,0.7570247650146484,0.08568286895751953,0.5114326477050781,1.5703191757202166,True
10.75,denoised,93,30,11.46957015991211,11.317562103271484,10.809426307678224,12.310261726379396,duplicate_removal,fp_matched_cluster,0.7195701599121094,0.05942630767822443,0.5675621032714844,1.5602617263793963,False
10.75,denoised,67,31,11.323455810546877,11.195100784301758,10.79103660583496,12.012937545776367,duplicate_removal,fp_matched_cluster,0.5734558105468768,0.04103660583495916,0.4451007843017578,1.2629375457763672,False
10.75,denoised,52,32,11.345392227172852,11.183671951293944,10.821891784667969,12.05214786529541,duplicate_removal,fp_matched_cluster,0.5953922271728516,0.07189178466796875,0.43367195129394354,1.3021478652954102,False
10.75,denoised,37,33,11.534235954284668,11.16593074798584,10.79218864440918,12.69892120361328,duplicate_removal,fp_matched_cluster,0.784235954284668,0.04218864440917969,0.41593074798583984,1.9489212036132795,False
10.75,denoised,35,34,11.311490058898926,11.219746589660645,10.805633544921877,12.048579216003418,duplicate_removal,fp_matched_cluster,0.5614900588989258,0.055633544921876776,0.46974658966064453,1.298579216003418,False
10.75,denoised,23,35,11.481332778930664,11.19416332244873,10.894975662231444,12.127559661865234,duplicate_removal,fp_matched_cluster,0.7313327789306641,0.14497566223144354,0.44416332244873047,1.3775596618652344,False
10.75,denoised,14,36,11.312667846679688,11.104595184326172,10.787745475769045,12.02200698852539,duplicate_removal,fp_matched_cluster,0.5626678466796875,0.037745475769044745,0.3545951843261719,1.2720069885253906,False
10.75,denoised,22,37,11.22788906097412,10.954385757446287,10.784966468811035,12.115815162658691,duplicate_removal,fp_matched_cluster,0.4778890609741193,0.034966468811035156,0.2043857574462873,1.3658151626586914,False
10.75,denoised,11,38,11.217245101928713,11.070075988769531,10.752734184265137,11.92585277557373,duplicate_removal,fp_matched_cluster,0.4672451019287127,0.0027341842651367188,0.32007598876953125,1.1758527755737305,False
10.75,denoised,9,39,11.175347328186035,11.042247772216797,10.834429740905762,11.846808433532717,duplicate_removal,fp_matched_cluster,0.42534732818603516,0.08442974090576172,0.2922477722167969,1.0968084335327166,False
10.75,denoised,7,40,11.292826652526855,11.277643203735352,10.942315101623535,11.660449981689451,duplicate_removal,fp_matched_cluster,0.5428266525268555,0.19231510162353516,0.5276432037353516,0.9104499816894513,False
10.75,denoised,3,41,11.11579418182373,11.03489875793457,10.90386962890625,11.360076904296877,duplicate_removal,fp_matched_cluster,0.36579418182373047,0.15386962890625,0.2848987579345703,0.6100769042968768,False
10.75,denoised,3,42,11.884909629821776,12.25186538696289,11.28708839416504,12.335948944091797,duplicate_removal,fp_matched_cluster,1.1349096298217756,0.5370883941650408,1.5018653869628906,1.5859489440917969,False
10.75,denoised,3,43,11.255425453186035,11.331273078918455,11.05105972290039,11.42945384979248,duplicate_removal,fp_matched_cluster,0.5054254531860352,0.3010597229003906,0.5812730789184553,0.6794538497924805,False
10.75,denoised,3,44,11.226319313049316,11.191984176635742,10.862671852111816,11.603702545166016,duplicate_removal,fp_matched_cluster,0.4763193130493164,0.1126718521118164,0.4419841766357422,0.8537025451660156,False
10.75,denoised,3,46,10.819079399108888,10.78973388671875,10.758644104003906,10.89125156402588,duplicate_removal,fp_matched_cluster,0.0690793991088885,0.00864410400390625,0.03973388671875,0.14125156402588068,False
10.75,denoised,2,47,11.546594619750977,11.546594619750977,11.402732849121094,11.69045639038086,duplicate_removal,fp_matched_cluster,0.7965946197509766,0.6527328491210938,0.7965946197509766,0.9404563903808594,False
10.75,denoised,2,49,11.032341003417969,11.032341003417969,10.925844192504885,11.138836860656738,duplicate_removal,fp_matched_cluster,0.28234100341796875,0.1758441925048846,0.28234100341796875,0.3888368606567383,False
10.75,denoised,1,51,11.240041732788086,11.240041732788086,11.240041732788086,11.240041732788086,duplicate_removal,fp_matched_cluster,0.49004173278808594,0.49004173278808594,0.49004173278808594,0.49004173278808594,False
10.75,denoised,1,53,10.898179054260254,10.898179054260254,10.898179054260254,10.898179054260254,duplicate_removal,fp_matched_cluster,0.1481790542602539,0.1481790542602539,0.1481790542602539,0.1481790542602539,False
10.75,denoised,1,54,11.706466674804688,11.706466674804688,11.706466674804688,11.706466674804688,duplicate_removal,fp_matched_cluster,0.9564666748046875,0.9564666748046875,0.9564666748046875,0.9564666748046875,False
10.75,denoised,1,65,10.771794319152832,10.771794319152832,10.771794319152832,10.771794319152832,duplicate_removal,fp_matched_cluster,0.02179431915283203,0.02179431915283203,0.02179431915283203,0.02179431915283203,False
10.75,denoised,1,97,16.07099723815918,16.07099723815918,16.07099723815918,16.07099723815918,duplicate_removal,fp_matched_cluster,5.32099723815918,5.32099723815918,5.32099723815918,5.32099723815918,False
10.75,denoised,11230,0,35.25248336791992,35.90159225463867,30.71759986877441,39.4947509765625,duplicate_removal,tp,24.502483367919922,19.96759986877441,25.151592254638672,28.7447509765625,True
10.75,denoised,11914,1,33.38827133178711,34.473106384277344,27.920446395874023,38.61186599731445,duplicate_removal,tp,22.63827133178711,17.170446395874023,23.723106384277344,27.861865997314453,True
10.75,denoised,9341,2,29.95026206970215,32.013362884521484,17.816364288330078,37.39835739135742,duplicate_removal,tp,19.20026206970215,7.066364288330078,21.263362884521484,26.648357391357422,True
10.75,denoised,7026,3,25.741668701171875,27.77151870727539,16.08612823486328,35.578861236572266,duplicate_removal,tp,14.991668701171875,5.336128234863281,17.02151870727539,24.828861236572266,True
10.75,denoised,6363,4,21.71979522705078,18.835437774658203,15.217671394348145,32.5624885559082,duplicate_removal,tp,10.969795227050781,4.4676713943481445,8.085437774658203,21.812488555908203,True
10.75,denoised,6423,5,18.94915199279785,17.624717712402344,14.528087615966797,27.933279037475582,duplicate_removal,tp,8.199151992797852,3.778087615966797,6.874717712402344,17.183279037475582,True
10.75,denoised,6570,6,17.525442123413086,16.985240936279297,13.942641258239746,20.586145401000977,duplicate_removal,tp,6.775442123413086,3.192641258239746,6.235240936279297,9.836145401000977,True
10.75,denoised,6627,7,16.70580291748047,16.52669906616211,13.547876358032228,19.651567459106445,duplicate_removal,tp,5.955802917480469,2.7978763580322283,5.776699066162109,8.901567459106445,True
10.75,denoised,6415,8,16.258764266967773,16.149276733398438,13.304734230041504,19.112518310546875,duplicate_removal,tp,5.508764266967773,2.554734230041504,5.3992767333984375,8.362518310546875,True
10.75,denoised,6090,9,15.798696517944336,15.716911315917969,12.84721565246582,18.68219566345215,duplicate_removal,tp,5.048696517944336,2.0972156524658203,4.966911315917969,7.932195663452148,True
10.75,denoised,5503,10,15.349868774414062,15.270818710327148,12.505711555480955,18.19055938720703,duplicate_removal,tp,4.5998687744140625,1.7557115554809553,4.520818710327148,7.440559387207031,True
10.75,denoised,4851,11,15.001837730407717,14.837185859680176,12.27420711517334,17.81243324279785,duplicate_removal,tp,4.251837730407717,1.5242071151733398,4.087185859680176,7.062433242797852,True
10.75,denoised,4284,12,14.708264350891112,14.522584915161133,12.02568817138672,17.568174362182617,duplicate_removal,tp,3.9582643508911115,1.2756881713867205,3.772584915161133,6.818174362182617,True
10.75,denoised,3625,13,14.28004550933838,14.000475883483888,11.770563125610352,17.095962524414062,duplicate_removal,tp,3.5300455093383807,1.0205631256103516,3.2504758834838885,6.3459625244140625,True
10.75,denoised,2961,14,13.976740837097168,13.752755165100098,11.589813232421877,16.716001510620117,duplicate_removal,tp,3.226740837097168,0.8398132324218768,3.0027551651000977,5.966001510620117,True
10.75,denoised,2445,15,13.678946495056152,13.356167793273926,11.476929664611816,16.291988372802734,duplicate_removal,tp,2.9289464950561523,0.7269296646118164,2.606167793273926,5.541988372802734,True
10.75,denoised,1998,16,13.362350463867188,13.040765762329102,11.293079376220703,15.941828727722168,duplicate_removal,tp,2.6123504638671875,0.5430793762207031,2.2907657623291016,5.191828727722168,True
10.75,denoised,1604,17,13.20888900756836,12.871676445007324,11.283065795898438,15.719799041748049,duplicate_removal,tp,2.4588890075683594,0.5330657958984375,2.121676445007324,4.969799041748049,True
10.75,denoised,1217,18,12.963661193847656,12.636566162109377,11.131709098815918,15.264966011047363,duplicate_removal,tp,2.2136611938476562,0.38170909881591797,1.8865661621093768,4.514966011047363,True
10.75,denoised,975,19,12.753108978271484,12.344264030456545,11.07390308380127,15.086544036865234,duplicate_removal,tp,2.0031089782714844,0.32390308380126953,1.5942640304565447,4.336544036865234,True
10.75,denoised,777,20,12.695609092712402,12.319290161132812,11.01087474822998,14.853166580200195,duplicate_removal,tp,1.9456090927124023,0.26087474822998047,1.5692901611328125,4.103166580200195,True
10.75,denoised,633,21,12.50648307800293,12.1909761428833,10.953399658203123,14.534276008605955,duplicate_removal,tp,1.7564830780029297,0.20339965820312322,1.4409761428833008,3.7842760086059553,True
10.75,denoised,434,22,12.242510795593262,11.963726043701172,10.973626136779783,13.761893272399902,duplicate_removal,tp,1.4925107955932617,0.22362613677978338,1.2137260437011719,3.0118932723999023,True
10.75,denoised,355,23,12.114872932434082,11.833646774291992,11.016040802001951,13.726740837097168,duplicate_removal,tp,1.364872932434082,0.26604080200195135,1.0836467742919922,2.976740837097168,True
10.75,denoised,266,24,12.196944236755373,11.8072509765625,10.967521667480469,13.568754196166992,duplicate_removal,tp,1.4469442367553729,0.21752166748046875,1.0572509765625,2.818754196166992,True
10.75,denoised,201,25,12.103785514831545,11.83159637451172,10.936127662658691,13.971724510192873,duplicate_removal,tp,1.3537855148315447,0.1861276626586914,1.0815963745117205,3.221724510192873,True
10.75,denoised,137,26,11.79597282409668,11.43480110168457,10.88661766052246,13.15284824371338,duplicate_removal,tp,1.0459728240966797,0.13661766052245916,0.6848011016845703,2.4028482437133807,True
10.75,denoised,117,27,11.924027442932127,11.556415557861328,10.899481773376465,13.300183296203612,duplicate_removal,tp,1.1740274429321271,0.14948177337646484,0.8064155578613281,2.5501832962036115,True
10.75,denoised,100,28,11.841838836669922,11.501171112060549,10.839028358459473,12.99163818359375,duplicate_removal,tp,1.0918388366699219,0.08902835845947266,0.7511711120605487,2.24163818359375,True
10.75,denoised,67,29,11.684167861938477,11.51202392578125,10.870351791381836,12.779756546020508,duplicate_removal,tp,0.9341678619384766,0.12035179138183594,0.76202392578125,2.029756546020508,False
10.75,denoised,53,30,11.90931510925293,11.745882034301758,10.856836318969728,13.62480640411377,duplicate_removal,tp,1.1593151092529297,0.10683631896972834,0.9958820343017578,2.8748064041137695,False
10.75,denoised,45,31,11.934669494628906,11.731947898864746,10.89509391784668,12.993511199951172,duplicate_removal,tp,1.1846694946289062,0.1450939178466797,0.9819478988647461,2.243511199951172,False
10.75,denoised,28,32,11.357162475585938,11.123870849609377,10.87112045288086,12.164597511291504,duplicate_removal,tp,0.6071624755859375,0.12112045288085938,0.3738708496093768,1.414597511291504,False
10.75,denoised,20,33,11.6405668258667,11.518239974975586,10.903072357177734,12.902458190917969,duplicate_removal,tp,0.8905668258666992,0.15307235717773438,0.7682399749755859,2.1524581909179688,False
10.75,denoised,20,34,11.885890007019045,11.36736011505127,11.004935264587402,13.796431541442873,duplicate_removal,tp,1.1358900070190447,0.25493526458740234,0.6173601150512695,3.046431541442873,False
10.75,denoised,13,35,11.838504791259766,11.787510871887209,11.154922485351562,12.634742736816406,duplicate_removal,tp,1.0885047912597656,0.4049224853515625,1.0375108718872088,1.8847427368164062,False
10.75,denoised,12,36,11.853888511657717,11.722501754760742,11.390069961547852,12.55949592590332,duplicate_removal,tp,1.1038885116577166,0.6400699615478516,0.9725017547607422,1.8094959259033203,False
10.75,denoised,5,37,11.669244766235352,11.469382286071776,11.37155818939209,12.17221450805664,duplicate_removal,tp,0.9192447662353516,0.6215581893920898,0.7193822860717756,1.4222145080566406,False
10.75,denoised,6,38,11.499122619628906,11.377918243408203,10.90323257446289,12.216216087341309,duplicate_removal,tp,0.7491226196289062,0.15323257446289062,0.6279182434082031,1.4662160873413086,False
10.75,denoised,3,39,13.704211235046388,11.236802101135254,10.993192672729492,17.402193069458008,duplicate_removal,tp,2.9542112350463885,0.2431926727294922,0.4868021011352539,6.652193069458008,False
10.75,denoised,4,40,11.904451370239258,11.76789379119873,11.644688606262209,12.273460388183594,duplicate_removal,tp,1.1544513702392578,0.8946886062622088,1.0178937911987305,1.5234603881835938,False
10.75,denoised,6,41,11.660107612609863,11.49316692352295,11.15180778503418,12.335350036621094,duplicate_removal,tp,0.9101076126098633,0.4018077850341797,0.7431669235229492,1.5853500366210938,False
10.75,denoised,3,42,11.569500923156738,11.459543228149414,11.15435791015625,12.028629302978516,duplicate_removal,tp,0.8195009231567383,0.40435791015625,0.7095432281494141,1.2786293029785156,False
10.75,denoised,2,43,11.469671249389648,11.469671249389648,10.899532318115234,12.039810180664062,duplicate_removal,tp,0.7196712493896484,0.14953231811523438,0.7196712493896484,1.2898101806640625,False
10.75,denoised,3,44,11.221623420715332,11.11034870147705,10.873013496398926,11.614745140075684,duplicate_removal,tp,0.47162342071533203,0.12301349639892578,0.3603487014770508,0.8647451400756836,False
10.75,denoised,2,45,11.724910736083984,11.724910736083984,11.037943840026855,12.411877632141112,duplicate_removal,tp,0.9749107360839844,0.28794384002685547,0.9749107360839844,1.6618776321411115,False
10.75,denoised,1,46,30.87575912475586,30.87575912475586,30.87575912475586,30.87575912475586,duplicate_removal,tp,20.12575912475586,20.12575912475586,20.12575912475586,20.12575912475586,False
10.75,denoised,1,48,11.654722213745115,11.654722213745115,11.654722213745115,11.654722213745115,duplicate_removal,tp,0.9047222137451154,0.9047222137451154,0.9047222137451154,0.9047222137451154,False
10.75,denoised,1,51,11.140542030334473,11.140542030334473,11.140542030334473,11.140542030334473,duplicate_removal,tp,0.39054203033447266,0.39054203033447266,0.39054203033447266,0.39054203033447266,False
10.75,denoised,1,57,14.005627632141112,14.005627632141112,14.005627632141112,14.005627632141112,duplicate_removal,tp,3.2556276321411115,3.2556276321411115,3.2556276321411115,3.2556276321411115,False
10.75,denoised,1,58,16.931896209716797,16.931896209716797,16.931896209716797,16.931896209716797,duplicate_removal,tp,6.181896209716797,6.181896209716797,6.181896209716797,6.181896209716797,False
10.75,denoised,1,60,11.42429256439209,11.42429256439209,11.42429256439209,11.42429256439209,duplicate_removal,tp,0.6742925643920898,0.6742925643920898,0.6742925643920898,0.6742925643920898,False
10.75,denoised,1,64,11.616641998291016,11.616641998291016,11.616641998291016,11.616641998291016,duplicate_removal,tp,0.8666419982910156,0.8666419982910156,0.8666419982910156,0.8666419982910156,False
10.75,denoised,1,80,20.428316116333008,20.428316116333008,20.428316116333008,20.428316116333008,duplicate_removal,tp,9.678316116333008,9.678316116333008,9.678316116333008,9.678316116333008,False
10.75,denoised,1,84,24.06464958190918,24.06464958190918,24.06464958190918,24.06464958190918,duplicate_removal,tp,13.31464958190918,13.31464958190918,13.31464958190918,13.31464958190918,False
10.75,denoised,273346,0,41.229278564453125,39.93042755126953,28.048114776611328,55.48331832885742,duplicate_removal,unmatched_cluster,30.479278564453125,17.298114776611328,29.18042755126953,44.73331832885742,True
10.75,denoised,251129,1,32.56088638305664,32.332366943359375,22.022817611694336,43.22124481201172,duplicate_removal,unmatched_cluster,21.81088638305664,11.272817611694336,21.582366943359375,32.47124481201172,True
10.75,denoised,242869,2,27.875164031982425,27.659408569335938,19.363176345825195,36.57097625732422,duplicate_removal,unmatched_cluster,17.125164031982425,8.613176345825195,16.909408569335938,25.82097625732422,True
10.75,denoised,237655,3,24.69193458557129,24.014442443847656,17.282081604003906,32.86576843261719,duplicate_removal,unmatched_cluster,13.941934585571289,6.532081604003906,13.264442443847656,22.115768432617188,True
10.75,denoised,232803,4,22.291467666625977,21.6033878326416,15.660008430480955,29.833925247192383,duplicate_removal,unmatched_cluster,11.541467666625977,4.910008430480955,10.853387832641602,19.083925247192383,True
10.75,denoised,227459,5,20.41461753845215,19.997209548950195,14.47507095336914,27.04571533203125,duplicate_removal,unmatched_cluster,9.664617538452148,3.7250709533691406,9.247209548950195,16.29571533203125,True
10.75,denoised,223273,6,18.897165298461918,18.586332321166992,13.545537948608398,24.61141967773437,duplicate_removal,unmatched_cluster,8.147165298461918,2.7955379486083984,7.836332321166992,13.861419677734371,True
10.75,denoised,219203,7,17.650100708007812,17.27393341064453,12.8599271774292,22.706144332885746,duplicate_removal,unmatched_cluster,6.9001007080078125,2.109927177429199,6.523933410644531,11.956144332885746,True
10.75,denoised,214645,8,16.614259719848633,16.14516830444336,12.327914237976074,21.30927848815918,duplicate_removal,unmatched_cluster,5.864259719848633,1.5779142379760742,5.395168304443359,10.55927848815918,True
10.75,denoised,209685,9,15.745773315429688,15.235054969787598,11.940810203552246,20.15838050842285,duplicate_removal,unmatched_cluster,4.9957733154296875,1.190810203552246,4.485054969787598,9.408380508422852,True
10.75,denoised,203543,10,15.030288696289062,14.494720458984377,11.660070419311523,19.14035415649414,duplicate_removal,unmatched_cluster,4.2802886962890625,0.9100704193115234,3.7447204589843768,8.39035415649414,True
10.75,denoised,195995,11,14.425528526306152,13.88193702697754,11.446640968322754,18.173282623291016,duplicate_removal,unmatched_cluster,3.6755285263061523,0.6966409683227539,3.131937026977541,7.423282623291016,True
10.75,denoised,187500,12,13.91745376586914,13.372852325439451,11.297103881835938,17.30301284790039,duplicate_removal,unmatched_cluster,3.1674537658691406,0.5471038818359375,2.6228523254394513,6.553012847900391,True
10.75,denoised,176632,13,13.501642227172852,12.96803855895996,11.183349609375,16.56005859375,duplicate_removal,unmatched_cluster,2.7516422271728516,0.433349609375,2.218038558959959,5.81005859375,True
10.75,denoised,164802,14,13.148802757263184,12.636813163757324,11.10240650177002,15.88915729522705,duplicate_removal,unmatched_cluster,2.3988027572631836,0.35240650177001953,1.8868131637573242,5.139157295227051,True
10.75,denoised,151230,15,12.855146408081056,12.365903854370115,11.037924766540527,15.33269500732422,duplicate_removal,unmatched_cluster,2.1051464080810565,0.28792476654052734,1.6159038543701154,4.5826950073242205,True
10.75,denoised,137072,16,12.614248275756836,12.151092529296877,10.99218463897705,14.866951942443848,duplicate_removal,unmatched_cluster,1.864248275756836,0.24218463897705078,1.4010925292968768,4.116951942443848,True
10.75,denoised,122027,17,12.41160774230957,11.970684051513672,10.955510139465332,14.45648193359375,duplicate_removal,unmatched_cluster,1.6616077423095703,0.20551013946533203,1.2206840515136719,3.70648193359375,True
10.75,denoised,107109,18,12.248624801635742,11.830124855041504,10.927412033081056,14.111934661865234,duplicate_removal,unmatched_cluster,1.4986248016357422,0.17741203308105646,1.080124855041504,3.3619346618652344,True
10.75,denoised,92532,19,12.102567672729492,11.710244178771973,10.905574798583984,13.822360038757324,duplicate_removal,unmatched_cluster,1.3525676727294922,0.15557479858398438,0.9602441787719727,3.072360038757324,True
10.75,denoised,78657,20,11.986440658569336,11.61563491821289,10.886602401733398,13.570596694946287,duplicate_removal,unmatched_cluster,1.236440658569336,0.13660240173339844,0.8656349182128906,2.8205966949462873,True
10.75,denoised,65954,21,11.889445304870604,11.540477752685549,10.874316215515137,13.346197128295898,duplicate_removal,unmatched_cluster,1.1394453048706037,0.12431621551513672,0.7904777526855487,2.5961971282958984,True
10.75,denoised,54358,22,11.808353424072266,11.467123031616213,10.86404514312744,13.153337478637695,duplicate_removal,unmatched_cluster,1.0583534240722656,0.11404514312743963,0.7171230316162127,2.4033374786376953,True
10.75,denoised,44303,23,11.73655891418457,11.414116859436035,10.85377311706543,13.018913269042969,duplicate_removal,unmatched_cluster,0.9865589141845703,0.10377311706542969,0.6641168594360352,2.2689132690429688,True
10.75,denoised,35685,24,11.67846393585205,11.369003295898438,10.843578338623049,12.89315700531006,duplicate_removal,unmatched_cluster,0.9284639358520508,0.09357833862304865,0.6190032958984375,2.1431570053100604,True
10.75,denoised,28429,25,11.636991500854492,11.330904006958008,10.840387344360352,12.773255348205566,duplicate_removal,unmatched_cluster,0.8869915008544922,0.09038734436035156,0.5809040069580078,2.0232553482055664,True
10.75,denoised,22501,26,11.594002723693848,11.293599128723145,10.831634521484377,12.684011459350586,duplicate_removal,unmatched_cluster,0.8440027236938477,0.08163452148437678,0.5435991287231445,1.934011459350586,True
10.75,denoised,17461,27,11.570733070373535,11.274280548095703,10.82821273803711,12.642332077026367,duplicate_removal,unmatched_cluster,0.8207330703735352,0.07821273803710938,0.5242805480957031,1.8923320770263672,True
10.75,denoised,13606,28,11.54497528076172,11.253828048706056,10.826265335083008,12.586919784545898,duplicate_removal,unmatched_cluster,0.7949752807617205,0.07626533508300781,0.5038280487060565,1.8369197845458984,True
10.75,denoised,10523,29,11.53709602355957,11.242231369018556,10.825238227844238,12.552478790283203,duplicate_removal,unmatched_cluster,0.7870960235595703,0.07523822784423828,0.49223136901855646,1.8024787902832031,True
10.75,denoised,8154,30,11.521651268005373,11.235840797424316,10.822134971618652,12.534506797790527,duplicate_removal,unmatched_cluster,0.7716512680053729,0.07213497161865234,0.4858407974243164,1.7845067977905273,True
10.75,denoised,6327,31,11.521559715270996,11.222481727600098,10.822152137756348,12.489221572875977,duplicate_removal,unmatched_cluster,0.7715597152709961,0.07215213775634766,0.47248172760009766,1.7392215728759766,True
10.75,denoised,4945,32,11.523662567138672,11.217336654663086,10.819649696350098,12.476109504699709,duplicate_removal,unmatched_cluster,0.7736625671386719,0.06964969635009766,0.46733665466308594,1.7261095046997088,True
10.75,denoised,3834,33,11.512602806091309,11.217903137207031,10.821844100952148,12.476566314697266,duplicate_removal,unmatched_cluster,0.7626028060913086,0.07184410095214844,0.46790313720703125,1.7265663146972656,True
10.75,denoised,2948,34,11.542695999145508,11.218876838684082,10.817743301391602,12.446796417236328,duplicate_removal,unmatched_cluster,0.7926959991455078,0.06774330139160156,0.46887683868408203,1.6967964172363281,True
10.75,denoised,2313,35,11.54453945159912,11.212790489196776,10.819284439086914,12.461224555969238,duplicate_removal,unmatched_cluster,0.7945394515991193,0.06928443908691406,0.46279048919677557,1.7112245559692383,True
10.75,denoised,1819,36,11.585484504699709,11.226435661315918,10.816939353942873,12.401188850402832,duplicate_removal,unmatched_cluster,0.8354845046997088,0.06693935394287287,0.47643566131591797,1.651188850402832,True
10.75,denoised,1478,37,11.624993324279783,11.208822250366213,10.80614185333252,12.434115409851074,duplicate_removal,unmatched_cluster,0.8749933242797834,0.05614185333251953,0.4588222503662127,1.6841154098510742,True
10.75,denoised,1180,38,11.554831504821776,11.20853328704834,10.822457313537598,12.381032943725586,duplicate_removal,unmatched_cluster,0.8048315048217756,0.07245731353759766,0.45853328704833984,1.631032943725586,True
10.75,denoised,948,39,11.60403060913086,11.223437309265137,10.822412490844728,12.57475757598877,duplicate_removal,unmatched_cluster,0.8540306091308594,0.07241249084472834,0.4734373092651367,1.8247575759887695,True
10.75,denoised,804,40,11.571560859680176,11.189460754394531,10.799914360046388,12.373913764953612,duplicate_removal,unmatched_cluster,0.8215608596801758,0.049914360046388495,0.43946075439453125,1.6239137649536115,True
10.75,denoised,643,41,11.762298583984377,11.175232887268066,10.81317138671875,12.34023380279541,duplicate_removal,unmatched_cluster,1.0122985839843768,0.06317138671875,0.4252328872680664,1.5902338027954102,True
10.75,denoised,507,42,11.63239288330078,11.203595161437988,10.821868896484377,12.35686206817627,duplicate_removal,unmatched_cluster,0.8823928833007795,0.07186889648437678,0.4535951614379883,1.6068620681762695,True
10.75,denoised,423,43,11.99099826812744,11.228087425231934,10.819748878479004,12.411840438842772,duplicate_removal,unmatched_cluster,1.2409982681274396,0.0697488784790039,0.4780874252319336,1.6618404388427717,True
10.75,denoised,340,44,12.091946601867676,11.190985679626465,10.843290328979492,12.62370491027832,duplicate_removal,unmatched_cluster,1.3419466018676758,0.09329032897949219,0.44098567962646484,1.8737049102783203,True
10.75,denoised,290,45,12.159944534301758,11.17941951751709,10.816566467285156,12.679153442382812,duplicate_removal,unmatched_cluster,1.4099445343017578,0.06656646728515625,0.42941951751708984,1.9291534423828125,True
10.75,denoised,240,46,12.368070602416992,11.231395721435549,10.811087608337402,13.345819473266602,duplicate_removal,unmatched_cluster,1.6180706024169922,0.061087608337402344,0.48139572143554865,2.5958194732666016,True
10.75,denoised,211,47,12.44569206237793,11.206883430480955,10.809453964233398,13.901939392089844,duplicate_removal,unmatched_cluster,1.6956920623779297,0.05945396423339844,0.45688343048095525,3.1519393920898438,True
10.75,denoised,180,48,12.239233016967772,11.202163696289062,10.8069429397583,14.02574348449707,duplicate_removal,unmatched_cluster,1.4892330169677717,0.05694293975830078,0.4521636962890625,3.2757434844970703,True
10.75,denoised,140,49,12.523640632629396,11.16101360321045,10.825122833251951,13.657743453979492,duplicate_removal,unmatched_cluster,1.7736406326293963,0.07512283325195135,0.4110136032104492,2.907743453979492,True
10.75,denoised,122,50,12.946927070617676,11.284072875976562,10.835063934326172,14.357787132263184,duplicate_removal,unmatched_cluster,2.196927070617676,0.08506393432617188,0.5340728759765625,3.6077871322631836,True
10.75,denoised,101,51,12.929235458374023,11.246710777282717,10.804072380065918,14.824946403503418,duplicate_removal,unmatched_cluster,2.1792354583740234,0.05407238006591797,0.4967107772827166,4.074946403503418,True
10.75,denoised,84,52,12.97229290008545,11.290559768676758,10.855890274047852,14.545570373535156,duplicate_removal,unmatched_cluster,2.222292900085449,0.10589027404785156,0.5405597686767578,3.7955703735351562,False
10.75,denoised,74,53,12.630223274230955,11.275871276855469,10.820021629333496,14.130709648132324,duplicate_removal,unmatched_cluster,1.8802232742309553,0.0700216293334961,0.5258712768554688,3.380709648132324,False
10.75,denoised,72,54,13.856773376464844,11.423830032348633,10.809389114379885,19.59283828735352,duplicate_removal,unmatched_cluster,3.1067733764648438,0.05938911437988459,0.6738300323486328,8.84283828735352,False
10.75,denoised,63,55,14.235255241394045,11.627921104431152,10.90058422088623,22.605154037475582,duplicate_removal,unmatched_cluster,3.4852552413940447,0.15058422088623047,0.8779211044311523,11.855154037475582,False
10.75,denoised,51,56,14.431646347045898,11.56707000732422,10.85378074645996,25.61086654663086,duplicate_removal,unmatched_cluster,3.6816463470458984,0.10378074645995916,0.8170700073242205,14.86086654663086,False
10.75,denoised,44,57,13.410204887390137,11.412117004394531,10.873069763183594,15.826410293579102,duplicate_removal,unmatched_cluster,2.6602048873901367,0.12306976318359375,0.6621170043945312,5.076410293579102,False
10.75,denoised,44,58,14.382186889648438,11.730107307434082,10.873544692993164,22.29240608215332,duplicate_removal,unmatched_cluster,3.6321868896484375,0.12354469299316406,0.980107307434082,11.54240608215332,False
10.75,denoised,47,59,14.6455659866333,12.105928421020508,10.85101318359375,22.877277374267575,duplicate_removal,unmatched_cluster,3.895565986633301,0.10101318359375,1.3559284210205078,12.127277374267575,False
10.75,denoised,42,60,15.915014266967772,12.129280090332031,10.80449676513672,31.113849639892575,duplicate_removal,unmatched_cluster,5.165014266967772,0.054496765136720526,1.3792800903320312,20.363849639892575,False
10.75,denoised,38,61,15.136218070983888,12.067304611206056,10.97333812713623,28.556676864624023,duplicate_removal,unmatched_cluster,4.3862180709838885,0.22333812713623047,1.3173046112060565,17.806676864624023,False
10.75,denoised,31,62,15.80581760406494,12.100189208984377,11.037492752075195,28.8139591217041,duplicate_removal,unmatched_cluster,5.05581760406494,0.2874927520751953,1.3501892089843768,18.0639591217041,False
10.75,denoised,32,63,15.411746978759766,11.919628143310549,10.905743598937988,28.590219497680664,duplicate_removal,unmatched_cluster,4.661746978759766,0.15574359893798828,1.1696281433105487,17.840219497680664,False
10.75,denoised,29,64,14.596485137939451,11.699833869934082,10.9478178024292,28.01580619812012,duplicate_removal,unmatched_cluster,3.8464851379394513,0.19781780242919922,0.949833869934082,17.26580619812012,False
10.75,denoised,30,65,14.136480331420898,11.510215759277344,10.7941255569458,25.587350845336918,duplicate_removal,unmatched_cluster,3.3864803314208984,0.04412555694580078,0.7602157592773438,14.837350845336918,False
10.75,denoised,30,66,16.134363174438477,12.13478660583496,10.908714294433594,28.767221450805664,duplicate_removal,unmatched_cluster,5.384363174438477,0.15871429443359375,1.3847866058349592,18.017221450805664,False
10.75,denoised,20,67,14.650838851928713,12.076129913330078,10.931618690490724,22.63729858398437,duplicate_removal,unmatched_cluster,3.9008388519287127,0.18161869049072443,1.3261299133300781,11.887298583984371,False
10.75,denoised,22,68,16.930450439453125,12.360000610351562,10.876554489135742,28.171358108520508,duplicate_removal,unmatched_cluster,6.180450439453125,0.1265544891357422,1.6100006103515625,17.421358108520508,False
10.75,denoised,13,69,17.07195281982422,12.915705680847168,10.958104133605955,26.09697151184082,duplicate_removal,unmatched_cluster,6.321952819824219,0.20810413360595525,2.165705680847168,15.34697151184082,False
10.75,denoised,13,70,18.435466766357425,15.096517562866213,11.279297828674316,27.46395301818848,duplicate_removal,unmatched_cluster,7.685466766357425,0.5292978286743164,4.346517562866213,16.71395301818848,False
10.75,denoised,16,71,20.50910758972168,25.42687225341797,11.37983512878418,28.372974395751957,duplicate_removal,unmatched_cluster,9.75910758972168,0.6298351287841797,14.676872253417969,17.622974395751957,False
10.75,denoised,13,72,18.29108619689941,12.467700958251951,11.080199241638184,27.22466468811035,duplicate_removal,unmatched_cluster,7.5410861968994105,0.3301992416381836,1.7177009582519513,16.47466468811035,False
10.75,denoised,15,73,16.774572372436523,11.98123836517334,11.264506340026855,26.80162048339844,duplicate_removal,unmatched_cluster,6.024572372436523,0.5145063400268555,1.2312383651733398,16.05162048339844,False
10.75,denoised,17,74,17.17498016357422,12.245800018310549,11.042593955993652,26.716630935668945,duplicate_removal,unmatched_cluster,6.424980163574219,0.29259395599365234,1.4958000183105487,15.966630935668945,False
10.75,denoised,20,75,18.500436782836918,16.586441040039062,11.198511123657228,27.656309127807617,duplicate_removal,unmatched_cluster,7.750436782836918,0.44851112365722834,5.8364410400390625,16.906309127807617,False
10.75,denoised,13,76,17.565237045288086,12.925851821899414,11.138121604919434,26.113677978515625,duplicate_removal,unmatched_cluster,6.815237045288086,0.3881216049194336,2.175851821899414,15.363677978515625,False
10.75,denoised,16,77,17.01750373840332,12.449607849121094,10.958560943603516,26.43918228149414,duplicate_removal,unmatched_cluster,6.26750373840332,0.20856094360351562,1.6996078491210938,15.68918228149414,False
10.75,denoised,23,78,17.021366119384766,13.425368309020996,10.988779067993164,25.31485939025879,duplicate_removal,unmatched_cluster,6.271366119384766,0.23877906799316406,2.675368309020996,14.564859390258789,False
10.75,denoised,18,79,17.69670867919922,14.35207176208496,11.083355903625488,27.638965606689453,duplicate_removal,unmatched_cluster,6.946708679199219,0.3333559036254883,3.602071762084959,16.888965606689453,False
10.75,denoised,20,80,17.460224151611328,17.460189819335938,10.817166328430176,25.76737594604492,duplicate_removal,unmatched_cluster,6.710224151611328,0.06716632843017578,6.7101898193359375,15.017375946044918,False
10.75,denoised,20,81,19.522968292236328,20.334562301635746,11.360918998718262,25.347156524658203,duplicate_removal,unmatched_cluster,8.772968292236328,0.6109189987182617,9.584562301635746,14.597156524658203,False
10.75,denoised,15,82,18.360769271850582,16.84457015991211,12.31985569000244,25.299488067626957,duplicate_removal,unmatched_cluster,7.610769271850582,1.5698556900024396,6.094570159912109,14.549488067626957,False
10.75,denoised,14,83,17.80513572692871,16.687496185302734,11.514318466186523,24.302324295043945,duplicate_removal,unmatched_cluster,7.055135726928711,0.7643184661865234,5.937496185302734,13.552324295043945,False
10.75,denoised,15,84,19.185338973999023,19.089431762695312,11.222609519958496,28.594913482666016,duplicate_removal,unmatched_cluster,8.435338973999023,0.4726095199584961,8.339431762695312,17.844913482666016,False
10.75,denoised,15,85,19.101900100708008,18.16400146484375,12.198603630065918,25.465408325195312,duplicate_removal,unmatched_cluster,8.351900100708008,1.448603630065918,7.41400146484375,14.715408325195312,False
10.75,denoised,16,86,17.686481475830078,17.198509216308594,11.092723846435549,24.53548240661621,duplicate_removal,unmatched_cluster,6.936481475830078,0.34272384643554865,6.448509216308594,13.785482406616211,False
10.75,denoised,18,87,17.184640884399414,16.904403686523438,11.055776596069336,23.231599807739254,duplicate_removal,unmatched_cluster,6.434640884399414,0.30577659606933594,6.1544036865234375,12.481599807739254,False
10.75,denoised,14,88,17.508859634399414,18.462839126586918,11.562304496765137,23.573148727416992,duplicate_removal,unmatched_cluster,6.758859634399414,0.8123044967651367,7.712839126586918,12.823148727416992,False
10.75,denoised,17,89,17.965415954589844,14.248796463012695,11.248469352722168,26.67092704772949,duplicate_removal,unmatched_cluster,7.215415954589844,0.49846935272216797,3.4987964630126953,15.920927047729489,False
10.75,denoised,13,90,16.357311248779297,11.765717506408691,11.04897689819336,25.18141746520996,duplicate_removal,unmatched_cluster,5.607311248779297,0.2989768981933594,1.0157175064086914,14.431417465209961,False
10.75,denoised,14,91,16.39221954345703,14.879501342773438,11.227619171142578,23.908126831054688,duplicate_removal,unmatched_cluster,5.642219543457031,0.4776191711425781,4.1295013427734375,13.158126831054688,False
10.75,denoised,12,92,17.33173179626465,14.796745300292969,11.07705020904541,25.906883239746094,duplicate_removal,unmatched_cluster,6.581731796264648,0.32705020904541016,4.046745300292969,15.156883239746094,False
10.75,denoised,16,93,16.783489227294922,15.7623291015625,10.873950958251951,24.895936965942383,duplicate_removal,unmatched_cluster,6.033489227294922,0.12395095825195135,5.0123291015625,14.145936965942383,False
10.75,denoised,9,94,17.890539169311523,18.305809020996094,10.965167045593262,24.04431533813477,duplicate_removal,unmatched_cluster,7.140539169311523,0.21516704559326172,7.555809020996094,13.29431533813477,False
10.75,denoised,11,95,18.149873733520508,17.92585563659668,10.874725341796877,23.37226676940918,duplicate_removal,unmatched_cluster,7.399873733520508,0.12472534179687678,7.17585563659668,12.62226676940918,False
10.75,denoised,13,96,18.54963493347168,17.850738525390625,11.047060012817385,24.16279602050781,duplicate_removal,unmatched_cluster,7.79963493347168,0.2970600128173846,7.100738525390625,13.412796020507809,False
10.75,denoised,10,97,17.52743148803711,17.943359375,11.194235801696776,21.963951110839844,duplicate_removal,unmatched_cluster,6.777431488037109,0.44423580169677557,7.193359375,11.213951110839844,False
10.75,denoised,12,98,18.10818290710449,17.300159454345703,11.183269500732422,24.653793334960938,duplicate_removal,unmatched_cluster,7.358182907104489,0.4332695007324219,6.550159454345703,13.903793334960938,False
10.75,denoised,13,99,18.33075523376465,17.373493194580078,11.537286758422852,23.903318405151367,duplicate_removal,unmatched_cluster,7.580755233764648,0.7872867584228516,6.623493194580078,13.153318405151367,False
8.0,raw,9613,0,35.88587951660156,36.106048583984375,31.307477951049805,40.10320281982422,duplicate_removal,tp,27.885879516601562,23.307477951049805,28.106048583984375,32.10320281982422,True
8.0,raw,10636,1,34.683570861816406,34.94121551513672,29.73765182495117,39.14666748046875,duplicate_removal,tp,26.683570861816406,21.73765182495117,26.94121551513672,31.14666748046875,True
8.0,raw,7434,2,33.559120178222656,33.69939041137695,28.840972900390625,38.066444396972656,duplicate_removal,tp,25.559120178222656,20.840972900390625,25.699390411376953,30.066444396972656,True
8.0,raw,4243,3,32.30078887939453,32.33524703979492,27.732643127441406,36.78276062011719,duplicate_removal,tp,24.30078887939453,19.732643127441406,24.335247039794922,28.782760620117188,True
8.0,raw,2221,4,31.3767032623291,31.32071685791016,26.89007377624512,35.9859733581543,duplicate_removal,tp,23.3767032623291,18.89007377624512,23.32071685791016,27.985973358154297,True
8.0,raw,1028,5,30.32644462585449,30.12967300415039,25.900814056396484,34.91059494018555,duplicate_removal,tp,22.32644462585449,17.900814056396484,22.12967300415039,26.910594940185547,True
8.0,raw,489,6,29.40169334411621,29.270919799804688,25.204879760742188,33.85915756225586,duplicate_removal,tp,21.40169334411621,17.204879760742188,21.270919799804688,25.85915756225586,True
8.0,raw,201,7,28.86264991760254,28.629844665527344,24.93341064453125,33.22160339355469,duplicate_removal,tp,20.86264991760254,16.93341064453125,20.629844665527344,25.221603393554688,True
8.0,raw,95,8,28.222291946411133,28.25418281555176,24.791072845458984,31.429515838623047,duplicate_removal,tp,20.222291946411133,16.791072845458984,20.25418281555176,23.429515838623047,False
8.0,raw,47,9,27.373218536376957,26.772045135498047,23.094099044799805,31.584909439086918,duplicate_removal,tp,19.373218536376957,15.094099044799805,18.772045135498047,23.584909439086918,False
8.0,raw,24,10,27.8669376373291,27.654098510742188,24.49011611938477,32.50343322753906,duplicate_removal,tp,19.8669376373291,16.49011611938477,19.654098510742188,24.503433227539062,False
8.0,raw,7,11,26.45518493652344,26.25951194763184,22.442523956298828,29.63148307800293,duplicate_removal,tp,18.45518493652344,14.442523956298828,18.25951194763184,21.63148307800293,False
8.0,raw,5,12,26.974594116210938,27.104047775268555,24.757022857666016,29.145532608032227,duplicate_removal,tp,18.974594116210938,16.757022857666016,19.104047775268555,21.145532608032227,False
8.0,raw,2,13,22.616884231567383,22.616884231567383,22.00484275817871,23.22892570495605,duplicate_removal,tp,14.616884231567383,14.004842758178711,14.616884231567383,15.228925704956051,False
8.0,raw,1,14,27.897640228271484,27.897640228271484,27.897640228271484,27.897640228271484,duplicate_removal,tp,19.897640228271484,19.897640228271484,19.897640228271484,19.897640228271484,False
8.0,raw,1,15,23.951759338378903,23.951759338378903,23.951759338378903,23.951759338378903,duplicate_removal,tp,15.951759338378903,15.951759338378903,15.951759338378903,15.951759338378903,False
8.0,raw,1,42,33.845741271972656,33.845741271972656,33.845741271972656,33.845741271972656,duplicate_removal,tp,25.845741271972656,25.845741271972656,25.845741271972656,25.845741271972656,False
8.0,raw,1,60,30.73436546325684,30.73436546325684,30.73436546325684,30.73436546325684,duplicate_removal,tp,22.73436546325684,22.73436546325684,22.73436546325684,22.73436546325684,False
8.0,raw,1,80,27.23951911926269,27.23951911926269,27.23951911926269,27.23951911926269,duplicate_removal,tp,19.23951911926269,19.23951911926269,19.23951911926269,19.23951911926269,False
8.0,raw,274344,0,42.58808517456055,41.15760040283203,28.90775489807129,57.48385620117188,duplicate_removal,unmatched_cluster,34.58808517456055,20.90775489807129,33.15760040283203,49.48385620117188,True
8.0,raw,250952,1,33.532310485839844,33.17561340332031,22.9542236328125,44.35241317749024,duplicate_removal,unmatched_cluster,25.532310485839844,14.9542236328125,25.175613403320312,36.35241317749024,True
8.0,raw,242752,2,28.74202537536621,28.483722686767575,20.05802154541016,37.57063293457031,duplicate_removal,unmatched_cluster,20.74202537536621,12.05802154541016,20.483722686767575,29.570632934570312,True
8.0,raw,238015,3,25.55309295654297,24.9467887878418,18.03361701965332,33.68574142456055,duplicate_removal,unmatched_cluster,17.55309295654297,10.03361701965332,16.9467887878418,25.685741424560547,True
8.0,raw,234365,4,23.17462539672852,22.507266998291016,16.641054153442383,30.631254196166992,duplicate_removal,unmatched_cluster,15.17462539672852,8.641054153442383,14.507266998291016,22.631254196166992,True
8.0,raw,230610,5,21.32563591003418,20.7711181640625,15.635171890258787,27.881805419921875,duplicate_removal,unmatched_cluster,13.32563591003418,7.635171890258787,12.7711181640625,19.881805419921875,True
8.0,raw,227902,6,19.843639373779297,19.29800033569336,14.882159233093262,25.55859375,duplicate_removal,unmatched_cluster,11.843639373779297,6.882159233093262,11.29800033569336,17.55859375,True
8.0,raw,225800,7,18.6435604095459,18.06822967529297,14.295087814331056,23.67278861999512,duplicate_removal,unmatched_cluster,10.643560409545898,6.2950878143310565,10.068229675292969,15.67278861999512,True
8.0,raw,223469,8,17.648143768310547,17.042024612426758,13.83281707763672,22.2365665435791,duplicate_removal,unmatched_cluster,9.648143768310547,5.8328170776367205,9.042024612426758,14.236566543579102,True
8.0,raw,221313,9,16.81685447692871,16.220911026000977,13.454771041870115,20.9996337890625,duplicate_removal,unmatched_cluster,8.816854476928711,5.454771041870115,8.220911026000977,12.9996337890625,True
8.0,raw,219660,10,16.102256774902344,15.529823303222656,13.132359504699709,19.908132553100582,duplicate_removal,unmatched_cluster,8.102256774902344,5.132359504699709,7.529823303222656,11.908132553100582,True
8.0,raw,217814,11,15.503073692321776,14.971269607543944,12.847013473510742,18.936843872070312,duplicate_removal,unmatched_cluster,7.503073692321776,4.847013473510742,6.9712696075439435,10.936843872070312,True
8.0,raw,216772,12,14.9840087890625,14.505267143249512,12.598539352416992,18.03646469116211,duplicate_removal,unmatched_cluster,6.9840087890625,4.598539352416992,6.505267143249512,10.03646469116211,True
8.0,raw,215457,13,14.535733222961426,14.104650497436523,12.38074016571045,17.25625991821289,duplicate_removal,unmatched_cluster,6.535733222961426,4.380740165710449,6.104650497436523,9.25625991821289,True
8.0,raw,214649,14,14.143627166748049,13.76462173461914,12.18879222869873,16.587268829345703,duplicate_removal,unmatched_cluster,6.143627166748049,4.1887922286987305,5.764621734619141,8.587268829345703,True
8.0,raw,214269,15,13.797893524169922,13.458463668823242,12.010058403015137,15.997467041015623,duplicate_removal,unmatched_cluster,5.797893524169922,4.010058403015137,5.458463668823242,7.997467041015623,True
8.0,raw,213866,16,13.49607276916504,13.194826126098633,11.849472045898438,15.485357284545898,duplicate_removal,unmatched_cluster,5.496072769165041,3.8494720458984375,5.194826126098633,7.485357284545898,True
8.0,raw,213124,17,13.228137016296388,12.960040092468262,11.699235916137695,15.05825138092041,duplicate_removal,unmatched_cluster,5.2281370162963885,3.6992359161376953,4.960040092468262,7.05825138092041,True
8.0,raw,212608,18,12.984217643737791,12.741579055786133,11.55826187133789,14.673202514648438,duplicate_removal,unmatched_cluster,4.984217643737791,3.5582618713378906,4.741579055786133,6.6732025146484375,True
8.0,raw,212331,19,12.76677703857422,12.549917221069336,11.429190635681152,14.332233428955078,duplicate_removal,unmatched_cluster,4.7667770385742205,3.4291906356811523,4.549917221069336,6.332233428955078,True
8.0,raw,211990,20,12.570859909057615,12.37309741973877,11.310784339904783,14.028489112854004,duplicate_removal,unmatched_cluster,4.570859909057615,3.3107843399047834,4.3730974197387695,6.028489112854004,True
8.0,raw,211995,21,12.389376640319824,12.211081504821776,11.199031829833984,13.759112358093262,duplicate_removal,unmatched_cluster,4.389376640319824,3.1990318298339844,4.211081504821776,5.759112358093262,True
8.0,raw,211489,22,12.224464416503906,12.06097412109375,11.093649864196776,13.514528274536133,duplicate_removal,unmatched_cluster,4.224464416503906,3.0936498641967756,4.06097412109375,5.514528274536133,True
8.0,raw,210849,23,12.07303524017334,11.92455005645752,10.993725776672363,13.298338890075684,duplicate_removal,unmatched_cluster,4.07303524017334,2.9937257766723633,3.9245500564575195,5.298338890075684,True
8.0,raw,210713,24,11.932448387145996,11.79382038116455,10.903780937194824,13.096009254455566,duplicate_removal,unmatched_cluster,3.932448387145996,2.903780937194824,3.793820381164551,5.096009254455566,True
8.0,raw,210876,25,11.799850463867188,11.671384811401367,10.811078071594238,12.910247802734377,duplicate_removal,unmatched_cluster,3.7998504638671875,2.8110780715942383,3.671384811401367,4.910247802734377,True
8.0,raw,210642,26,11.675200462341309,11.553987503051758,10.72705364227295,12.74086570739746,duplicate_removal,unmatched_cluster,3.6752004623413086,2.727053642272949,3.553987503051758,4.740865707397459,True
8.0,raw,210796,27,11.560195922851562,11.445505142211914,10.64322280883789,12.586833953857422,duplicate_removal,unmatched_cluster,3.5601959228515625,2.6432228088378906,3.445505142211914,4.586833953857422,True
8.0,raw,210621,28,11.451944351196287,11.346232414245604,10.565074920654297,12.439041137695312,duplicate_removal,unmatched_cluster,3.4519443511962873,2.565074920654297,3.3462324142456037,4.4390411376953125,True
8.0,raw,210410,29,11.347485542297363,11.24667739868164,10.491222381591797,12.299527168273926,duplicate_removal,unmatched_cluster,3.3474855422973633,2.491222381591797,3.2466773986816406,4.299527168273926,True
8.0,raw,210568,30,11.250054359436035,11.157424926757812,10.41951847076416,12.169540405273438,duplicate_removal,unmatched_cluster,3.250054359436035,2.41951847076416,3.1574249267578125,4.1695404052734375,True
8.0,raw,210421,31,11.156381607055664,11.065701484680176,10.348121643066406,12.044441223144531,duplicate_removal,unmatched_cluster,3.156381607055664,2.3481216430664062,3.065701484680176,4.044441223144531,True
8.0,raw,210531,32,11.065937042236328,10.981931686401367,10.279004096984863,11.92729949951172,duplicate_removal,unmatched_cluster,3.065937042236328,2.2790040969848633,2.981931686401367,3.9272994995117205,True
8.0,raw,210052,33,10.981451988220217,10.901618957519531,10.215787887573242,11.817057609558104,duplicate_removal,unmatched_cluster,2.9814519882202166,2.215787887573242,2.9016189575195312,3.8170576095581037,True
8.0,raw,210212,34,10.900635719299316,10.821701049804688,10.154607772827148,11.716657638549805,duplicate_removal,unmatched_cluster,2.9006357192993164,2.1546077728271484,2.8217010498046875,3.7166576385498047,True
8.0,raw,210362,35,10.823224067687988,10.750240325927734,10.094260215759276,11.620320320129396,duplicate_removal,unmatched_cluster,2.8232240676879883,2.0942602157592756,2.7502403259277344,3.6203203201293963,True
8.0,raw,209998,36,10.750657081604004,10.676531791687012,10.037127494812012,11.528212547302246,duplicate_removal,unmatched_cluster,2.750657081604004,2.0371274948120117,2.6765317916870117,3.528212547302246,True
8.0,raw,209836,37,10.679466247558594,10.60936164855957,9.98012351989746,11.441482543945312,duplicate_removal,unmatched_cluster,2.6794662475585938,1.9801235198974592,2.6093616485595703,3.4414825439453125,True
8.0,raw,209837,38,10.610118865966797,10.54343318939209,9.925869941711426,11.355780601501465,duplicate_removal,unmatched_cluster,2.610118865966797,1.9258699417114258,2.54343318939209,3.355780601501465,True
8.0,raw,209961,39,10.542384147644045,10.476540565490724,9.870264053344728,11.271858215332031,duplicate_removal,unmatched_cluster,2.5423841476440447,1.8702640533447283,2.4765405654907244,3.2718582153320312,True
8.0,raw,209790,40,10.477432250976562,10.414453506469728,9.81825351715088,11.191679954528809,duplicate_removal,unmatched_cluster,2.4774322509765625,1.8182535171508807,2.4144535064697283,3.1916799545288086,True
8.0,raw,209791,41,10.416776657104492,10.353438377380373,9.767784118652344,11.119477272033691,duplicate_removal,unmatched_cluster,2.416776657104492,1.7677841186523438,2.353438377380373,3.1194772720336914,True
8.0,raw,209582,42,10.356648445129396,10.29592514038086,9.718758583068848,11.046792030334473,duplicate_removal,unmatched_cluster,2.3566484451293963,1.7187585830688477,2.2959251403808594,3.0467920303344727,True
8.0,raw,209512,43,10.298218727111816,10.238122940063477,9.671201705932615,10.977027893066406,duplicate_removal,unmatched_cluster,2.2982187271118164,1.6712017059326154,2.2381229400634766,2.9770278930664062,True
8.0,raw,209485,44,10.241464614868164,10.183331489562988,9.624826431274414,10.907766342163086,duplicate_removal,unmatched_cluster,2.241464614868164,1.624826431274414,2.1833314895629883,2.907766342163086,True
8.0,raw,209186,45,10.186487197875977,10.130277633666992,9.578365325927734,10.84199333190918,duplicate_removal,unmatched_cluster,2.1864871978759766,1.5783653259277344,2.130277633666992,2.8419933319091797,True
8.0,raw,209466,46,10.133508682250977,10.079444885253906,9.534294128417969,10.77907371520996,duplicate_removal,unmatched_cluster,2.1335086822509766,1.5342941284179688,2.0794448852539062,2.779073715209959,True
8.0,raw,209384,47,10.08169651031494,10.028034210205078,9.492796897888184,10.71654987335205,duplicate_removal,unmatched_cluster,2.0816965103149396,1.4927968978881836,2.028034210205078,2.716549873352051,True
8.0,raw,209200,48,10.031168937683104,9.976702690124512,9.449628829956056,10.65874481201172,duplicate_removal,unmatched_cluster,2.0311689376831037,1.4496288299560565,1.9767026901245117,2.6587448120117205,True
8.0,raw,209050,49,9.981656074523926,9.929061889648438,9.407094955444336,10.599759101867676,duplicate_removal,unmatched_cluster,1.9816560745239258,1.407094955444336,1.9290618896484375,2.599759101867676,True
8.0,raw,209125,50,9.935240745544434,9.881709098815918,9.366409301757812,10.544215202331545,duplicate_removal,unmatched_cluster,1.9352407455444336,1.3664093017578125,1.881709098815918,2.5442152023315447,True
8.0,raw,209455,51,9.888202667236328,9.83670711517334,9.329498291015623,10.488347053527832,duplicate_removal,unmatched_cluster,1.8882026672363281,1.3294982910156232,1.8367071151733398,2.488347053527832,True
8.0,raw,209236,52,9.843391418457031,9.79253101348877,9.290462493896484,10.43769645690918,duplicate_removal,unmatched_cluster,1.8433914184570312,1.2904624938964844,1.7925310134887695,2.4376964569091797,True
8.0,raw,209429,53,9.79913330078125,9.747831344604492,9.251595497131348,10.384894371032717,duplicate_removal,unmatched_cluster,1.79913330078125,1.2515954971313477,1.7478313446044922,2.3848943710327166,True
8.0,raw,209106,54,9.75698947906494,9.7062406539917,9.215574264526367,10.337218284606934,duplicate_removal,unmatched_cluster,1.7569894790649396,1.2155742645263672,1.7062406539916992,2.3372182846069336,True
8.0,raw,208966,55,9.714590072631836,9.665663719177246,9.178813934326172,10.287378311157228,duplicate_removal,unmatched_cluster,1.714590072631836,1.1788139343261719,1.665663719177246,2.2873783111572283,True
8.0,raw,208879,56,9.67160415649414,9.624337196350098,9.14182186126709,10.239952087402344,duplicate_removal,unmatched_cluster,1.6716041564941406,1.1418218612670898,1.6243371963500977,2.2399520874023438,True
8.0,raw,209300,57,9.63084888458252,9.584019660949709,9.107986450195312,10.191900253295898,duplicate_removal,unmatched_cluster,1.6308488845825195,1.1079864501953125,1.5840196609497088,2.1919002532958984,True
8.0,raw,209134,58,9.592775344848633,9.544988632202148,9.074079513549805,10.14958953857422,duplicate_removal,unmatched_cluster,1.5927753448486328,1.0740795135498047,1.5449886322021484,2.1495895385742205,True
8.0,raw,209138,59,9.553373336791992,9.506928443908691,9.039576530456545,10.103801727294922,duplicate_removal,unmatched_cluster,1.5533733367919922,1.0395765304565447,1.5069284439086914,2.103801727294922,True
8.0,raw,208905,60,9.515497207641602,9.47018814086914,9.006157875061035,10.06052303314209,duplicate_removal,unmatched_cluster,1.5154972076416016,1.0061578750610352,1.4701881408691406,2.06052303314209,True
8.0,raw,209073,61,9.478436470031738,9.432376861572266,8.972981452941895,10.01834487915039,duplicate_removal,unmatched_cluster,1.4784364700317383,0.9729814529418945,1.4323768615722656,2.0183448791503906,True
8.0,raw,208995,62,9.441262245178224,9.39583683013916,8.940062522888184,9.976067543029783,duplicate_removal,unmatched_cluster,1.4412622451782244,0.9400625228881836,1.3958368301391602,1.9760675430297834,True
8.0,raw,208969,63,9.405171394348145,9.36094093322754,8.909719467163086,9.933956146240234,duplicate_removal,unmatched_cluster,1.4051713943481445,0.9097194671630859,1.3609409332275408,1.9339561462402344,True
8.0,raw,208428,64,9.369733810424805,9.325740814208984,8.878824234008789,9.8930082321167,duplicate_removal,unmatched_cluster,1.3697338104248047,0.8788242340087891,1.3257408142089844,1.8930082321166992,True
8.0,raw,208169,65,9.336791038513184,9.292317390441896,8.849119186401367,9.856884956359863,duplicate_removal,unmatched_cluster,1.3367910385131836,0.8491191864013672,1.2923173904418963,1.8568849563598633,True
8.0,raw,207713,66,9.302857398986816,9.258914947509766,8.819459915161133,9.819229125976562,duplicate_removal,unmatched_cluster,1.3028573989868164,0.8194599151611328,1.2589149475097656,1.8192291259765625,True
8.0,raw,208079,67,9.269083023071287,9.225951194763184,8.787956237792969,9.780879020690918,duplicate_removal,unmatched_cluster,1.2690830230712873,0.7879562377929688,1.2259511947631836,1.780879020690918,True
8.0,raw,207744,68,9.236289978027344,9.19312572479248,8.759123802185059,9.743661880493164,duplicate_removal,unmatched_cluster,1.2362899780273438,0.7591238021850586,1.1931257247924805,1.743661880493164,True
8.0,raw,207680,69,9.205272674560549,9.161434173583984,8.731993675231934,9.709575653076172,duplicate_removal,unmatched_cluster,1.2052726745605487,0.7319936752319336,1.1614341735839844,1.7095756530761719,True
8.0,raw,207953,70,9.172467231750488,9.128265380859377,8.703775405883789,9.670881271362305,duplicate_removal,unmatched_cluster,1.1724672317504883,0.7037754058837891,1.1282653808593768,1.6708812713623047,True
8.0,raw,207850,71,9.142580032348633,9.098529815673828,8.676403045654297,9.638039588928224,duplicate_removal,unmatched_cluster,1.1425800323486328,0.6764030456542969,1.0985298156738281,1.6380395889282244,True
8.0,raw,207864,72,9.111218452453612,9.06732940673828,8.64899730682373,9.603315353393556,duplicate_removal,unmatched_cluster,1.1112184524536115,0.6489973068237305,1.0673294067382795,1.6033153533935565,True
8.0,raw,208222,73,9.081618309020996,9.038824081420898,8.622087478637695,9.570466995239258,duplicate_removal,unmatched_cluster,1.081618309020996,0.6220874786376953,1.0388240814208984,1.5704669952392578,True
8.0,raw,208063,74,9.052247047424316,9.008891105651855,8.59609317779541,9.53737735748291,duplicate_removal,unmatched_cluster,1.0522470474243164,0.5960931777954102,1.0088911056518555,1.5373773574829102,True
8.0,raw,207620,75,9.022859573364258,8.980064392089844,8.569896697998047,9.505847930908203,duplicate_removal,unmatched_cluster,1.0228595733642578,0.5698966979980469,0.9800643920898438,1.5058479309082031,True
8.0,raw,207861,76,8.994488716125488,8.95163631439209,8.544020652770996,9.473429679870604,duplicate_removal,unmatched_cluster,0.9944887161254883,0.5440206527709961,0.9516363143920898,1.4734296798706037,True
8.0,raw,207860,77,8.966382026672363,8.923223495483398,8.518845558166504,9.443408012390137,duplicate_removal,unmatched_cluster,0.9663820266723633,0.5188455581665039,0.9232234954833984,1.4434080123901367,True
8.0,raw,207755,78,8.938017845153809,8.895038604736328,8.494933128356934,9.409830093383787,duplicate_removal,unmatched_cluster,0.9380178451538086,0.4949331283569336,0.8950386047363281,1.4098300933837873,True
8.0,raw,207524,79,8.911530494689941,8.86845588684082,8.469980239868164,9.38339614868164,duplicate_removal,unmatched_cluster,0.9115304946899414,0.46998023986816406,0.8684558868408203,1.3833961486816406,True
8.0,raw,207112,80,8.884897232055664,8.841493606567383,8.446163177490234,9.35259246826172,duplicate_removal,unmatched_cluster,0.8848972320556641,0.4461631774902344,0.8414936065673828,1.3525924682617205,True
8.0,raw,206921,81,8.859305381774902,8.816359519958496,8.42298698425293,9.32407569885254,duplicate_removal,unmatched_cluster,0.8593053817749023,0.4229869842529297,0.8163595199584961,1.3240756988525408,True
8.0,raw,207236,82,8.83255386352539,8.789236068725586,8.400630950927734,9.29578971862793,duplicate_removal,unmatched_cluster,0.8325538635253906,0.4006309509277344,0.7892360687255859,1.2957897186279297,True
8.0,raw,206890,83,8.808330535888672,8.765104293823242,8.378389358520508,9.266347885131836,duplicate_removal,unmatched_cluster,0.8083305358886719,0.3783893585205078,0.7651042938232422,1.266347885131836,True
8.0,raw,206818,84,8.782819747924805,8.74034309387207,8.355659484863281,9.23804759979248,duplicate_removal,unmatched_cluster,0.7828197479248047,0.35565948486328125,0.7403430938720703,1.2380475997924805,True
8.0,raw,206566,85,8.757904052734375,8.71434211730957,8.334125518798828,9.210636138916016,duplicate_removal,unmatched_cluster,0.757904052734375,0.3341255187988281,0.7143421173095703,1.2106361389160156,True
8.0,raw,205789,86,8.736068725585938,8.691919326782227,8.314228057861328,9.184762954711914,duplicate_removal,unmatched_cluster,0.7360687255859375,0.3142280578613281,0.6919193267822266,1.184762954711914,True
8.0,raw,205067,87,8.712080955505371,8.66722583770752,8.295698165893555,9.15652561187744,duplicate_removal,unmatched_cluster,0.7120809555053711,0.2956981658935547,0.6672258377075195,1.1565256118774396,True
8.0,raw,204701,88,8.688640594482422,8.643180847167969,8.275176048278809,9.129754066467283,duplicate_removal,unmatched_cluster,0.6886405944824219,0.2751760482788086,0.6431808471679688,1.1297540664672834,True
8.0,raw,203759,89,8.66782283782959,8.621685981750488,8.257013320922852,9.105850219726562,duplicate_removal,unmatched_cluster,0.6678228378295898,0.25701332092285156,0.6216859817504883,1.1058502197265625,True
8.0,raw,202754,90,8.64518928527832,8.598091125488281,8.2384672164917,9.07797622680664,duplicate_removal,unmatched_cluster,0.6451892852783203,0.23846721649169922,0.5980911254882812,1.0779762268066406,True
8.0,raw,202064,91,8.625251770019531,8.57650375366211,8.222099304199219,9.058484077453612,duplicate_removal,unmatched_cluster,0.6252517700195312,0.22209930419921875,0.5765037536621094,1.0584840774536115,True
8.0,raw,200860,92,8.604945182800293,8.555545806884766,8.207287788391113,9.033202171325684,duplicate_removal,unmatched_cluster,0.604945182800293,0.20728778839111328,0.5555458068847656,1.0332021713256836,True
8.0,raw,200180,93,8.585387229919434,8.534324645996094,8.192031860351562,9.00992202758789,duplicate_removal,unmatched_cluster,0.5853872299194336,0.1920318603515625,0.5343246459960938,1.0099220275878906,True
8.0,raw,198732,94,8.567476272583008,8.515429496765137,8.178356170654297,8.989564895629883,duplicate_removal,unmatched_cluster,0.5674762725830078,0.17835617065429688,0.5154294967651367,0.9895648956298828,True
8.0,raw,196814,95,8.549162864685059,8.496786117553711,8.1657075881958,8.96674919128418,duplicate_removal,unmatched_cluster,0.5491628646850586,0.16570758819580078,0.49678611755371094,0.9667491912841797,True
8.0,raw,195389,96,8.530288696289062,8.47671890258789,8.154338836669922,8.944817543029785,duplicate_removal,unmatched_cluster,0.5302886962890625,0.15433883666992188,0.4767189025878906,0.9448175430297852,True
8.0,raw,193532,97,8.512846946716309,8.458255767822266,8.142337799072266,8.921995162963867,duplicate_removal,unmatched_cluster,0.5128469467163086,0.14233779907226562,0.4582557678222656,0.9219951629638672,True
8.0,raw,191062,98,8.496223449707031,8.440649032592773,8.13174057006836,8.900552749633789,duplicate_removal,unmatched_cluster,0.49622344970703125,0.13174057006835938,0.44064903259277344,0.9005527496337891,True
8.0,raw,189290,99,8.480494499206543,8.423240661621094,8.122594833374023,8.880084037780762,duplicate_removal,unmatched_cluster,0.48049449920654297,0.12259483337402344,0.42324066162109375,0.8800840377807617,True
10.75,raw,39,0,22.13409996032715,21.052032470703125,17.08261489868164,27.888660430908203,duplicate_removal,fp_matched_cluster,11.384099960327148,6.332614898681641,10.302032470703125,17.138660430908203,False
10.75,raw,146,1,20.074199676513672,19.750577926635746,16.343292236328125,24.230682373046875,duplicate_removal,fp_matched_cluster,9.324199676513672,5.593292236328125,9.000577926635746,13.480682373046875,True
10.75,raw,281,2,19.56256866455078,19.20762825012207,15.685538291931152,23.65768241882324,duplicate_removal,fp_matched_cluster,8.812568664550781,4.935538291931152,8.45762825012207,12.907682418823239,True
10.75,raw,490,3,18.90507125854492,18.616668701171875,15.443422317504885,22.495609283447266,duplicate_removal,fp_matched_cluster,8.155071258544918,4.693422317504885,7.866668701171875,11.745609283447266,True
10.75,raw,695,4,18.362119674682617,18.05350875854492,15.029003143310549,21.69526672363281,duplicate_removal,fp_matched_cluster,7.612119674682617,4.279003143310549,7.303508758544918,10.945266723632809,True
10.75,raw,888,5,17.68825912475586,17.50802230834961,14.69923210144043,20.6679630279541,duplicate_removal,fp_matched_cluster,6.938259124755859,3.9492321014404297,6.758022308349609,9.917963027954102,True
10.75,raw,1079,6,17.140161514282227,16.959495544433594,14.161197662353516,20.27942657470703,duplicate_removal,fp_matched_cluster,6.390161514282227,3.4111976623535156,6.209495544433594,9.529426574707031,True
10.75,raw,1256,7,16.68695640563965,16.42613983154297,13.926548957824709,19.75853538513184,duplicate_removal,fp_matched_cluster,5.936956405639648,3.176548957824709,5.676139831542969,9.00853538513184,True
10.75,raw,1339,8,16.295259475708008,15.971014976501465,13.49873161315918,19.620229721069336,duplicate_removal,fp_matched_cluster,5.545259475708008,2.7487316131591797,5.221014976501465,8.870229721069336,True
10.75,raw,1465,9,15.899341583251951,15.620112419128418,13.25001621246338,18.963977813720703,duplicate_removal,fp_matched_cluster,5.149341583251951,2.5000162124633807,4.870112419128418,8.213977813720703,True
10.75,raw,1501,10,15.3926420211792,15.141331672668455,13.04400634765625,18.13825416564941,duplicate_removal,fp_matched_cluster,4.642642021179199,2.29400634765625,4.391331672668455,7.3882541656494105,True
10.75,raw,1598,11,14.987227439880373,14.70366096496582,12.831655502319336,17.55530548095703,duplicate_removal,fp_matched_cluster,4.237227439880373,2.081655502319336,3.9536609649658203,6.805305480957031,True
10.75,raw,1520,12,14.529335021972656,14.230976104736328,12.493596076965332,16.923269271850586,duplicate_removal,fp_matched_cluster,3.7793350219726562,1.743596076965332,3.480976104736328,6.173269271850586,True
10.75,raw,1569,13,14.298635482788086,13.94062042236328,12.357617378234863,16.689334869384766,duplicate_removal,fp_matched_cluster,3.548635482788086,1.6076173782348633,3.1906204223632795,5.939334869384766,True
10.75,raw,1635,14,13.909011840820312,13.649045944213867,12.153950691223145,16.088138580322266,duplicate_removal,fp_matched_cluster,3.1590118408203125,1.4039506912231445,2.899045944213867,5.338138580322266,True
10.75,raw,1774,15,13.55565071105957,13.281577110290527,12.01541805267334,15.448617935180664,duplicate_removal,fp_matched_cluster,2.8056507110595703,1.2654180526733398,2.5315771102905273,4.698617935180664,True
10.75,raw,1766,16,13.316497802734377,13.05107879638672,11.823041915893556,15.19117832183838,duplicate_removal,fp_matched_cluster,2.5664978027343768,1.0730419158935565,2.3010787963867205,4.441178321838381,True
10.75,raw,1814,17,13.06485366821289,12.881526947021484,11.645893096923828,14.664639472961426,duplicate_removal,fp_matched_cluster,2.3148536682128906,0.8958930969238281,2.1315269470214844,3.914639472961426,True
10.75,raw,1761,18,12.864106178283691,12.639725685119627,11.5838041305542,14.442798614501951,duplicate_removal,fp_matched_cluster,2.1141061782836914,0.8338041305541992,1.8897256851196271,3.6927986145019513,True
10.75,raw,1799,19,12.72518825531006,12.495996475219728,11.435761451721191,14.287118911743164,duplicate_removal,fp_matched_cluster,1.9751882553100604,0.6857614517211914,1.7459964752197283,3.537118911743164,True
10.75,raw,1830,20,12.482511520385742,12.306962966918944,11.369114875793455,13.772520065307615,duplicate_removal,fp_matched_cluster,1.7325115203857422,0.6191148757934553,1.5569629669189435,3.0225200653076154,True
10.75,raw,1815,21,12.364480018615724,12.18850040435791,11.27764892578125,13.6680326461792,duplicate_removal,fp_matched_cluster,1.6144800186157244,0.52764892578125,1.4385004043579102,2.918032646179199,True
10.75,raw,1887,22,12.210896492004396,12.026079177856444,11.176259994506836,13.462987899780272,duplicate_removal,fp_matched_cluster,1.4608964920043963,0.42625999450683594,1.2760791778564435,2.7129878997802717,True
10.75,raw,1786,23,12.076961517333984,11.932422637939451,11.135103225708008,13.166637420654297,duplicate_removal,fp_matched_cluster,1.3269615173339844,0.3851032257080078,1.1824226379394513,2.416637420654297,True
10.75,raw,1816,24,11.94809913635254,11.767501831054688,11.050247192382812,13.004724502563477,duplicate_removal,fp_matched_cluster,1.1980991363525408,0.3002471923828125,1.0175018310546875,2.2547245025634766,True
10.75,raw,1823,25,11.860902786254885,11.733319282531738,11.016668319702148,12.838117599487305,duplicate_removal,fp_matched_cluster,1.1109027862548846,0.26666831970214844,0.9833192825317383,2.0881175994873047,True
10.75,raw,1805,26,11.760358810424805,11.60650634765625,10.978744506835938,12.759719848632812,duplicate_removal,fp_matched_cluster,1.0103588104248047,0.2287445068359375,0.85650634765625,2.0097198486328125,True
10.75,raw,1740,27,11.712800979614258,11.56631088256836,10.950498580932615,12.65829372406006,duplicate_removal,fp_matched_cluster,0.9628009796142578,0.2004985809326154,0.8163108825683594,1.9082937240600604,True
10.75,raw,1657,28,11.62037467956543,11.454707145690918,10.904473304748535,12.534357070922852,duplicate_removal,fp_matched_cluster,0.8703746795654297,0.15447330474853516,0.704707145690918,1.7843570709228516,True
10.75,raw,1563,29,11.557336807250977,11.448490142822266,10.894124984741213,12.328938484191896,duplicate_removal,fp_matched_cluster,0.8073368072509766,0.1441249847412127,0.6984901428222656,1.5789384841918963,True
10.75,raw,1515,30,11.49453353881836,11.359492301940918,10.86550521850586,12.309929847717283,duplicate_removal,fp_matched_cluster,0.7445335388183594,0.11550521850585938,0.609492301940918,1.5599298477172834,True
10.75,raw,1398,31,11.43775463104248,11.31453800201416,10.866639137268066,12.145694732666016,duplicate_removal,fp_matched_cluster,0.6877546310424805,0.1166391372680664,0.5645380020141602,1.3956947326660156,True
10.75,raw,1329,32,11.378762245178224,11.246417999267578,10.850689888000488,12.062114715576172,duplicate_removal,fp_matched_cluster,0.6287622451782244,0.10068988800048828,0.4964179992675781,1.3121147155761719,True
10.75,raw,1233,33,11.35299587249756,11.203097343444824,10.821929931640623,12.00539207458496,duplicate_removal,fp_matched_cluster,0.6029958724975604,0.07192993164062322,0.4530973434448242,1.2553920745849592,True
10.75,raw,1154,34,11.315851211547852,11.191195487976074,10.82733917236328,11.928717613220217,duplicate_removal,fp_matched_cluster,0.5658512115478516,0.07733917236327947,0.4411954879760742,1.1787176132202166,True
10.75,raw,1041,35,11.280945777893066,11.168603897094728,10.824136734008787,11.870015144348145,duplicate_removal,fp_matched_cluster,0.5309457778930664,0.07413673400878729,0.41860389709472834,1.1200151443481445,True
10.75,raw,902,36,11.26559829711914,11.114906311035156,10.815770149230955,11.915385246276855,duplicate_removal,fp_matched_cluster,0.5155982971191406,0.06577014923095525,0.36490631103515625,1.1653852462768555,True
10.75,raw,825,37,11.248712539672852,11.121435165405272,10.814725875854492,11.834429740905762,duplicate_removal,fp_matched_cluster,0.49871253967285156,0.06472587585449219,0.37143516540527166,1.0844297409057617,True
10.75,raw,720,38,11.210576057434082,11.085077285766602,10.814420700073242,11.71287441253662,duplicate_removal,fp_matched_cluster,0.46057605743408203,0.06442070007324219,0.33507728576660156,0.9628744125366193,True
10.75,raw,626,39,11.162632942199709,11.047471046447754,10.802534103393556,11.693811416625977,duplicate_removal,fp_matched_cluster,0.4126329421997088,0.052534103393556464,0.2974710464477539,0.9438114166259766,True
10.75,raw,616,40,11.1595458984375,11.051752090454102,10.78982162475586,11.685489654541016,duplicate_removal,fp_matched_cluster,0.4095458984375,0.039821624755859375,0.30175209045410156,0.9354896545410156,True
10.75,raw,470,41,11.151321411132812,11.020654678344728,10.782913208007812,11.631736755371094,duplicate_removal,fp_matched_cluster,0.4013214111328125,0.0329132080078125,0.27065467834472834,0.8817367553710938,True
10.75,raw,409,42,11.16749382019043,11.034961700439451,10.796314239501951,11.688215255737305,duplicate_removal,fp_matched_cluster,0.4174938201904297,0.04631423950195135,0.28496170043945135,0.9382152557373047,True
10.75,raw,366,43,11.120036125183104,11.007936477661133,10.784334182739258,11.605264663696287,duplicate_removal,fp_matched_cluster,0.3700361251831037,0.03433418273925781,0.2579364776611328,0.8552646636962873,True
10.75,raw,287,44,11.148277282714844,11.032187461853027,10.78948974609375,11.645790100097656,duplicate_removal,fp_matched_cluster,0.39827728271484375,0.03948974609375,0.28218746185302734,0.8957901000976562,True
10.75,raw,247,45,11.108352661132812,10.990123748779297,10.782136917114258,11.583843231201172,duplicate_removal,fp_matched_cluster,0.3583526611328125,0.03213691711425781,0.24012374877929688,0.8338432312011719,True
10.75,raw,177,46,11.107054710388184,10.973636627197266,10.782376289367676,11.663405418395996,duplicate_removal,fp_matched_cluster,0.3570547103881836,0.03237628936767578,0.22363662719726562,0.9134054183959961,True
10.75,raw,190,47,11.126445770263672,11.031063079833984,10.788894653320312,11.60739803314209,duplicate_removal,fp_matched_cluster,0.3764457702636719,0.0388946533203125,0.2810630798339844,0.8573980331420898,True
10.75,raw,108,48,11.061934471130373,10.947161674499512,10.791297912597656,11.51064682006836,duplicate_removal,fp_matched_cluster,0.31193447113037287,0.04129791259765625,0.19716167449951172,0.7606468200683594,True
10.75,raw,124,49,11.12712574005127,10.9647855758667,10.77405071258545,11.614912033081056,duplicate_removal,fp_matched_cluster,0.37712574005126953,0.02405071258544922,0.21478557586669922,0.8649120330810565,True
10.75,raw,98,50,11.15555477142334,10.958354949951172,10.793391227722168,11.609994888305664,duplicate_removal,fp_matched_cluster,0.40555477142333984,0.04339122772216797,0.20835494995117188,0.8599948883056641,False
10.75,raw,83,51,11.131332397460938,11.014168739318848,10.803762435913086,11.632485389709473,duplicate_removal,fp_matched_cluster,0.3813323974609375,0.05376243591308594,0.26416873931884766,0.8824853897094727,False
10.75,raw,83,52,11.056986808776855,10.934298515319824,10.786540031433104,11.513415336608888,duplicate_removal,fp_matched_cluster,0.30698680877685547,0.03654003143310369,0.18429851531982422,0.7634153366088885,False
10.75,raw,57,53,11.042244911193848,10.92705249786377,10.789031982421877,11.52916431427002,duplicate_removal,fp_matched_cluster,0.29224491119384766,0.039031982421876776,0.17705249786376953,0.7791643142700195,False
10.75,raw,56,54,11.076687812805176,11.00430965423584,10.777761459350586,11.417396545410156,duplicate_removal,fp_matched_cluster,0.3266878128051758,0.027761459350585938,0.25430965423583984,0.6673965454101562,False
10.75,raw,44,55,11.061880111694336,10.974822998046877,10.788561820983888,11.517040252685549,duplicate_removal,fp_matched_cluster,0.31188011169433594,0.038561820983888495,0.22482299804687678,0.7670402526855487,False
10.75,raw,31,56,10.974828720092772,10.907859802246094,10.763840675354004,11.203824996948242,duplicate_removal,fp_matched_cluster,0.22482872009277166,0.013840675354003906,0.15785980224609375,0.4538249969482422,False
10.75,raw,24,57,10.956901550292969,10.893562316894531,10.79203987121582,11.21198272705078,duplicate_removal,fp_matched_cluster,0.20690155029296875,0.04203987121582031,0.14356231689453125,0.4619827270507795,False
10.75,raw,22,58,11.155133247375488,11.04226303100586,10.834539413452148,11.585320472717283,duplicate_removal,fp_matched_cluster,0.4051332473754883,0.08453941345214844,0.2922630310058594,0.8353204727172834,False
10.75,raw,17,59,11.053298950195312,10.999624252319336,10.769076347351074,11.402830123901367,duplicate_removal,fp_matched_cluster,0.3032989501953125,0.01907634735107422,0.24962425231933594,0.6528301239013672,False
10.75,raw,16,60,10.982376098632812,10.957298278808594,10.798625946044922,11.20264720916748,duplicate_removal,fp_matched_cluster,0.2323760986328125,0.048625946044921875,0.20729827880859375,0.45264720916748047,False
10.75,raw,21,61,10.98611068725586,10.821514129638672,10.76416015625,11.430693626403809,duplicate_removal,fp_matched_cluster,0.23611068725585938,0.01416015625,0.07151412963867188,0.6806936264038086,False
10.75,raw,8,62,11.020989418029783,10.960472106933594,10.845196723937988,11.300806999206545,duplicate_removal,fp_matched_cluster,0.2709894180297834,0.09519672393798828,0.21047210693359375,0.5508069992065447,False
10.75,raw,9,63,10.979973793029783,10.945955276489258,10.776297569274902,11.22984790802002,duplicate_removal,fp_matched_cluster,0.22997379302978338,0.026297569274902344,0.1959552764892578,0.47984790802001953,False
10.75,raw,9,64,11.337217330932615,11.176278114318848,10.887837409973145,11.936978340148926,duplicate_removal,fp_matched_cluster,0.5872173309326154,0.13783740997314453,0.42627811431884766,1.1869783401489258,False
10.75,raw,4,65,11.089517593383787,10.972217559814451,10.85315990447998,11.419716835021973,duplicate_removal,fp_matched_cluster,0.3395175933837873,0.10315990447998047,0.22221755981445135,0.6697168350219727,False
10.75,raw,4,66,10.831979751586914,10.824199676513672,10.778902053833008,10.891278266906738,duplicate_removal,fp_matched_cluster,0.08197975158691406,0.028902053833007812,0.07419967651367188,0.14127826690673828,False
10.75,raw,8,67,11.13532257080078,10.985624313354492,10.932554244995115,11.489823341369627,duplicate_removal,fp_matched_cluster,0.3853225708007795,0.1825542449951154,0.2356243133544922,0.7398233413696271,False
10.75,raw,3,68,10.791340827941896,10.794965744018556,10.766986846923828,10.814247131347656,duplicate_removal,fp_matched_cluster,0.04134082794189631,0.016986846923828125,0.044965744018556464,0.06424713134765625,False
10.75,raw,5,69,10.86924648284912,10.8291654586792,10.777024269104004,10.99183177947998,duplicate_removal,fp_matched_cluster,0.11924648284911932,0.027024269104003906,0.07916545867919922,0.24183177947998047,False
10.75,raw,3,70,11.30524730682373,11.459296226501465,10.98454761505127,11.564325332641602,duplicate_removal,fp_matched_cluster,0.5552473068237305,0.23454761505126953,0.7092962265014648,0.8143253326416016,False
10.75,raw,1,71,10.825726509094238,10.825726509094238,10.825726509094238,10.825726509094238,duplicate_removal,fp_matched_cluster,0.07572650909423828,0.07572650909423828,0.07572650909423828,0.07572650909423828,False
10.75,raw,2,72,11.051580429077148,11.051580429077148,10.832903861999512,11.270256042480469,duplicate_removal,fp_matched_cluster,0.30158042907714844,0.08290386199951172,0.30158042907714844,0.5202560424804688,False
10.75,raw,3,73,10.881636619567873,10.88196849822998,10.841492652893066,10.921646118164062,duplicate_removal,fp_matched_cluster,0.13163661956787287,0.0914926528930664,0.13196849822998047,0.1716461181640625,False
10.75,raw,3,74,11.364243507385254,11.410526275634766,11.201708793640137,11.50826644897461,duplicate_removal,fp_matched_cluster,0.6142435073852539,0.4517087936401367,0.6605262756347656,0.7582664489746094,False
10.75,raw,6,75,11.10478687286377,11.00522804260254,10.81743049621582,11.491703033447266,duplicate_removal,fp_matched_cluster,0.35478687286376953,0.06743049621582031,0.25522804260254084,0.7417030334472656,False
10.75,raw,2,76,10.95877456665039,10.95877456665039,10.946269989013672,10.97127914428711,duplicate_removal,fp_matched_cluster,0.20877456665039062,0.19626998901367188,0.20877456665039062,0.22127914428710938,False
10.75,raw,3,77,11.386474609375,11.147747039794922,10.907289505004885,11.961151123046877,duplicate_removal,fp_matched_cluster,0.636474609375,0.1572895050048846,0.3977470397949219,1.2111511230468768,False
10.75,raw,2,78,10.87590503692627,10.87590503692627,10.859980583190918,10.89182949066162,duplicate_removal,fp_matched_cluster,0.12590503692626953,0.10998058319091797,0.12590503692626953,0.14182949066161932,False
10.75,raw,2,80,12.29018211364746,12.29018211364746,11.09688949584961,13.483474731445312,duplicate_removal,fp_matched_cluster,1.5401821136474592,0.3468894958496094,1.5401821136474592,2.7334747314453125,False
10.75,raw,1,81,11.30243968963623,11.30243968963623,11.30243968963623,11.30243968963623,duplicate_removal,fp_matched_cluster,0.5524396896362305,0.5524396896362305,0.5524396896362305,0.5524396896362305,False
10.75,raw,1,83,11.047844886779783,11.047844886779783,11.047844886779783,11.047844886779783,duplicate_removal,fp_matched_cluster,0.2978448867797834,0.2978448867797834,0.2978448867797834,0.2978448867797834,False
10.75,raw,1,84,12.868470191955566,12.868470191955566,12.868470191955566,12.868470191955566,duplicate_removal,fp_matched_cluster,2.1184701919555664,2.1184701919555664,2.1184701919555664,2.1184701919555664,False
10.75,raw,1,86,10.758953094482422,10.758953094482422,10.758953094482422,10.758953094482422,duplicate_removal,fp_matched_cluster,0.008953094482421875,0.008953094482421875,0.008953094482421875,0.008953094482421875,False
10.75,raw,1,94,11.350534439086914,11.350534439086914,11.350534439086914,11.350534439086914,duplicate_removal,fp_matched_cluster,0.6005344390869141,0.6005344390869141,0.6005344390869141,0.6005344390869141,False
10.75,raw,1,97,11.09372615814209,11.09372615814209,11.09372615814209,11.09372615814209,duplicate_removal,fp_matched_cluster,0.34372615814208984,0.34372615814208984,0.34372615814208984,0.34372615814208984,False
10.75,raw,9878,0,35.4832763671875,35.985252380371094,30.72040557861328,40.06968688964844,duplicate_removal,tp,24.7332763671875,19.97040557861328,25.235252380371094,29.319686889648438,True
10.75,raw,11502,1,33.61879348754883,34.53855895996094,27.500383377075195,39.02407836914063,duplicate_removal,tp,22.868793487548828,16.750383377075195,23.788558959960938,28.274078369140632,True
10.75,raw,9184,2,30.986766815185547,32.54327392578125,19.832107543945312,37.68472290039063,duplicate_removal,tp,20.236766815185547,9.082107543945312,21.79327392578125,26.934722900390632,True
10.75,raw,6945,3,27.29609489440918,29.005428314208984,17.658113479614258,35.86163711547852,duplicate_removal,tp,16.54609489440918,6.908113479614258,18.255428314208984,25.111637115478523,True
10.75,raw,5744,4,23.765268325805664,21.04150390625,16.574329376220703,33.65049743652344,duplicate_removal,tp,13.015268325805664,5.824329376220703,10.29150390625,22.900497436523438,True
10.75,raw,5336,5,20.79289054870605,19.03006935119629,15.842022895812988,29.982669830322266,duplicate_removal,tp,10.042890548706051,5.092022895812988,8.280069351196289,19.232669830322266,True
10.75,raw,5320,6,19.1226863861084,18.1843376159668,15.393956184387209,24.038061141967773,duplicate_removal,tp,8.372686386108398,4.643956184387209,7.4343376159668,13.288061141967773,True
10.75,raw,5205,7,18.125274658203125,17.65483856201172,14.973644256591797,21.303874969482425,duplicate_removal,tp,7.375274658203125,4.223644256591797,6.904838562011719,10.553874969482425,True
10.75,raw,5036,8,17.475194931030273,17.14223861694336,14.709108352661133,20.29370880126953,duplicate_removal,tp,6.725194931030273,3.959108352661133,6.392238616943359,9.543708801269531,True
10.75,raw,4711,9,17.017505645751953,16.75739860534668,14.419398307800291,19.829797744750977,duplicate_removal,tp,6.267505645751953,3.669398307800291,6.00739860534668,9.079797744750977,True
10.75,raw,4182,10,16.59796905517578,16.37435531616211,14.048760414123535,19.313013076782227,duplicate_removal,tp,5.847969055175781,3.298760414123535,5.624355316162109,8.563013076782227,True
10.75,raw,3659,11,16.221736907958984,16.03304672241211,13.803916931152344,18.976524353027344,duplicate_removal,tp,5.471736907958984,3.0539169311523438,5.283046722412109,8.226524353027344,True
10.75,raw,3223,12,15.854936599731444,15.669060707092283,13.49294090270996,18.46214866638184,duplicate_removal,tp,5.1049365997314435,2.742940902709959,4.919060707092283,7.7121486663818395,True
10.75,raw,2821,13,15.56123161315918,15.307759284973145,13.303154945373535,18.1594181060791,duplicate_removal,tp,4.81123161315918,2.553154945373535,4.5577592849731445,7.409418106079102,True
10.75,raw,2421,14,15.182101249694824,14.966373443603516,13.083269119262695,17.605871200561523,duplicate_removal,tp,4.432101249694824,2.3332691192626953,4.216373443603516,6.855871200561523,True
10.75,raw,2168,15,14.78989315032959,14.50968074798584,12.796817779541016,17.062183380126953,duplicate_removal,tp,4.03989315032959,2.0468177795410156,3.75968074798584,6.312183380126953,True
10.75,raw,1783,16,14.531957626342772,14.301361083984377,12.564560890197754,16.80284881591797,duplicate_removal,tp,3.7819576263427717,1.814560890197754,3.5513610839843768,6.052848815917969,True
10.75,raw,1558,17,14.2287015914917,13.983633041381836,12.356316566467283,16.546375274658203,duplicate_removal,tp,3.478701591491699,1.6063165664672834,3.233633041381836,5.796375274658203,True
10.75,raw,1287,18,13.997331619262695,13.748467445373535,12.222153663635254,16.105396270751953,duplicate_removal,tp,3.2473316192626953,1.472153663635254,2.998467445373535,5.355396270751953,True
10.75,raw,1167,19,13.764972686767578,13.50597095489502,12.101698875427246,15.659201622009276,duplicate_removal,tp,3.014972686767578,1.351698875427246,2.7559709548950195,4.909201622009276,True
10.75,raw,942,20,13.484012603759766,13.257057189941406,11.819453239440918,15.383346557617188,duplicate_removal,tp,2.7340126037597656,1.069453239440918,2.5070571899414062,4.6333465576171875,True
10.75,raw,780,21,13.284424781799316,12.966285705566406,11.715107917785645,15.25059700012207,duplicate_removal,tp,2.5344247817993164,0.9651079177856445,2.2162857055664062,4.50059700012207,True
10.75,raw,708,22,13.006353378295898,12.75106430053711,11.554732322692873,14.747361183166504,duplicate_removal,tp,2.2563533782958984,0.8047323226928729,2.0010643005371094,3.997361183166504,True
10.75,raw,608,23,12.834919929504396,12.533098220825195,11.438643455505373,14.617406845092772,duplicate_removal,tp,2.0849199295043963,0.6886434555053729,1.7830982208251953,3.8674068450927717,True
10.75,raw,555,24,12.676197052001951,12.398707389831545,11.363757133483888,14.52068042755127,duplicate_removal,tp,1.9261970520019513,0.6137571334838885,1.6487073898315447,3.7706804275512695,True
10.75,raw,491,25,12.525694847106934,12.311140060424805,11.236812591552734,14.25286102294922,duplicate_removal,tp,1.7756948471069336,0.4868125915527344,1.5611400604248047,3.5028610229492205,True
10.75,raw,399,26,12.400437355041504,12.068978309631348,11.22234344482422,14.101210594177246,duplicate_removal,tp,1.650437355041504,0.4723434448242205,1.3189783096313477,3.351210594177246,True
10.75,raw,381,27,12.25767707824707,12.010658264160156,11.12817096710205,13.830299377441406,duplicate_removal,tp,1.5076770782470703,0.3781709671020508,1.2606582641601562,3.0802993774414062,True
10.75,raw,368,28,12.076822280883787,11.880244255065918,11.08864402770996,13.37424373626709,duplicate_removal,tp,1.3268222808837873,0.33864402770995916,1.130244255065918,2.62424373626709,True
10.75,raw,313,29,11.983722686767578,11.79412841796875,10.993453979492188,13.12989330291748,duplicate_removal,tp,1.2337226867675781,0.2434539794921875,1.04412841796875,2.3798933029174805,True
10.75,raw,250,30,11.920125961303713,11.714550018310549,11.025567054748535,13.102808952331545,duplicate_removal,tp,1.1701259613037127,0.27556705474853516,0.9645500183105487,2.3528089523315447,True
10.75,raw,262,31,11.9666109085083,11.723403930664062,11.015307426452637,13.168801307678224,duplicate_removal,tp,1.2166109085083008,0.2653074264526367,0.9734039306640625,2.4188013076782244,True
10.75,raw,206,32,11.726128578186035,11.5166597366333,10.933443069458008,12.73913860321045,duplicate_removal,tp,0.9761285781860352,0.1834430694580078,0.7666597366333008,1.9891386032104492,True
10.75,raw,192,33,11.676823616027832,11.44609260559082,10.90343952178955,12.829920768737791,duplicate_removal,tp,0.926823616027832,0.15343952178955078,0.6960926055908203,2.079920768737791,True
10.75,raw,146,34,11.481786727905272,11.342899322509766,10.898590087890623,12.26005744934082,duplicate_removal,tp,0.7317867279052717,0.14859008789062322,0.5928993225097656,1.5100574493408203,True
10.75,raw,153,35,11.490348815917969,11.31857681274414,10.89243221282959,12.17378044128418,duplicate_removal,tp,0.7403488159179688,0.14243221282958984,0.5685768127441406,1.4237804412841797,True
10.75,raw,116,36,11.552435874938965,11.357084274291992,10.938644409179688,12.464303970336914,duplicate_removal,tp,0.8024358749389648,0.1886444091796875,0.6070842742919922,1.714303970336914,True
10.75,raw,72,37,11.518365859985352,11.30648422241211,10.927927017211914,12.3175630569458,duplicate_removal,tp,0.7683658599853516,0.17792701721191406,0.5564842224121094,1.5675630569458008,False
10.75,raw,84,38,11.49711799621582,11.218448638916016,10.776979446411133,12.4828519821167,duplicate_removal,tp,0.7471179962158203,0.026979446411132812,0.4684486389160156,1.7328519821166992,False
10.75,raw,75,39,11.306635856628418,11.161785125732422,10.81736946105957,11.900636672973633,duplicate_removal,tp,0.556635856628418,0.06736946105957031,0.4117851257324219,1.1506366729736328,False
10.75,raw,50,40,11.28810691833496,11.17661952972412,10.850092887878418,11.840481758117676,duplicate_removal,tp,0.5381069183349592,0.10009288787841797,0.4266195297241193,1.0904817581176758,False
10.75,raw,46,41,11.40935230255127,11.23649787902832,10.801862716674805,12.166980743408203,duplicate_removal,tp,0.6593523025512695,0.05186271667480469,0.4864978790283203,1.4169807434082031,False
10.75,raw,57,42,11.785829544067385,11.111883163452148,10.823147773742676,11.95224380493164,duplicate_removal,tp,1.0358295440673846,0.07314777374267578,0.36188316345214844,1.2022438049316406,False
10.75,raw,46,43,11.34047508239746,11.075857162475586,10.810897827148438,11.88304042816162,duplicate_removal,tp,0.5904750823974592,0.0608978271484375,0.32585716247558594,1.1330404281616193,False
10.75,raw,34,44,11.366090774536133,10.992839813232422,10.815061569213867,12.20696258544922,duplicate_removal,tp,0.6160907745361328,0.06506156921386719,0.24283981323242188,1.4569625854492205,False
10.75,raw,23,45,11.2526273727417,10.921934127807615,10.813366889953612,11.549975395202637,duplicate_removal,tp,0.5026273727416992,0.0633668899536115,0.1719341278076154,0.7999753952026367,False
10.75,raw,18,46,11.353565216064451,11.177164077758787,10.80870246887207,12.121932983398438,duplicate_removal,tp,0.6035652160644513,0.05870246887207031,0.4271640777587873,1.3719329833984375,False
10.75,raw,17,47,11.13585090637207,11.00760555267334,10.792820930480955,11.534428596496582,duplicate_removal,tp,0.3858509063720703,0.042820930480955255,0.25760555267333984,0.784428596496582,False
10.75,raw,9,48,11.135086059570312,11.05904483795166,10.86211395263672,11.391071319580078,duplicate_removal,tp,0.3850860595703125,0.11211395263672053,0.30904483795166016,0.6410713195800781,False
10.75,raw,10,49,11.221719741821287,11.273168563842772,10.772703170776367,11.63412857055664,duplicate_removal,tp,0.4717197418212873,0.022703170776367188,0.5231685638427717,0.8841285705566406,False
10.75,raw,11,50,11.334299087524414,11.280875205993652,10.817766189575195,11.836874008178713,duplicate_removal,tp,0.5842990875244141,0.06776618957519531,0.5308752059936523,1.0868740081787127,False
10.75,raw,8,51,11.110596656799316,10.9779052734375,10.81764030456543,11.627270698547363,duplicate_removal,tp,0.3605966567993164,0.06764030456542969,0.2279052734375,0.8772706985473633,False
10.75,raw,7,52,11.202351570129396,11.266033172607422,10.851749420166016,11.553065299987791,duplicate_removal,tp,0.4523515701293963,0.10174942016601562,0.5160331726074219,0.8030652999877912,False
10.75,raw,6,53,10.863112449645996,10.79682445526123,10.770445823669434,11.022066116333008,duplicate_removal,tp,0.1131124496459961,0.020445823669433594,0.04682445526123047,0.2720661163330078,False
10.75,raw,3,54,11.437923431396484,11.25815486907959,10.98924160003662,11.95851230621338,duplicate_removal,tp,0.6879234313964844,0.23924160003661932,0.5081548690795898,1.2085123062133807,False
10.75,raw,2,55,11.080429077148438,11.080429077148438,11.08000946044922,11.080848693847656,duplicate_removal,tp,0.3304290771484375,0.3300094604492205,0.3304290771484375,0.33084869384765625,False
10.75,raw,2,56,10.919010162353516,10.919010162353516,10.883329391479492,10.95469093322754,duplicate_removal,tp,0.16901016235351562,0.1333293914794922,0.16901016235351562,0.20469093322754084,False
10.75,raw,3,58,11.602553367614746,11.227447509765623,11.01705265045166,12.338095664978027,duplicate_removal,tp,0.8525533676147461,0.26705265045166016,0.4774475097656232,1.5880956649780273,False
10.75,raw,2,59,11.406404495239258,11.406404495239258,11.076580047607422,11.736227989196776,duplicate_removal,tp,0.6564044952392578,0.3265800476074219,0.6564044952392578,0.9862279891967756,False
10.75,raw,1,60,30.73436546325684,30.73436546325684,30.73436546325684,30.73436546325684,duplicate_removal,tp,19.98436546325684,19.98436546325684,19.98436546325684,19.98436546325684,False
10.75,raw,1,61,10.913591384887695,10.913591384887695,10.913591384887695,10.913591384887695,duplicate_removal,tp,0.1635913848876953,0.1635913848876953,0.1635913848876953,0.1635913848876953,False
10.75,raw,3,62,11.149991035461426,11.067312240600586,10.83104133605957,11.502013206481934,duplicate_removal,tp,0.3999910354614258,0.08104133605957031,0.31731224060058594,0.7520132064819336,False
10.75,raw,3,63,11.696548461914062,11.641534805297852,11.19170093536377,12.223402976989746,duplicate_removal,tp,0.9465484619140625,0.44170093536376953,0.8915348052978516,1.473402976989746,False
10.75,raw,1,66,13.662501335144045,13.662501335144045,13.662501335144045,13.662501335144045,duplicate_removal,tp,2.9125013351440447,2.9125013351440447,2.9125013351440447,2.9125013351440447,False
10.75,raw,1,75,19.32465171813965,19.32465171813965,19.32465171813965,19.32465171813965,duplicate_removal,tp,8.574651718139648,8.574651718139648,8.574651718139648,8.574651718139648,False
10.75,raw,1,77,10.782422065734863,10.782422065734863,10.782422065734863,10.782422065734863,duplicate_removal,tp,0.03242206573486328,0.03242206573486328,0.03242206573486328,0.03242206573486328,False
10.75,raw,1,80,27.23951911926269,27.23951911926269,27.23951911926269,27.23951911926269,duplicate_removal,tp,16.48951911926269,16.48951911926269,16.48951911926269,16.48951911926269,False
10.75,raw,274282,0,42.58547592163086,41.13345336914063,28.896957397460938,57.49411010742188,duplicate_removal,unmatched_cluster,31.83547592163086,18.146957397460938,30.383453369140632,46.74411010742188,True
10.75,raw,251262,1,33.53746032714844,33.16688919067383,23.00956344604492,44.340431213378906,duplicate_removal,unmatched_cluster,22.787460327148438,12.259563446044918,22.416889190673828,33.590431213378906,True
10.75,raw,242965,2,28.768329620361328,28.50572204589844,20.139577865600582,37.56641387939453,duplicate_removal,unmatched_cluster,18.018329620361328,9.389577865600582,17.75572204589844,26.81641387939453,True
10.75,raw,237730,3,25.59498786926269,25.008581161499023,18.07378578186035,33.69648361206055,duplicate_removal,unmatched_cluster,14.844987869262692,7.323785781860352,14.258581161499023,22.946483612060547,True
10.75,raw,233678,4,23.216121673583984,22.574974060058597,16.64456558227539,30.650346755981445,duplicate_removal,unmatched_cluster,12.466121673583984,5.894565582275391,11.824974060058597,19.900346755981445,True
10.75,raw,229552,5,21.359249114990234,20.83071517944336,15.621968269348145,27.915239334106445,duplicate_removal,unmatched_cluster,10.609249114990234,4.8719682693481445,10.08071517944336,17.165239334106445,True
10.75,raw,226492,6,19.86738586425781,19.337047576904297,14.86361026763916,25.600135803222656,duplicate_removal,unmatched_cluster,9.117385864257809,4.11361026763916,8.587047576904297,14.850135803222656,True
10.75,raw,224408,7,18.65357780456543,18.075557708740234,14.275667190551758,23.71560478210449,duplicate_removal,unmatched_cluster,7.90357780456543,3.525667190551758,7.325557708740234,12.965604782104489,True
10.75,raw,222292,8,17.645116806030273,17.027511596679688,13.812995910644531,22.26877784729004,duplicate_removal,unmatched_cluster,6.895116806030273,3.0629959106445312,6.2775115966796875,11.518777847290039,True
10.75,raw,220516,9,16.805946350097656,16.196195602416992,13.440268516540527,21.019384384155277,duplicate_removal,unmatched_cluster,6.055946350097656,2.6902685165405273,5.446195602416992,10.269384384155277,True
10.75,raw,219603,10,16.08502197265625,15.499710083007812,13.116469383239746,19.91367530822754,duplicate_removal,unmatched_cluster,5.33502197265625,2.366469383239746,4.7497100830078125,9.163675308227539,True
10.75,raw,218439,11,15.484295845031738,14.944772720336914,12.836241722106934,18.92548370361328,duplicate_removal,unmatched_cluster,4.734295845031738,2.0862417221069336,4.194772720336914,8.175483703613281,True
10.75,raw,217962,12,14.965539932250977,14.481552124023438,12.590496063232422,18.013530731201172,duplicate_removal,unmatched_cluster,4.215539932250977,1.8404960632324219,3.7315521240234375,7.263530731201172,True
10.75,raw,217130,13,14.51764678955078,14.085493087768556,12.375517845153809,17.224340438842773,duplicate_removal,unmatched_cluster,3.7676467895507795,1.6255178451538086,3.3354930877685565,6.474340438842773,True
10.75,raw,216666,14,14.12919807434082,13.74888801574707,12.185851097106934,16.558650970458984,duplicate_removal,unmatched_cluster,3.3791980743408203,1.4358510971069336,2.9988880157470703,5.808650970458984,True
10.75,raw,216104,15,13.78972625732422,13.450489044189451,12.010904312133787,15.968990325927734,duplicate_removal,unmatched_cluster,3.0397262573242205,1.2609043121337873,2.7004890441894513,5.218990325927734,True
10.75,raw,216075,16,13.491013526916504,13.189338684082031,11.853998184204102,15.466779708862305,duplicate_removal,unmatched_cluster,2.741013526916504,1.1039981842041016,2.4393386840820312,4.716779708862305,True
10.75,raw,215112,17,13.228699684143066,12.957687377929688,11.71074676513672,15.042229652404783,duplicate_removal,unmatched_cluster,2.4786996841430664,0.9607467651367205,2.2076873779296875,4.292229652404783,True
10.75,raw,214455,18,12.990365982055664,12.744296073913574,11.577190399169922,14.664758682250977,duplicate_removal,unmatched_cluster,2.240365982055664,0.8271903991699219,1.9942960739135742,3.9147586822509766,True
10.75,raw,213454,19,12.780940055847168,12.55744743347168,11.459230422973633,14.329245567321776,duplicate_removal,unmatched_cluster,2.030940055847168,0.7092304229736328,1.8074474334716797,3.5792455673217756,True
10.75,raw,211921,20,12.597699165344238,12.38978099822998,11.361615180969238,14.033658027648926,duplicate_removal,unmatched_cluster,1.8476991653442383,0.6116151809692383,1.6397809982299805,3.283658027648926,True
10.75,raw,210373,21,12.428244590759276,12.235535621643066,11.27087688446045,13.773058891296388,duplicate_removal,unmatched_cluster,1.6782445907592756,0.5208768844604492,1.4855356216430664,3.0230588912963885,True
10.75,raw,207453,22,12.280348777770996,12.097639083862305,11.194464683532717,13.538227081298828,duplicate_removal,unmatched_cluster,1.530348777770996,0.4444646835327166,1.3476390838623047,2.788227081298828,True
10.75,raw,204140,23,12.14564037322998,11.97248649597168,11.126781463623049,13.331461906433104,duplicate_removal,unmatched_cluster,1.3956403732299805,0.37678146362304865,1.2224864959716797,2.5814619064331037,True
10.75,raw,200565,24,12.025057792663574,11.859537124633787,11.071556091308594,13.14193058013916,duplicate_removal,unmatched_cluster,1.2750577926635742,0.32155609130859375,1.1095371246337873,2.39193058013916,True
10.75,raw,195921,25,11.916637420654297,11.755495071411133,11.02570629119873,12.971258163452148,duplicate_removal,unmatched_cluster,1.1666374206542969,0.27570629119873047,1.0054950714111328,2.2212581634521484,True
10.75,raw,190456,26,11.818047523498535,11.65954875946045,10.981382369995115,12.814905166625977,duplicate_removal,unmatched_cluster,1.0680475234985352,0.2313823699951154,0.9095487594604492,2.0649051666259766,True
10.75,raw,184099,27,11.732007026672363,11.57524299621582,10.947113990783691,12.68422508239746,duplicate_removal,unmatched_cluster,0.9820070266723633,0.1971139907836914,0.8252429962158203,1.9342250823974592,True
10.75,raw,176381,28,11.656761169433594,11.502863883972168,10.920376777648926,12.553889274597168,duplicate_removal,unmatched_cluster,0.9067611694335938,0.17037677764892578,0.752863883972168,1.803889274597168,True
10.75,raw,167689,29,11.586647033691406,11.433368682861328,10.897372245788574,12.437491416931152,duplicate_removal,unmatched_cluster,0.8366470336914062,0.14737224578857422,0.6833686828613281,1.6874914169311523,True
10.75,raw,158631,30,11.526631355285645,11.375961303710938,10.877747535705566,12.332703590393066,duplicate_removal,unmatched_cluster,0.7766313552856445,0.1277475357055664,0.6259613037109375,1.5827035903930664,True
10.75,raw,148240,31,11.472607612609863,11.322324752807615,10.86393928527832,12.24145221710205,duplicate_removal,unmatched_cluster,0.7226076126098633,0.11393928527832031,0.5723247528076154,1.4914522171020508,True
10.75,raw,137691,32,11.423166275024414,11.276016235351562,10.850049018859863,12.154748916625977,duplicate_removal,unmatched_cluster,0.6731662750244141,0.10004901885986328,0.5260162353515625,1.4047489166259766,True
10.75,raw,126536,33,11.380253791809082,11.234556198120115,10.840600967407228,12.075735092163086,duplicate_removal,unmatched_cluster,0.630253791809082,0.09060096740722834,0.4845561981201154,1.325735092163086,True
10.75,raw,115286,34,11.34444522857666,11.199002265930176,10.830142974853516,12.01427936553955,duplicate_removal,unmatched_cluster,0.5944452285766602,0.08014297485351562,0.4490022659301758,1.2642793655395508,True
10.75,raw,104350,35,11.310704231262209,11.16830062866211,10.82266616821289,11.95335292816162,duplicate_removal,unmatched_cluster,0.5607042312622088,0.07266616821289062,0.4183006286621094,1.2033529281616193,True
10.75,raw,93049,36,11.285964965820312,11.142946243286133,10.816652297973633,11.911870956420898,duplicate_removal,unmatched_cluster,0.5359649658203125,0.06665229797363281,0.3929462432861328,1.1618709564208984,True
10.75,raw,82540,37,11.261995315551758,11.119491577148438,10.812691688537598,11.86478042602539,duplicate_removal,unmatched_cluster,0.5119953155517578,0.06269168853759766,0.3694915771484375,1.1147804260253906,True
10.75,raw,72514,38,11.23886489868164,11.098356246948242,10.80955410003662,11.816876411437988,duplicate_removal,unmatched_cluster,0.4888648986816406,0.05955410003661932,0.3483562469482422,1.0668764114379883,True
10.75,raw,63199,39,11.21859359741211,11.081993103027344,10.803833961486816,11.784834861755373,duplicate_removal,unmatched_cluster,0.4685935974121094,0.053833961486816406,0.33199310302734375,1.0348348617553729,True
10.75,raw,54585,40,11.204158782958984,11.065821647644045,10.80087184906006,11.75523281097412,duplicate_removal,unmatched_cluster,0.4541587829589844,0.05087184906006037,0.31582164764404475,1.0052328109741193,True
10.75,raw,47099,41,11.189845085144045,11.053430557250977,10.799457550048828,11.73213005065918,duplicate_removal,unmatched_cluster,0.43984508514404475,0.049457550048828125,0.30343055725097656,0.9821300506591797,True
10.75,raw,40184,42,11.17805004119873,11.040733337402344,10.795659065246582,11.704638481140137,duplicate_removal,unmatched_cluster,0.42805004119873047,0.04565906524658203,0.29073333740234375,0.9546384811401367,True
10.75,raw,34022,43,11.17085075378418,11.029655456542969,10.794201850891112,11.691523551940918,duplicate_removal,unmatched_cluster,0.4208507537841797,0.044201850891111505,0.27965545654296875,0.941523551940918,True
10.75,raw,28755,44,11.159096717834473,11.01908016204834,10.79214572906494,11.664238929748535,duplicate_removal,unmatched_cluster,0.40909671783447266,0.04214572906493963,0.26908016204833984,0.9142389297485352,True
10.75,raw,24209,45,11.158868789672852,11.017449378967283,10.791610717773438,11.662650108337402,duplicate_removal,unmatched_cluster,0.40886878967285156,0.0416107177734375,0.2674493789672834,0.9126501083374023,True
10.75,raw,20274,46,11.149229049682615,11.010091781616213,10.78989028930664,11.661389350891112,duplicate_removal,unmatched_cluster,0.3992290496826154,0.039890289306640625,0.2600917816162127,0.9113893508911115,True
10.75,raw,16831,47,11.154378890991213,11.005926132202148,10.788159370422363,11.656733512878418,duplicate_removal,unmatched_cluster,0.4043788909912127,0.03815937042236328,0.25592613220214844,0.906733512878418,True
10.75,raw,14109,48,11.156234741210938,11.003320693969728,10.78793716430664,11.652960777282717,duplicate_removal,unmatched_cluster,0.4062347412109375,0.037937164306640625,0.25332069396972834,0.9029607772827166,True
10.75,raw,11725,49,11.14474105834961,10.995989799499512,10.786704063415527,11.65126609802246,duplicate_removal,unmatched_cluster,0.3947410583496094,0.036704063415527344,0.24598979949951172,0.9012660980224592,True
10.75,raw,9715,50,11.15993595123291,10.999747276306152,10.787221908569336,11.654427528381348,duplicate_removal,unmatched_cluster,0.40993595123291016,0.03722190856933594,0.24974727630615234,0.9044275283813477,True
10.75,raw,8080,51,11.15756130218506,10.997435569763184,10.78896427154541,11.67168140411377,duplicate_removal,unmatched_cluster,0.40756130218506037,0.038964271545410156,0.2474355697631836,0.9216814041137695,True
10.75,raw,6794,52,11.158747673034668,11.00093936920166,10.78574275970459,11.687068939208984,duplicate_removal,unmatched_cluster,0.40874767303466797,0.035742759704589844,0.25093936920166016,0.9370689392089844,True
10.75,raw,5714,53,11.18598461151123,10.998703002929688,10.783931732177734,11.701874732971191,duplicate_removal,unmatched_cluster,0.43598461151123047,0.033931732177734375,0.2487030029296875,0.9518747329711914,True
10.75,raw,4772,54,11.173702239990234,10.990397453308104,10.784643173217772,11.684505462646484,duplicate_removal,unmatched_cluster,0.4237022399902344,0.03464317321777166,0.2403974533081037,0.9345054626464844,True
10.75,raw,3989,55,11.221765518188477,10.996554374694824,10.78733253479004,11.71249008178711,duplicate_removal,unmatched_cluster,0.47176551818847656,0.03733253479004084,0.24655437469482422,0.9624900817871094,True
10.75,raw,3334,56,11.188063621520996,11.000835418701172,10.788236618041992,11.695838928222656,duplicate_removal,unmatched_cluster,0.4380636215209961,0.03823661804199219,0.2508354187011719,0.9458389282226562,True
10.75,raw,2809,57,11.190171241760254,11.002788543701172,10.787393569946287,11.710371017456056,duplicate_removal,unmatched_cluster,0.4401712417602539,0.037393569946287286,0.2527885437011719,0.9603710174560565,True
10.75,raw,2397,58,11.268418312072754,11.011802673339844,10.788094520568848,11.770804405212402,duplicate_removal,unmatched_cluster,0.5184183120727539,0.038094520568847656,0.26180267333984375,1.0208044052124023,True
10.75,raw,1994,59,11.256123542785645,11.011844635009766,10.785819053649902,11.767083168029783,duplicate_removal,unmatched_cluster,0.5061235427856445,0.035819053649902344,0.2618446350097656,1.0170831680297834,True
10.75,raw,1706,60,11.275310516357422,11.02023696899414,10.78904914855957,11.750035285949709,duplicate_removal,unmatched_cluster,0.5253105163574219,0.03904914855957031,0.2702369689941406,1.0000352859497088,True
10.75,raw,1470,61,11.297844886779783,11.028115272521973,10.7890625,11.783173561096191,duplicate_removal,unmatched_cluster,0.5478448867797834,0.0390625,0.27811527252197266,1.0331735610961914,True
10.75,raw,1293,62,11.316580772399902,11.027154922485352,10.791473388671877,11.831233024597168,duplicate_removal,unmatched_cluster,0.5665807723999023,0.041473388671876776,0.27715492248535156,1.081233024597168,True
10.75,raw,1079,63,11.302094459533691,11.032255172729492,10.799665451049805,11.779229164123535,duplicate_removal,unmatched_cluster,0.5520944595336914,0.04966545104980469,0.2822551727294922,1.0292291641235352,True
10.75,raw,938,64,11.351770401000977,11.044717788696287,10.793841361999512,11.78952407836914,duplicate_removal,unmatched_cluster,0.6017704010009766,0.04384136199951172,0.2947177886962873,1.0395240783691406,True
10.75,raw,816,65,11.434486389160156,11.058822631835938,10.793581008911133,11.859506607055664,duplicate_removal,unmatched_cluster,0.6844863891601562,0.04358100891113281,0.3088226318359375,1.109506607055664,True
10.75,raw,708,66,11.358816146850586,11.06598949432373,10.794696807861328,11.774775505065918,duplicate_removal,unmatched_cluster,0.6088161468505859,0.044696807861328125,0.31598949432373047,1.024775505065918,True
10.75,raw,599,67,11.534728050231934,11.058809280395508,10.800773620605469,11.828007698059082,duplicate_removal,unmatched_cluster,0.7847280502319336,0.05077362060546875,0.3088092803955078,1.078007698059082,True
10.75,raw,546,68,11.61026096343994,11.05498504638672,10.808708190917969,11.952253341674805,duplicate_removal,unmatched_cluster,0.8602609634399396,0.05870819091796875,0.3049850463867205,1.2022533416748047,True
10.75,raw,484,69,11.414673805236816,11.031360626220703,10.804771423339844,11.887277603149414,duplicate_removal,unmatched_cluster,0.6646738052368164,0.05477142333984375,0.2813606262207031,1.137277603149414,True
10.75,raw,430,70,11.601346015930176,11.041954040527344,10.794214248657228,11.806711196899414,duplicate_removal,unmatched_cluster,0.8513460159301758,0.04421424865722834,0.29195404052734375,1.056711196899414,True
10.75,raw,390,71,11.471028327941896,11.06103515625,10.809192657470703,11.869933128356934,duplicate_removal,unmatched_cluster,0.7210283279418963,0.059192657470703125,0.31103515625,1.1199331283569336,True
10.75,raw,360,72,11.446674346923828,11.026660919189451,10.790435791015623,11.78327178955078,duplicate_removal,unmatched_cluster,0.6966743469238281,0.040435791015623224,0.27666091918945135,1.0332717895507795,True
10.75,raw,323,73,11.59492015838623,11.050692558288574,10.78993034362793,12.256537437438965,duplicate_removal,unmatched_cluster,0.8449201583862305,0.03993034362792969,0.3006925582885742,1.5065374374389648,True
10.75,raw,278,74,11.429841995239258,11.040607452392578,10.799148559570312,11.916277885437012,duplicate_removal,unmatched_cluster,0.6798419952392578,0.0491485595703125,0.2906074523925781,1.1662778854370117,True
10.75,raw,263,75,11.631446838378906,11.052431106567385,10.80144500732422,12.183966636657717,duplicate_removal,unmatched_cluster,0.8814468383789062,0.051445007324220526,0.3024311065673846,1.4339666366577166,True
10.75,raw,229,76,11.94883918762207,11.058116912841797,10.797361373901367,13.189043045043944,duplicate_removal,unmatched_cluster,1.1988391876220703,0.04736137390136719,0.3081169128417969,2.4390430450439435,True
10.75,raw,202,77,11.78388500213623,11.0169677734375,10.79587745666504,12.605749130249023,duplicate_removal,unmatched_cluster,1.0338850021362305,0.04587745666504084,0.2669677734375,1.8557491302490234,True
10.75,raw,174,78,11.693940162658691,11.041027069091797,10.79494571685791,12.3056058883667,duplicate_removal,unmatched_cluster,0.9439401626586914,0.044945716857910156,0.2910270690917969,1.5556058883666992,True
10.75,raw,155,79,11.681073188781738,11.057211875915527,10.802590370178224,12.334952354431152,duplicate_removal,unmatched_cluster,0.9310731887817383,0.05259037017822443,0.30721187591552734,1.5849523544311523,True
10.75,raw,128,80,11.82085418701172,11.00075626373291,10.807168960571287,12.484267234802246,duplicate_removal,unmatched_cluster,1.0708541870117205,0.057168960571287286,0.25075626373291016,1.734267234802246,True
10.75,raw,121,81,12.33985710144043,10.981337547302246,10.785027503967283,13.661317825317385,duplicate_removal,unmatched_cluster,1.5898571014404297,0.03502750396728338,0.2313375473022461,2.9113178253173846,True
10.75,raw,100,82,12.540081024169922,11.018653869628906,10.791818618774414,13.877276420593262,duplicate_removal,unmatched_cluster,1.7900810241699219,0.04181861877441406,0.26865386962890625,3.1272764205932617,True
10.75,raw,96,83,12.629535675048828,11.028319358825684,10.769000053405762,13.766191482543944,duplicate_removal,unmatched_cluster,1.8795356750488281,0.01900005340576172,0.2783193588256836,3.0161914825439435,False
10.75,raw,83,84,12.340405464172363,11.02408504486084,10.77349090576172,13.984713554382324,duplicate_removal,unmatched_cluster,1.5904054641723633,0.023490905761720526,0.27408504486083984,3.234713554382324,False
10.75,raw,67,85,12.62242603302002,11.06425952911377,10.799956321716309,15.754806518554688,duplicate_removal,unmatched_cluster,1.8724260330200195,0.049956321716308594,0.31425952911376953,5.0048065185546875,False
10.75,raw,60,86,13.334280967712402,11.14665412902832,10.788269996643066,20.061471939086918,duplicate_removal,unmatched_cluster,2.5842809677124023,0.038269996643066406,0.3966541290283203,9.311471939086918,False
10.75,raw,56,87,13.441938400268556,11.126279830932615,10.769304275512695,21.654096603393555,duplicate_removal,unmatched_cluster,2.6919384002685565,0.019304275512695312,0.3762798309326154,10.904096603393555,False
10.75,raw,47,88,12.413363456726074,11.127883911132812,10.808189392089844,17.225536346435547,duplicate_removal,unmatched_cluster,1.6633634567260742,0.05818939208984375,0.3778839111328125,6.475536346435547,False
10.75,raw,45,89,14.391303062438965,11.193232536315918,10.812314987182615,26.722827911376957,duplicate_removal,unmatched_cluster,3.641303062438965,0.06231498718261541,0.44323253631591797,15.972827911376957,False
10.75,raw,46,90,14.44451904296875,11.834188461303713,10.80877685546875,26.73613739013672,duplicate_removal,unmatched_cluster,3.69451904296875,0.05877685546875,1.0841884613037127,15.986137390136719,False
10.75,raw,37,91,14.085678100585938,11.882909774780272,10.86134910583496,26.768354415893555,duplicate_removal,unmatched_cluster,3.3356781005859375,0.11134910583495916,1.1329097747802717,16.018354415893555,False
10.75,raw,35,92,14.335331916809082,11.483572006225586,10.853368759155272,24.71907615661621,duplicate_removal,unmatched_cluster,3.585331916809082,0.10336875915527166,0.7335720062255859,13.969076156616211,False
10.75,raw,40,93,15.247076034545898,11.656291007995604,10.814327239990234,27.57518196105957,duplicate_removal,unmatched_cluster,4.497076034545898,0.06432723999023438,0.9062910079956037,16.82518196105957,False
10.75,raw,34,94,14.934196472167969,11.77497100830078,10.855487823486328,22.653963088989254,duplicate_removal,unmatched_cluster,4.184196472167969,0.10548782348632812,1.0249710083007795,11.903963088989254,False
10.75,raw,40,95,14.826764106750488,11.642770767211914,10.830835342407228,25.873817443847656,duplicate_removal,unmatched_cluster,4.076764106750488,0.08083534240722834,0.8927707672119141,15.123817443847656,False
10.75,raw,34,96,14.89162540435791,11.489164352416992,10.828458786010742,25.590768814086918,duplicate_removal,unmatched_cluster,4.14162540435791,0.07845878601074219,0.7391643524169922,14.840768814086918,False
10.75,raw,26,97,13.715253829956056,11.513120651245115,10.931133270263672,19.06451797485352,duplicate_removal,unmatched_cluster,2.9652538299560565,0.18113327026367188,0.7631206512451154,8.31451797485352,False
10.75,raw,28,98,14.786015510559082,11.47653579711914,10.960489273071287,25.524681091308597,duplicate_removal,unmatched_cluster,4.036015510559082,0.2104892730712873,0.7265357971191406,14.774681091308597,False
10.75,raw,35,99,14.737957000732422,11.872274398803713,10.88967990875244,26.0427303314209,duplicate_removal,unmatched_cluster,3.987957000732422,0.13967990875243963,1.1222743988037127,15.292730331420898,False
