domain,Th_learned,stage,status,peel,events,score_mean,score_q10,score_median,score_q90
raw,8.0,detection_template,unmatched_cluster,0,275004,42.59315490722656,28.883331298828125,41.146339416503906,57.49663543701172
raw,8.0,detection_template,unmatched_cluster,1,251944,33.53377914428711,22.98891830444336,33.158592224121094,44.34591293334961
raw,8.0,detection_template,unmatched_cluster,2,243839,28.763212203979492,20.12183952331543,28.489347457885742,37.56609344482422
raw,8.0,detection_template,unmatched_cluster,3,238903,25.587547302246094,18.065601348876953,24.99356460571289,33.68952178955078
raw,8.0,detection_template,unmatched_cluster,4,235035,23.21308708190918,16.643688201904297,22.566007614135742,30.646116256713867
raw,8.0,detection_template,unmatched_cluster,5,231017,21.360713958740234,15.622111320495605,20.82414436340332,27.916763305664062
raw,8.0,detection_template,unmatched_cluster,6,227993,19.868925094604492,14.864306449890137,19.33285903930664,25.59764289855957
raw,8.0,detection_template,unmatched_cluster,7,225896,18.656177520751953,14.277913093566895,18.07525634765625,23.714876174926758
raw,8.0,detection_template,unmatched_cluster,8,223883,17.649892807006836,13.813576698303223,17.028675079345703,22.269079208374023
raw,8.0,detection_template,unmatched_cluster,9,221967,16.810970306396484,13.439929962158203,16.199373245239258,21.020307540893555
raw,8.0,detection_template,unmatched_cluster,10,221025,16.091503143310547,13.116272926330566,15.502986907958984,19.916587829589844
raw,8.0,detection_template,unmatched_cluster,11,219713,15.490478515625,12.835603713989258,14.947381019592285,18.931476593017578
raw,8.0,detection_template,unmatched_cluster,12,219282,14.970418930053711,12.589851379394531,14.483951568603516,18.018346786499023
raw,8.0,detection_template,unmatched_cluster,13,218437,14.522455215454102,12.374757766723633,14.085766792297363,17.23175048828125
raw,8.0,detection_template,unmatched_cluster,14,218095,14.13111400604248,12.18179988861084,13.747992515563965,16.56214714050293
raw,8.0,detection_template,unmatched_cluster,15,217673,13.78970718383789,12.004762649536133,13.448569297790527,15.970987319946289
raw,8.0,detection_template,unmatched_cluster,16,217732,13.488737106323242,11.845255851745605,13.185759544372559,15.46760368347168
raw,8.0,detection_template,unmatched_cluster,17,217237,13.222809791564941,11.69600772857666,12.952459335327148,15.040308952331543
raw,8.0,detection_template,unmatched_cluster,18,216855,12.980210304260254,11.555953025817871,12.73609447479248,14.661603927612305
raw,8.0,detection_template,unmatched_cluster,19,216749,12.763885498046875,11.426581382751465,12.544013023376465,14.322365760803223
raw,8.0,detection_template,unmatched_cluster,20,216684,12.569643020629883,11.309677124023438,12.371053695678711,14.021001815795898
raw,8.0,detection_template,unmatched_cluster,21,216615,12.3892183303833,11.19787311553955,12.208803176879883,13.753999710083008
raw,8.0,detection_template,unmatched_cluster,22,216160,12.225330352783203,11.092010498046875,12.059958457946777,13.510231018066406
raw,8.0,detection_template,unmatched_cluster,23,215643,12.073290824890137,10.992929458618164,11.922282218933105,13.293936729431152
raw,8.0,detection_template,unmatched_cluster,24,215653,11.933281898498535,10.902270317077637,11.79243278503418,13.093148231506348
raw,8.0,detection_template,unmatched_cluster,25,215688,11.8018217086792,10.810589790344238,11.670438766479492,12.910538673400879
raw,8.0,detection_template,unmatched_cluster,26,215548,11.677157402038574,10.726031303405762,11.552995681762695,12.740591049194336
raw,8.0,detection_template,unmatched_cluster,27,215793,11.561302185058594,10.642486572265625,11.444644927978516,12.587544441223145
raw,8.0,detection_template,unmatched_cluster,28,215658,11.453261375427246,10.563907623291016,11.345090866088867,12.438508987426758
raw,8.0,detection_template,unmatched_cluster,29,215217,11.348904609680176,10.490483283996582,11.245983123779297,12.299246788024902
raw,8.0,detection_template,unmatched_cluster,30,215569,11.251836776733398,10.418845176696777,11.15674114227295,12.169240951538086
raw,8.0,detection_template,unmatched_cluster,31,215234,11.157889366149902,10.347495079040527,11.065580368041992,12.04542064666748
raw,8.0,detection_template,unmatched_cluster,32,215489,11.067665100097656,10.27810287475586,10.981217384338379,11.928231239318848
raw,8.0,detection_template,unmatched_cluster,33,215171,10.98295783996582,10.215458869934082,10.90108871459961,11.817060470581055
raw,8.0,detection_template,unmatched_cluster,34,215102,10.902154922485352,10.154195785522461,10.8209228515625,11.717389106750488
raw,8.0,detection_template,unmatched_cluster,35,215122,10.825108528137207,10.094395637512207,10.74975299835205,11.622132301330566
raw,8.0,detection_template,unmatched_cluster,36,214942,10.75203800201416,10.036821365356445,10.676137924194336,11.529874801635742
raw,8.0,detection_template,unmatched_cluster,37,214546,10.680825233459473,9.980207443237305,10.609111785888672,11.442628860473633
raw,8.0,detection_template,unmatched_cluster,38,214631,10.612031936645508,9.925034523010254,10.543395042419434,11.357438087463379
raw,8.0,detection_template,unmatched_cluster,39,214964,10.544548988342285,9.869742393493652,10.476221084594727,11.272945404052734
raw,8.0,detection_template,unmatched_cluster,40,214704,10.480180740356445,9.818131446838379,10.414203643798828,11.194815635681152
raw,8.0,detection_template,unmatched_cluster,41,214656,10.418364524841309,9.767744064331055,10.353462219238281,11.121383666992188
raw,8.0,detection_template,unmatched_cluster,42,214403,10.35807991027832,9.71873950958252,10.295549392700195,11.048090934753418
raw,8.0,detection_template,unmatched_cluster,43,214292,10.299653053283691,9.670720100402832,10.238121032714844,10.977588653564453
raw,8.0,detection_template,unmatched_cluster,44,214352,10.24356460571289,9.624480247497559,10.183155059814453,10.9098539352417
raw,8.0,detection_template,unmatched_cluster,45,214073,10.188482284545898,9.578433990478516,10.130473136901855,10.843847274780273
raw,8.0,detection_template,unmatched_cluster,46,214322,10.136160850524902,9.53443717956543,10.079668045043945,10.781272888183594
raw,8.0,detection_template,unmatched_cluster,47,214163,10.083359718322754,9.492304801940918,10.02804946899414,10.719042778015137
raw,8.0,detection_template,unmatched_cluster,48,213972,10.033493041992188,9.449495315551758,9.97700023651123,10.660726547241211
raw,8.0,detection_template,unmatched_cluster,49,213879,9.98418140411377,9.407154083251953,9.928898811340332,10.602767944335938
raw,8.0,detection_template,unmatched_cluster,50,213731,9.937103271484375,9.366808891296387,9.881667137145996,10.546235084533691
raw,8.0,detection_template,unmatched_cluster,51,214061,9.890231132507324,9.329405784606934,9.836824417114258,10.490729331970215
raw,8.0,detection_template,unmatched_cluster,52,214090,9.845320701599121,9.290253639221191,9.792552947998047,10.439233779907227
raw,8.0,detection_template,unmatched_cluster,53,214204,9.800374984741211,9.25142765045166,9.747703552246094,10.386462211608887
raw,8.0,detection_template,unmatched_cluster,54,213898,9.758688926696777,9.215604782104492,9.706586837768555,10.338051795959473
raw,8.0,detection_template,unmatched_cluster,55,213757,9.715840339660645,9.178433418273926,9.665495872497559,10.289155006408691
raw,8.0,detection_template,unmatched_cluster,56,213769,9.673364639282227,9.14139175415039,9.624034881591797,10.242347717285156
raw,8.0,detection_template,unmatched_cluster,57,214188,9.632904052734375,9.107510566711426,9.584026336669922,10.194103240966797
raw,8.0,detection_template,unmatched_cluster,58,214026,9.594297409057617,9.073542594909668,9.545085906982422,10.151773452758789
raw,8.0,detection_template,unmatched_cluster,59,213877,9.55517578125,9.03947639465332,9.506889343261719,10.106091499328613
raw,8.0,detection_template,unmatched_cluster,60,213750,9.517440795898438,9.005931854248047,9.470146179199219,10.062820434570312
raw,8.0,detection_template,unmatched_cluster,61,213886,9.480151176452637,8.97282600402832,9.432607650756836,10.01992416381836
raw,8.0,detection_template,unmatched_cluster,62,213865,9.443157196044922,8.939839363098145,9.395794868469238,9.978474617004395
raw,8.0,detection_template,unmatched_cluster,63,213639,9.407272338867188,8.909537315368652,9.3607816696167,9.936214447021484
raw,8.0,detection_template,unmatched_cluster,64,213265,9.372194290161133,8.878975868225098,9.326196670532227,9.895617485046387
raw,8.0,detection_template,unmatched_cluster,65,213250,9.338284492492676,8.848434448242188,9.292367935180664,9.85853099822998
raw,8.0,detection_template,unmatched_cluster,66,212795,9.305294036865234,8.819254875183105,9.258953094482422,9.821921348571777
raw,8.0,detection_template,unmatched_cluster,67,212909,9.270889282226562,8.78759765625,9.22580337524414,9.784018516540527
raw,8.0,detection_template,unmatched_cluster,68,212665,9.23815631866455,8.759074211120605,9.193449020385742,9.745746612548828
raw,8.0,detection_template,unmatched_cluster,69,212566,9.207258224487305,8.732070922851562,9.161602973937988,9.71168327331543
raw,8.0,detection_template,unmatched_cluster,70,212859,9.17444896697998,8.703733444213867,9.128917694091797,9.673565864562988
raw,8.0,detection_template,unmatched_cluster,71,212807,9.144217491149902,8.676435470581055,9.098488807678223,9.641088485717773
raw,8.0,detection_template,unmatched_cluster,72,212983,9.11311149597168,8.648528099060059,9.067643165588379,9.606363296508789
raw,8.0,detection_template,unmatched_cluster,73,213285,9.083821296691895,8.621706008911133,9.03889274597168,9.572908401489258
raw,8.0,detection_template,unmatched_cluster,74,212977,9.054476737976074,8.59554386138916,9.009536743164062,9.540481567382812
raw,8.0,detection_template,unmatched_cluster,75,212712,9.024765968322754,8.569828033447266,8.980228424072266,9.50869083404541
raw,8.0,detection_template,unmatched_cluster,76,212821,8.996456146240234,8.54404067993164,8.95179557800293,9.476128578186035
raw,8.0,detection_template,unmatched_cluster,77,212773,8.968514442443848,8.518868446350098,8.923526763916016,9.446354866027832
raw,8.0,detection_template,unmatched_cluster,78,212686,8.94018840789795,8.494879722595215,8.895415306091309,9.412309646606445
raw,8.0,detection_template,unmatched_cluster,79,212598,8.913952827453613,8.469609260559082,8.868635177612305,9.386150360107422
raw,8.0,detection_template,unmatched_cluster,80,212324,8.886817932128906,8.445629119873047,8.841582298278809,9.355189323425293
raw,8.0,detection_template,unmatched_cluster,81,211985,8.861248016357422,8.422722816467285,8.816433906555176,9.327301979064941
raw,8.0,detection_template,unmatched_cluster,82,212511,8.834413528442383,8.399971961975098,8.789298057556152,9.298624038696289
raw,8.0,detection_template,unmatched_cluster,83,212098,8.810215950012207,8.377774238586426,8.765408515930176,9.269634246826172
raw,8.0,detection_template,unmatched_cluster,84,211913,8.78447151184082,8.355603218078613,8.740217208862305,9.240130424499512
raw,8.0,detection_template,unmatched_cluster,85,211702,8.76060676574707,8.333925247192383,8.714689254760742,9.214521408081055
raw,8.0,detection_template,unmatched_cluster,86,211222,8.737655639648438,8.314300537109375,8.691864013671875,9.187793731689453
raw,8.0,detection_template,unmatched_cluster,87,210214,8.713714599609375,8.295035362243652,8.667354583740234,9.159174919128418
raw,8.0,detection_template,unmatched_cluster,88,209757,8.691083908081055,8.275002479553223,8.643595695495605,9.133109092712402
raw,8.0,detection_template,unmatched_cluster,89,209064,8.669415473937988,8.256658554077148,8.621941566467285,9.108415603637695
raw,8.0,detection_template,unmatched_cluster,90,208113,8.647393226623535,8.238287925720215,8.598420143127441,9.08134937286377
raw,8.0,detection_template,unmatched_cluster,91,207347,8.627419471740723,8.221977233886719,8.57699203491211,9.061311721801758
raw,8.0,detection_template,unmatched_cluster,92,206044,8.606993675231934,8.207237243652344,8.555686950683594,9.037453651428223
raw,8.0,detection_template,unmatched_cluster,93,205220,8.587319374084473,8.192026138305664,8.534847259521484,9.014215469360352
raw,8.0,detection_template,unmatched_cluster,94,203986,8.569355010986328,8.178369522094727,8.515737533569336,8.992679595947266
raw,8.0,detection_template,unmatched_cluster,95,202102,8.551156044006348,8.165878295898438,8.49703598022461,8.969958305358887
raw,8.0,detection_template,unmatched_cluster,96,200519,8.53245735168457,8.154133796691895,8.477063179016113,8.947739601135254
raw,8.0,detection_template,unmatched_cluster,97,198794,8.515368461608887,8.142465591430664,8.458390235900879,8.925057411193848
raw,8.0,detection_template,unmatched_cluster,98,196136,8.498531341552734,8.131654739379883,8.440913200378418,8.904273986816406
raw,8.0,detection_template,unmatched_cluster,99,193613,8.482820510864258,8.12277889251709,8.42395305633545,8.883625984191895
raw,8.0,detection_template,fp_matched_cluster,0,109,29.544660568237305,19.264549255371094,30.658382415771484,37.55598831176758
raw,8.0,detection_template,fp_matched_cluster,1,217,24.101863861083984,16.741016387939453,21.910518646240234,34.198394775390625
raw,8.0,detection_template,fp_matched_cluster,2,368,21.82651710510254,16.03558921813965,20.170146942138672,30.960979461669922
raw,8.0,detection_template,fp_matched_cluster,3,578,20.119123458862305,15.714832305908203,19.084428787231445,26.633846282958984
raw,8.0,detection_template,fp_matched_cluster,4,754,18.77628517150879,15.372184753417969,18.286767959594727,22.418785095214844
raw,8.0,detection_template,fp_matched_cluster,5,933,17.999347686767578,14.89960765838623,17.643115997314453,20.935924530029297
raw,8.0,detection_template,fp_matched_cluster,6,1147,17.31824493408203,14.352659225463867,17.064403533935547,20.470468521118164
raw,8.0,detection_template,fp_matched_cluster,7,1288,16.911521911621094,14.190604209899902,16.643524169921875,19.836780548095703
raw,8.0,detection_template,fp_matched_cluster,8,1349,16.561973571777344,13.873078346252441,16.28206443786621,19.681812286376953
raw,8.0,detection_template,fp_matched_cluster,9,1444,16.209779739379883,13.667848587036133,15.943595886230469,19.101613998413086
raw,8.0,detection_template,fp_matched_cluster,10,1455,15.636734962463379,13.339730262756348,15.438563346862793,18.2883358001709
raw,8.0,detection_template,fp_matched_cluster,11,1553,15.220698356628418,13.014039993286133,14.978119850158691,17.692371368408203
raw,8.0,detection_template,fp_matched_cluster,12,1418,14.83752727508545,12.744452476501465,14.575654983520508,17.203214645385742
raw,8.0,detection_template,fp_matched_cluster,13,1483,14.522936820983887,12.56945514678955,14.230668067932129,16.86467170715332
raw,8.0,detection_template,fp_matched_cluster,14,1462,14.23921012878418,12.404275894165039,14.005077362060547,16.35277557373047
raw,8.0,detection_template,fp_matched_cluster,15,1542,13.81364917755127,12.156464576721191,13.585468292236328,15.774916648864746
raw,8.0,detection_template,fp_matched_cluster,16,1485,13.55690860748291,11.995646476745605,13.303993225097656,15.431119918823242
raw,8.0,detection_template,fp_matched_cluster,17,1487,13.311233520507812,11.814138412475586,13.120360374450684,15.09675121307373
raw,8.0,detection_template,fp_matched_cluster,18,1512,13.081851959228516,11.709620475769043,12.86414623260498,14.71601676940918
raw,8.0,detection_template,fp_matched_cluster,19,1488,12.893998146057129,11.514480590820312,12.668132781982422,14.50306224822998
raw,8.0,detection_template,fp_matched_cluster,20,1462,12.684651374816895,11.470037460327148,12.505353927612305,14.16887378692627
raw,8.0,detection_template,fp_matched_cluster,21,1537,12.457378387451172,11.313262939453125,12.270462989807129,13.882539749145508
raw,8.0,detection_template,fp_matched_cluster,22,1599,12.309419631958008,11.21147346496582,12.152999877929688,13.653964042663574
raw,8.0,detection_template,fp_matched_cluster,23,1481,12.164589881896973,11.12006664276123,12.017885208129883,13.406847953796387
raw,8.0,detection_template,fp_matched_cluster,24,1490,12.048311233520508,11.027670860290527,11.896676063537598,13.212993621826172
raw,8.0,detection_template,fp_matched_cluster,25,1526,11.884013175964355,10.912392616271973,11.78418254852295,12.960188865661621
raw,8.0,detection_template,fp_matched_cluster,26,1631,11.745397567749023,10.818930625915527,11.641070365905762,12.837248802185059
raw,8.0,detection_template,fp_matched_cluster,27,1575,11.669203758239746,10.750624656677246,11.551002502441406,12.689845085144043
raw,8.0,detection_template,fp_matched_cluster,28,1579,11.5530424118042,10.703770637512207,11.428998947143555,12.554519653320312
raw,8.0,detection_template,fp_matched_cluster,29,1568,11.377388000488281,10.548168182373047,11.30585765838623,12.241132736206055
raw,8.0,detection_template,fp_matched_cluster,30,1545,11.342201232910156,10.497207641601562,11.252238273620605,12.33065414428711
raw,8.0,detection_template,fp_matched_cluster,31,1550,11.217597961425781,10.379657745361328,11.13869857788086,12.082736015319824
raw,8.0,detection_template,fp_matched_cluster,32,1678,11.107159614562988,10.327325820922852,11.04141616821289,11.949738502502441
raw,8.0,detection_template,fp_matched_cluster,33,1606,11.038674354553223,10.313456535339355,10.960428237915039,11.859671592712402
raw,8.0,detection_template,fp_matched_cluster,34,1594,11.015724182128906,10.25402545928955,10.935446739196777,11.828228950500488
raw,8.0,detection_template,fp_matched_cluster,35,1711,10.906346321105957,10.138069152832031,10.829014778137207,11.720586776733398
raw,8.0,detection_template,fp_matched_cluster,36,1672,10.824234962463379,10.110286712646484,10.758529663085938,11.595980644226074
raw,8.0,detection_template,fp_matched_cluster,37,1721,10.725656509399414,10.017779350280762,10.66109561920166,11.492573738098145
raw,8.0,detection_template,fp_matched_cluster,38,1733,10.666500091552734,9.999408721923828,10.581889152526855,11.43844223022461
raw,8.0,detection_template,fp_matched_cluster,39,1695,10.594144821166992,9.929415702819824,10.531700134277344,11.33533000946045
raw,8.0,detection_template,fp_matched_cluster,40,1769,10.533674240112305,9.883358001708984,10.477420806884766,11.250138282775879
raw,8.0,detection_template,fp_matched_cluster,41,1744,10.475790977478027,9.828064918518066,10.412130355834961,11.171113967895508
raw,8.0,detection_template,fp_matched_cluster,42,1686,10.413595199584961,9.777374267578125,10.34721851348877,11.094005584716797
raw,8.0,detection_template,fp_matched_cluster,43,1820,10.343850135803223,9.716106414794922,10.284540176391602,11.04458236694336
raw,8.0,detection_template,fp_matched_cluster,44,1760,10.288749694824219,9.66987419128418,10.237150192260742,10.965958595275879
raw,8.0,detection_template,fp_matched_cluster,45,1724,10.228584289550781,9.609502792358398,10.172154426574707,10.890637397766113
raw,8.0,detection_template,fp_matched_cluster,46,1812,10.140490531921387,9.55534839630127,10.104122161865234,10.752405166625977
raw,8.0,detection_template,fp_matched_cluster,47,1802,10.125982284545898,9.515104293823242,10.0660400390625,10.768614768981934
raw,8.0,detection_template,fp_matched_cluster,48,1869,10.06296443939209,9.496041297912598,10.027047157287598,10.701839447021484
raw,8.0,detection_template,fp_matched_cluster,49,1826,10.029833793640137,9.467317581176758,9.975839614868164,10.62812614440918
raw,8.0,detection_template,fp_matched_cluster,50,1918,9.980240821838379,9.399675369262695,9.922639846801758,10.613809585571289
raw,8.0,detection_template,fp_matched_cluster,51,1924,9.923715591430664,9.34882640838623,9.879852294921875,10.54000186920166
raw,8.0,detection_template,fp_matched_cluster,52,1949,9.893539428710938,9.33254337310791,9.832279205322266,10.512958526611328
raw,8.0,detection_template,fp_matched_cluster,53,1840,9.835037231445312,9.271479606628418,9.792091369628906,10.40365219116211
raw,8.0,detection_template,fp_matched_cluster,54,1911,9.809762954711914,9.244892120361328,9.754005432128906,10.389274597167969
raw,8.0,detection_template,fp_matched_cluster,55,1965,9.75456428527832,9.210992813110352,9.697081565856934,10.337600708007812
raw,8.0,detection_template,fp_matched_cluster,56,1917,9.726136207580566,9.2115478515625,9.669130325317383,10.27807331085205
raw,8.0,detection_template,fp_matched_cluster,57,1921,9.657309532165527,9.145718574523926,9.606302261352539,10.220222473144531
raw,8.0,detection_template,fp_matched_cluster,58,1952,9.622248649597168,9.119669914245605,9.571451187133789,10.182157516479492
raw,8.0,detection_template,fp_matched_cluster,59,2011,9.596035957336426,9.079524040222168,9.547094345092773,10.12447452545166
raw,8.0,detection_template,fp_matched_cluster,60,1989,9.547800064086914,9.046114921569824,9.500011444091797,10.097463607788086
raw,8.0,detection_template,fp_matched_cluster,61,1989,9.520865440368652,9.017546653747559,9.468393325805664,10.051623344421387
raw,8.0,detection_template,fp_matched_cluster,62,2032,9.473346710205078,8.984793663024902,9.416275024414062,10.024782180786133
raw,8.0,detection_template,fp_matched_cluster,63,2092,9.44578742980957,8.94680404663086,9.414238929748535,9.984207153320312
raw,8.0,detection_template,fp_matched_cluster,64,1963,9.401113510131836,8.903105735778809,9.351729393005371,9.955706596374512
raw,8.0,detection_template,fp_matched_cluster,65,2024,9.366719245910645,8.899600982666016,9.310386657714844,9.87253189086914
raw,8.0,detection_template,fp_matched_cluster,66,2021,9.335824966430664,8.86169147491455,9.288590431213379,9.849191665649414
raw,8.0,detection_template,fp_matched_cluster,67,2085,9.310434341430664,8.825326919555664,9.263949394226074,9.795316696166992
raw,8.0,detection_template,fp_matched_cluster,68,2116,9.27361011505127,8.813152313232422,9.215258598327637,9.812663078308105
raw,8.0,detection_template,fp_matched_cluster,69,2096,9.25882625579834,8.776453971862793,9.199951171875,9.79667854309082
raw,8.0,detection_template,fp_matched_cluster,70,2069,9.22268295288086,8.750187873840332,9.164031982421875,9.734856605529785
raw,8.0,detection_template,fp_matched_cluster,71,2096,9.172980308532715,8.682887077331543,9.12186050415039,9.700953483581543
raw,8.0,detection_template,fp_matched_cluster,72,2100,9.143707275390625,8.673399925231934,9.096064567565918,9.638269424438477
raw,8.0,detection_template,fp_matched_cluster,73,2156,9.113969802856445,8.658197402954102,9.072486877441406,9.601531982421875
raw,8.0,detection_template,fp_matched_cluster,74,2185,9.072732925415039,8.637681007385254,9.019701957702637,9.549295425415039
raw,8.0,detection_template,fp_matched_cluster,75,2131,9.064356803894043,8.613971710205078,9.02685260772705,9.517200469970703
raw,8.0,detection_template,fp_matched_cluster,76,2209,9.027836799621582,8.572555541992188,8.974133491516113,9.525080680847168
raw,8.0,detection_template,fp_matched_cluster,77,2210,8.995977401733398,8.549789428710938,8.945547103881836,9.480777740478516
raw,8.0,detection_template,fp_matched_cluster,78,2232,8.968215942382812,8.517473220825195,8.920072555541992,9.459284782409668
raw,8.0,detection_template,fp_matched_cluster,79,2093,8.946465492248535,8.512554168701172,8.902572631835938,9.429025650024414
raw,8.0,detection_template,fp_matched_cluster,80,2240,8.910406112670898,8.472867012023926,8.872344970703125,9.37132453918457
raw,8.0,detection_template,fp_matched_cluster,81,2245,8.884212493896484,8.453134536743164,8.845340728759766,9.358763694763184
raw,8.0,detection_template,fp_matched_cluster,82,2233,8.864472389221191,8.433363914489746,8.807985305786133,9.320083618164062
raw,8.0,detection_template,fp_matched_cluster,83,2138,8.847349166870117,8.419108390808105,8.794584274291992,9.317082405090332
raw,8.0,detection_template,fp_matched_cluster,84,2236,8.815948486328125,8.368223190307617,8.772750854492188,9.306190490722656
raw,8.0,detection_template,fp_matched_cluster,85,2336,8.791900634765625,8.36831283569336,8.753434181213379,9.239570617675781
raw,8.0,detection_template,fp_matched_cluster,86,2192,8.775764465332031,8.340941429138184,8.722831726074219,9.24806022644043
raw,8.0,detection_template,fp_matched_cluster,87,2234,8.735560417175293,8.318761825561523,8.685861587524414,9.183444023132324
raw,8.0,detection_template,fp_matched_cluster,88,2351,8.711310386657715,8.309170722961426,8.661422729492188,9.138277053833008
raw,8.0,detection_template,fp_matched_cluster,89,2298,8.694073677062988,8.270915031433105,8.64516830444336,9.141233444213867
raw,8.0,detection_template,fp_matched_cluster,90,2290,8.670992851257324,8.254840850830078,8.613170623779297,9.142901420593262
raw,8.0,detection_template,fp_matched_cluster,91,2237,8.650612831115723,8.233606338500977,8.59653377532959,9.108488082885742
raw,8.0,detection_template,fp_matched_cluster,92,2327,8.631617546081543,8.219828605651855,8.58145809173584,9.07339859008789
raw,8.0,detection_template,fp_matched_cluster,93,2402,8.603517532348633,8.206345558166504,8.557028770446777,9.019126892089844
raw,8.0,detection_template,fp_matched_cluster,94,2246,8.610403060913086,8.201811790466309,8.54449462890625,9.05278205871582
raw,8.0,detection_template,fp_matched_cluster,95,2196,8.57696533203125,8.179929733276367,8.513029098510742,9.028181076049805
raw,8.0,detection_template,fp_matched_cluster,96,2177,8.54800033569336,8.164352416992188,8.501822471618652,8.965314865112305
raw,8.0,detection_template,fp_matched_cluster,97,2189,8.556021690368652,8.156085014343262,8.491861343383789,8.991154670715332
raw,8.0,detection_template,fp_matched_cluster,98,2249,8.517867088317871,8.149813652038574,8.458477020263672,8.937360763549805
raw,8.0,detection_template,fp_matched_cluster,99,2243,8.509096145629883,8.132527351379395,8.447397232055664,8.946385383605957
raw,8.0,detection_template,tp,0,9764,35.574974060058594,30.873037338256836,36.020111083984375,40.08291244506836
raw,8.0,detection_template,tp,1,11283,33.79561233520508,28.062089920043945,34.61505889892578,39.04875183105469
raw,8.0,detection_template,tp,2,8808,31.354642868041992,20.282285690307617,32.7713623046875,37.753414154052734
raw,8.0,detection_template,tp,3,6412,27.832555770874023,17.79507827758789,29.650379180908203,36.01061248779297
raw,8.0,detection_template,tp,4,5149,24.24103355407715,16.539670944213867,21.643186569213867,33.978397369384766
raw,8.0,detection_template,tp,5,4686,21.005455017089844,15.773406982421875,19.039695739746094,30.477336883544922
raw,8.0,detection_template,tp,6,4604,19.157978057861328,15.231966018676758,18.095727920532227,25.078691482543945
raw,8.0,detection_template,tp,7,4528,18.009572982788086,14.73331069946289,17.505664825439453,21.30214500427246
raw,8.0,detection_template,tp,8,4383,17.357540130615234,14.51344108581543,17.032180786132812,20.20166015625
raw,8.0,detection_template,tp,9,4238,16.834421157836914,14.152128219604492,16.556808471679688,19.71646499633789
raw,8.0,detection_template,tp,10,3817,16.39337158203125,13.779608726501465,16.126911163330078,19.179622650146484
raw,8.0,detection_template,tp,11,3499,15.965450286865234,13.502820014953613,15.75019359588623,18.704065322875977
raw,8.0,detection_template,tp,12,3113,15.577613830566406,13.226290702819824,15.366189002990723,18.220651626586914
raw,8.0,detection_template,tp,13,2784,15.280363082885742,13.035372734069824,15.003372192382812,17.892864227294922
raw,8.0,detection_template,tp,14,2496,14.891472816467285,12.727474212646484,14.71060562133789,17.341665267944336
raw,8.0,detection_template,tp,15,2274,14.529067993164062,12.595064163208008,14.228511810302734,16.878801345825195
raw,8.0,detection_template,tp,16,1984,14.264963150024414,12.344230651855469,13.983114242553711,16.467803955078125
raw,8.0,detection_template,tp,17,1726,13.977594375610352,12.106013298034668,13.681428909301758,16.18073081970215
raw,8.0,detection_template,tp,18,1528,13.68104362487793,11.945845603942871,13.405431747436523,15.722087860107422
raw,8.0,detection_template,tp,19,1402,13.442582130432129,11.824382781982422,13.23838996887207,15.410988807678223
raw,8.0,detection_template,tp,20,1197,13.135459899902344,11.619912147521973,12.899113655090332,14.971885681152344
raw,8.0,detection_template,tp,21,1061,12.950501441955566,11.495248794555664,12.726592063903809,14.761537551879883
raw,8.0,detection_template,tp,22,953,12.705987930297852,11.364975929260254,12.486246109008789,14.388639450073242
raw,8.0,detection_template,tp,23,926,12.537997245788574,11.228297233581543,12.339101791381836,14.028799057006836
raw,8.0,detection_template,tp,24,851,12.403800010681152,11.137907028198242,12.14638900756836,14.007767677307129
raw,8.0,detection_template,tp,25,760,12.188139915466309,10.994073867797852,12.0125732421875,13.63437557220459
raw,8.0,detection_template,tp,26,662,12.062496185302734,10.942302703857422,11.889881134033203,13.326386451721191
raw,8.0,detection_template,tp,27,657,11.90783405303955,10.884647369384766,11.775270462036133,13.0111665725708
raw,8.0,detection_template,tp,28,597,11.802942276000977,10.755218505859375,11.665675163269043,13.141785621643066
raw,8.0,detection_template,tp,29,579,11.658398628234863,10.71199893951416,11.492767333984375,12.801280975341797
raw,8.0,detection_template,tp,30,535,11.512741088867188,10.54942512512207,11.386664390563965,12.618340492248535
raw,8.0,detection_template,tp,31,496,11.479985237121582,10.517974853515625,11.334150314331055,12.629308700561523
raw,8.0,detection_template,tp,32,456,11.368573188781738,10.46993637084961,11.233338356018066,12.296960830688477
raw,8.0,detection_template,tp,33,439,11.252898216247559,10.39626693725586,11.164966583251953,12.169107437133789
raw,8.0,detection_template,tp,34,389,11.075759887695312,10.28454875946045,10.957540512084961,11.97120475769043
raw,8.0,detection_template,tp,35,394,11.051403045654297,10.271504402160645,11.014046669006348,11.919830322265625
raw,8.0,detection_template,tp,36,345,10.936888694763184,10.11766529083252,10.859332084655762,11.774672508239746
raw,8.0,detection_template,tp,37,353,10.839741706848145,10.063751220703125,10.729360580444336,11.621343612670898
raw,8.0,detection_template,tp,38,339,10.812602996826172,10.019296646118164,10.72425651550293,11.546358108520508
raw,8.0,detection_template,tp,39,292,10.74232006072998,10.040976524353027,10.665231704711914,11.51385498046875
raw,8.0,detection_template,tp,40,307,10.595367431640625,9.950817108154297,10.500816345214844,11.34940242767334
raw,8.0,detection_template,tp,41,292,10.515621185302734,9.861075401306152,10.376853942871094,11.338650703430176
raw,8.0,detection_template,tp,42,302,10.670573234558105,9.847952842712402,10.44058609008789,11.464009284973145
raw,8.0,detection_template,tp,43,267,10.458671569824219,9.721052169799805,10.373600006103516,11.23448657989502
raw,8.0,detection_template,tp,44,239,10.362842559814453,9.684070587158203,10.292967796325684,11.007844924926758
raw,8.0,detection_template,tp,45,260,10.321919441223145,9.71658992767334,10.253219604492188,10.971095085144043
raw,8.0,detection_template,tp,46,245,10.267143249511719,9.604113578796387,10.177445411682129,10.992227554321289
raw,8.0,detection_template,tp,47,197,10.190017700195312,9.557841300964355,10.109716415405273,10.94443416595459
raw,8.0,detection_template,tp,48,212,10.136557579040527,9.479812622070312,10.037660598754883,10.832212448120117
raw,8.0,detection_template,tp,49,219,10.074947357177734,9.476311683654785,10.06943416595459,10.701756477355957
raw,8.0,detection_template,tp,50,248,10.030900001525879,9.439390182495117,9.954099655151367,10.718287467956543
raw,8.0,detection_template,tp,51,198,9.950282096862793,9.396921157836914,9.857931137084961,10.576847076416016
raw,8.0,detection_template,tp,52,211,10.043644905090332,9.346357345581055,9.982475280761719,10.682646751403809
raw,8.0,detection_template,tp,53,193,9.903554916381836,9.308207511901855,9.865546226501465,10.504724502563477
raw,8.0,detection_template,tp,54,179,9.877508163452148,9.251688003540039,9.826753616333008,10.488065719604492
raw,8.0,detection_template,tp,55,186,9.752086639404297,9.22075080871582,9.695377349853516,10.394940376281738
raw,8.0,detection_template,tp,56,181,9.74510669708252,9.214059829711914,9.709661483764648,10.261893272399902
raw,8.0,detection_template,tp,57,158,9.664060592651367,9.080124855041504,9.627482414245605,10.180723190307617
raw,8.0,detection_template,tp,58,170,9.662627220153809,9.142900466918945,9.602614402770996,10.17243766784668
raw,8.0,detection_template,tp,59,143,9.58087158203125,8.990798950195312,9.567628860473633,10.125143051147461
raw,8.0,detection_template,tp,60,136,9.705632209777832,9.072237014770508,9.527783393859863,10.027511596679688
raw,8.0,detection_template,tp,61,151,9.543793678283691,9.066896438598633,9.472859382629395,10.113574028015137
raw,8.0,detection_template,tp,62,158,9.516573905944824,8.906457901000977,9.471685409545898,10.057380676269531
raw,8.0,detection_template,tp,63,157,9.538628578186035,8.977859497070312,9.452269554138184,10.102602005004883
raw,8.0,detection_template,tp,64,159,9.419344902038574,8.988908767700195,9.3572359085083,10.008320808410645
raw,8.0,detection_template,tp,65,127,9.38888931274414,8.935285568237305,9.380619049072266,9.878803253173828
raw,8.0,detection_template,tp,66,125,9.301190376281738,8.809433937072754,9.298562049865723,9.820817947387695
raw,8.0,detection_template,tp,67,142,9.307032585144043,8.825439453125,9.283029556274414,9.85920524597168
raw,8.0,detection_template,tp,68,125,9.31798267364502,8.805216789245605,9.279813766479492,9.7575044631958
raw,8.0,detection_template,tp,69,128,9.282631874084473,8.833173751831055,9.207865715026855,9.909621238708496
raw,8.0,detection_template,tp,70,125,9.207000732421875,8.75367259979248,9.137516021728516,9.71958065032959
raw,8.0,detection_template,tp,71,125,9.211894989013672,8.769864082336426,9.175089836120605,9.71331787109375
raw,8.0,detection_template,tp,72,117,9.177793502807617,8.747203826904297,9.111518859863281,9.755694389343262
raw,8.0,detection_template,tp,73,124,9.148636817932129,8.717527389526367,9.075407028198242,9.614250183105469
raw,8.0,detection_template,tp,74,115,9.078213691711426,8.617324829101562,9.009644508361816,9.566194534301758
raw,8.0,detection_template,tp,75,117,9.163859367370605,8.601385116577148,9.073684692382812,9.53725528717041
raw,8.0,detection_template,tp,76,115,9.025206565856934,8.587615966796875,8.977434158325195,9.524239540100098
raw,8.0,detection_template,tp,77,122,9.031766891479492,8.622397422790527,8.98801040649414,9.608134269714355
raw,8.0,detection_template,tp,78,107,9.02305793762207,8.463021278381348,8.975276947021484,9.440052032470703
raw,8.0,detection_template,tp,79,129,8.973523139953613,8.53022575378418,8.926145553588867,9.45522689819336
raw,8.0,detection_template,tp,80,111,9.07874870300293,8.493006706237793,8.871600151062012,9.366436958312988
raw,8.0,detection_template,tp,81,100,8.874113082885742,8.496356010437012,8.835399627685547,9.323990821838379
raw,8.0,detection_template,tp,82,96,8.912188529968262,8.486653327941895,8.822327613830566,9.37843132019043
raw,8.0,detection_template,tp,83,107,8.84461784362793,8.423320770263672,8.807600975036621,9.317569732666016
raw,8.0,detection_template,tp,84,88,8.826740264892578,8.415472984313965,8.828849792480469,9.268645286560059
raw,8.0,detection_template,tp,85,99,8.831779479980469,8.383918762207031,8.832383155822754,9.26011848449707
raw,8.0,detection_template,tp,86,99,8.804290771484375,8.40102481842041,8.785634994506836,9.297643661499023
raw,8.0,detection_template,tp,87,86,8.83512020111084,8.344728469848633,8.793707847595215,9.368253707885742
raw,8.0,detection_template,tp,88,108,8.71979808807373,8.344064712524414,8.673857688903809,9.137516021728516
raw,8.0,detection_template,tp,89,94,8.669143676757812,8.238848686218262,8.586406707763672,9.115935325622559
raw,8.0,detection_template,tp,90,89,8.63294506072998,8.26601791381836,8.583046913146973,9.07703971862793
raw,8.0,detection_template,tp,91,97,8.660158157348633,8.216833114624023,8.664338111877441,9.086853981018066
raw,8.0,detection_template,tp,92,90,8.667787551879883,8.277227401733398,8.584924697875977,9.128474235534668
raw,8.0,detection_template,tp,93,95,8.640663146972656,8.206709861755371,8.557114601135254,9.095954895019531
raw,8.0,detection_template,tp,94,65,8.533187866210938,8.206931114196777,8.4932861328125,8.870920181274414
raw,8.0,detection_template,tp,95,82,8.634000778198242,8.243592262268066,8.532184600830078,9.004892349243164
raw,8.0,detection_template,tp,96,69,8.614027976989746,8.20626449584961,8.52557373046875,9.055167198181152
raw,8.0,detection_template,tp,97,67,8.560995101928711,8.133322715759277,8.478377342224121,9.004937171936035
raw,8.0,detection_template,tp,98,58,8.504650115966797,8.17149543762207,8.464056968688965,8.936717987060547
raw,8.0,detection_template,tp,99,74,8.591375350952148,8.13519287109375,8.427732467651367,9.311336517333984
raw,8.0,final_clustering,unmatched_cluster,0,275261,42.57340621948242,28.837554931640625,41.132972717285156,57.48927688598633
raw,8.0,final_clustering,unmatched_cluster,1,252808,33.48899459838867,22.891883850097656,33.12749099731445,44.325279235839844
raw,8.0,final_clustering,unmatched_cluster,2,245581,28.700584411621094,20.015209197998047,28.423063278198242,37.5333251953125
raw,8.0,final_clustering,unmatched_cluster,3,241650,25.516164779663086,17.99347496032715,24.899364471435547,33.649681091308594
raw,8.0,final_clustering,unmatched_cluster,4,238716,23.14525604248047,16.613628387451172,22.48139190673828,30.59103775024414
raw,8.0,final_clustering,unmatched_cluster,5,235608,21.301218032836914,15.613651275634766,20.74234390258789,27.841964721679688
raw,8.0,final_clustering,unmatched_cluster,6,233255,19.822368621826172,14.866694450378418,19.271284103393555,25.527727127075195
raw,8.0,final_clustering,unmatched_cluster,7,231511,18.624963760375977,14.284585952758789,18.038209915161133,23.650800704956055
raw,8.0,final_clustering,unmatched_cluster,8,229520,17.633541107177734,13.823542594909668,17.021453857421875,22.216670989990234
raw,8.0,final_clustering,unmatched_cluster,9,227602,16.805410385131836,13.450212478637695,16.20416259765625,20.978487014770508
raw,8.0,final_clustering,unmatched_cluster,10,226273,16.092422485351562,13.126165390014648,15.515115737915039,19.88782501220703
raw,8.0,final_clustering,unmatched_cluster,11,224758,15.495667457580566,12.843928337097168,14.96133804321289,18.916545867919922
raw,8.0,final_clustering,unmatched_cluster,12,223808,14.977755546569824,12.59625244140625,14.497465133666992,18.017547607421875
raw,8.0,final_clustering,unmatched_cluster,13,222702,14.531861305236816,12.380281448364258,14.097445487976074,17.24103546142578
raw,8.0,final_clustering,unmatched_cluster,14,222052,14.14030933380127,12.186662673950195,13.759143829345703,16.574037551879883
raw,8.0,final_clustering,unmatched_cluster,15,221488,13.797420501708984,12.010039329528809,13.456787109375,15.98640251159668
raw,8.0,final_clustering,unmatched_cluster,16,221201,13.4961576461792,11.849024772644043,13.192622184753418,15.480110168457031
raw,8.0,final_clustering,unmatched_cluster,17,220450,13.229314804077148,11.6990385055542,12.958675384521484,15.05463695526123
raw,8.0,final_clustering,unmatched_cluster,18,219895,12.985776901245117,11.55829906463623,12.740814208984375,14.671674728393555
raw,8.0,final_clustering,unmatched_cluster,19,219639,12.769100189208984,11.428971290588379,12.549059867858887,14.332869529724121
raw,8.0,final_clustering,unmatched_cluster,20,219343,12.573498725891113,11.311814308166504,12.37392807006836,14.02938461303711
raw,8.0,final_clustering,unmatched_cluster,21,219213,12.392413139343262,11.19974136352539,12.211441993713379,13.759761810302734
raw,8.0,final_clustering,unmatched_cluster,22,218712,12.228039741516113,11.093826293945312,12.062055587768555,13.515417098999023
raw,8.0,final_clustering,unmatched_cluster,23,218050,12.075884819030762,10.994194984436035,11.924386978149414,13.298932075500488
raw,8.0,final_clustering,unmatched_cluster,24,217994,11.935904502868652,10.903887748718262,11.794282913208008,13.097822189331055
raw,8.0,final_clustering,unmatched_cluster,25,217974,11.803743362426758,10.811957359313965,11.6722412109375,12.913390159606934
raw,8.0,final_clustering,unmatched_cluster,26,217841,11.678838729858398,10.72721004486084,11.554658889770508,12.742818832397461
raw,8.0,final_clustering,unmatched_cluster,27,218025,11.563125610351562,10.64342212677002,11.446354866027832,12.589898109436035
raw,8.0,final_clustering,unmatched_cluster,28,217834,11.454943656921387,10.565065383911133,11.346391677856445,12.44144344329834
raw,8.0,final_clustering,unmatched_cluster,29,217364,11.349934577941895,10.491488456726074,11.247032165527344,12.299980163574219
raw,8.0,final_clustering,unmatched_cluster,30,217649,11.253119468688965,10.419543266296387,11.15777587890625,12.171894073486328
raw,8.0,final_clustering,unmatched_cluster,31,217280,11.159051895141602,10.34804630279541,11.066682815551758,12.046707153320312
raw,8.0,final_clustering,unmatched_cluster,32,217623,11.068598747253418,10.278718948364258,10.982100486755371,11.929401397705078
raw,8.0,final_clustering,unmatched_cluster,33,217216,10.983915328979492,10.216423988342285,10.90188217163086,11.818473815917969
raw,8.0,final_clustering,unmatched_cluster,34,217085,10.903300285339355,10.155029296875,10.822080612182617,11.718562126159668
raw,8.0,final_clustering,unmatched_cluster,35,217227,10.82615852355957,10.094866752624512,10.750675201416016,11.62414264678955
raw,8.0,final_clustering,unmatched_cluster,36,216959,10.752887725830078,10.037491798400879,10.677143096923828,11.530935287475586
raw,8.0,final_clustering,unmatched_cluster,37,216620,10.681438446044922,9.980688095092773,10.609790802001953,11.443328857421875
raw,8.0,final_clustering,unmatched_cluster,38,216703,10.612781524658203,9.925668716430664,10.543928146362305,11.358774185180664
raw,8.0,final_clustering,unmatched_cluster,39,216951,10.545204162597656,9.870304107666016,10.476699829101562,11.273877143859863
raw,8.0,final_clustering,unmatched_cluster,40,216780,10.480779647827148,9.818708419799805,10.414953231811523,11.195649147033691
raw,8.0,final_clustering,unmatched_cluster,41,216692,10.418957710266113,9.768397331237793,10.35399055480957,11.122045516967773
raw,8.0,final_clustering,unmatched_cluster,42,216390,10.358840942382812,9.71921443939209,10.296263694763184,11.049010276794434
raw,8.0,final_clustering,unmatched_cluster,43,216379,10.300220489501953,9.671075820922852,10.23857307434082,10.978682518005371
raw,8.0,final_clustering,unmatched_cluster,44,216351,10.244064331054688,9.624855041503906,10.183815002441406,10.910588264465332
raw,8.0,final_clustering,unmatched_cluster,45,216057,10.18896198272705,9.578763961791992,10.130878448486328,10.844456672668457
raw,8.0,final_clustering,unmatched_cluster,46,216379,10.136346817016602,9.534649848937988,10.080122947692871,10.781270980834961
raw,8.0,final_clustering,unmatched_cluster,47,216162,10.08381175994873,9.492562294006348,10.028463363647461,10.719688415527344
raw,8.0,final_clustering,unmatched_cluster,48,216053,10.03384780883789,9.449987411499023,9.977432250976562,10.661237716674805
raw,8.0,final_clustering,unmatched_cluster,49,215924,9.984659194946289,9.407720565795898,9.929332733154297,10.60328483581543
raw,8.0,final_clustering,unmatched_cluster,50,215897,9.937594413757324,9.367058753967285,9.882081031799316,10.546989440917969
raw,8.0,final_clustering,unmatched_cluster,51,216183,9.890584945678711,9.329580307006836,9.837287902832031,10.491133689880371
raw,8.0,final_clustering,unmatched_cluster,52,216250,9.845949172973633,9.290764808654785,9.792987823486328,10.440380096435547
raw,8.0,final_clustering,unmatched_cluster,53,216237,9.800760269165039,9.251626014709473,9.748169898986816,10.386817932128906
raw,8.0,final_clustering,unmatched_cluster,54,215988,9.759239196777344,9.21588134765625,9.707138061523438,10.33852767944336
raw,8.0,final_clustering,unmatched_cluster,55,215908,9.716225624084473,9.178747177124023,9.66576862335205,10.289583206176758
raw,8.0,final_clustering,unmatched_cluster,56,215867,9.673893928527832,9.141944885253906,9.624639511108398,10.242962837219238
raw,8.0,final_clustering,unmatched_cluster,57,216267,9.633143424987793,9.107778549194336,9.584312438964844,10.194347381591797
raw,8.0,final_clustering,unmatched_cluster,58,216148,9.594602584838867,9.073941230773926,9.54533576965332,10.15206241607666
raw,8.0,final_clustering,unmatched_cluster,59,216031,9.555573463439941,9.039616584777832,9.50738525390625,10.10626220703125
raw,8.0,final_clustering,unmatched_cluster,60,215874,9.517740249633789,9.006300926208496,9.470573425292969,10.06306266784668
raw,8.0,final_clustering,unmatched_cluster,61,216026,9.480570793151855,8.973276138305664,9.433015823364258,10.020301818847656
raw,8.0,final_clustering,unmatched_cluster,62,216055,9.443493843078613,8.94011116027832,9.396029472351074,9.978836059570312
raw,8.0,final_clustering,unmatched_cluster,63,215888,9.407740592956543,8.91004753112793,9.361454010009766,9.937044143676758
raw,8.0,final_clustering,unmatched_cluster,64,215387,9.372492790222168,8.879240989685059,9.326408386230469,9.896065711975098
raw,8.0,final_clustering,unmatched_cluster,65,215401,9.338581085205078,8.84902286529541,9.292516708374023,9.85865306854248
raw,8.0,final_clustering,unmatched_cluster,66,214941,9.30557918548584,8.819595336914062,9.259300231933594,9.822088241577148
raw,8.0,final_clustering,unmatched_cluster,67,215136,9.271295547485352,8.787955284118652,9.226218223571777,9.784187316894531
raw,8.0,final_clustering,unmatched_cluster,68,214906,9.23855209350586,8.759521484375,9.193748474121094,9.746373176574707
raw,8.0,final_clustering,unmatched_cluster,69,214790,9.207805633544922,8.732510566711426,9.161991119384766,9.71248722076416
raw,8.0,final_clustering,unmatched_cluster,70,215053,9.174932479858398,8.704118728637695,9.129263877868652,9.674198150634766
raw,8.0,final_clustering,unmatched_cluster,71,215028,9.144537925720215,8.676553726196289,9.098817825317383,9.641441345214844
raw,8.0,final_clustering,unmatched_cluster,72,215200,9.113444328308105,8.648809432983398,9.067887306213379,9.606791496276855
raw,8.0,final_clustering,unmatched_cluster,73,215565,9.084159851074219,8.622206687927246,9.039321899414062,9.57351303100586
raw,8.0,final_clustering,unmatched_cluster,74,215277,9.05467414855957,8.59597396850586,9.00967788696289,9.540637016296387
raw,8.0,final_clustering,unmatched_cluster,75,214960,9.02523422241211,8.570150375366211,8.98078727722168,9.508813858032227
raw,8.0,final_clustering,unmatched_cluster,76,215145,8.996792793273926,8.544384002685547,8.952044486999512,9.476547241210938
raw,8.0,final_clustering,unmatched_cluster,77,215105,8.968832015991211,8.519279479980469,8.923813819885254,9.446627616882324
raw,8.0,final_clustering,unmatched_cluster,78,215025,8.940520286560059,8.495126724243164,8.895718574523926,9.412646293640137
raw,8.0,final_clustering,unmatched_cluster,79,214820,8.914305686950684,8.469978332519531,8.868919372558594,9.386630058288574
raw,8.0,final_clustering,unmatched_cluster,80,214674,8.887078285217285,8.446009635925293,8.841897964477539,9.355436325073242
raw,8.0,final_clustering,unmatched_cluster,81,214330,8.861494064331055,8.423046112060547,8.816761016845703,9.327665328979492
raw,8.0,final_clustering,unmatched_cluster,82,214840,8.834760665893555,8.400317192077637,8.789596557617188,9.298991203308105
raw,8.0,final_clustering,unmatched_cluster,83,214343,8.810604095458984,8.378230094909668,8.765609741210938,9.270116806030273
raw,8.0,final_clustering,unmatched_cluster,84,214237,8.784817695617676,8.355822563171387,8.74063491821289,9.240836143493652
raw,8.0,final_clustering,unmatched_cluster,85,214137,8.760981559753418,8.334281921386719,8.715141296386719,9.214876174926758
raw,8.0,final_clustering,unmatched_cluster,86,213513,8.738078117370605,8.314537048339844,8.692187309265137,9.188362121582031
raw,8.0,final_clustering,unmatched_cluster,87,212534,8.713993072509766,8.295308113098145,8.667552947998047,9.159621238708496
raw,8.0,final_clustering,unmatched_cluster,88,212216,8.691322326660156,8.275328636169434,8.643856048583984,9.13316535949707
raw,8.0,final_clustering,unmatched_cluster,89,211456,8.669684410095215,8.256765365600586,8.622151374816895,9.108927726745605
raw,8.0,final_clustering,unmatched_cluster,90,210492,8.64764404296875,8.238518714904785,8.598588943481445,9.082072257995605
raw,8.0,final_clustering,unmatched_cluster,91,209681,8.62768268585205,8.222148895263672,8.577248573303223,9.061867713928223
raw,8.0,final_clustering,unmatched_cluster,92,208461,8.607295036315918,8.207396507263184,8.555973052978516,9.037801742553711
raw,8.0,final_clustering,unmatched_cluster,93,207717,8.587531089782715,8.192121505737305,8.535067558288574,9.014259338378906
raw,8.0,final_clustering,unmatched_cluster,94,206297,8.56978988647461,8.178614616394043,8.516035079956055,8.993353843688965
raw,8.0,final_clustering,unmatched_cluster,95,204380,8.55146598815918,8.166014671325684,8.497237205505371,8.970556259155273
raw,8.0,final_clustering,unmatched_cluster,96,202765,8.532651901245117,8.154227256774902,8.47730541229248,8.947916984558105
raw,8.0,final_clustering,unmatched_cluster,97,201050,8.515825271606445,8.142597198486328,8.458802223205566,8.925801277160645
raw,8.0,final_clustering,unmatched_cluster,98,198443,8.49875259399414,8.131826400756836,8.441120147705078,8.904632568359375
raw,8.0,final_clustering,unmatched_cluster,99,195930,8.483161926269531,8.122936248779297,8.424238204956055,8.884549140930176
raw,8.0,final_clustering,fp_matched_cluster,0,2,32.902549743652344,31.635915756225586,32.902549743652344,34.16918182373047
raw,8.0,final_clustering,fp_matched_cluster,2,1,31.0096378326416,31.0096378326416,31.0096378326416,31.0096378326416
raw,8.0,final_clustering,fp_matched_cluster,4,1,26.441579818725586,26.441579818725586,26.441579818725586,26.441579818725586
raw,8.0,final_clustering,tp,0,9614,35.885093688964844,31.304630279541016,36.10551452636719,40.10319519042969
raw,8.0,final_clustering,tp,1,10636,34.683570861816406,29.737651824951172,34.94121551513672,39.14666748046875
raw,8.0,final_clustering,tp,2,7433,33.55946350097656,28.840818405151367,33.69947052001953,38.06649398803711
raw,8.0,final_clustering,tp,3,4243,32.30078887939453,27.732643127441406,32.33524703979492,36.78276062011719
raw,8.0,final_clustering,tp,4,2221,31.37898826599121,26.897306442260742,31.322460174560547,35.9859733581543
raw,8.0,final_clustering,tp,5,1028,30.326444625854492,25.900814056396484,30.12967300415039,34.91059494018555
raw,8.0,final_clustering,tp,6,489,29.40169334411621,25.204879760742188,29.270919799804688,33.85915756225586
raw,8.0,final_clustering,tp,7,201,28.86264991760254,24.93341064453125,28.629844665527344,33.22160339355469
raw,8.0,final_clustering,tp,8,95,28.222291946411133,24.791072845458984,28.254182815551758,31.429515838623047
raw,8.0,final_clustering,tp,9,47,27.373218536376953,23.094099044799805,26.772045135498047,31.584909439086914
raw,8.0,final_clustering,tp,10,24,27.8669376373291,24.490116119384766,27.654098510742188,32.50343322753906
raw,8.0,final_clustering,tp,11,7,26.455184936523438,22.442523956298828,26.259511947631836,29.63148307800293
raw,8.0,final_clustering,tp,12,5,26.974594116210938,24.757022857666016,27.104047775268555,29.145532608032227
raw,8.0,final_clustering,tp,13,2,22.616884231567383,22.00484275817871,22.616884231567383,23.228925704956055
raw,8.0,final_clustering,tp,14,1,27.897640228271484,27.897640228271484,27.897640228271484,27.897640228271484
raw,8.0,final_clustering,tp,15,1,23.951759338378906,23.951759338378906,23.951759338378906,23.951759338378906
raw,8.0,final_clustering,tp,42,1,33.845741271972656,33.845741271972656,33.845741271972656,33.845741271972656
raw,8.0,final_clustering,tp,60,1,30.734365463256836,30.734365463256836,30.734365463256836,30.734365463256836
raw,8.0,final_clustering,tp,80,1,27.239519119262695,27.239519119262695,27.239519119262695,27.239519119262695
raw,8.0,cluster_merging,unmatched_cluster,0,275261,42.57340621948242,28.837554931640625,41.132972717285156,57.48927688598633
raw,8.0,cluster_merging,unmatched_cluster,1,252808,33.48899459838867,22.891883850097656,33.12749099731445,44.325279235839844
raw,8.0,cluster_merging,unmatched_cluster,2,245581,28.700584411621094,20.015209197998047,28.423063278198242,37.5333251953125
raw,8.0,cluster_merging,unmatched_cluster,3,241650,25.516164779663086,17.99347496032715,24.899364471435547,33.649681091308594
raw,8.0,cluster_merging,unmatched_cluster,4,238716,23.14525604248047,16.613628387451172,22.48139190673828,30.59103775024414
raw,8.0,cluster_merging,unmatched_cluster,5,235608,21.301218032836914,15.613651275634766,20.74234390258789,27.841964721679688
raw,8.0,cluster_merging,unmatched_cluster,6,233255,19.822368621826172,14.866694450378418,19.271284103393555,25.527727127075195
raw,8.0,cluster_merging,unmatched_cluster,7,231511,18.624963760375977,14.284585952758789,18.038209915161133,23.650800704956055
raw,8.0,cluster_merging,unmatched_cluster,8,229520,17.633541107177734,13.823542594909668,17.021453857421875,22.216670989990234
raw,8.0,cluster_merging,unmatched_cluster,9,227602,16.805410385131836,13.450212478637695,16.20416259765625,20.978487014770508
raw,8.0,cluster_merging,unmatched_cluster,10,226273,16.092422485351562,13.126165390014648,15.515115737915039,19.88782501220703
raw,8.0,cluster_merging,unmatched_cluster,11,224758,15.495667457580566,12.843928337097168,14.96133804321289,18.916545867919922
raw,8.0,cluster_merging,unmatched_cluster,12,223808,14.977755546569824,12.59625244140625,14.497465133666992,18.017547607421875
raw,8.0,cluster_merging,unmatched_cluster,13,222702,14.531861305236816,12.380281448364258,14.097445487976074,17.24103546142578
raw,8.0,cluster_merging,unmatched_cluster,14,222052,14.14030933380127,12.186662673950195,13.759143829345703,16.574037551879883
raw,8.0,cluster_merging,unmatched_cluster,15,221488,13.797420501708984,12.010039329528809,13.456787109375,15.98640251159668
raw,8.0,cluster_merging,unmatched_cluster,16,221201,13.4961576461792,11.849024772644043,13.192622184753418,15.480110168457031
raw,8.0,cluster_merging,unmatched_cluster,17,220450,13.229314804077148,11.6990385055542,12.958675384521484,15.05463695526123
raw,8.0,cluster_merging,unmatched_cluster,18,219895,12.985776901245117,11.55829906463623,12.740814208984375,14.671674728393555
raw,8.0,cluster_merging,unmatched_cluster,19,219639,12.769100189208984,11.428971290588379,12.549059867858887,14.332869529724121
raw,8.0,cluster_merging,unmatched_cluster,20,219343,12.573498725891113,11.311814308166504,12.37392807006836,14.02938461303711
raw,8.0,cluster_merging,unmatched_cluster,21,219213,12.392413139343262,11.19974136352539,12.211441993713379,13.759761810302734
raw,8.0,cluster_merging,unmatched_cluster,22,218712,12.228039741516113,11.093826293945312,12.062055587768555,13.515417098999023
raw,8.0,cluster_merging,unmatched_cluster,23,218050,12.075884819030762,10.994194984436035,11.924386978149414,13.298932075500488
raw,8.0,cluster_merging,unmatched_cluster,24,217994,11.935904502868652,10.903887748718262,11.794282913208008,13.097822189331055
raw,8.0,cluster_merging,unmatched_cluster,25,217974,11.803743362426758,10.811957359313965,11.6722412109375,12.913390159606934
raw,8.0,cluster_merging,unmatched_cluster,26,217841,11.678838729858398,10.72721004486084,11.554658889770508,12.742818832397461
raw,8.0,cluster_merging,unmatched_cluster,27,218025,11.563125610351562,10.64342212677002,11.446354866027832,12.589898109436035
raw,8.0,cluster_merging,unmatched_cluster,28,217834,11.454943656921387,10.565065383911133,11.346391677856445,12.44144344329834
raw,8.0,cluster_merging,unmatched_cluster,29,217364,11.349934577941895,10.491488456726074,11.247032165527344,12.299980163574219
raw,8.0,cluster_merging,unmatched_cluster,30,217649,11.253119468688965,10.419543266296387,11.15777587890625,12.171894073486328
raw,8.0,cluster_merging,unmatched_cluster,31,217280,11.159051895141602,10.34804630279541,11.066682815551758,12.046707153320312
raw,8.0,cluster_merging,unmatched_cluster,32,217623,11.068598747253418,10.278718948364258,10.982100486755371,11.929401397705078
raw,8.0,cluster_merging,unmatched_cluster,33,217216,10.983915328979492,10.216423988342285,10.90188217163086,11.818473815917969
raw,8.0,cluster_merging,unmatched_cluster,34,217085,10.903300285339355,10.155029296875,10.822080612182617,11.718562126159668
raw,8.0,cluster_merging,unmatched_cluster,35,217227,10.82615852355957,10.094866752624512,10.750675201416016,11.62414264678955
raw,8.0,cluster_merging,unmatched_cluster,36,216959,10.752887725830078,10.037491798400879,10.677143096923828,11.530935287475586
raw,8.0,cluster_merging,unmatched_cluster,37,216620,10.681438446044922,9.980688095092773,10.609790802001953,11.443328857421875
raw,8.0,cluster_merging,unmatched_cluster,38,216703,10.612781524658203,9.925668716430664,10.543928146362305,11.358774185180664
raw,8.0,cluster_merging,unmatched_cluster,39,216951,10.545204162597656,9.870304107666016,10.476699829101562,11.273877143859863
raw,8.0,cluster_merging,unmatched_cluster,40,216780,10.480779647827148,9.818708419799805,10.414953231811523,11.195649147033691
raw,8.0,cluster_merging,unmatched_cluster,41,216692,10.418957710266113,9.768397331237793,10.35399055480957,11.122045516967773
raw,8.0,cluster_merging,unmatched_cluster,42,216390,10.358840942382812,9.71921443939209,10.296263694763184,11.049010276794434
raw,8.0,cluster_merging,unmatched_cluster,43,216379,10.300220489501953,9.671075820922852,10.23857307434082,10.978682518005371
raw,8.0,cluster_merging,unmatched_cluster,44,216351,10.244064331054688,9.624855041503906,10.183815002441406,10.910588264465332
raw,8.0,cluster_merging,unmatched_cluster,45,216057,10.18896198272705,9.578763961791992,10.130878448486328,10.844456672668457
raw,8.0,cluster_merging,unmatched_cluster,46,216379,10.136346817016602,9.534649848937988,10.080122947692871,10.781270980834961
raw,8.0,cluster_merging,unmatched_cluster,47,216162,10.08381175994873,9.492562294006348,10.028463363647461,10.719688415527344
raw,8.0,cluster_merging,unmatched_cluster,48,216053,10.03384780883789,9.449987411499023,9.977432250976562,10.661237716674805
raw,8.0,cluster_merging,unmatched_cluster,49,215924,9.984659194946289,9.407720565795898,9.929332733154297,10.60328483581543
raw,8.0,cluster_merging,unmatched_cluster,50,215897,9.937594413757324,9.367058753967285,9.882081031799316,10.546989440917969
raw,8.0,cluster_merging,unmatched_cluster,51,216183,9.890584945678711,9.329580307006836,9.837287902832031,10.491133689880371
raw,8.0,cluster_merging,unmatched_cluster,52,216250,9.845949172973633,9.290764808654785,9.792987823486328,10.440380096435547
raw,8.0,cluster_merging,unmatched_cluster,53,216237,9.800760269165039,9.251626014709473,9.748169898986816,10.386817932128906
raw,8.0,cluster_merging,unmatched_cluster,54,215988,9.759239196777344,9.21588134765625,9.707138061523438,10.33852767944336
raw,8.0,cluster_merging,unmatched_cluster,55,215908,9.716225624084473,9.178747177124023,9.66576862335205,10.289583206176758
raw,8.0,cluster_merging,unmatched_cluster,56,215867,9.673893928527832,9.141944885253906,9.624639511108398,10.242962837219238
raw,8.0,cluster_merging,unmatched_cluster,57,216267,9.633143424987793,9.107778549194336,9.584312438964844,10.194347381591797
raw,8.0,cluster_merging,unmatched_cluster,58,216148,9.594602584838867,9.073941230773926,9.54533576965332,10.15206241607666
raw,8.0,cluster_merging,unmatched_cluster,59,216031,9.555573463439941,9.039616584777832,9.50738525390625,10.10626220703125
raw,8.0,cluster_merging,unmatched_cluster,60,215874,9.517740249633789,9.006300926208496,9.470573425292969,10.06306266784668
raw,8.0,cluster_merging,unmatched_cluster,61,216026,9.480570793151855,8.973276138305664,9.433015823364258,10.020301818847656
raw,8.0,cluster_merging,unmatched_cluster,62,216055,9.443493843078613,8.94011116027832,9.396029472351074,9.978836059570312
raw,8.0,cluster_merging,unmatched_cluster,63,215888,9.407740592956543,8.91004753112793,9.361454010009766,9.937044143676758
raw,8.0,cluster_merging,unmatched_cluster,64,215387,9.372492790222168,8.879240989685059,9.326408386230469,9.896065711975098
raw,8.0,cluster_merging,unmatched_cluster,65,215401,9.338581085205078,8.84902286529541,9.292516708374023,9.85865306854248
raw,8.0,cluster_merging,unmatched_cluster,66,214941,9.30557918548584,8.819595336914062,9.259300231933594,9.822088241577148
raw,8.0,cluster_merging,unmatched_cluster,67,215136,9.271295547485352,8.787955284118652,9.226218223571777,9.784187316894531
raw,8.0,cluster_merging,unmatched_cluster,68,214906,9.23855209350586,8.759521484375,9.193748474121094,9.746373176574707
raw,8.0,cluster_merging,unmatched_cluster,69,214790,9.207805633544922,8.732510566711426,9.161991119384766,9.71248722076416
raw,8.0,cluster_merging,unmatched_cluster,70,215053,9.174932479858398,8.704118728637695,9.129263877868652,9.674198150634766
raw,8.0,cluster_merging,unmatched_cluster,71,215028,9.144537925720215,8.676553726196289,9.098817825317383,9.641441345214844
raw,8.0,cluster_merging,unmatched_cluster,72,215200,9.113444328308105,8.648809432983398,9.067887306213379,9.606791496276855
raw,8.0,cluster_merging,unmatched_cluster,73,215565,9.084159851074219,8.622206687927246,9.039321899414062,9.57351303100586
raw,8.0,cluster_merging,unmatched_cluster,74,215277,9.05467414855957,8.59597396850586,9.00967788696289,9.540637016296387
raw,8.0,cluster_merging,unmatched_cluster,75,214960,9.02523422241211,8.570150375366211,8.98078727722168,9.508813858032227
raw,8.0,cluster_merging,unmatched_cluster,76,215145,8.996792793273926,8.544384002685547,8.952044486999512,9.476547241210938
raw,8.0,cluster_merging,unmatched_cluster,77,215105,8.968832015991211,8.519279479980469,8.923813819885254,9.446627616882324
raw,8.0,cluster_merging,unmatched_cluster,78,215025,8.940520286560059,8.495126724243164,8.895718574523926,9.412646293640137
raw,8.0,cluster_merging,unmatched_cluster,79,214820,8.914305686950684,8.469978332519531,8.868919372558594,9.386630058288574
raw,8.0,cluster_merging,unmatched_cluster,80,214674,8.887078285217285,8.446009635925293,8.841897964477539,9.355436325073242
raw,8.0,cluster_merging,unmatched_cluster,81,214330,8.861494064331055,8.423046112060547,8.816761016845703,9.327665328979492
raw,8.0,cluster_merging,unmatched_cluster,82,214840,8.834760665893555,8.400317192077637,8.789596557617188,9.298991203308105
raw,8.0,cluster_merging,unmatched_cluster,83,214343,8.810604095458984,8.378230094909668,8.765609741210938,9.270116806030273
raw,8.0,cluster_merging,unmatched_cluster,84,214237,8.784817695617676,8.355822563171387,8.74063491821289,9.240836143493652
raw,8.0,cluster_merging,unmatched_cluster,85,214137,8.760981559753418,8.334281921386719,8.715141296386719,9.214876174926758
raw,8.0,cluster_merging,unmatched_cluster,86,213513,8.738078117370605,8.314537048339844,8.692187309265137,9.188362121582031
raw,8.0,cluster_merging,unmatched_cluster,87,212534,8.713993072509766,8.295308113098145,8.667552947998047,9.159621238708496
raw,8.0,cluster_merging,unmatched_cluster,88,212216,8.691322326660156,8.275328636169434,8.643856048583984,9.13316535949707
raw,8.0,cluster_merging,unmatched_cluster,89,211456,8.669684410095215,8.256765365600586,8.622151374816895,9.108927726745605
raw,8.0,cluster_merging,unmatched_cluster,90,210492,8.64764404296875,8.238518714904785,8.598588943481445,9.082072257995605
raw,8.0,cluster_merging,unmatched_cluster,91,209681,8.62768268585205,8.222148895263672,8.577248573303223,9.061867713928223
raw,8.0,cluster_merging,unmatched_cluster,92,208461,8.607295036315918,8.207396507263184,8.555973052978516,9.037801742553711
raw,8.0,cluster_merging,unmatched_cluster,93,207717,8.587531089782715,8.192121505737305,8.535067558288574,9.014259338378906
raw,8.0,cluster_merging,unmatched_cluster,94,206297,8.56978988647461,8.178614616394043,8.516035079956055,8.993353843688965
raw,8.0,cluster_merging,unmatched_cluster,95,204380,8.55146598815918,8.166014671325684,8.497237205505371,8.970556259155273
raw,8.0,cluster_merging,unmatched_cluster,96,202765,8.532651901245117,8.154227256774902,8.47730541229248,8.947916984558105
raw,8.0,cluster_merging,unmatched_cluster,97,201050,8.515825271606445,8.142597198486328,8.458802223205566,8.925801277160645
raw,8.0,cluster_merging,unmatched_cluster,98,198443,8.49875259399414,8.131826400756836,8.441120147705078,8.904632568359375
raw,8.0,cluster_merging,unmatched_cluster,99,195930,8.483161926269531,8.122936248779297,8.424238204956055,8.884549140930176
raw,8.0,cluster_merging,fp_matched_cluster,0,2,32.902549743652344,31.635915756225586,32.902549743652344,34.16918182373047
raw,8.0,cluster_merging,fp_matched_cluster,2,1,31.0096378326416,31.0096378326416,31.0096378326416,31.0096378326416
raw,8.0,cluster_merging,fp_matched_cluster,4,1,26.441579818725586,26.441579818725586,26.441579818725586,26.441579818725586
raw,8.0,cluster_merging,tp,0,9614,35.885093688964844,31.304630279541016,36.10551452636719,40.10319519042969
raw,8.0,cluster_merging,tp,1,10636,34.683570861816406,29.737651824951172,34.94121551513672,39.14666748046875
raw,8.0,cluster_merging,tp,2,7433,33.55946350097656,28.840818405151367,33.69947052001953,38.06649398803711
raw,8.0,cluster_merging,tp,3,4243,32.30078887939453,27.732643127441406,32.33524703979492,36.78276062011719
raw,8.0,cluster_merging,tp,4,2221,31.37898826599121,26.897306442260742,31.322460174560547,35.9859733581543
raw,8.0,cluster_merging,tp,5,1028,30.326444625854492,25.900814056396484,30.12967300415039,34.91059494018555
raw,8.0,cluster_merging,tp,6,489,29.40169334411621,25.204879760742188,29.270919799804688,33.85915756225586
raw,8.0,cluster_merging,tp,7,201,28.86264991760254,24.93341064453125,28.629844665527344,33.22160339355469
raw,8.0,cluster_merging,tp,8,95,28.222291946411133,24.791072845458984,28.254182815551758,31.429515838623047
raw,8.0,cluster_merging,tp,9,47,27.373218536376953,23.094099044799805,26.772045135498047,31.584909439086914
raw,8.0,cluster_merging,tp,10,24,27.8669376373291,24.490116119384766,27.654098510742188,32.50343322753906
raw,8.0,cluster_merging,tp,11,7,26.455184936523438,22.442523956298828,26.259511947631836,29.63148307800293
raw,8.0,cluster_merging,tp,12,5,26.974594116210938,24.757022857666016,27.104047775268555,29.145532608032227
raw,8.0,cluster_merging,tp,13,2,22.616884231567383,22.00484275817871,22.616884231567383,23.228925704956055
raw,8.0,cluster_merging,tp,14,1,27.897640228271484,27.897640228271484,27.897640228271484,27.897640228271484
raw,8.0,cluster_merging,tp,15,1,23.951759338378906,23.951759338378906,23.951759338378906,23.951759338378906
raw,8.0,cluster_merging,tp,42,1,33.845741271972656,33.845741271972656,33.845741271972656,33.845741271972656
raw,8.0,cluster_merging,tp,60,1,30.734365463256836,30.734365463256836,30.734365463256836,30.734365463256836
raw,8.0,cluster_merging,tp,80,1,27.239519119262695,27.239519119262695,27.239519119262695,27.239519119262695
raw,8.0,duplicate_removal,unmatched_cluster,0,274344,42.58808517456055,28.90775489807129,41.15760040283203,57.483856201171875
raw,8.0,duplicate_removal,unmatched_cluster,1,250952,33.532310485839844,22.9542236328125,33.17561340332031,44.352413177490234
raw,8.0,duplicate_removal,unmatched_cluster,2,242752,28.74202537536621,20.058021545410156,28.483722686767578,37.57063293457031
raw,8.0,duplicate_removal,unmatched_cluster,3,238015,25.55309295654297,18.03361701965332,24.946788787841797,33.68574142456055
raw,8.0,duplicate_removal,unmatched_cluster,4,234365,23.174625396728516,16.641054153442383,22.507266998291016,30.631254196166992
raw,8.0,duplicate_removal,unmatched_cluster,5,230610,21.32563591003418,15.635171890258789,20.7711181640625,27.881805419921875
raw,8.0,duplicate_removal,unmatched_cluster,6,227902,19.843639373779297,14.882159233093262,19.29800033569336,25.55859375
raw,8.0,duplicate_removal,unmatched_cluster,7,225800,18.6435604095459,14.295087814331055,18.06822967529297,23.672788619995117
raw,8.0,duplicate_removal,unmatched_cluster,8,223469,17.648143768310547,13.832817077636719,17.042024612426758,22.2365665435791
raw,8.0,duplicate_removal,unmatched_cluster,9,221313,16.81685447692871,13.454771041870117,16.220911026000977,20.9996337890625
raw,8.0,duplicate_removal,unmatched_cluster,10,219660,16.102256774902344,13.132359504699707,15.529823303222656,19.908132553100586
raw,8.0,duplicate_removal,unmatched_cluster,11,217814,15.503073692321777,12.847013473510742,14.971269607543945,18.936843872070312
raw,8.0,duplicate_removal,unmatched_cluster,12,216772,14.9840087890625,12.598539352416992,14.505267143249512,18.03646469116211
raw,8.0,duplicate_removal,unmatched_cluster,13,215457,14.535733222961426,12.38074016571045,14.104650497436523,17.25625991821289
raw,8.0,duplicate_removal,unmatched_cluster,14,214649,14.143627166748047,12.18879222869873,13.76462173461914,16.587268829345703
raw,8.0,duplicate_removal,unmatched_cluster,15,214269,13.797893524169922,12.010058403015137,13.458463668823242,15.997467041015625
raw,8.0,duplicate_removal,unmatched_cluster,16,213866,13.496072769165039,11.849472045898438,13.194826126098633,15.485357284545898
raw,8.0,duplicate_removal,unmatched_cluster,17,213124,13.228137016296387,11.699235916137695,12.960040092468262,15.05825138092041
raw,8.0,duplicate_removal,unmatched_cluster,18,212608,12.984217643737793,11.55826187133789,12.741579055786133,14.673202514648438
raw,8.0,duplicate_removal,unmatched_cluster,19,212331,12.766777038574219,11.429190635681152,12.549917221069336,14.332233428955078
raw,8.0,duplicate_removal,unmatched_cluster,20,211990,12.570859909057617,11.310784339904785,12.37309741973877,14.028489112854004
raw,8.0,duplicate_removal,unmatched_cluster,21,211995,12.389376640319824,11.199031829833984,12.211081504821777,13.759112358093262
raw,8.0,duplicate_removal,unmatched_cluster,22,211489,12.224464416503906,11.093649864196777,12.06097412109375,13.514528274536133
raw,8.0,duplicate_removal,unmatched_cluster,23,210849,12.07303524017334,10.993725776672363,11.92455005645752,13.298338890075684
raw,8.0,duplicate_removal,unmatched_cluster,24,210713,11.932448387145996,10.903780937194824,11.79382038116455,13.096009254455566
raw,8.0,duplicate_removal,unmatched_cluster,25,210876,11.799850463867188,10.811078071594238,11.671384811401367,12.910247802734375
raw,8.0,duplicate_removal,unmatched_cluster,26,210642,11.675200462341309,10.72705364227295,11.553987503051758,12.740865707397461
raw,8.0,duplicate_removal,unmatched_cluster,27,210796,11.560195922851562,10.64322280883789,11.445505142211914,12.586833953857422
raw,8.0,duplicate_removal,unmatched_cluster,28,210621,11.451944351196289,10.565074920654297,11.346232414245605,12.439041137695312
raw,8.0,duplicate_removal,unmatched_cluster,29,210410,11.347485542297363,10.491222381591797,11.24667739868164,12.299527168273926
raw,8.0,duplicate_removal,unmatched_cluster,30,210568,11.250054359436035,10.41951847076416,11.157424926757812,12.169540405273438
raw,8.0,duplicate_removal,unmatched_cluster,31,210421,11.156381607055664,10.348121643066406,11.065701484680176,12.044441223144531
raw,8.0,duplicate_removal,unmatched_cluster,32,210531,11.065937042236328,10.279004096984863,10.981931686401367,11.927299499511719
raw,8.0,duplicate_removal,unmatched_cluster,33,210052,10.981451988220215,10.215787887573242,10.901618957519531,11.817057609558105
raw,8.0,duplicate_removal,unmatched_cluster,34,210212,10.900635719299316,10.154607772827148,10.821701049804688,11.716657638549805
raw,8.0,duplicate_removal,unmatched_cluster,35,210362,10.823224067687988,10.094260215759277,10.750240325927734,11.620320320129395
raw,8.0,duplicate_removal,unmatched_cluster,36,209998,10.750657081604004,10.037127494812012,10.676531791687012,11.528212547302246
raw,8.0,duplicate_removal,unmatched_cluster,37,209836,10.679466247558594,9.980123519897461,10.60936164855957,11.441482543945312
raw,8.0,duplicate_removal,unmatched_cluster,38,209837,10.610118865966797,9.925869941711426,10.54343318939209,11.355780601501465
raw,8.0,duplicate_removal,unmatched_cluster,39,209961,10.542384147644043,9.870264053344727,10.476540565490723,11.271858215332031
raw,8.0,duplicate_removal,unmatched_cluster,40,209790,10.477432250976562,9.818253517150879,10.414453506469727,11.191679954528809
raw,8.0,duplicate_removal,unmatched_cluster,41,209791,10.416776657104492,9.767784118652344,10.353438377380371,11.119477272033691
raw,8.0,duplicate_removal,unmatched_cluster,42,209582,10.356648445129395,9.718758583068848,10.29592514038086,11.046792030334473
raw,8.0,duplicate_removal,unmatched_cluster,43,209512,10.298218727111816,9.671201705932617,10.238122940063477,10.977027893066406
raw,8.0,duplicate_removal,unmatched_cluster,44,209485,10.241464614868164,9.624826431274414,10.183331489562988,10.907766342163086
raw,8.0,duplicate_removal,unmatched_cluster,45,209186,10.186487197875977,9.578365325927734,10.130277633666992,10.84199333190918
raw,8.0,duplicate_removal,unmatched_cluster,46,209466,10.133508682250977,9.534294128417969,10.079444885253906,10.779073715209961
raw,8.0,duplicate_removal,unmatched_cluster,47,209384,10.081696510314941,9.492796897888184,10.028034210205078,10.71654987335205
raw,8.0,duplicate_removal,unmatched_cluster,48,209200,10.031168937683105,9.449628829956055,9.976702690124512,10.658744812011719
raw,8.0,duplicate_removal,unmatched_cluster,49,209050,9.981656074523926,9.407094955444336,9.929061889648438,10.599759101867676
raw,8.0,duplicate_removal,unmatched_cluster,50,209125,9.935240745544434,9.366409301757812,9.881709098815918,10.544215202331543
raw,8.0,duplicate_removal,unmatched_cluster,51,209455,9.888202667236328,9.329498291015625,9.83670711517334,10.488347053527832
raw,8.0,duplicate_removal,unmatched_cluster,52,209236,9.843391418457031,9.290462493896484,9.79253101348877,10.43769645690918
raw,8.0,duplicate_removal,unmatched_cluster,53,209429,9.79913330078125,9.251595497131348,9.747831344604492,10.384894371032715
raw,8.0,duplicate_removal,unmatched_cluster,54,209106,9.756989479064941,9.215574264526367,9.7062406539917,10.337218284606934
raw,8.0,duplicate_removal,unmatched_cluster,55,208966,9.714590072631836,9.178813934326172,9.665663719177246,10.287378311157227
raw,8.0,duplicate_removal,unmatched_cluster,56,208879,9.67160415649414,9.14182186126709,9.624337196350098,10.239952087402344
raw,8.0,duplicate_removal,unmatched_cluster,57,209300,9.63084888458252,9.107986450195312,9.584019660949707,10.191900253295898
raw,8.0,duplicate_removal,unmatched_cluster,58,209134,9.592775344848633,9.074079513549805,9.544988632202148,10.149589538574219
raw,8.0,duplicate_removal,unmatched_cluster,59,209138,9.553373336791992,9.039576530456543,9.506928443908691,10.103801727294922
raw,8.0,duplicate_removal,unmatched_cluster,60,208905,9.515497207641602,9.006157875061035,9.47018814086914,10.06052303314209
raw,8.0,duplicate_removal,unmatched_cluster,61,209073,9.478436470031738,8.972981452941895,9.432376861572266,10.01834487915039
raw,8.0,duplicate_removal,unmatched_cluster,62,208995,9.441262245178223,8.940062522888184,9.39583683013916,9.976067543029785
raw,8.0,duplicate_removal,unmatched_cluster,63,208969,9.405171394348145,8.909719467163086,9.360940933227539,9.933956146240234
raw,8.0,duplicate_removal,unmatched_cluster,64,208428,9.369733810424805,8.878824234008789,9.325740814208984,9.8930082321167
raw,8.0,duplicate_removal,unmatched_cluster,65,208169,9.336791038513184,8.849119186401367,9.292317390441895,9.856884956359863
raw,8.0,duplicate_removal,unmatched_cluster,66,207713,9.302857398986816,8.819459915161133,9.258914947509766,9.819229125976562
raw,8.0,duplicate_removal,unmatched_cluster,67,208079,9.269083023071289,8.787956237792969,9.225951194763184,9.780879020690918
raw,8.0,duplicate_removal,unmatched_cluster,68,207744,9.236289978027344,8.759123802185059,9.19312572479248,9.743661880493164
raw,8.0,duplicate_removal,unmatched_cluster,69,207680,9.205272674560547,8.731993675231934,9.161434173583984,9.709575653076172
raw,8.0,duplicate_removal,unmatched_cluster,70,207953,9.172467231750488,8.703775405883789,9.128265380859375,9.670881271362305
raw,8.0,duplicate_removal,unmatched_cluster,71,207850,9.142580032348633,8.676403045654297,9.098529815673828,9.638039588928223
raw,8.0,duplicate_removal,unmatched_cluster,72,207864,9.111218452453613,8.64899730682373,9.067329406738281,9.603315353393555
raw,8.0,duplicate_removal,unmatched_cluster,73,208222,9.081618309020996,8.622087478637695,9.038824081420898,9.570466995239258
raw,8.0,duplicate_removal,unmatched_cluster,74,208063,9.052247047424316,8.59609317779541,9.008891105651855,9.53737735748291
raw,8.0,duplicate_removal,unmatched_cluster,75,207620,9.022859573364258,8.569896697998047,8.980064392089844,9.505847930908203
raw,8.0,duplicate_removal,unmatched_cluster,76,207861,8.994488716125488,8.544020652770996,8.95163631439209,9.473429679870605
raw,8.0,duplicate_removal,unmatched_cluster,77,207860,8.966382026672363,8.518845558166504,8.923223495483398,9.443408012390137
raw,8.0,duplicate_removal,unmatched_cluster,78,207755,8.938017845153809,8.494933128356934,8.895038604736328,9.409830093383789
raw,8.0,duplicate_removal,unmatched_cluster,79,207524,8.911530494689941,8.469980239868164,8.86845588684082,9.38339614868164
raw,8.0,duplicate_removal,unmatched_cluster,80,207112,8.884897232055664,8.446163177490234,8.841493606567383,9.352592468261719
raw,8.0,duplicate_removal,unmatched_cluster,81,206921,8.859305381774902,8.42298698425293,8.816359519958496,9.324075698852539
raw,8.0,duplicate_removal,unmatched_cluster,82,207236,8.83255386352539,8.400630950927734,8.789236068725586,9.29578971862793
raw,8.0,duplicate_removal,unmatched_cluster,83,206890,8.808330535888672,8.378389358520508,8.765104293823242,9.266347885131836
raw,8.0,duplicate_removal,unmatched_cluster,84,206818,8.782819747924805,8.355659484863281,8.74034309387207,9.23804759979248
raw,8.0,duplicate_removal,unmatched_cluster,85,206566,8.757904052734375,8.334125518798828,8.71434211730957,9.210636138916016
raw,8.0,duplicate_removal,unmatched_cluster,86,205789,8.736068725585938,8.314228057861328,8.691919326782227,9.184762954711914
raw,8.0,duplicate_removal,unmatched_cluster,87,205067,8.712080955505371,8.295698165893555,8.66722583770752,9.156525611877441
raw,8.0,duplicate_removal,unmatched_cluster,88,204701,8.688640594482422,8.275176048278809,8.643180847167969,9.129754066467285
raw,8.0,duplicate_removal,unmatched_cluster,89,203759,8.66782283782959,8.257013320922852,8.621685981750488,9.105850219726562
raw,8.0,duplicate_removal,unmatched_cluster,90,202754,8.64518928527832,8.2384672164917,8.598091125488281,9.07797622680664
raw,8.0,duplicate_removal,unmatched_cluster,91,202064,8.625251770019531,8.222099304199219,8.57650375366211,9.058484077453613
raw,8.0,duplicate_removal,unmatched_cluster,92,200860,8.604945182800293,8.207287788391113,8.555545806884766,9.033202171325684
raw,8.0,duplicate_removal,unmatched_cluster,93,200180,8.585387229919434,8.192031860351562,8.534324645996094,9.00992202758789
raw,8.0,duplicate_removal,unmatched_cluster,94,198732,8.567476272583008,8.178356170654297,8.515429496765137,8.989564895629883
raw,8.0,duplicate_removal,unmatched_cluster,95,196814,8.549162864685059,8.1657075881958,8.496786117553711,8.96674919128418
raw,8.0,duplicate_removal,unmatched_cluster,96,195389,8.530288696289062,8.154338836669922,8.47671890258789,8.944817543029785
raw,8.0,duplicate_removal,unmatched_cluster,97,193532,8.512846946716309,8.142337799072266,8.458255767822266,8.921995162963867
raw,8.0,duplicate_removal,unmatched_cluster,98,191062,8.496223449707031,8.13174057006836,8.440649032592773,8.900552749633789
raw,8.0,duplicate_removal,unmatched_cluster,99,189290,8.480494499206543,8.122594833374023,8.423240661621094,8.880084037780762
raw,8.0,duplicate_removal,tp,0,9613,35.88587951660156,31.307477951049805,36.106048583984375,40.10320281982422
raw,8.0,duplicate_removal,tp,1,10636,34.683570861816406,29.737651824951172,34.94121551513672,39.14666748046875
raw,8.0,duplicate_removal,tp,2,7434,33.559120178222656,28.840972900390625,33.69939041137695,38.066444396972656
raw,8.0,duplicate_removal,tp,3,4243,32.30078887939453,27.732643127441406,32.33524703979492,36.78276062011719
raw,8.0,duplicate_removal,tp,4,2221,31.3767032623291,26.890073776245117,31.320716857910156,35.9859733581543
raw,8.0,duplicate_removal,tp,5,1028,30.326444625854492,25.900814056396484,30.12967300415039,34.91059494018555
raw,8.0,duplicate_removal,tp,6,489,29.40169334411621,25.204879760742188,29.270919799804688,33.85915756225586
raw,8.0,duplicate_removal,tp,7,201,28.86264991760254,24.93341064453125,28.629844665527344,33.22160339355469
raw,8.0,duplicate_removal,tp,8,95,28.222291946411133,24.791072845458984,28.254182815551758,31.429515838623047
raw,8.0,duplicate_removal,tp,9,47,27.373218536376953,23.094099044799805,26.772045135498047,31.584909439086914
raw,8.0,duplicate_removal,tp,10,24,27.8669376373291,24.490116119384766,27.654098510742188,32.50343322753906
raw,8.0,duplicate_removal,tp,11,7,26.455184936523438,22.442523956298828,26.259511947631836,29.63148307800293
raw,8.0,duplicate_removal,tp,12,5,26.974594116210938,24.757022857666016,27.104047775268555,29.145532608032227
raw,8.0,duplicate_removal,tp,13,2,22.616884231567383,22.00484275817871,22.616884231567383,23.228925704956055
raw,8.0,duplicate_removal,tp,14,1,27.897640228271484,27.897640228271484,27.897640228271484,27.897640228271484
raw,8.0,duplicate_removal,tp,15,1,23.951759338378906,23.951759338378906,23.951759338378906,23.951759338378906
raw,8.0,duplicate_removal,tp,42,1,33.845741271972656,33.845741271972656,33.845741271972656,33.845741271972656
raw,8.0,duplicate_removal,tp,60,1,30.734365463256836,30.734365463256836,30.734365463256836,30.734365463256836
raw,8.0,duplicate_removal,tp,80,1,27.239519119262695,27.239519119262695,27.239519119262695,27.239519119262695
raw,8.0,duplicate_removal,removed_by_dedup,0,920,38.1575927734375,21.4352970123291,30.254566192626953,65.0403823852539
raw,8.0,duplicate_removal,removed_by_dedup,1,1856,27.633079528808594,18.77035140991211,25.579130172729492,36.47444152832031
raw,8.0,duplicate_removal,removed_by_dedup,2,2829,25.144804000854492,17.39468765258789,24.307371139526367,32.08606719970703
raw,8.0,duplicate_removal,removed_by_dedup,3,3635,23.098068237304688,16.275951385498047,22.445756912231445,29.68084144592285
raw,8.0,duplicate_removal,removed_by_dedup,4,4352,21.565685272216797,15.572347640991211,20.844039916992188,27.819259643554688
raw,8.0,duplicate_removal,removed_by_dedup,5,4998,20.174522399902344,14.933067321777344,19.2593936920166,25.94683265686035
raw,8.0,duplicate_removal,removed_by_dedup,6,5353,18.916744232177734,14.269457817077637,17.942968368530273,24.214107513427734
raw,8.0,duplicate_removal,removed_by_dedup,7,5711,17.88968849182129,13.91804027557373,16.980438232421875,22.654146194458008
raw,8.0,duplicate_removal,removed_by_dedup,8,6051,17.09423065185547,13.55652904510498,16.288097381591797,21.245624542236328
raw,8.0,duplicate_removal,removed_by_dedup,9,6289,16.402660369873047,13.298649787902832,15.67048454284668,20.064477920532227
raw,8.0,duplicate_removal,removed_by_dedup,10,6613,15.765762329101562,12.962285041809082,15.080183029174805,19.078367233276367
raw,8.0,duplicate_removal,removed_by_dedup,11,6944,15.263360023498535,12.74341106414795,14.654351234436035,18.156940460205078
raw,8.0,duplicate_removal,removed_by_dedup,12,7036,14.785124778747559,12.533500671386719,14.288679122924805,17.39772605895996
raw,8.0,duplicate_removal,removed_by_dedup,13,7245,14.416716575622559,12.370063781738281,13.916224479675293,16.747329711914062
raw,8.0,duplicate_removal,removed_by_dedup,14,7403,14.044149398803711,12.133848190307617,13.598799705505371,16.17787742614746
raw,8.0,duplicate_removal,removed_by_dedup,15,7219,13.7833890914917,12.009501457214355,13.412359237670898,15.676167488098145
raw,8.0,duplicate_removal,removed_by_dedup,16,7335,13.498621940612793,11.82845687866211,13.136720657348633,15.305845260620117
raw,8.0,duplicate_removal,removed_by_dedup,17,7326,13.263577461242676,11.692461013793945,12.921077728271484,14.97022819519043
raw,8.0,duplicate_removal,removed_by_dedup,18,7287,13.031311988830566,11.563328742980957,12.723737716674805,14.640326499938965
raw,8.0,duplicate_removal,removed_by_dedup,19,7308,12.836649894714355,11.424591064453125,12.524309158325195,14.348672866821289
raw,8.0,duplicate_removal,removed_by_dedup,20,7353,12.649575233459473,11.336215019226074,12.400721549987793,14.051098823547363
raw,8.0,duplicate_removal,removed_by_dedup,21,7218,12.48155689239502,11.218299865722656,12.222196578979492,13.766097068786621
raw,8.0,duplicate_removal,removed_by_dedup,22,7223,12.332704544067383,11.100756645202637,12.092982292175293,13.545636177062988
raw,8.0,duplicate_removal,removed_by_dedup,23,7201,12.159331321716309,11.013132095336914,11.915889739990234,13.32211971282959
raw,8.0,duplicate_removal,removed_by_dedup,24,7281,12.035942077636719,10.906417846679688,11.814751625061035,13.145328521728516
raw,8.0,duplicate_removal,removed_by_dedup,25,7098,11.919404029846191,10.837030410766602,11.703008651733398,12.993921279907227
raw,8.0,duplicate_removal,removed_by_dedup,26,7199,11.785324096679688,10.735127449035645,11.57402229309082,12.797612190246582
raw,8.0,duplicate_removal,removed_by_dedup,27,7229,11.64856243133545,10.651256561279297,11.471558570861816,12.668680191040039
raw,8.0,duplicate_removal,removed_by_dedup,28,7213,11.542548179626465,10.56470012664795,11.350919723510742,12.52214241027832
raw,8.0,duplicate_removal,removed_by_dedup,29,6954,11.424052238464355,10.495076179504395,11.256568908691406,12.310203552246094
raw,8.0,duplicate_removal,removed_by_dedup,30,7081,11.344261169433594,10.423221588134766,11.173185348510742,12.244765281677246
raw,8.0,duplicate_removal,removed_by_dedup,31,6859,11.240968704223633,10.345712661743164,11.094823837280273,12.121350288391113
raw,8.0,duplicate_removal,removed_by_dedup,32,7092,11.147615432739258,10.268455505371094,10.986830711364746,12.007330894470215
raw,8.0,duplicate_removal,removed_by_dedup,33,7164,11.056120872497559,10.22899341583252,10.909482955932617,11.856701850891113
raw,8.0,duplicate_removal,removed_by_dedup,34,6873,10.984759330749512,10.170257568359375,10.835460662841797,11.786322593688965
raw,8.0,duplicate_removal,removed_by_dedup,35,6865,10.916116714477539,10.116311073303223,10.768685340881348,11.725203514099121
raw,8.0,duplicate_removal,removed_by_dedup,36,6961,10.820208549499512,10.047677993774414,10.69169807434082,11.594355583190918
raw,8.0,duplicate_removal,removed_by_dedup,37,6784,10.742477416992188,10.001019477844238,10.624256134033203,11.499458312988281
raw,8.0,duplicate_removal,removed_by_dedup,38,6866,10.694131851196289,9.921083450317383,10.56162166595459,11.45413589477539
raw,8.0,duplicate_removal,removed_by_dedup,39,6990,10.629901885986328,9.87216854095459,10.482989311218262,11.343280792236328
raw,8.0,duplicate_removal,removed_by_dedup,40,6990,10.581295013427734,9.833285331726074,10.430082321166992,11.328485488891602
raw,8.0,duplicate_removal,removed_by_dedup,41,6901,10.485228538513184,9.7879056930542,10.371893882751465,11.192757606506348
raw,8.0,duplicate_removal,removed_by_dedup,42,6808,10.42634391784668,9.735380172729492,10.307098388671875,11.127517700195312
raw,8.0,duplicate_removal,removed_by_dedup,43,6867,10.361302375793457,9.668213844299316,10.254680633544922,11.021430015563965
raw,8.0,duplicate_removal,removed_by_dedup,44,6866,10.323365211486816,9.627239227294922,10.195158004760742,11.020702362060547
raw,8.0,duplicate_removal,removed_by_dedup,45,6871,10.264345169067383,9.591020584106445,10.152606010437012,10.92337703704834
raw,8.0,duplicate_removal,removed_by_dedup,46,6913,10.222317695617676,9.544068336486816,10.09709644317627,10.865214347839355
raw,8.0,duplicate_removal,removed_by_dedup,47,6778,10.14918327331543,9.486076354980469,10.040643692016602,10.820329666137695
raw,8.0,duplicate_removal,removed_by_dedup,48,6853,10.115649223327637,9.46097183227539,10.000041961669922,10.753003120422363
raw,8.0,duplicate_removal,removed_by_dedup,49,6874,10.075990676879883,9.425874710083008,9.937156677246094,10.711934089660645
raw,8.0,duplicate_removal,removed_by_dedup,50,6772,10.010260581970215,9.38597583770752,9.893318176269531,10.641178131103516
raw,8.0,duplicate_removal,removed_by_dedup,51,6728,9.964741706848145,9.332908630371094,9.855448722839355,10.59448528289795
raw,8.0,duplicate_removal,removed_by_dedup,52,7014,9.92227840423584,9.299097061157227,9.808603286743164,10.522780418395996
raw,8.0,duplicate_removal,removed_by_dedup,53,6808,9.85083293914795,9.253175735473633,9.75725269317627,10.438538551330566
raw,8.0,duplicate_removal,removed_by_dedup,54,6882,9.827582359313965,9.225332260131836,9.734617233276367,10.391881942749023
raw,8.0,duplicate_removal,removed_by_dedup,55,6942,9.765430450439453,9.177058219909668,9.670812606811523,10.37324047088623
raw,8.0,duplicate_removal,removed_by_dedup,56,6988,9.742331504821777,9.147411346435547,9.634574890136719,10.341853141784668
raw,8.0,duplicate_removal,removed_by_dedup,57,6967,9.7020845413208,9.104823112487793,9.593915939331055,10.279250144958496
raw,8.0,duplicate_removal,removed_by_dedup,58,7014,9.649093627929688,9.066872596740723,9.558050155639648,10.226827621459961
raw,8.0,duplicate_removal,removed_by_dedup,59,6893,9.62232780456543,9.040375709533691,9.518521308898926,10.182498931884766
raw,8.0,duplicate_removal,removed_by_dedup,60,6969,9.584999084472656,9.010235786437988,9.482860565185547,10.165154457092285
raw,8.0,duplicate_removal,removed_by_dedup,61,6953,9.544739723205566,8.9811429977417,9.453132629394531,10.090289115905762
raw,8.0,duplicate_removal,removed_by_dedup,62,7060,9.509560585021973,8.942723274230957,9.402860641479492,10.067447662353516
raw,8.0,duplicate_removal,removed_by_dedup,63,6919,9.485349655151367,8.918397903442383,9.377190589904785,10.03107738494873
raw,8.0,duplicate_removal,removed_by_dedup,64,6959,9.455129623413086,8.889567375183105,9.350394248962402,10.012946128845215
raw,8.0,duplicate_removal,removed_by_dedup,65,7232,9.39012336730957,8.845508575439453,9.29941177368164,9.933667182922363
raw,8.0,duplicate_removal,removed_by_dedup,66,7228,9.383795738220215,8.8214111328125,9.272089004516602,9.92184829711914
raw,8.0,duplicate_removal,removed_by_dedup,67,7057,9.336557388305664,8.78796672821045,9.236284255981445,9.89052963256836
raw,8.0,duplicate_removal,removed_by_dedup,68,7162,9.304180145263672,8.772857666015625,9.211343765258789,9.84002685546875
raw,8.0,duplicate_removal,removed_by_dedup,69,7110,9.281801223754883,8.74781322479248,9.17678451538086,9.80565071105957
raw,8.0,duplicate_removal,removed_by_dedup,70,7100,9.247121810913086,8.715232849121094,9.16316032409668,9.784672737121582
raw,8.0,duplicate_removal,removed_by_dedup,71,7178,9.20123291015625,8.681297302246094,9.107388496398926,9.74412727355957
raw,8.0,duplicate_removal,removed_by_dedup,72,7336,9.176509857177734,8.641820907592773,9.086202621459961,9.72183609008789
raw,8.0,duplicate_removal,removed_by_dedup,73,7343,9.156201362609863,8.624532699584961,9.055484771728516,9.675936698913574
raw,8.0,duplicate_removal,removed_by_dedup,74,7214,9.124698638916016,8.590805053710938,9.029851913452148,9.633687973022461
raw,8.0,duplicate_removal,removed_by_dedup,75,7340,9.092392921447754,8.576814651489258,9.003434181213379,9.600693702697754
raw,8.0,duplicate_removal,removed_by_dedup,76,7284,9.062549591064453,8.553129196166992,8.963335037231445,9.58998966217041
raw,8.0,duplicate_removal,removed_by_dedup,77,7245,9.039107322692871,8.530192375183105,8.944561004638672,9.550159454345703
raw,8.0,duplicate_removal,removed_by_dedup,78,7270,9.012044906616211,8.498778343200684,8.916131973266602,9.516227722167969
raw,8.0,duplicate_removal,removed_by_dedup,79,7296,8.993218421936035,8.470358848571777,8.884737014770508,9.5020751953125
raw,8.0,duplicate_removal,removed_by_dedup,80,7562,8.9468355178833,8.441325187683105,8.855487823486328,9.449049949645996
raw,8.0,duplicate_removal,removed_by_dedup,81,7409,8.922650337219238,8.426365852355957,8.829514503479004,9.445945739746094
raw,8.0,duplicate_removal,removed_by_dedup,82,7604,8.894913673400879,8.39103889465332,8.801628112792969,9.407426834106445
raw,8.0,duplicate_removal,removed_by_dedup,83,7453,8.8737211227417,8.372736930847168,8.782984733581543,9.38521957397461
raw,8.0,duplicate_removal,removed_by_dedup,84,7419,8.840511322021484,8.360098838806152,8.746665000915527,9.341766357421875
raw,8.0,duplicate_removal,removed_by_dedup,85,7571,8.844947814941406,8.33843994140625,8.737347602844238,9.342041015625
raw,8.0,duplicate_removal,removed_by_dedup,86,7724,8.791597366333008,8.323163032531738,8.701984405517578,9.294967651367188
raw,8.0,duplicate_removal,removed_by_dedup,87,7467,8.766505241394043,8.283587455749512,8.678200721740723,9.26628303527832
raw,8.0,duplicate_removal,removed_by_dedup,88,7515,8.764379501342773,8.281431198120117,8.662494659423828,9.235095977783203
raw,8.0,duplicate_removal,removed_by_dedup,89,7697,8.718961715698242,8.24785041809082,8.636149406433105,9.207684516906738
raw,8.0,duplicate_removal,removed_by_dedup,90,7738,8.71195125579834,8.23965072631836,8.60952377319336,9.2011137008667
raw,8.0,duplicate_removal,removed_by_dedup,91,7617,8.69216251373291,8.224727630615234,8.597823143005371,9.172358512878418
raw,8.0,duplicate_removal,removed_by_dedup,92,7601,8.6693754196167,8.21096420288086,8.571825981140137,9.157452583312988
raw,8.0,duplicate_removal,removed_by_dedup,93,7537,8.64448070526123,8.194336891174316,8.559207916259766,9.127579689025879
raw,8.0,duplicate_removal,removed_by_dedup,94,7565,8.630586624145508,8.18605899810791,8.535720825195312,9.108049392700195
raw,8.0,duplicate_removal,removed_by_dedup,95,7566,8.611393928527832,8.173511505126953,8.511600494384766,9.099398612976074
raw,8.0,duplicate_removal,removed_by_dedup,96,7376,8.59526538848877,8.152315139770508,8.491310119628906,9.060277938842773
raw,8.0,duplicate_removal,removed_by_dedup,97,7518,8.592497825622559,8.1483736038208,8.475404739379883,9.050572395324707
raw,8.0,duplicate_removal,removed_by_dedup,98,7381,8.564191818237305,8.133965492248535,8.454255104064941,9.024909973144531
raw,8.0,duplicate_removal,removed_by_dedup,99,6640,8.559220314025879,8.133255004882812,8.452482223510742,9.026313781738281
raw,10.75,detection_template,unmatched_cluster,0,274946,42.59801483154297,28.895774841308594,41.14952850341797,57.49866485595703
raw,10.75,detection_template,unmatched_cluster,1,251753,33.543975830078125,23.0091495513916,33.16518783569336,44.35043716430664
raw,10.75,detection_template,unmatched_cluster,2,243445,28.777423858642578,20.146564483642578,28.506223678588867,37.571815490722656
raw,10.75,detection_template,unmatched_cluster,3,238293,25.60344123840332,18.081729888916016,25.014198303222656,33.698570251464844
raw,10.75,detection_template,unmatched_cluster,4,234246,23.228239059448242,16.650876998901367,22.583740234375,30.65751838684082
raw,10.75,detection_template,unmatched_cluster,5,230084,21.37321662902832,15.625,20.840068817138672,27.933671951293945
raw,10.75,detection_template,unmatched_cluster,6,226872,19.879072189331055,14.865043640136719,19.346542358398438,25.613576889038086
raw,10.75,detection_template,unmatched_cluster,7,224633,18.663421630859375,14.27782154083252,18.082828521728516,23.72922134399414
raw,10.75,detection_template,unmatched_cluster,8,222584,17.654888153076172,13.813043594360352,17.031784057617188,22.280624389648438
raw,10.75,detection_template,unmatched_cluster,9,220713,16.81379508972168,13.439891815185547,16.20012092590332,21.029991149902344
raw,10.75,detection_template,unmatched_cluster,10,219801,16.092693328857422,13.116339683532715,15.502362251281738,19.9213924407959
raw,10.75,detection_template,unmatched_cluster,11,218581,15.49089241027832,12.835429191589355,14.946378707885742,18.93519401550293
raw,10.75,detection_template,unmatched_cluster,12,218199,14.970681190490723,12.590507507324219,14.482952117919922,18.019254684448242
raw,10.75,detection_template,unmatched_cluster,13,217377,14.522764205932617,12.375388145446777,14.085333824157715,17.231338500976562
raw,10.75,detection_template,unmatched_cluster,14,216976,14.133525848388672,12.185052871704102,13.749223709106445,16.563255310058594
raw,10.75,detection_template,unmatched_cluster,15,216357,13.793444633483887,12.010150909423828,13.450408935546875,15.974514961242676
raw,10.75,detection_template,unmatched_cluster,16,216334,13.494244575500488,11.853739738464355,13.188836097717285,15.470149040222168
raw,10.75,detection_template,unmatched_cluster,17,215525,13.231895446777344,11.709948539733887,12.957679748535156,15.046021461486816
raw,10.75,detection_template,unmatched_cluster,18,214746,12.993502616882324,11.577329635620117,12.744413375854492,14.666912078857422
raw,10.75,detection_template,unmatched_cluster,19,213867,12.784111022949219,11.459073066711426,12.557279586791992,14.332015991210938
raw,10.75,detection_template,unmatched_cluster,20,212468,12.6005220413208,11.361430168151855,12.390117645263672,14.036223411560059
raw,10.75,detection_template,unmatched_cluster,21,210876,12.431464195251465,11.270403861999512,12.235698699951172,13.77547836303711
raw,10.75,detection_template,unmatched_cluster,22,208043,12.2833251953125,11.19420051574707,12.097627639770508,13.539863586425781
raw,10.75,detection_template,unmatched_cluster,23,204745,12.148712158203125,11.126541137695312,11.97166633605957,13.333685874938965
raw,10.75,detection_template,unmatched_cluster,24,201191,12.028538703918457,11.071245193481445,11.859685897827148,13.143593788146973
raw,10.75,detection_template,unmatched_cluster,25,196604,11.92088508605957,11.025357246398926,11.755779266357422,12.974448204040527
raw,10.75,detection_template,unmatched_cluster,26,191108,11.821595191955566,10.981194496154785,11.659614562988281,12.81774616241455
raw,10.75,detection_template,unmatched_cluster,27,184751,11.735343933105469,10.947089195251465,11.575641632080078,12.68592643737793
raw,10.75,detection_template,unmatched_cluster,28,177126,11.659771919250488,10.920331954956055,11.502936363220215,12.556007385253906
raw,10.75,detection_template,unmatched_cluster,29,168299,11.590126037597656,10.897530555725098,11.433815002441406,12.439995765686035
raw,10.75,detection_template,unmatched_cluster,30,159321,11.530143737792969,10.877967834472656,11.37637710571289,12.33461856842041
raw,10.75,detection_template,unmatched_cluster,31,148852,11.475909233093262,10.864023208618164,11.322515487670898,12.243194580078125
raw,10.75,detection_template,unmatched_cluster,32,138317,11.427063941955566,10.850090026855469,11.276567459106445,12.156896591186523
raw,10.75,detection_template,unmatched_cluster,33,127131,11.383974075317383,10.840690612792969,11.23521614074707,12.078859329223633
raw,10.75,detection_template,unmatched_cluster,34,115756,11.348085403442383,10.830342292785645,11.199418067932129,12.016546249389648
raw,10.75,detection_template,unmatched_cluster,35,104795,11.314430236816406,10.822784423828125,11.169061660766602,11.955820083618164
raw,10.75,detection_template,unmatched_cluster,36,93523,11.289968490600586,10.816661834716797,11.1432523727417,11.914566993713379
raw,10.75,detection_template,unmatched_cluster,37,82957,11.265796661376953,10.812746047973633,11.120129585266113,11.868206977844238
raw,10.75,detection_template,unmatched_cluster,38,72890,11.244675636291504,10.8096923828125,11.098735809326172,11.820113182067871
raw,10.75,detection_template,unmatched_cluster,39,63584,11.22757625579834,10.803947448730469,11.082782745361328,11.788331985473633
raw,10.75,detection_template,unmatched_cluster,40,54887,11.211639404296875,10.801029205322266,11.066607475280762,11.759881973266602
raw,10.75,detection_template,unmatched_cluster,41,47392,11.19744873046875,10.799501419067383,11.053815841674805,11.73641300201416
raw,10.75,detection_template,unmatched_cluster,42,40431,11.186590194702148,10.795683860778809,11.04137897491455,11.709709167480469
raw,10.75,detection_template,unmatched_cluster,43,34277,11.181170463562012,10.794187545776367,11.029972076416016,11.696678161621094
raw,10.75,detection_template,unmatched_cluster,44,29016,11.173748016357422,10.792276382446289,11.020763397216797,11.67411994934082
raw,10.75,detection_template,unmatched_cluster,45,24383,11.172307968139648,10.79168701171875,11.01816177368164,11.66942310333252
raw,10.75,detection_template,unmatched_cluster,46,20466,11.16966724395752,10.790092468261719,11.011419296264648,11.671141624450684
raw,10.75,detection_template,unmatched_cluster,47,16987,11.16940689086914,10.788169860839844,11.006547927856445,11.66622257232666
raw,10.75,detection_template,unmatched_cluster,48,14226,11.17601490020752,10.788125038146973,11.005054473876953,11.660852432250977
raw,10.75,detection_template,unmatched_cluster,49,11849,11.17723560333252,10.786818504333496,10.997599601745605,11.663999557495117
raw,10.75,detection_template,unmatched_cluster,50,9814,11.192572593688965,10.787252426147461,11.000926971435547,11.667960166931152
raw,10.75,detection_template,unmatched_cluster,51,8178,11.198495864868164,10.789312362670898,10.998821258544922,11.691666603088379
raw,10.75,detection_template,unmatched_cluster,52,6863,11.204717636108398,10.786170959472656,11.002204895019531,11.704081535339355
raw,10.75,detection_template,unmatched_cluster,53,5765,11.221155166625977,10.78396224975586,10.999687194824219,11.709790229797363
raw,10.75,detection_template,unmatched_cluster,54,4821,11.227557182312012,10.784953117370605,10.99321174621582,11.705796241760254
raw,10.75,detection_template,unmatched_cluster,55,4048,11.253129959106445,10.787413597106934,10.997478485107422,11.730034828186035
raw,10.75,detection_template,unmatched_cluster,56,3386,11.261034965515137,10.788301467895508,11.003449440002441,11.723581314086914
raw,10.75,detection_template,unmatched_cluster,57,2855,11.290218353271484,10.78851318359375,11.009057998657227,11.742217063903809
raw,10.75,detection_template,unmatched_cluster,58,2440,11.328276634216309,10.787994384765625,11.014981269836426,11.782541275024414
raw,10.75,detection_template,unmatched_cluster,59,2035,11.357048988342285,10.785896301269531,11.014857292175293,11.809252738952637
raw,10.75,detection_template,unmatched_cluster,60,1753,11.400796890258789,10.789244651794434,11.02428913116455,11.823742866516113
raw,10.75,detection_template,unmatched_cluster,61,1511,11.443269729614258,10.7896146774292,11.032083511352539,11.85383129119873
raw,10.75,detection_template,unmatched_cluster,62,1336,11.480344772338867,10.794086456298828,11.03254222869873,11.924697875976562
raw,10.75,detection_template,unmatched_cluster,63,1114,11.536334037780762,10.801285743713379,11.03961181640625,11.860161781311035
raw,10.75,detection_template,unmatched_cluster,64,971,11.584379196166992,10.79400634765625,11.055502891540527,11.83036994934082
raw,10.75,detection_template,unmatched_cluster,65,836,11.659423828125,10.794880867004395,11.067145347595215,11.943594932556152
raw,10.75,detection_template,unmatched_cluster,66,739,11.717825889587402,10.795083999633789,11.074299812316895,11.925439834594727
raw,10.75,detection_template,unmatched_cluster,67,625,11.778421401977539,10.800980567932129,11.067486763000488,11.987671852111816
raw,10.75,detection_template,unmatched_cluster,68,563,11.790926933288574,10.809206008911133,11.058181762695312,12.0272855758667
raw,10.75,detection_template,unmatched_cluster,69,512,11.886556625366211,10.807543754577637,11.045989036560059,12.070677757263184
raw,10.75,detection_template,unmatched_cluster,70,452,11.9358491897583,10.8013334274292,11.050796508789062,11.980384826660156
raw,10.75,detection_template,unmatched_cluster,71,411,11.946874618530273,10.811147689819336,11.094103813171387,12.312225341796875
raw,10.75,detection_template,unmatched_cluster,72,387,12.025062561035156,10.792771339416504,11.047191619873047,12.257984161376953
raw,10.75,detection_template,unmatched_cluster,73,343,12.203153610229492,10.791452407836914,11.059967994689941,12.856087684631348
raw,10.75,detection_template,unmatched_cluster,74,303,12.249576568603516,10.802240371704102,11.062145233154297,12.956199645996094
raw,10.75,detection_template,unmatched_cluster,75,280,12.244062423706055,10.801774978637695,11.068767547607422,12.964485168457031
raw,10.75,detection_template,unmatched_cluster,76,245,12.52513313293457,10.799677848815918,11.066250801086426,14.099193572998047
raw,10.75,detection_template,unmatched_cluster,77,219,12.585538864135742,10.797636985778809,11.038548469543457,14.6678466796875
raw,10.75,detection_template,unmatched_cluster,78,194,12.686772346496582,10.801935195922852,11.089493751525879,14.634689331054688
raw,10.75,detection_template,unmatched_cluster,79,175,12.986132621765137,10.805537223815918,11.085408210754395,15.089595794677734
raw,10.75,detection_template,unmatched_cluster,80,148,12.976346015930176,10.814044952392578,11.08497142791748,15.965282440185547
raw,10.75,detection_template,unmatched_cluster,81,139,13.138206481933594,10.790915489196777,11.039628028869629,18.46812629699707
raw,10.75,detection_template,unmatched_cluster,82,117,13.490019798278809,10.796599388122559,11.094215393066406,20.797300338745117
raw,10.75,detection_template,unmatched_cluster,83,108,13.67842960357666,10.769927024841309,11.0796480178833,21.5001277923584
raw,10.75,detection_template,unmatched_cluster,84,101,13.767533302307129,10.772775650024414,11.144331932067871,22.155807495117188
raw,10.75,detection_template,unmatched_cluster,85,83,14.939030647277832,10.809666633605957,11.283831596374512,26.362163543701172
raw,10.75,detection_template,unmatched_cluster,86,73,14.887937545776367,10.798284530639648,11.310674667358398,26.85402488708496
raw,10.75,detection_template,unmatched_cluster,87,70,14.980313301086426,10.792956352233887,11.517448425292969,27.223331451416016
raw,10.75,detection_template,unmatched_cluster,88,67,15.595799446105957,10.82064437866211,11.742539405822754,28.249719619750977
raw,10.75,detection_template,unmatched_cluster,89,58,15.778328895568848,10.850570678710938,12.039102554321289,28.055240631103516
raw,10.75,detection_template,unmatched_cluster,90,57,15.840864181518555,10.822561264038086,11.976271629333496,28.064701080322266
raw,10.75,detection_template,unmatched_cluster,91,50,15.968827247619629,10.878074645996094,12.450223922729492,27.5311336517334
raw,10.75,detection_template,unmatched_cluster,92,47,16.466123580932617,10.891883850097656,12.483784675598145,27.70742416381836
raw,10.75,detection_template,unmatched_cluster,93,48,16.2947940826416,10.83848762512207,12.36741828918457,27.658321380615234
raw,10.75,detection_template,unmatched_cluster,94,42,16.67185401916504,10.890412330627441,13.606670379638672,27.57499885559082
raw,10.75,detection_template,unmatched_cluster,95,49,16.412078857421875,10.843451499938965,13.623360633850098,27.304800033569336
raw,10.75,detection_template,unmatched_cluster,96,47,16.74992561340332,10.854811668395996,13.327150344848633,28.595232009887695
raw,10.75,detection_template,unmatched_cluster,97,40,17.344196319580078,11.014504432678223,13.678213119506836,28.773494720458984
raw,10.75,detection_template,unmatched_cluster,98,43,17.03702735900879,11.04489803314209,13.388957023620605,26.527252197265625
raw,10.75,detection_template,unmatched_cluster,99,45,16.015121459960938,10.931262016296387,12.787640571594238,26.38389015197754
raw,10.75,detection_template,fp_matched_cluster,0,50,24.356393814086914,17.571744918823242,22.377742767333984,34.5941047668457
raw,10.75,detection_template,fp_matched_cluster,1,155,20.28898048400879,16.405487060546875,19.76953887939453,24.25473976135254
raw,10.75,detection_template,fp_matched_cluster,2,316,19.99566650390625,15.7275390625,19.475040435791016,24.476593017578125
raw,10.75,detection_template,fp_matched_cluster,3,544,19.01982879638672,15.397089004516602,18.711040496826172,22.72972869873047
raw,10.75,detection_template,fp_matched_cluster,4,761,18.442598342895508,15.119802474975586,18.103424072265625,21.914766311645508
raw,10.75,detection_template,fp_matched_cluster,5,983,17.708446502685547,14.735851287841797,17.468732833862305,20.70869255065918
raw,10.75,detection_template,fp_matched_cluster,6,1228,17.09236717224121,14.12867546081543,16.893760681152344,20.280887603759766
raw,10.75,detection_template,fp_matched_cluster,7,1422,16.685653686523438,13.94676399230957,16.42613983154297,19.741247177124023
raw,10.75,detection_template,fp_matched_cluster,8,1531,16.27802085876465,13.522936820983887,15.978660583496094,19.41860580444336
raw,10.75,detection_template,fp_matched_cluster,9,1678,15.885144233703613,13.277105331420898,15.618602752685547,18.807846069335938
raw,10.75,detection_template,fp_matched_cluster,10,1717,15.342992782592773,13.043248176574707,15.05626392364502,18.086210250854492
raw,10.75,detection_template,fp_matched_cluster,11,1858,14.984073638916016,12.849270820617676,14.720258712768555,17.493770599365234
raw,10.75,detection_template,fp_matched_cluster,12,1800,14.526870727539062,12.504643440246582,14.227152824401855,16.923269271850586
raw,10.75,detection_template,fp_matched_cluster,13,1858,14.285552978515625,12.382472038269043,13.969234466552734,16.5544376373291
raw,10.75,detection_template,fp_matched_cluster,14,1957,13.906681060791016,12.165136337280273,13.676494598388672,16.043807983398438
raw,10.75,detection_template,fp_matched_cluster,15,2126,13.59218692779541,12.041399955749512,13.332723617553711,15.475433349609375
raw,10.75,detection_template,fp_matched_cluster,16,2119,13.3395414352417,11.853106498718262,13.092870712280273,15.187264442443848
raw,10.75,detection_template,fp_matched_cluster,17,2128,13.092896461486816,11.667909622192383,12.910224914550781,14.681902885437012
raw,10.75,detection_template,fp_matched_cluster,18,2145,12.884289741516113,11.598946571350098,12.66749095916748,14.448980331420898
raw,10.75,detection_template,fp_matched_cluster,19,2169,12.740320205688477,11.448318481445312,12.528942108154297,14.287118911743164
raw,10.75,detection_template,fp_matched_cluster,20,2223,12.526571273803711,11.387680053710938,12.349336624145508,13.858382225036621
raw,10.75,detection_template,fp_matched_cluster,21,2230,12.372635841369629,11.299065589904785,12.201956748962402,13.669835090637207
raw,10.75,detection_template,fp_matched_cluster,22,2336,12.232963562011719,11.193471908569336,12.05984878540039,13.475288391113281
raw,10.75,detection_template,fp_matched_cluster,23,2162,12.10699462890625,11.154702186584473,11.967947959899902,13.226239204406738
raw,10.75,detection_template,fp_matched_cluster,24,2212,11.982170104980469,11.054664611816406,11.801652908325195,13.05822467803955
raw,10.75,detection_template,fp_matched_cluster,25,2202,11.872095108032227,11.032737731933594,11.744672775268555,12.857333183288574
raw,10.75,detection_template,fp_matched_cluster,26,2214,11.78172779083252,10.982878684997559,11.640053749084473,12.771668434143066
raw,10.75,detection_template,fp_matched_cluster,27,2172,11.733890533447266,10.970399856567383,11.578289031982422,12.693099021911621
raw,10.75,detection_template,fp_matched_cluster,28,2070,11.647209167480469,10.910045623779297,11.480239868164062,12.574786186218262
raw,10.75,detection_template,fp_matched_cluster,29,1955,11.55489730834961,10.899192810058594,11.448347091674805,12.312885284423828
raw,10.75,detection_template,fp_matched_cluster,30,1876,11.517903327941895,10.86649227142334,11.372076034545898,12.33829402923584
raw,10.75,detection_template,fp_matched_cluster,31,1758,11.451991081237793,10.871553421020508,11.322859764099121,12.171217918395996
raw,10.75,detection_template,fp_matched_cluster,32,1697,11.404203414916992,10.854475021362305,11.261799812316895,12.112601280212402
raw,10.75,detection_template,fp_matched_cluster,33,1557,11.351785659790039,10.819855690002441,11.201836585998535,12.009188652038574
raw,10.75,detection_template,fp_matched_cluster,34,1449,11.333602905273438,10.827835083007812,11.20634937286377,11.963813781738281
raw,10.75,detection_template,fp_matched_cluster,35,1355,11.293926239013672,10.823756217956543,11.163679122924805,11.912070274353027
raw,10.75,detection_template,fp_matched_cluster,36,1187,11.275033950805664,10.81680679321289,11.12729263305664,11.916579246520996
raw,10.75,detection_template,fp_matched_cluster,37,1073,11.249967575073242,10.81896686553955,11.117510795593262,11.855313301086426
raw,10.75,detection_template,fp_matched_cluster,38,918,11.234004974365234,10.816423416137695,11.113073348999023,11.761957168579102
raw,10.75,detection_template,fp_matched_cluster,39,800,11.179730415344238,10.804152488708496,11.060423851013184,11.72985553741455
raw,10.75,detection_template,fp_matched_cluster,40,774,11.157801628112793,10.7923583984375,11.053823471069336,11.673836708068848
raw,10.75,detection_template,fp_matched_cluster,41,593,11.1835298538208,10.797056198120117,11.033628463745117,11.713186264038086
raw,10.75,detection_template,fp_matched_cluster,42,522,11.15380859375,10.79732894897461,11.034128189086914,11.626943588256836
raw,10.75,detection_template,fp_matched_cluster,43,463,11.129916191101074,10.795745849609375,11.025500297546387,11.6038818359375
raw,10.75,detection_template,fp_matched_cluster,44,354,11.134515762329102,10.795332908630371,11.014900207519531,11.62700080871582
raw,10.75,detection_template,fp_matched_cluster,45,319,11.112079620361328,10.784348487854004,10.990123748779297,11.577513694763184
raw,10.75,detection_template,fp_matched_cluster,46,225,11.092085838317871,10.781462669372559,10.984546661376953,11.617086410522461
raw,10.75,detection_template,fp_matched_cluster,47,240,11.123961448669434,10.787776947021484,11.033029556274414,11.627880096435547
raw,10.75,detection_template,fp_matched_cluster,48,155,11.058982849121094,10.779836654663086,10.987095832824707,11.416858673095703
raw,10.75,detection_template,fp_matched_cluster,49,160,11.119606971740723,10.78966236114502,10.980831146240234,11.608826637268066
raw,10.75,detection_template,fp_matched_cluster,50,130,11.134296417236328,10.792672157287598,10.963747024536133,11.604351043701172
raw,10.75,detection_template,fp_matched_cluster,51,105,11.112383842468262,10.797719955444336,11.005301475524902,11.569552421569824
raw,10.75,detection_template,fp_matched_cluster,52,102,11.06762981414795,10.785378456115723,10.949316024780273,11.536881446838379
raw,10.75,detection_template,fp_matched_cluster,53,77,11.079610824584961,10.789031982421875,10.932540893554688,11.462729454040527
raw,10.75,detection_template,fp_matched_cluster,54,75,11.107475280761719,10.77659797668457,11.02469253540039,11.473217964172363
raw,10.75,detection_template,fp_matched_cluster,55,55,11.062296867370605,10.80258560180664,10.974963188171387,11.441811561584473
raw,10.75,detection_template,fp_matched_cluster,56,44,11.0017671585083,10.76878833770752,10.907343864440918,11.416146278381348
raw,10.75,detection_template,fp_matched_cluster,57,36,10.998558044433594,10.75275993347168,10.898990631103516,11.275711059570312
raw,10.75,detection_template,fp_matched_cluster,58,28,11.10228157043457,10.829538345336914,11.034213066101074,11.404212951660156
raw,10.75,detection_template,fp_matched_cluster,59,21,11.11894416809082,10.771843910217285,11.101766586303711,11.54638385772705
raw,10.75,detection_template,fp_matched_cluster,60,21,11.010767936706543,10.807988166809082,10.958941459655762,11.26844596862793
raw,10.75,detection_template,fp_matched_cluster,61,24,11.018580436706543,10.7669038772583,10.838119506835938,11.49465274810791
raw,10.75,detection_template,fp_matched_cluster,62,9,11.021770477294922,10.820359230041504,10.944567680358887,11.298293113708496
raw,10.75,detection_template,fp_matched_cluster,63,13,11.01931095123291,10.754322052001953,10.945955276489258,11.308977127075195
raw,10.75,detection_template,fp_matched_cluster,64,9,11.337217330932617,10.887837409973145,11.176278114318848,11.936978340148926
raw,10.75,detection_template,fp_matched_cluster,65,5,11.045587539672852,10.835240364074707,10.948830604553223,11.359128952026367
raw,10.75,detection_template,fp_matched_cluster,66,7,11.308877944946289,10.78822135925293,10.909931182861328,12.175592422485352
raw,10.75,detection_template,fp_matched_cluster,67,10,11.221256256103516,10.933733940124512,11.020029067993164,11.765578269958496
raw,10.75,detection_template,fp_matched_cluster,68,4,10.9075927734375,10.77048397064209,10.807016372680664,11.125162124633789
raw,10.75,detection_template,fp_matched_cluster,69,6,10.859833717346191,10.780153274536133,10.820968627929688,10.97838020324707
raw,10.75,detection_template,fp_matched_cluster,70,7,11.176728248596191,10.78283405303955,11.225602149963379,11.557707786560059
raw,10.75,detection_template,fp_matched_cluster,71,2,10.871386528015137,10.834858894348145,10.871386528015137,10.907914161682129
raw,10.75,detection_template,fp_matched_cluster,72,4,11.13325309753418,10.943735122680664,11.182265281677246,11.283560752868652
raw,10.75,detection_template,fp_matched_cluster,73,4,10.921789169311523,10.846552848815918,10.906766891479492,11.00904369354248
raw,10.75,detection_template,fp_matched_cluster,74,5,11.199572563171387,10.921277046203613,11.271051406860352,11.429813385009766
raw,10.75,detection_template,fp_matched_cluster,75,6,11.10478687286377,10.81743049621582,11.005228042602539,11.491703033447266
raw,10.75,detection_template,fp_matched_cluster,76,3,10.998031616210938,10.949396133422852,10.974405288696289,11.056117057800293
raw,10.75,detection_template,fp_matched_cluster,77,4,11.240986824035645,10.817320823669434,10.997461318969727,11.859476089477539
raw,10.75,detection_template,fp_matched_cluster,78,2,10.87590503692627,10.859980583190918,10.87590503692627,10.891829490661621
raw,10.75,detection_template,fp_matched_cluster,79,1,11.322000503540039,11.322000503540039,11.322000503540039,11.322000503540039
raw,10.75,detection_template,fp_matched_cluster,80,2,12.290182113647461,11.09688949584961,12.290182113647461,13.483474731445312
raw,10.75,detection_template,fp_matched_cluster,81,1,11.30243968963623,11.30243968963623,11.30243968963623,11.30243968963623
raw,10.75,detection_template,fp_matched_cluster,83,1,11.047844886779785,11.047844886779785,11.047844886779785,11.047844886779785
raw,10.75,detection_template,fp_matched_cluster,84,1,12.868470191955566,12.868470191955566,12.868470191955566,12.868470191955566
raw,10.75,detection_template,fp_matched_cluster,85,1,11.690162658691406,11.690162658691406,11.690162658691406,11.690162658691406
raw,10.75,detection_template,fp_matched_cluster,86,1,10.758953094482422,10.758953094482422,10.758953094482422,10.758953094482422
raw,10.75,detection_template,fp_matched_cluster,94,2,11.060075759887695,10.827709197998047,11.060075759887695,11.292442321777344
raw,10.75,detection_template,fp_matched_cluster,97,2,11.284210205078125,11.13182258605957,11.284210205078125,11.43659782409668
raw,10.75,detection_template,tp,0,9881,35.471229553222656,30.708232879638672,35.980777740478516,40.06666946411133
raw,10.75,detection_template,tp,1,11536,33.56783676147461,27.37590789794922,34.52240753173828,39.01897048950195
raw,10.75,detection_template,tp,2,9254,30.879457473754883,19.690584182739258,32.481388092041016,37.670528411865234
raw,10.75,detection_template,tp,3,7056,27.14934539794922,17.56709098815918,28.798870086669922,35.822811126708984
raw,10.75,detection_template,tp,4,5931,23.555070877075195,16.405731201171875,20.812225341796875,33.557735443115234
raw,10.75,detection_template,tp,5,5569,20.626821517944336,15.710803031921387,18.884077072143555,29.837902069091797
raw,10.75,detection_template,tp,6,5644,18.966846466064453,15.235639572143555,18.05164909362793,23.69778060913086
raw,10.75,detection_template,tp,7,5656,17.95037269592285,14.781885147094727,17.51008415222168,21.150524139404297
raw,10.75,detection_template,tp,8,5499,17.33106803894043,14.55005931854248,17.02676773071289,20.185102462768555
raw,10.75,detection_template,tp,9,5256,16.844018936157227,14.226842880249023,16.574472427368164,19.70924186706543
raw,10.75,detection_template,tp,10,4772,16.41673469543457,13.82003116607666,16.15325164794922,19.213359832763672
raw,10.75,detection_template,tp,11,4314,15.989181518554688,13.5733642578125,15.766426086425781,18.720510482788086
raw,10.75,detection_template,tp,12,3786,15.648011207580566,13.311720848083496,15.450758934020996,18.263748168945312
raw,10.75,detection_template,tp,13,3405,15.32548713684082,13.10150146484375,15.0601806640625,17.92327117919922
raw,10.75,detection_template,tp,14,2988,14.946582794189453,12.807662963867188,14.739782333374023,17.415729522705078
raw,10.75,detection_template,tp,15,2755,14.564448356628418,12.63302230834961,14.281227111816406,16.871803283691406
raw,10.75,detection_template,tp,16,2343,14.316903114318848,12.3948335647583,14.044556617736816,16.532411575317383
raw,10.75,detection_template,tp,17,2069,14.02937126159668,12.196907043457031,13.774450302124023,16.195940017700195
raw,10.75,detection_template,tp,18,1805,13.774402618408203,12.041958808898926,13.502245903015137,15.777803421020508
raw,10.75,detection_template,tp,19,1598,13.537075996398926,11.921541213989258,13.2968111038208,15.456570625305176
raw,10.75,detection_template,tp,20,1363,13.250632286071777,11.726293563842773,12.991521835327148,15.10932445526123
raw,10.75,detection_template,tp,21,1184,13.04864501953125,11.612482070922852,12.794573783874512,14.843790054321289
raw,10.75,detection_template,tp,22,1062,12.850228309631348,11.482166290283203,12.612844467163086,14.549497604370117
raw,10.75,detection_template,tp,23,961,12.697610855102539,11.391938209533691,12.43315601348877,14.299581527709961
raw,10.75,detection_template,tp,24,867,12.524054527282715,11.275006294250488,12.242521286010742,14.158886909484863
raw,10.75,detection_template,tp,25,760,12.347601890563965,11.20500373840332,12.138066291809082,13.877205848693848
raw,10.75,detection_template,tp,26,662,12.242996215820312,11.161032676696777,11.988578796386719,13.651458740234375
raw,10.75,detection_template,tp,27,646,12.095861434936523,11.072625160217285,11.903518676757812,13.248262405395508
raw,10.75,detection_template,tp,28,568,12.005293846130371,11.06410026550293,11.82083511352539,13.271520614624023
raw,10.75,detection_template,tp,29,505,11.892609596252441,10.978178024291992,11.681743621826172,13.077701568603516
raw,10.75,detection_template,tp,30,407,11.827799797058105,10.992918014526367,11.612298965454102,12.972439765930176
raw,10.75,detection_template,tp,31,403,11.79542064666748,10.92982006072998,11.60413932800293,12.903794288635254
raw,10.75,detection_template,tp,32,344,11.67556381225586,10.920364379882812,11.461033821105957,12.574666976928711
raw,10.75,detection_template,tp,33,302,11.62608528137207,10.895634651184082,11.412521362304688,12.658977508544922
raw,10.75,detection_template,tp,34,254,11.455159187316895,10.837512969970703,11.295061111450195,12.271492004394531
raw,10.75,detection_template,tp,35,237,11.494668006896973,10.897449493408203,11.343709945678711,12.150888442993164
raw,10.75,detection_template,tp,36,181,11.514147758483887,10.881531715393066,11.304532051086426,12.428958892822266
raw,10.75,detection_template,tp,37,149,11.421015739440918,10.853318214416504,11.264984130859375,12.00208854675293
raw,10.75,detection_template,tp,38,161,11.41798210144043,10.803243637084961,11.165345191955566,12.248294830322266
raw,10.75,detection_template,tp,39,122,11.354667663574219,10.821678161621094,11.216608047485352,12.044939994812012
raw,10.75,detection_template,tp,40,94,11.279555320739746,10.831151962280273,11.20291519165039,11.856038093566895
raw,10.75,detection_template,tp,41,81,11.401290893554688,10.804076194763184,11.234169960021973,12.097843170166016
raw,10.75,detection_template,tp,42,97,11.618497848510742,10.80518913269043,11.111883163452148,12.262430191040039
raw,10.75,detection_template,tp,43,68,11.312032699584961,10.791749954223633,11.098977088928223,11.903388977050781
raw,10.75,detection_template,tp,44,50,11.275074005126953,10.788163185119629,11.006256103515625,11.899139404296875
raw,10.75,detection_template,tp,45,44,11.180852890014648,10.797687530517578,10.930845260620117,11.449602127075195
raw,10.75,detection_template,tp,46,34,11.304474830627441,10.793302536010742,11.143434524536133,12.113357543945312
raw,10.75,detection_template,tp,47,27,11.15699577331543,10.803204536437988,11.015077590942383,11.614095687866211
raw,10.75,detection_template,tp,48,21,11.48023796081543,10.865530967712402,11.08999252319336,12.551575660705566
raw,10.75,detection_template,tp,49,19,11.2710542678833,10.79239273071289,11.195596694946289,11.676870346069336
raw,10.75,detection_template,tp,50,17,11.295367240905762,10.797651290893555,11.267231941223145,11.801116943359375
raw,10.75,detection_template,tp,51,11,11.136775970458984,10.8340425491333,11.06966495513916,11.556501388549805
raw,10.75,detection_template,tp,52,18,11.424240112304688,10.87376880645752,11.471841812133789,11.875020027160645
raw,10.75,detection_template,tp,53,9,11.089253425598145,10.780241966247559,10.898503303527832,11.432411193847656
raw,10.75,detection_template,tp,54,11,11.230334281921387,10.832014083862305,10.922013282775879,12.133601188659668
raw,10.75,detection_template,tp,55,3,11.12324047088623,11.080114364624023,11.080953598022461,11.183280944824219
raw,10.75,detection_template,tp,56,2,10.919010162353516,10.883329391479492,10.919010162353516,10.954690933227539
raw,10.75,detection_template,tp,57,2,11.483508110046387,11.023636817932129,11.483508110046387,11.943379402160645
raw,10.75,detection_template,tp,58,3,11.602553367614746,11.01705265045166,11.227447509765625,12.338095664978027
raw,10.75,detection_template,tp,59,3,11.458251953125,11.107688903808594,11.561948776245117,11.76733684539795
raw,10.75,detection_template,tp,60,2,21.146516799926758,13.476238250732422,21.146516799926758,28.816795349121094
raw,10.75,detection_template,tp,61,1,10.913591384887695,10.913591384887695,10.913591384887695,10.913591384887695
raw,10.75,detection_template,tp,62,4,11.083786010742188,10.805932998657227,10.976241111755371,11.447675704956055
raw,10.75,detection_template,tp,63,5,11.496065139770508,11.096009254455566,11.269524574279785,12.077936172485352
raw,10.75,detection_template,tp,66,1,13.662501335144043,13.662501335144043,13.662501335144043,13.662501335144043
raw,10.75,detection_template,tp,68,1,11.390995979309082,11.390995979309082,11.390995979309082,11.390995979309082
raw,10.75,detection_template,tp,75,1,19.32465171813965,19.32465171813965,19.32465171813965,19.32465171813965
raw,10.75,detection_template,tp,77,1,10.782422065734863,10.782422065734863,10.782422065734863,10.782422065734863
raw,10.75,detection_template,tp,80,1,27.239519119262695,27.239519119262695,27.239519119262695,27.239519119262695
raw,10.75,final_clustering,unmatched_cluster,0,274956,42.59723663330078,28.894229888916016,41.148895263671875,57.498451232910156
raw,10.75,final_clustering,unmatched_cluster,1,251796,33.54130554199219,23.00287628173828,33.16366195678711,44.349891662597656
raw,10.75,final_clustering,unmatched_cluster,2,243550,28.773218154907227,20.13808822631836,28.502012252807617,37.57044219970703
raw,10.75,final_clustering,unmatched_cluster,3,238456,25.59868812561035,18.07294464111328,25.009754180908203,33.696510314941406
raw,10.75,final_clustering,unmatched_cluster,4,234496,23.22224235534668,16.643795013427734,22.577686309814453,30.653278350830078
raw,10.75,final_clustering,unmatched_cluster,5,230412,21.3671817779541,15.620745658874512,20.83342742919922,27.92840576171875
raw,10.75,final_clustering,unmatched_cluster,6,227345,19.8720760345459,14.861868858337402,19.336877822875977,25.607582092285156
raw,10.75,final_clustering,unmatched_cluster,7,225249,18.656497955322266,14.274640083312988,18.07355308532715,23.721532821655273
raw,10.75,final_clustering,unmatched_cluster,8,223238,17.649677276611328,13.81233024597168,17.026229858398438,22.273513793945312
raw,10.75,final_clustering,unmatched_cluster,9,221470,16.809202194213867,13.439770698547363,16.194072723388672,21.02143096923828
raw,10.75,final_clustering,unmatched_cluster,10,220607,16.089052200317383,13.1160249710083,15.498871803283691,19.91544532775879
raw,10.75,final_clustering,unmatched_cluster,11,219496,15.487878799438477,12.835725784301758,14.944019317626953,18.926908493041992
raw,10.75,final_clustering,unmatched_cluster,12,219041,14.968788146972656,12.590412139892578,14.481788635253906,18.01487159729004
raw,10.75,final_clustering,unmatched_cluster,13,218250,14.521456718444824,12.376029968261719,14.085204124450684,17.226457595825195
raw,10.75,final_clustering,unmatched_cluster,14,217865,14.132672309875488,12.185338020324707,13.749064445495605,16.56014633178711
raw,10.75,final_clustering,unmatched_cluster,15,217295,13.793244361877441,12.011087417602539,13.45118522644043,15.971129417419434
raw,10.75,final_clustering,unmatched_cluster,16,217246,13.494538307189941,11.854496002197266,13.189828872680664,15.469226837158203
raw,10.75,final_clustering,unmatched_cluster,17,216350,13.232376098632812,11.710569381713867,12.958456039428711,15.046077728271484
raw,10.75,final_clustering,unmatched_cluster,18,215647,12.994022369384766,11.577766418457031,12.745058059692383,14.667428016662598
raw,10.75,final_clustering,unmatched_cluster,19,214667,12.784440994262695,11.45945930480957,12.557741165161133,14.33212947845459
raw,10.75,final_clustering,unmatched_cluster,20,213282,12.6010160446167,11.362128257751465,12.39065170288086,14.036563873291016
raw,10.75,final_clustering,unmatched_cluster,21,211695,12.431727409362793,11.270883560180664,12.236065864562988,13.775547981262207
raw,10.75,final_clustering,unmatched_cluster,22,208846,12.283846855163574,11.19460678100586,12.098226547241211,13.540975570678711
raw,10.75,final_clustering,unmatched_cluster,23,205473,12.149432182312012,11.1268892288208,11.972647666931152,13.334234237670898
raw,10.75,final_clustering,unmatched_cluster,24,201899,12.029101371765137,11.071491241455078,11.860291481018066,13.144892692565918
raw,10.75,final_clustering,unmatched_cluster,25,197252,11.921034812927246,11.025708198547363,11.756053924560547,12.974320411682129
raw,10.75,final_clustering,unmatched_cluster,26,191778,11.821964263916016,10.981308937072754,11.66030502319336,12.81840991973877
raw,10.75,final_clustering,unmatched_cluster,27,185447,11.735716819763184,10.947260856628418,11.57599925994873,12.686473846435547
raw,10.75,final_clustering,unmatched_cluster,28,177739,11.660233497619629,10.920470237731934,11.50346851348877,12.556995391845703
raw,10.75,final_clustering,unmatched_cluster,29,168883,11.59019660949707,10.897647857666016,11.43394660949707,12.439990043640137
raw,10.75,final_clustering,unmatched_cluster,30,159838,11.530482292175293,10.877973556518555,11.37660026550293,12.33535099029541
raw,10.75,final_clustering,unmatched_cluster,31,149353,11.47598648071289,10.864099502563477,11.322684288024902,12.243180274963379
raw,10.75,final_clustering,unmatched_cluster,32,138823,11.427419662475586,10.850178718566895,11.276745796203613,12.157485008239746
raw,10.75,final_clustering,unmatched_cluster,33,127565,11.384012222290039,10.840597152709961,11.235198020935059,12.079093933105469
raw,10.75,final_clustering,unmatched_cluster,34,116159,11.34829044342041,10.830338478088379,11.199590682983398,12.017006874084473
raw,10.75,final_clustering,unmatched_cluster,35,105193,11.314647674560547,10.822809219360352,11.16928768157959,11.956297874450684
raw,10.75,final_clustering,unmatched_cluster,36,93873,11.290122985839844,10.816710472106934,11.143393516540527,11.914727210998535
raw,10.75,final_clustering,unmatched_cluster,37,83282,11.26582145690918,10.812773704528809,11.120147705078125,11.868348121643066
raw,10.75,final_clustering,unmatched_cluster,38,73165,11.24496841430664,10.809720993041992,11.099064826965332,11.820682525634766
raw,10.75,final_clustering,unmatched_cluster,39,63805,11.227764129638672,10.804006576538086,11.08311939239502,11.789224624633789
raw,10.75,final_clustering,unmatched_cluster,40,55089,11.211509704589844,10.801039695739746,11.066709518432617,11.759628295898438
raw,10.75,final_clustering,unmatched_cluster,41,47550,11.19787311553955,10.79964828491211,11.054048538208008,11.736614227294922
raw,10.75,final_clustering,unmatched_cluster,42,40584,11.186552047729492,10.795784950256348,11.041363716125488,11.709365844726562
raw,10.75,final_clustering,unmatched_cluster,43,34396,11.18117618560791,10.794254302978516,11.030191421508789,11.696624755859375
raw,10.75,final_clustering,unmatched_cluster,44,29099,11.173471450805664,10.792314529418945,11.020696640014648,11.673731803894043
raw,10.75,final_clustering,unmatched_cluster,45,24476,11.172109603881836,10.791683197021484,11.018060684204102,11.669295310974121
raw,10.75,final_clustering,unmatched_cluster,46,20530,11.169418334960938,10.790075302124023,11.011517524719238,11.670948028564453
raw,10.75,final_clustering,unmatched_cluster,47,17047,11.169260025024414,10.788169860839844,11.006611824035645,11.66622257232666
raw,10.75,final_clustering,unmatched_cluster,48,14285,11.176079750061035,10.78801441192627,11.005462646484375,11.660865783691406
raw,10.75,final_clustering,unmatched_cluster,49,11894,11.177095413208008,10.786972045898438,10.99799919128418,11.66367244720459
raw,10.75,final_clustering,unmatched_cluster,50,9852,11.192191123962402,10.787263870239258,11.001035690307617,11.667810440063477
raw,10.75,final_clustering,unmatched_cluster,51,8203,11.198076248168945,10.78930377960205,10.998871803283691,11.690969467163086
raw,10.75,final_clustering,unmatched_cluster,52,6893,11.205042839050293,10.786170959472656,11.002543449401855,11.70578384399414
raw,10.75,final_clustering,unmatched_cluster,53,5788,11.221200942993164,10.783977508544922,10.999711990356445,11.70974349975586
raw,10.75,final_clustering,unmatched_cluster,54,4848,11.22731876373291,10.784893989562988,10.993348121643066,11.70582103729248
raw,10.75,final_clustering,unmatched_cluster,55,4060,11.252608299255371,10.787474632263184,10.997833251953125,11.728935241699219
raw,10.75,final_clustering,unmatched_cluster,56,3399,11.26028823852539,10.788397789001465,11.002677917480469,11.722894668579102
raw,10.75,final_clustering,unmatched_cluster,57,2869,11.289482116699219,10.788384437561035,11.007781028747559,11.745512008666992
raw,10.75,final_clustering,unmatched_cluster,58,2446,11.32724666595459,10.788030624389648,11.014739990234375,11.78136920928955
raw,10.75,final_clustering,unmatched_cluster,59,2040,11.35722827911377,10.785981178283691,11.0162353515625,11.810590744018555
raw,10.75,final_clustering,unmatched_cluster,60,1759,11.400036811828613,10.789380073547363,11.02428913116455,11.819231986999512
raw,10.75,final_clustering,unmatched_cluster,61,1514,11.442877769470215,10.789443969726562,11.032167434692383,11.853660583496094
raw,10.75,final_clustering,unmatched_cluster,62,1338,11.479561805725098,10.793805122375488,11.03254222869873,11.9241943359375
raw,10.75,final_clustering,unmatched_cluster,63,1120,11.534194946289062,10.801136016845703,11.039976119995117,11.856491088867188
raw,10.75,final_clustering,unmatched_cluster,64,971,11.584379196166992,10.79400634765625,11.055502891540527,11.83036994934082
raw,10.75,final_clustering,unmatched_cluster,65,837,11.658480644226074,10.79497241973877,11.066701889038086,11.943594932556152
raw,10.75,final_clustering,unmatched_cluster,66,742,11.718743324279785,10.795194625854492,11.076133728027344,11.934795379638672
raw,10.75,final_clustering,unmatched_cluster,67,627,11.777740478515625,10.801011085510254,11.067486763000488,11.993573188781738
raw,10.75,final_clustering,unmatched_cluster,68,565,11.789273262023926,10.809322357177734,11.05878734588623,12.024486541748047
raw,10.75,final_clustering,unmatched_cluster,69,513,11.884464263916016,10.807599067687988,11.044384956359863,12.070571899414062
raw,10.75,final_clustering,unmatched_cluster,70,456,11.9283447265625,10.798738479614258,11.050796508789062,11.971115112304688
raw,10.75,final_clustering,unmatched_cluster,71,412,11.944375991821289,10.8112211227417,11.093353271484375,12.310333251953125
raw,10.75,final_clustering,unmatched_cluster,72,389,12.020896911621094,10.793306350708008,11.053740501403809,12.240976333618164
raw,10.75,final_clustering,unmatched_cluster,73,344,12.199777603149414,10.791512489318848,11.059926986694336,12.853854179382324
raw,10.75,final_clustering,unmatched_cluster,74,305,12.241071701049805,10.801374435424805,11.062145233154297,12.923934936523438
raw,10.75,final_clustering,unmatched_cluster,75,280,12.244062423706055,10.801774978637695,11.068767547607422,12.964485168457031
raw,10.75,final_clustering,unmatched_cluster,76,246,12.519244194030762,10.799858093261719,11.066655158996582,14.09803581237793
raw,10.75,final_clustering,unmatched_cluster,77,220,12.577441215515137,10.797723770141602,11.038406372070312,14.637796401977539
raw,10.75,final_clustering,unmatched_cluster,78,194,12.686772346496582,10.801935195922852,11.089493751525879,14.634689331054688
raw,10.75,final_clustering,unmatched_cluster,79,176,12.976677894592285,10.805878639221191,11.085711479187012,15.03864574432373
raw,10.75,final_clustering,unmatched_cluster,80,148,12.976346015930176,10.814044952392578,11.08497142791748,15.965282440185547
raw,10.75,final_clustering,unmatched_cluster,81,139,13.138206481933594,10.790915489196777,11.039628028869629,18.46812629699707
raw,10.75,final_clustering,unmatched_cluster,82,117,13.490019798278809,10.796599388122559,11.094215393066406,20.797300338745117
raw,10.75,final_clustering,unmatched_cluster,83,108,13.67842960357666,10.769927024841309,11.0796480178833,21.5001277923584
raw,10.75,final_clustering,unmatched_cluster,84,101,13.767533302307129,10.772775650024414,11.144331932067871,22.155807495117188
raw,10.75,final_clustering,unmatched_cluster,85,84,14.900354385375977,10.810832023620605,11.339615821838379,26.094682693481445
raw,10.75,final_clustering,unmatched_cluster,86,73,14.887937545776367,10.798284530639648,11.310674667358398,26.85402488708496
raw,10.75,final_clustering,unmatched_cluster,87,70,14.980313301086426,10.792956352233887,11.517448425292969,27.223331451416016
raw,10.75,final_clustering,unmatched_cluster,88,67,15.595799446105957,10.82064437866211,11.742539405822754,28.249719619750977
raw,10.75,final_clustering,unmatched_cluster,89,58,15.778328895568848,10.850570678710938,12.039102554321289,28.055240631103516
raw,10.75,final_clustering,unmatched_cluster,90,57,15.840864181518555,10.822561264038086,11.976271629333496,28.064701080322266
raw,10.75,final_clustering,unmatched_cluster,91,50,15.968827247619629,10.878074645996094,12.450223922729492,27.5311336517334
raw,10.75,final_clustering,unmatched_cluster,92,47,16.466123580932617,10.891883850097656,12.483784675598145,27.70742416381836
raw,10.75,final_clustering,unmatched_cluster,93,48,16.2947940826416,10.83848762512207,12.36741828918457,27.658321380615234
raw,10.75,final_clustering,unmatched_cluster,94,43,16.534591674804688,10.878732681274414,13.589022636413574,27.451948165893555
raw,10.75,final_clustering,unmatched_cluster,95,49,16.412078857421875,10.843451499938965,13.623360633850098,27.304800033569336
raw,10.75,final_clustering,unmatched_cluster,96,47,16.74992561340332,10.854811668395996,13.327150344848633,28.595232009887695
raw,10.75,final_clustering,unmatched_cluster,97,41,17.201034545898438,11.017389297485352,13.588358879089355,28.76956558227539
raw,10.75,final_clustering,unmatched_cluster,98,43,17.03702735900879,11.04489803314209,13.388957023620605,26.527252197265625
raw,10.75,final_clustering,unmatched_cluster,99,45,16.015121459960938,10.931262016296387,12.787640571594238,26.38389015197754
raw,10.75,final_clustering,fp_matched_cluster,0,41,22.659391403198242,17.31279945373535,21.59415626525879,31.319257736206055
raw,10.75,final_clustering,fp_matched_cluster,1,147,20.095596313476562,16.35373306274414,19.76859474182129,24.229734420776367
raw,10.75,final_clustering,fp_matched_cluster,2,283,19.58867073059082,15.656774520874023,19.20762825012207,23.700868606567383
raw,10.75,final_clustering,fp_matched_cluster,3,490,18.905071258544922,15.443422317504883,18.616668701171875,22.495609283447266
raw,10.75,final_clustering,fp_matched_cluster,4,700,18.383541107177734,15.038280487060547,18.059009552001953,21.767131805419922
raw,10.75,final_clustering,fp_matched_cluster,5,890,17.703500747680664,14.7003173828125,17.513717651367188,20.687511444091797
raw,10.75,final_clustering,fp_matched_cluster,6,1080,17.14265251159668,14.161368370056152,16.96685028076172,20.277963638305664
raw,10.75,final_clustering,fp_matched_cluster,7,1255,16.68670654296875,13.92593002319336,16.428340911865234,19.743640899658203
raw,10.75,final_clustering,fp_matched_cluster,8,1340,16.294279098510742,13.498848915100098,15.96975326538086,19.619117736816406
raw,10.75,final_clustering,fp_matched_cluster,9,1466,15.90035629272461,13.25063705444336,15.620119094848633,18.962886810302734
raw,10.75,final_clustering,fp_matched_cluster,10,1500,15.3941068649292,13.043993949890137,15.142104148864746,18.146780014038086
raw,10.75,final_clustering,fp_matched_cluster,11,1598,14.987086296081543,12.831655502319336,14.703014373779297,17.55530548095703
raw,10.75,final_clustering,fp_matched_cluster,12,1519,14.529773712158203,12.493176460266113,14.231047630310059,16.9239559173584
raw,10.75,final_clustering,fp_matched_cluster,13,1568,14.299283027648926,12.357450485229492,13.940658569335938,16.689746856689453
raw,10.75,final_clustering,fp_matched_cluster,14,1633,13.904333114624023,12.153755187988281,13.648056983947754,16.077396392822266
raw,10.75,final_clustering,fp_matched_cluster,15,1775,13.555096626281738,12.015721321105957,13.280241012573242,15.448441505432129
raw,10.75,final_clustering,fp_matched_cluster,16,1764,13.31585693359375,11.82264232635498,13.049259185791016,15.193787574768066
raw,10.75,final_clustering,fp_matched_cluster,17,1814,13.06533432006836,11.645893096923828,12.881526947021484,14.664639472961426
raw,10.75,final_clustering,fp_matched_cluster,18,1762,12.863649368286133,11.58480167388916,12.639114379882812,14.442678451538086
raw,10.75,final_clustering,fp_matched_cluster,19,1799,12.723121643066406,11.435761451721191,12.495996475219727,14.278006553649902
raw,10.75,final_clustering,fp_matched_cluster,20,1830,12.482511520385742,11.369114875793457,12.306962966918945,13.772520065307617
raw,10.75,final_clustering,fp_matched_cluster,21,1815,12.364480018615723,11.27764892578125,12.18850040435791,13.6680326461792
raw,10.75,final_clustering,fp_matched_cluster,22,1887,12.210530281066895,11.176259994506836,12.026079177856445,13.462987899780273
raw,10.75,final_clustering,fp_matched_cluster,23,1790,12.07791805267334,11.138081550598145,11.933184623718262,13.167051315307617
raw,10.75,final_clustering,fp_matched_cluster,24,1816,11.948099136352539,11.050247192382812,11.767501831054688,13.004724502563477
raw,10.75,final_clustering,fp_matched_cluster,25,1822,11.86081314086914,11.01662826538086,11.733317375183105,12.838353157043457
raw,10.75,final_clustering,fp_matched_cluster,26,1805,11.759212493896484,10.977523803710938,11.605929374694824,12.753806114196777
raw,10.75,final_clustering,fp_matched_cluster,27,1742,11.713607788085938,10.950977325439453,11.5665283203125,12.656393051147461
raw,10.75,final_clustering,fp_matched_cluster,28,1657,11.618511199951172,10.903752326965332,11.45350170135498,12.530058860778809
raw,10.75,final_clustering,fp_matched_cluster,29,1564,11.558871269226074,10.894277572631836,11.44894790649414,12.331393241882324
raw,10.75,final_clustering,fp_matched_cluster,30,1517,11.495784759521484,10.865774154663086,11.359834671020508,12.311054229736328
raw,10.75,final_clustering,fp_matched_cluster,31,1399,11.43769645690918,10.866741180419922,11.314566612243652,12.145403861999512
raw,10.75,final_clustering,fp_matched_cluster,32,1331,11.378231048583984,10.850737571716309,11.246232032775879,12.061257362365723
raw,10.75,final_clustering,fp_matched_cluster,33,1233,11.352995872497559,10.821929931640625,11.203097343444824,12.005392074584961
raw,10.75,final_clustering,fp_matched_cluster,34,1153,11.315685272216797,10.827264785766602,11.190895080566406,11.929226875305176
raw,10.75,final_clustering,fp_matched_cluster,35,1041,11.281059265136719,10.824136734008789,11.168603897094727,11.870015144348145
raw,10.75,final_clustering,fp_matched_cluster,36,902,11.26559829711914,10.815770149230957,11.114906311035156,11.915385246276855
raw,10.75,final_clustering,fp_matched_cluster,37,825,11.248712539672852,10.814725875854492,11.121435165405273,11.834429740905762
raw,10.75,final_clustering,fp_matched_cluster,38,720,11.210576057434082,10.814420700073242,11.085077285766602,11.712874412536621
raw,10.75,final_clustering,fp_matched_cluster,39,626,11.162632942199707,10.802534103393555,11.047471046447754,11.693811416625977
raw,10.75,final_clustering,fp_matched_cluster,40,616,11.1595458984375,10.78982162475586,11.051752090454102,11.685489654541016
raw,10.75,final_clustering,fp_matched_cluster,41,470,11.151321411132812,10.782913208007812,11.020654678344727,11.631736755371094
raw,10.75,final_clustering,fp_matched_cluster,42,410,11.16773796081543,10.79633903503418,11.036102294921875,11.688100814819336
raw,10.75,final_clustering,fp_matched_cluster,43,366,11.120036125183105,10.784334182739258,11.007936477661133,11.605264663696289
raw,10.75,final_clustering,fp_matched_cluster,44,287,11.148277282714844,10.78948974609375,11.032187461853027,11.645790100097656
raw,10.75,final_clustering,fp_matched_cluster,45,247,11.108352661132812,10.782136917114258,10.990123748779297,11.583843231201172
raw,10.75,final_clustering,fp_matched_cluster,46,177,11.107054710388184,10.782376289367676,10.973636627197266,11.663405418395996
raw,10.75,final_clustering,fp_matched_cluster,47,191,11.124764442443848,10.78901195526123,11.030144691467285,11.605339050292969
raw,10.75,final_clustering,fp_matched_cluster,48,109,11.063715934753418,10.791492462158203,10.947785377502441,11.506659507751465
raw,10.75,final_clustering,fp_matched_cluster,49,124,11.12712574005127,10.77405071258545,10.9647855758667,11.614912033081055
raw,10.75,final_clustering,fp_matched_cluster,50,98,11.15555477142334,10.793391227722168,10.958354949951172,11.609994888305664
raw,10.75,final_clustering,fp_matched_cluster,51,83,11.131332397460938,10.803762435913086,11.014168739318848,11.632485389709473
raw,10.75,final_clustering,fp_matched_cluster,52,83,11.056986808776855,10.786540031433105,10.934298515319824,11.513415336608887
raw,10.75,final_clustering,fp_matched_cluster,53,57,11.042244911193848,10.789031982421875,10.92705249786377,11.52916431427002
raw,10.75,final_clustering,fp_matched_cluster,54,56,11.076687812805176,10.777761459350586,11.00430965423584,11.417396545410156
raw,10.75,final_clustering,fp_matched_cluster,55,44,11.061880111694336,10.788561820983887,10.974822998046875,11.517040252685547
raw,10.75,final_clustering,fp_matched_cluster,56,31,10.974828720092773,10.763840675354004,10.907859802246094,11.203824996948242
raw,10.75,final_clustering,fp_matched_cluster,57,24,10.956901550292969,10.79203987121582,10.893562316894531,11.211982727050781
raw,10.75,final_clustering,fp_matched_cluster,58,22,11.155133247375488,10.834539413452148,11.04226303100586,11.585320472717285
raw,10.75,final_clustering,fp_matched_cluster,59,17,11.053298950195312,10.769076347351074,10.999624252319336,11.402830123901367
raw,10.75,final_clustering,fp_matched_cluster,60,16,10.982376098632812,10.798625946044922,10.957298278808594,11.20264720916748
raw,10.75,final_clustering,fp_matched_cluster,61,21,10.98611068725586,10.76416015625,10.821514129638672,11.430693626403809
raw,10.75,final_clustering,fp_matched_cluster,62,8,11.020989418029785,10.845196723937988,10.960472106933594,11.300806999206543
raw,10.75,final_clustering,fp_matched_cluster,63,9,10.979973793029785,10.776297569274902,10.945955276489258,11.22984790802002
raw,10.75,final_clustering,fp_matched_cluster,64,9,11.337217330932617,10.887837409973145,11.176278114318848,11.936978340148926
raw,10.75,final_clustering,fp_matched_cluster,65,4,11.089517593383789,10.85315990447998,10.972217559814453,11.419716835021973
raw,10.75,final_clustering,fp_matched_cluster,66,4,10.831979751586914,10.778902053833008,10.824199676513672,10.891278266906738
raw,10.75,final_clustering,fp_matched_cluster,67,8,11.135322570800781,10.932554244995117,10.985624313354492,11.489823341369629
raw,10.75,final_clustering,fp_matched_cluster,68,3,10.791340827941895,10.766986846923828,10.794965744018555,10.814247131347656
raw,10.75,final_clustering,fp_matched_cluster,69,5,10.869246482849121,10.777024269104004,10.8291654586792,10.99183177947998
raw,10.75,final_clustering,fp_matched_cluster,70,3,11.30524730682373,10.98454761505127,11.459296226501465,11.564325332641602
raw,10.75,final_clustering,fp_matched_cluster,71,1,10.825726509094238,10.825726509094238,10.825726509094238,10.825726509094238
raw,10.75,final_clustering,fp_matched_cluster,72,2,11.051580429077148,10.832903861999512,11.051580429077148,11.270256042480469
raw,10.75,final_clustering,fp_matched_cluster,73,3,10.881636619567871,10.841492652893066,10.88196849822998,10.921646118164062
raw,10.75,final_clustering,fp_matched_cluster,74,3,11.364243507385254,11.201708793640137,11.410526275634766,11.50826644897461
raw,10.75,final_clustering,fp_matched_cluster,75,6,11.10478687286377,10.81743049621582,11.005228042602539,11.491703033447266
raw,10.75,final_clustering,fp_matched_cluster,76,2,10.95877456665039,10.946269989013672,10.95877456665039,10.97127914428711
raw,10.75,final_clustering,fp_matched_cluster,77,3,11.386474609375,10.907289505004883,11.147747039794922,11.961151123046875
raw,10.75,final_clustering,fp_matched_cluster,78,2,10.87590503692627,10.859980583190918,10.87590503692627,10.891829490661621
raw,10.75,final_clustering,fp_matched_cluster,80,2,12.290182113647461,11.09688949584961,12.290182113647461,13.483474731445312
raw,10.75,final_clustering,fp_matched_cluster,81,1,11.30243968963623,11.30243968963623,11.30243968963623,11.30243968963623
raw,10.75,final_clustering,fp_matched_cluster,83,1,11.047844886779785,11.047844886779785,11.047844886779785,11.047844886779785
raw,10.75,final_clustering,fp_matched_cluster,84,1,12.868470191955566,12.868470191955566,12.868470191955566,12.868470191955566
raw,10.75,final_clustering,fp_matched_cluster,86,1,10.758953094482422,10.758953094482422,10.758953094482422,10.758953094482422
raw,10.75,final_clustering,fp_matched_cluster,94,1,11.350534439086914,11.350534439086914,11.350534439086914,11.350534439086914
raw,10.75,final_clustering,fp_matched_cluster,97,1,11.09372615814209,11.09372615814209,11.09372615814209,11.09372615814209
raw,10.75,final_clustering,tp,0,9880,35.48246765136719,30.717382431030273,35.98482131958008,40.06840515136719
raw,10.75,final_clustering,tp,1,11501,33.61970138549805,27.50639533996582,34.53857421875,39.02437973022461
raw,10.75,final_clustering,tp,2,9182,30.988452911376953,19.832263946533203,32.54356002807617,37.685081481933594
raw,10.75,final_clustering,tp,3,6947,27.2935791015625,17.65708351135254,29.001697540283203,35.86084747314453
raw,10.75,final_clustering,tp,4,5742,23.767192840576172,16.57484245300293,21.04150390625,33.651119232177734
raw,10.75,final_clustering,tp,5,5334,20.79151153564453,15.841912269592285,19.025697708129883,29.985261917114258
raw,10.75,final_clustering,tp,6,5319,19.1225528717041,15.39382266998291,18.184185028076172,24.042470932006836
raw,10.75,final_clustering,tp,7,5207,18.124778747558594,14.973763465881348,17.652450561523438,21.302722930908203
raw,10.75,final_clustering,tp,8,5036,17.47578239440918,14.709108352661133,17.14252471923828,20.29370880126953
raw,10.75,final_clustering,tp,9,4711,17.01691436767578,14.419398307800293,16.757122039794922,19.829797744750977
raw,10.75,final_clustering,tp,10,4183,16.59715461730957,14.0487642288208,16.373212814331055,19.31266212463379
raw,10.75,final_clustering,tp,11,3659,16.221797943115234,13.803916931152344,16.03304672241211,18.976524353027344
raw,10.75,final_clustering,tp,12,3225,15.85445499420166,13.493277549743652,15.669060707092285,18.461841583251953
raw,10.75,final_clustering,tp,13,2822,15.560423851013184,13.302650451660156,15.307046890258789,18.1586971282959
raw,10.75,final_clustering,tp,14,2423,15.184203147888184,13.084139823913574,14.967662811279297,17.618709564208984
raw,10.75,final_clustering,tp,15,2168,14.791082382202148,12.798315048217773,14.512157440185547,17.062183380126953
raw,10.75,final_clustering,tp,16,1786,14.530410766601562,12.565940856933594,14.301331520080566,16.801773071289062
raw,10.75,final_clustering,tp,17,1558,14.228141784667969,12.356316566467285,13.980661392211914,16.546375274658203
raw,10.75,final_clustering,tp,18,1287,13.997331619262695,12.222153663635254,13.748467445373535,16.105396270751953
raw,10.75,final_clustering,tp,19,1168,13.766207695007324,12.087474822998047,13.509162902832031,15.67736530303955
raw,10.75,final_clustering,tp,20,942,13.484012603759766,11.819453239440918,13.257057189941406,15.383346557617188
raw,10.75,final_clustering,tp,21,780,13.284424781799316,11.715107917785645,12.966285705566406,15.25059700012207
raw,10.75,final_clustering,tp,22,708,13.00732707977295,11.554732322692871,12.763032913208008,14.747361183166504
raw,10.75,final_clustering,tp,23,605,12.836091041564941,11.43634033203125,12.527436256408691,14.61772346496582
raw,10.75,final_clustering,tp,24,555,12.676197052001953,11.363757133483887,12.398707389831543,14.52068042755127
raw,10.75,final_clustering,tp,25,492,12.524673461914062,11.236967086791992,12.309036254882812,14.25
raw,10.75,final_clustering,tp,26,401,12.40085220336914,11.236294746398926,12.068978309631348,14.084024429321289
raw,10.75,final_clustering,tp,27,380,12.257560729980469,11.127945899963379,12.001739501953125,13.831626892089844
raw,10.75,final_clustering,tp,28,368,12.08521556854248,11.095475196838379,11.887073516845703,13.401693344116211
raw,10.75,final_clustering,tp,29,312,11.977397918701172,10.993257522583008,11.792203903198242,13.12854290008545
raw,10.75,final_clustering,tp,30,249,11.915789604187012,11.025154113769531,11.71430492401123,13.10398006439209
raw,10.75,final_clustering,tp,31,261,11.968949317932129,11.015121459960938,11.724141120910645,13.172348976135254
raw,10.75,final_clustering,tp,32,204,11.73299503326416,10.934781074523926,11.52454948425293,12.745558738708496
raw,10.75,final_clustering,tp,33,192,11.676823616027832,10.90343952178955,11.44609260559082,12.829920768737793
raw,10.75,final_clustering,tp,34,147,11.481949806213379,10.899712562561035,11.345815658569336,12.24280071258545
raw,10.75,final_clustering,tp,35,153,11.489577293395996,10.89243221282959,11.31857681274414,12.17378044128418
raw,10.75,final_clustering,tp,36,116,11.552435874938965,10.938644409179688,11.357084274291992,12.464303970336914
raw,10.75,final_clustering,tp,37,72,11.518365859985352,10.927927017211914,11.30648422241211,12.3175630569458
raw,10.75,final_clustering,tp,38,84,11.49711799621582,10.776979446411133,11.218448638916016,12.4828519821167
raw,10.75,final_clustering,tp,39,75,11.306635856628418,10.81736946105957,11.161785125732422,11.900636672973633
raw,10.75,final_clustering,tp,40,50,11.288106918334961,10.850092887878418,11.176619529724121,11.840481758117676
raw,10.75,final_clustering,tp,41,46,11.40935230255127,10.801862716674805,11.23649787902832,12.166980743408203
raw,10.75,final_clustering,tp,42,56,11.795083045959473,10.822256088256836,11.109025955200195,11.95596981048584
raw,10.75,final_clustering,tp,43,46,11.340475082397461,10.810897827148438,11.075857162475586,11.883040428161621
raw,10.75,final_clustering,tp,44,34,11.366090774536133,10.815061569213867,10.992839813232422,12.206962585449219
raw,10.75,final_clustering,tp,45,23,11.2526273727417,10.813366889953613,10.921934127807617,11.549975395202637
raw,10.75,final_clustering,tp,46,18,11.353565216064453,10.80870246887207,11.177164077758789,12.121932983398438
raw,10.75,final_clustering,tp,47,16,11.156497955322266,10.815160751342773,11.011341094970703,11.5481538772583
raw,10.75,final_clustering,tp,48,8,11.119986534118652,10.858925819396973,11.046953201293945,11.405248641967773
raw,10.75,final_clustering,tp,49,10,11.221719741821289,10.772703170776367,11.273168563842773,11.63412857055664
raw,10.75,final_clustering,tp,50,11,11.334299087524414,10.817766189575195,11.280875205993652,11.836874008178711
raw,10.75,final_clustering,tp,51,8,11.110596656799316,10.81764030456543,10.9779052734375,11.627270698547363
raw,10.75,final_clustering,tp,52,7,11.202351570129395,10.851749420166016,11.266033172607422,11.553065299987793
raw,10.75,final_clustering,tp,53,6,10.863112449645996,10.770445823669434,10.79682445526123,11.022066116333008
raw,10.75,final_clustering,tp,54,3,11.437923431396484,10.989241600036621,11.25815486907959,11.958512306213379
raw,10.75,final_clustering,tp,55,2,11.080429077148438,11.080009460449219,11.080429077148438,11.080848693847656
raw,10.75,final_clustering,tp,56,2,10.919010162353516,10.883329391479492,10.919010162353516,10.954690933227539
raw,10.75,final_clustering,tp,58,3,11.602553367614746,11.01705265045166,11.227447509765625,12.338095664978027
raw,10.75,final_clustering,tp,59,2,11.406404495239258,11.076580047607422,11.406404495239258,11.736227989196777
raw,10.75,final_clustering,tp,60,1,30.734365463256836,30.734365463256836,30.734365463256836,30.734365463256836
raw,10.75,final_clustering,tp,61,1,10.913591384887695,10.913591384887695,10.913591384887695,10.913591384887695
raw,10.75,final_clustering,tp,62,3,11.149991035461426,10.83104133605957,11.067312240600586,11.502013206481934
raw,10.75,final_clustering,tp,63,3,11.696548461914062,11.19170093536377,11.641534805297852,12.223402976989746
raw,10.75,final_clustering,tp,66,1,13.662501335144043,13.662501335144043,13.662501335144043,13.662501335144043
raw,10.75,final_clustering,tp,75,1,19.32465171813965,19.32465171813965,19.32465171813965,19.32465171813965
raw,10.75,final_clustering,tp,77,1,10.782422065734863,10.782422065734863,10.782422065734863,10.782422065734863
raw,10.75,final_clustering,tp,80,1,27.239519119262695,27.239519119262695,27.239519119262695,27.239519119262695
raw,10.75,cluster_merging,unmatched_cluster,0,274956,42.59723663330078,28.894229888916016,41.148895263671875,57.498451232910156
raw,10.75,cluster_merging,unmatched_cluster,1,251796,33.54130554199219,23.00287628173828,33.16366195678711,44.349891662597656
raw,10.75,cluster_merging,unmatched_cluster,2,243550,28.773218154907227,20.13808822631836,28.502012252807617,37.57044219970703
raw,10.75,cluster_merging,unmatched_cluster,3,238456,25.59868812561035,18.07294464111328,25.009754180908203,33.696510314941406
raw,10.75,cluster_merging,unmatched_cluster,4,234496,23.22224235534668,16.643795013427734,22.577686309814453,30.653278350830078
raw,10.75,cluster_merging,unmatched_cluster,5,230412,21.3671817779541,15.620745658874512,20.83342742919922,27.92840576171875
raw,10.75,cluster_merging,unmatched_cluster,6,227345,19.8720760345459,14.861868858337402,19.336877822875977,25.607582092285156
raw,10.75,cluster_merging,unmatched_cluster,7,225249,18.656497955322266,14.274640083312988,18.07355308532715,23.721532821655273
raw,10.75,cluster_merging,unmatched_cluster,8,223238,17.649677276611328,13.81233024597168,17.026229858398438,22.273513793945312
raw,10.75,cluster_merging,unmatched_cluster,9,221470,16.809202194213867,13.439770698547363,16.194072723388672,21.02143096923828
raw,10.75,cluster_merging,unmatched_cluster,10,220607,16.089052200317383,13.1160249710083,15.498871803283691,19.91544532775879
raw,10.75,cluster_merging,unmatched_cluster,11,219496,15.487878799438477,12.835725784301758,14.944019317626953,18.926908493041992
raw,10.75,cluster_merging,unmatched_cluster,12,219041,14.968788146972656,12.590412139892578,14.481788635253906,18.01487159729004
raw,10.75,cluster_merging,unmatched_cluster,13,218250,14.521456718444824,12.376029968261719,14.085204124450684,17.226457595825195
raw,10.75,cluster_merging,unmatched_cluster,14,217865,14.132672309875488,12.185338020324707,13.749064445495605,16.56014633178711
raw,10.75,cluster_merging,unmatched_cluster,15,217295,13.793244361877441,12.011087417602539,13.45118522644043,15.971129417419434
raw,10.75,cluster_merging,unmatched_cluster,16,217246,13.494538307189941,11.854496002197266,13.189828872680664,15.469226837158203
raw,10.75,cluster_merging,unmatched_cluster,17,216350,13.232376098632812,11.710569381713867,12.958456039428711,15.046077728271484
raw,10.75,cluster_merging,unmatched_cluster,18,215647,12.994022369384766,11.577766418457031,12.745058059692383,14.667428016662598
raw,10.75,cluster_merging,unmatched_cluster,19,214667,12.784440994262695,11.45945930480957,12.557741165161133,14.33212947845459
raw,10.75,cluster_merging,unmatched_cluster,20,213282,12.6010160446167,11.362128257751465,12.39065170288086,14.036563873291016
raw,10.75,cluster_merging,unmatched_cluster,21,211695,12.431727409362793,11.270883560180664,12.236065864562988,13.775547981262207
raw,10.75,cluster_merging,unmatched_cluster,22,208846,12.283846855163574,11.19460678100586,12.098226547241211,13.540975570678711
raw,10.75,cluster_merging,unmatched_cluster,23,205473,12.149432182312012,11.1268892288208,11.972647666931152,13.334234237670898
raw,10.75,cluster_merging,unmatched_cluster,24,201899,12.029101371765137,11.071491241455078,11.860291481018066,13.144892692565918
raw,10.75,cluster_merging,unmatched_cluster,25,197252,11.921034812927246,11.025708198547363,11.756053924560547,12.974320411682129
raw,10.75,cluster_merging,unmatched_cluster,26,191778,11.821964263916016,10.981308937072754,11.66030502319336,12.81840991973877
raw,10.75,cluster_merging,unmatched_cluster,27,185447,11.735716819763184,10.947260856628418,11.57599925994873,12.686473846435547
raw,10.75,cluster_merging,unmatched_cluster,28,177739,11.660233497619629,10.920470237731934,11.50346851348877,12.556995391845703
raw,10.75,cluster_merging,unmatched_cluster,29,168883,11.59019660949707,10.897647857666016,11.43394660949707,12.439990043640137
raw,10.75,cluster_merging,unmatched_cluster,30,159838,11.530482292175293,10.877973556518555,11.37660026550293,12.33535099029541
raw,10.75,cluster_merging,unmatched_cluster,31,149353,11.47598648071289,10.864099502563477,11.322684288024902,12.243180274963379
raw,10.75,cluster_merging,unmatched_cluster,32,138823,11.427419662475586,10.850178718566895,11.276745796203613,12.157485008239746
raw,10.75,cluster_merging,unmatched_cluster,33,127565,11.384012222290039,10.840597152709961,11.235198020935059,12.079093933105469
raw,10.75,cluster_merging,unmatched_cluster,34,116159,11.34829044342041,10.830338478088379,11.199590682983398,12.017006874084473
raw,10.75,cluster_merging,unmatched_cluster,35,105193,11.314647674560547,10.822809219360352,11.16928768157959,11.956297874450684
raw,10.75,cluster_merging,unmatched_cluster,36,93873,11.290122985839844,10.816710472106934,11.143393516540527,11.914727210998535
raw,10.75,cluster_merging,unmatched_cluster,37,83282,11.26582145690918,10.812773704528809,11.120147705078125,11.868348121643066
raw,10.75,cluster_merging,unmatched_cluster,38,73165,11.24496841430664,10.809720993041992,11.099064826965332,11.820682525634766
raw,10.75,cluster_merging,unmatched_cluster,39,63805,11.227764129638672,10.804006576538086,11.08311939239502,11.789224624633789
raw,10.75,cluster_merging,unmatched_cluster,40,55089,11.211509704589844,10.801039695739746,11.066709518432617,11.759628295898438
raw,10.75,cluster_merging,unmatched_cluster,41,47550,11.19787311553955,10.79964828491211,11.054048538208008,11.736614227294922
raw,10.75,cluster_merging,unmatched_cluster,42,40584,11.186552047729492,10.795784950256348,11.041363716125488,11.709365844726562
raw,10.75,cluster_merging,unmatched_cluster,43,34396,11.18117618560791,10.794254302978516,11.030191421508789,11.696624755859375
raw,10.75,cluster_merging,unmatched_cluster,44,29099,11.173471450805664,10.792314529418945,11.020696640014648,11.673731803894043
raw,10.75,cluster_merging,unmatched_cluster,45,24476,11.172109603881836,10.791683197021484,11.018060684204102,11.669295310974121
raw,10.75,cluster_merging,unmatched_cluster,46,20530,11.169418334960938,10.790075302124023,11.011517524719238,11.670948028564453
raw,10.75,cluster_merging,unmatched_cluster,47,17047,11.169260025024414,10.788169860839844,11.006611824035645,11.66622257232666
raw,10.75,cluster_merging,unmatched_cluster,48,14285,11.176079750061035,10.78801441192627,11.005462646484375,11.660865783691406
raw,10.75,cluster_merging,unmatched_cluster,49,11894,11.177095413208008,10.786972045898438,10.99799919128418,11.66367244720459
raw,10.75,cluster_merging,unmatched_cluster,50,9852,11.192191123962402,10.787263870239258,11.001035690307617,11.667810440063477
raw,10.75,cluster_merging,unmatched_cluster,51,8203,11.198076248168945,10.78930377960205,10.998871803283691,11.690969467163086
raw,10.75,cluster_merging,unmatched_cluster,52,6893,11.205042839050293,10.786170959472656,11.002543449401855,11.70578384399414
raw,10.75,cluster_merging,unmatched_cluster,53,5788,11.221200942993164,10.783977508544922,10.999711990356445,11.70974349975586
raw,10.75,cluster_merging,unmatched_cluster,54,4848,11.22731876373291,10.784893989562988,10.993348121643066,11.70582103729248
raw,10.75,cluster_merging,unmatched_cluster,55,4060,11.252608299255371,10.787474632263184,10.997833251953125,11.728935241699219
raw,10.75,cluster_merging,unmatched_cluster,56,3399,11.26028823852539,10.788397789001465,11.002677917480469,11.722894668579102
raw,10.75,cluster_merging,unmatched_cluster,57,2869,11.289482116699219,10.788384437561035,11.007781028747559,11.745512008666992
raw,10.75,cluster_merging,unmatched_cluster,58,2446,11.32724666595459,10.788030624389648,11.014739990234375,11.78136920928955
raw,10.75,cluster_merging,unmatched_cluster,59,2040,11.35722827911377,10.785981178283691,11.0162353515625,11.810590744018555
raw,10.75,cluster_merging,unmatched_cluster,60,1759,11.400036811828613,10.789380073547363,11.02428913116455,11.819231986999512
raw,10.75,cluster_merging,unmatched_cluster,61,1514,11.442877769470215,10.789443969726562,11.032167434692383,11.853660583496094
raw,10.75,cluster_merging,unmatched_cluster,62,1338,11.479561805725098,10.793805122375488,11.03254222869873,11.9241943359375
raw,10.75,cluster_merging,unmatched_cluster,63,1120,11.534194946289062,10.801136016845703,11.039976119995117,11.856491088867188
raw,10.75,cluster_merging,unmatched_cluster,64,971,11.584379196166992,10.79400634765625,11.055502891540527,11.83036994934082
raw,10.75,cluster_merging,unmatched_cluster,65,837,11.658480644226074,10.79497241973877,11.066701889038086,11.943594932556152
raw,10.75,cluster_merging,unmatched_cluster,66,742,11.718743324279785,10.795194625854492,11.076133728027344,11.934795379638672
raw,10.75,cluster_merging,unmatched_cluster,67,627,11.777740478515625,10.801011085510254,11.067486763000488,11.993573188781738
raw,10.75,cluster_merging,unmatched_cluster,68,565,11.789273262023926,10.809322357177734,11.05878734588623,12.024486541748047
raw,10.75,cluster_merging,unmatched_cluster,69,513,11.884464263916016,10.807599067687988,11.044384956359863,12.070571899414062
raw,10.75,cluster_merging,unmatched_cluster,70,456,11.9283447265625,10.798738479614258,11.050796508789062,11.971115112304688
raw,10.75,cluster_merging,unmatched_cluster,71,412,11.944375991821289,10.8112211227417,11.093353271484375,12.310333251953125
raw,10.75,cluster_merging,unmatched_cluster,72,389,12.020896911621094,10.793306350708008,11.053740501403809,12.240976333618164
raw,10.75,cluster_merging,unmatched_cluster,73,344,12.199777603149414,10.791512489318848,11.059926986694336,12.853854179382324
raw,10.75,cluster_merging,unmatched_cluster,74,305,12.241071701049805,10.801374435424805,11.062145233154297,12.923934936523438
raw,10.75,cluster_merging,unmatched_cluster,75,280,12.244062423706055,10.801774978637695,11.068767547607422,12.964485168457031
raw,10.75,cluster_merging,unmatched_cluster,76,246,12.519244194030762,10.799858093261719,11.066655158996582,14.09803581237793
raw,10.75,cluster_merging,unmatched_cluster,77,220,12.577441215515137,10.797723770141602,11.038406372070312,14.637796401977539
raw,10.75,cluster_merging,unmatched_cluster,78,194,12.686772346496582,10.801935195922852,11.089493751525879,14.634689331054688
raw,10.75,cluster_merging,unmatched_cluster,79,176,12.976677894592285,10.805878639221191,11.085711479187012,15.03864574432373
raw,10.75,cluster_merging,unmatched_cluster,80,148,12.976346015930176,10.814044952392578,11.08497142791748,15.965282440185547
raw,10.75,cluster_merging,unmatched_cluster,81,139,13.138206481933594,10.790915489196777,11.039628028869629,18.46812629699707
raw,10.75,cluster_merging,unmatched_cluster,82,117,13.490019798278809,10.796599388122559,11.094215393066406,20.797300338745117
raw,10.75,cluster_merging,unmatched_cluster,83,108,13.67842960357666,10.769927024841309,11.0796480178833,21.5001277923584
raw,10.75,cluster_merging,unmatched_cluster,84,101,13.767533302307129,10.772775650024414,11.144331932067871,22.155807495117188
raw,10.75,cluster_merging,unmatched_cluster,85,84,14.900354385375977,10.810832023620605,11.339615821838379,26.094682693481445
raw,10.75,cluster_merging,unmatched_cluster,86,73,14.887937545776367,10.798284530639648,11.310674667358398,26.85402488708496
raw,10.75,cluster_merging,unmatched_cluster,87,70,14.980313301086426,10.792956352233887,11.517448425292969,27.223331451416016
raw,10.75,cluster_merging,unmatched_cluster,88,67,15.595799446105957,10.82064437866211,11.742539405822754,28.249719619750977
raw,10.75,cluster_merging,unmatched_cluster,89,58,15.778328895568848,10.850570678710938,12.039102554321289,28.055240631103516
raw,10.75,cluster_merging,unmatched_cluster,90,57,15.840864181518555,10.822561264038086,11.976271629333496,28.064701080322266
raw,10.75,cluster_merging,unmatched_cluster,91,50,15.968827247619629,10.878074645996094,12.450223922729492,27.5311336517334
raw,10.75,cluster_merging,unmatched_cluster,92,47,16.466123580932617,10.891883850097656,12.483784675598145,27.70742416381836
raw,10.75,cluster_merging,unmatched_cluster,93,48,16.2947940826416,10.83848762512207,12.36741828918457,27.658321380615234
raw,10.75,cluster_merging,unmatched_cluster,94,43,16.534591674804688,10.878732681274414,13.589022636413574,27.451948165893555
raw,10.75,cluster_merging,unmatched_cluster,95,49,16.412078857421875,10.843451499938965,13.623360633850098,27.304800033569336
raw,10.75,cluster_merging,unmatched_cluster,96,47,16.74992561340332,10.854811668395996,13.327150344848633,28.595232009887695
raw,10.75,cluster_merging,unmatched_cluster,97,41,17.201034545898438,11.017389297485352,13.588358879089355,28.76956558227539
raw,10.75,cluster_merging,unmatched_cluster,98,43,17.03702735900879,11.04489803314209,13.388957023620605,26.527252197265625
raw,10.75,cluster_merging,unmatched_cluster,99,45,16.015121459960938,10.931262016296387,12.787640571594238,26.38389015197754
raw,10.75,cluster_merging,fp_matched_cluster,0,41,22.659391403198242,17.31279945373535,21.59415626525879,31.319257736206055
raw,10.75,cluster_merging,fp_matched_cluster,1,147,20.095596313476562,16.35373306274414,19.76859474182129,24.229734420776367
raw,10.75,cluster_merging,fp_matched_cluster,2,283,19.58867073059082,15.656774520874023,19.20762825012207,23.700868606567383
raw,10.75,cluster_merging,fp_matched_cluster,3,490,18.905071258544922,15.443422317504883,18.616668701171875,22.495609283447266
raw,10.75,cluster_merging,fp_matched_cluster,4,700,18.383541107177734,15.038280487060547,18.059009552001953,21.767131805419922
raw,10.75,cluster_merging,fp_matched_cluster,5,890,17.703500747680664,14.7003173828125,17.513717651367188,20.687511444091797
raw,10.75,cluster_merging,fp_matched_cluster,6,1080,17.14265251159668,14.161368370056152,16.96685028076172,20.277963638305664
raw,10.75,cluster_merging,fp_matched_cluster,7,1255,16.68670654296875,13.92593002319336,16.428340911865234,19.743640899658203
raw,10.75,cluster_merging,fp_matched_cluster,8,1340,16.294279098510742,13.498848915100098,15.96975326538086,19.619117736816406
raw,10.75,cluster_merging,fp_matched_cluster,9,1466,15.90035629272461,13.25063705444336,15.620119094848633,18.962886810302734
raw,10.75,cluster_merging,fp_matched_cluster,10,1500,15.3941068649292,13.043993949890137,15.142104148864746,18.146780014038086
raw,10.75,cluster_merging,fp_matched_cluster,11,1598,14.987086296081543,12.831655502319336,14.703014373779297,17.55530548095703
raw,10.75,cluster_merging,fp_matched_cluster,12,1519,14.529773712158203,12.493176460266113,14.231047630310059,16.9239559173584
raw,10.75,cluster_merging,fp_matched_cluster,13,1568,14.299283027648926,12.357450485229492,13.940658569335938,16.689746856689453
raw,10.75,cluster_merging,fp_matched_cluster,14,1633,13.904333114624023,12.153755187988281,13.648056983947754,16.077396392822266
raw,10.75,cluster_merging,fp_matched_cluster,15,1775,13.555096626281738,12.015721321105957,13.280241012573242,15.448441505432129
raw,10.75,cluster_merging,fp_matched_cluster,16,1764,13.31585693359375,11.82264232635498,13.049259185791016,15.193787574768066
raw,10.75,cluster_merging,fp_matched_cluster,17,1814,13.06533432006836,11.645893096923828,12.881526947021484,14.664639472961426
raw,10.75,cluster_merging,fp_matched_cluster,18,1762,12.863649368286133,11.58480167388916,12.639114379882812,14.442678451538086
raw,10.75,cluster_merging,fp_matched_cluster,19,1799,12.723121643066406,11.435761451721191,12.495996475219727,14.278006553649902
raw,10.75,cluster_merging,fp_matched_cluster,20,1830,12.482511520385742,11.369114875793457,12.306962966918945,13.772520065307617
raw,10.75,cluster_merging,fp_matched_cluster,21,1815,12.364480018615723,11.27764892578125,12.18850040435791,13.6680326461792
raw,10.75,cluster_merging,fp_matched_cluster,22,1887,12.210530281066895,11.176259994506836,12.026079177856445,13.462987899780273
raw,10.75,cluster_merging,fp_matched_cluster,23,1790,12.07791805267334,11.138081550598145,11.933184623718262,13.167051315307617
raw,10.75,cluster_merging,fp_matched_cluster,24,1816,11.948099136352539,11.050247192382812,11.767501831054688,13.004724502563477
raw,10.75,cluster_merging,fp_matched_cluster,25,1822,11.86081314086914,11.01662826538086,11.733317375183105,12.838353157043457
raw,10.75,cluster_merging,fp_matched_cluster,26,1805,11.759212493896484,10.977523803710938,11.605929374694824,12.753806114196777
raw,10.75,cluster_merging,fp_matched_cluster,27,1742,11.713607788085938,10.950977325439453,11.5665283203125,12.656393051147461
raw,10.75,cluster_merging,fp_matched_cluster,28,1657,11.618511199951172,10.903752326965332,11.45350170135498,12.530058860778809
raw,10.75,cluster_merging,fp_matched_cluster,29,1564,11.558871269226074,10.894277572631836,11.44894790649414,12.331393241882324
raw,10.75,cluster_merging,fp_matched_cluster,30,1517,11.495784759521484,10.865774154663086,11.359834671020508,12.311054229736328
raw,10.75,cluster_merging,fp_matched_cluster,31,1399,11.43769645690918,10.866741180419922,11.314566612243652,12.145403861999512
raw,10.75,cluster_merging,fp_matched_cluster,32,1331,11.378231048583984,10.850737571716309,11.246232032775879,12.061257362365723
raw,10.75,cluster_merging,fp_matched_cluster,33,1233,11.352995872497559,10.821929931640625,11.203097343444824,12.005392074584961
raw,10.75,cluster_merging,fp_matched_cluster,34,1153,11.315685272216797,10.827264785766602,11.190895080566406,11.929226875305176
raw,10.75,cluster_merging,fp_matched_cluster,35,1041,11.281059265136719,10.824136734008789,11.168603897094727,11.870015144348145
raw,10.75,cluster_merging,fp_matched_cluster,36,902,11.26559829711914,10.815770149230957,11.114906311035156,11.915385246276855
raw,10.75,cluster_merging,fp_matched_cluster,37,825,11.248712539672852,10.814725875854492,11.121435165405273,11.834429740905762
raw,10.75,cluster_merging,fp_matched_cluster,38,720,11.210576057434082,10.814420700073242,11.085077285766602,11.712874412536621
raw,10.75,cluster_merging,fp_matched_cluster,39,626,11.162632942199707,10.802534103393555,11.047471046447754,11.693811416625977
raw,10.75,cluster_merging,fp_matched_cluster,40,616,11.1595458984375,10.78982162475586,11.051752090454102,11.685489654541016
raw,10.75,cluster_merging,fp_matched_cluster,41,470,11.151321411132812,10.782913208007812,11.020654678344727,11.631736755371094
raw,10.75,cluster_merging,fp_matched_cluster,42,410,11.16773796081543,10.79633903503418,11.036102294921875,11.688100814819336
raw,10.75,cluster_merging,fp_matched_cluster,43,366,11.120036125183105,10.784334182739258,11.007936477661133,11.605264663696289
raw,10.75,cluster_merging,fp_matched_cluster,44,287,11.148277282714844,10.78948974609375,11.032187461853027,11.645790100097656
raw,10.75,cluster_merging,fp_matched_cluster,45,247,11.108352661132812,10.782136917114258,10.990123748779297,11.583843231201172
raw,10.75,cluster_merging,fp_matched_cluster,46,177,11.107054710388184,10.782376289367676,10.973636627197266,11.663405418395996
raw,10.75,cluster_merging,fp_matched_cluster,47,191,11.124764442443848,10.78901195526123,11.030144691467285,11.605339050292969
raw,10.75,cluster_merging,fp_matched_cluster,48,109,11.063715934753418,10.791492462158203,10.947785377502441,11.506659507751465
raw,10.75,cluster_merging,fp_matched_cluster,49,124,11.12712574005127,10.77405071258545,10.9647855758667,11.614912033081055
raw,10.75,cluster_merging,fp_matched_cluster,50,98,11.15555477142334,10.793391227722168,10.958354949951172,11.609994888305664
raw,10.75,cluster_merging,fp_matched_cluster,51,83,11.131332397460938,10.803762435913086,11.014168739318848,11.632485389709473
raw,10.75,cluster_merging,fp_matched_cluster,52,83,11.056986808776855,10.786540031433105,10.934298515319824,11.513415336608887
raw,10.75,cluster_merging,fp_matched_cluster,53,57,11.042244911193848,10.789031982421875,10.92705249786377,11.52916431427002
raw,10.75,cluster_merging,fp_matched_cluster,54,56,11.076687812805176,10.777761459350586,11.00430965423584,11.417396545410156
raw,10.75,cluster_merging,fp_matched_cluster,55,44,11.061880111694336,10.788561820983887,10.974822998046875,11.517040252685547
raw,10.75,cluster_merging,fp_matched_cluster,56,31,10.974828720092773,10.763840675354004,10.907859802246094,11.203824996948242
raw,10.75,cluster_merging,fp_matched_cluster,57,24,10.956901550292969,10.79203987121582,10.893562316894531,11.211982727050781
raw,10.75,cluster_merging,fp_matched_cluster,58,22,11.155133247375488,10.834539413452148,11.04226303100586,11.585320472717285
raw,10.75,cluster_merging,fp_matched_cluster,59,17,11.053298950195312,10.769076347351074,10.999624252319336,11.402830123901367
raw,10.75,cluster_merging,fp_matched_cluster,60,16,10.982376098632812,10.798625946044922,10.957298278808594,11.20264720916748
raw,10.75,cluster_merging,fp_matched_cluster,61,21,10.98611068725586,10.76416015625,10.821514129638672,11.430693626403809
raw,10.75,cluster_merging,fp_matched_cluster,62,8,11.020989418029785,10.845196723937988,10.960472106933594,11.300806999206543
raw,10.75,cluster_merging,fp_matched_cluster,63,9,10.979973793029785,10.776297569274902,10.945955276489258,11.22984790802002
raw,10.75,cluster_merging,fp_matched_cluster,64,9,11.337217330932617,10.887837409973145,11.176278114318848,11.936978340148926
raw,10.75,cluster_merging,fp_matched_cluster,65,4,11.089517593383789,10.85315990447998,10.972217559814453,11.419716835021973
raw,10.75,cluster_merging,fp_matched_cluster,66,4,10.831979751586914,10.778902053833008,10.824199676513672,10.891278266906738
raw,10.75,cluster_merging,fp_matched_cluster,67,8,11.135322570800781,10.932554244995117,10.985624313354492,11.489823341369629
raw,10.75,cluster_merging,fp_matched_cluster,68,3,10.791340827941895,10.766986846923828,10.794965744018555,10.814247131347656
raw,10.75,cluster_merging,fp_matched_cluster,69,5,10.869246482849121,10.777024269104004,10.8291654586792,10.99183177947998
raw,10.75,cluster_merging,fp_matched_cluster,70,3,11.30524730682373,10.98454761505127,11.459296226501465,11.564325332641602
raw,10.75,cluster_merging,fp_matched_cluster,71,1,10.825726509094238,10.825726509094238,10.825726509094238,10.825726509094238
raw,10.75,cluster_merging,fp_matched_cluster,72,2,11.051580429077148,10.832903861999512,11.051580429077148,11.270256042480469
raw,10.75,cluster_merging,fp_matched_cluster,73,3,10.881636619567871,10.841492652893066,10.88196849822998,10.921646118164062
raw,10.75,cluster_merging,fp_matched_cluster,74,3,11.364243507385254,11.201708793640137,11.410526275634766,11.50826644897461
raw,10.75,cluster_merging,fp_matched_cluster,75,6,11.10478687286377,10.81743049621582,11.005228042602539,11.491703033447266
raw,10.75,cluster_merging,fp_matched_cluster,76,2,10.95877456665039,10.946269989013672,10.95877456665039,10.97127914428711
raw,10.75,cluster_merging,fp_matched_cluster,77,3,11.386474609375,10.907289505004883,11.147747039794922,11.961151123046875
raw,10.75,cluster_merging,fp_matched_cluster,78,2,10.87590503692627,10.859980583190918,10.87590503692627,10.891829490661621
raw,10.75,cluster_merging,fp_matched_cluster,80,2,12.290182113647461,11.09688949584961,12.290182113647461,13.483474731445312
raw,10.75,cluster_merging,fp_matched_cluster,81,1,11.30243968963623,11.30243968963623,11.30243968963623,11.30243968963623
raw,10.75,cluster_merging,fp_matched_cluster,83,1,11.047844886779785,11.047844886779785,11.047844886779785,11.047844886779785
raw,10.75,cluster_merging,fp_matched_cluster,84,1,12.868470191955566,12.868470191955566,12.868470191955566,12.868470191955566
raw,10.75,cluster_merging,fp_matched_cluster,86,1,10.758953094482422,10.758953094482422,10.758953094482422,10.758953094482422
raw,10.75,cluster_merging,fp_matched_cluster,94,1,11.350534439086914,11.350534439086914,11.350534439086914,11.350534439086914
raw,10.75,cluster_merging,fp_matched_cluster,97,1,11.09372615814209,11.09372615814209,11.09372615814209,11.09372615814209
raw,10.75,cluster_merging,tp,0,9880,35.48246765136719,30.717382431030273,35.98482131958008,40.06840515136719
raw,10.75,cluster_merging,tp,1,11501,33.61970138549805,27.50639533996582,34.53857421875,39.02437973022461
raw,10.75,cluster_merging,tp,2,9182,30.988452911376953,19.832263946533203,32.54356002807617,37.685081481933594
raw,10.75,cluster_merging,tp,3,6947,27.2935791015625,17.65708351135254,29.001697540283203,35.86084747314453
raw,10.75,cluster_merging,tp,4,5742,23.767192840576172,16.57484245300293,21.04150390625,33.651119232177734
raw,10.75,cluster_merging,tp,5,5334,20.79151153564453,15.841912269592285,19.025697708129883,29.985261917114258
raw,10.75,cluster_merging,tp,6,5319,19.1225528717041,15.39382266998291,18.184185028076172,24.042470932006836
raw,10.75,cluster_merging,tp,7,5207,18.124778747558594,14.973763465881348,17.652450561523438,21.302722930908203
raw,10.75,cluster_merging,tp,8,5036,17.47578239440918,14.709108352661133,17.14252471923828,20.29370880126953
raw,10.75,cluster_merging,tp,9,4711,17.01691436767578,14.419398307800293,16.757122039794922,19.829797744750977
raw,10.75,cluster_merging,tp,10,4183,16.59715461730957,14.0487642288208,16.373212814331055,19.31266212463379
raw,10.75,cluster_merging,tp,11,3659,16.221797943115234,13.803916931152344,16.03304672241211,18.976524353027344
raw,10.75,cluster_merging,tp,12,3225,15.85445499420166,13.493277549743652,15.669060707092285,18.461841583251953
raw,10.75,cluster_merging,tp,13,2822,15.560423851013184,13.302650451660156,15.307046890258789,18.1586971282959
raw,10.75,cluster_merging,tp,14,2423,15.184203147888184,13.084139823913574,14.967662811279297,17.618709564208984
raw,10.75,cluster_merging,tp,15,2168,14.791082382202148,12.798315048217773,14.512157440185547,17.062183380126953
raw,10.75,cluster_merging,tp,16,1786,14.530410766601562,12.565940856933594,14.301331520080566,16.801773071289062
raw,10.75,cluster_merging,tp,17,1558,14.228141784667969,12.356316566467285,13.980661392211914,16.546375274658203
raw,10.75,cluster_merging,tp,18,1287,13.997331619262695,12.222153663635254,13.748467445373535,16.105396270751953
raw,10.75,cluster_merging,tp,19,1168,13.766207695007324,12.087474822998047,13.509162902832031,15.67736530303955
raw,10.75,cluster_merging,tp,20,942,13.484012603759766,11.819453239440918,13.257057189941406,15.383346557617188
raw,10.75,cluster_merging,tp,21,780,13.284424781799316,11.715107917785645,12.966285705566406,15.25059700012207
raw,10.75,cluster_merging,tp,22,708,13.00732707977295,11.554732322692871,12.763032913208008,14.747361183166504
raw,10.75,cluster_merging,tp,23,605,12.836091041564941,11.43634033203125,12.527436256408691,14.61772346496582
raw,10.75,cluster_merging,tp,24,555,12.676197052001953,11.363757133483887,12.398707389831543,14.52068042755127
raw,10.75,cluster_merging,tp,25,492,12.524673461914062,11.236967086791992,12.309036254882812,14.25
raw,10.75,cluster_merging,tp,26,401,12.40085220336914,11.236294746398926,12.068978309631348,14.084024429321289
raw,10.75,cluster_merging,tp,27,380,12.257560729980469,11.127945899963379,12.001739501953125,13.831626892089844
raw,10.75,cluster_merging,tp,28,368,12.08521556854248,11.095475196838379,11.887073516845703,13.401693344116211
raw,10.75,cluster_merging,tp,29,312,11.977397918701172,10.993257522583008,11.792203903198242,13.12854290008545
raw,10.75,cluster_merging,tp,30,249,11.915789604187012,11.025154113769531,11.71430492401123,13.10398006439209
raw,10.75,cluster_merging,tp,31,261,11.968949317932129,11.015121459960938,11.724141120910645,13.172348976135254
raw,10.75,cluster_merging,tp,32,204,11.73299503326416,10.934781074523926,11.52454948425293,12.745558738708496
raw,10.75,cluster_merging,tp,33,192,11.676823616027832,10.90343952178955,11.44609260559082,12.829920768737793
raw,10.75,cluster_merging,tp,34,147,11.481949806213379,10.899712562561035,11.345815658569336,12.24280071258545
raw,10.75,cluster_merging,tp,35,153,11.489577293395996,10.89243221282959,11.31857681274414,12.17378044128418
raw,10.75,cluster_merging,tp,36,116,11.552435874938965,10.938644409179688,11.357084274291992,12.464303970336914
raw,10.75,cluster_merging,tp,37,72,11.518365859985352,10.927927017211914,11.30648422241211,12.3175630569458
raw,10.75,cluster_merging,tp,38,84,11.49711799621582,10.776979446411133,11.218448638916016,12.4828519821167
raw,10.75,cluster_merging,tp,39,75,11.306635856628418,10.81736946105957,11.161785125732422,11.900636672973633
raw,10.75,cluster_merging,tp,40,50,11.288106918334961,10.850092887878418,11.176619529724121,11.840481758117676
raw,10.75,cluster_merging,tp,41,46,11.40935230255127,10.801862716674805,11.23649787902832,12.166980743408203
raw,10.75,cluster_merging,tp,42,56,11.795083045959473,10.822256088256836,11.109025955200195,11.95596981048584
raw,10.75,cluster_merging,tp,43,46,11.340475082397461,10.810897827148438,11.075857162475586,11.883040428161621
raw,10.75,cluster_merging,tp,44,34,11.366090774536133,10.815061569213867,10.992839813232422,12.206962585449219
raw,10.75,cluster_merging,tp,45,23,11.2526273727417,10.813366889953613,10.921934127807617,11.549975395202637
raw,10.75,cluster_merging,tp,46,18,11.353565216064453,10.80870246887207,11.177164077758789,12.121932983398438
raw,10.75,cluster_merging,tp,47,16,11.156497955322266,10.815160751342773,11.011341094970703,11.5481538772583
raw,10.75,cluster_merging,tp,48,8,11.119986534118652,10.858925819396973,11.046953201293945,11.405248641967773
raw,10.75,cluster_merging,tp,49,10,11.221719741821289,10.772703170776367,11.273168563842773,11.63412857055664
raw,10.75,cluster_merging,tp,50,11,11.334299087524414,10.817766189575195,11.280875205993652,11.836874008178711
raw,10.75,cluster_merging,tp,51,8,11.110596656799316,10.81764030456543,10.9779052734375,11.627270698547363
raw,10.75,cluster_merging,tp,52,7,11.202351570129395,10.851749420166016,11.266033172607422,11.553065299987793
raw,10.75,cluster_merging,tp,53,6,10.863112449645996,10.770445823669434,10.79682445526123,11.022066116333008
raw,10.75,cluster_merging,tp,54,3,11.437923431396484,10.989241600036621,11.25815486907959,11.958512306213379
raw,10.75,cluster_merging,tp,55,2,11.080429077148438,11.080009460449219,11.080429077148438,11.080848693847656
raw,10.75,cluster_merging,tp,56,2,10.919010162353516,10.883329391479492,10.919010162353516,10.954690933227539
raw,10.75,cluster_merging,tp,58,3,11.602553367614746,11.01705265045166,11.227447509765625,12.338095664978027
raw,10.75,cluster_merging,tp,59,2,11.406404495239258,11.076580047607422,11.406404495239258,11.736227989196777
raw,10.75,cluster_merging,tp,60,1,30.734365463256836,30.734365463256836,30.734365463256836,30.734365463256836
raw,10.75,cluster_merging,tp,61,1,10.913591384887695,10.913591384887695,10.913591384887695,10.913591384887695
raw,10.75,cluster_merging,tp,62,3,11.149991035461426,10.83104133605957,11.067312240600586,11.502013206481934
raw,10.75,cluster_merging,tp,63,3,11.696548461914062,11.19170093536377,11.641534805297852,12.223402976989746
raw,10.75,cluster_merging,tp,66,1,13.662501335144043,13.662501335144043,13.662501335144043,13.662501335144043
raw,10.75,cluster_merging,tp,75,1,19.32465171813965,19.32465171813965,19.32465171813965,19.32465171813965
raw,10.75,cluster_merging,tp,77,1,10.782422065734863,10.782422065734863,10.782422065734863,10.782422065734863
raw,10.75,cluster_merging,tp,80,1,27.239519119262695,27.239519119262695,27.239519119262695,27.239519119262695
raw,10.75,duplicate_removal,unmatched_cluster,0,274282,42.58547592163086,28.896957397460938,41.133453369140625,57.494110107421875
raw,10.75,duplicate_removal,unmatched_cluster,1,251262,33.53746032714844,23.009563446044922,33.16688919067383,44.340431213378906
raw,10.75,duplicate_removal,unmatched_cluster,2,242965,28.768329620361328,20.139577865600586,28.505722045898438,37.56641387939453
raw,10.75,duplicate_removal,unmatched_cluster,3,237730,25.594987869262695,18.07378578186035,25.008581161499023,33.69648361206055
raw,10.75,duplicate_removal,unmatched_cluster,4,233678,23.216121673583984,16.64456558227539,22.574974060058594,30.650346755981445
raw,10.75,duplicate_removal,unmatched_cluster,5,229552,21.359249114990234,15.621968269348145,20.83071517944336,27.915239334106445
raw,10.75,duplicate_removal,unmatched_cluster,6,226492,19.867385864257812,14.86361026763916,19.337047576904297,25.600135803222656
raw,10.75,duplicate_removal,unmatched_cluster,7,224408,18.65357780456543,14.275667190551758,18.075557708740234,23.715604782104492
raw,10.75,duplicate_removal,unmatched_cluster,8,222292,17.645116806030273,13.812995910644531,17.027511596679688,22.26877784729004
raw,10.75,duplicate_removal,unmatched_cluster,9,220516,16.805946350097656,13.440268516540527,16.196195602416992,21.019384384155273
raw,10.75,duplicate_removal,unmatched_cluster,10,219603,16.08502197265625,13.116469383239746,15.499710083007812,19.91367530822754
raw,10.75,duplicate_removal,unmatched_cluster,11,218439,15.484295845031738,12.836241722106934,14.944772720336914,18.92548370361328
raw,10.75,duplicate_removal,unmatched_cluster,12,217962,14.965539932250977,12.590496063232422,14.481552124023438,18.013530731201172
raw,10.75,duplicate_removal,unmatched_cluster,13,217130,14.517646789550781,12.375517845153809,14.085493087768555,17.224340438842773
raw,10.75,duplicate_removal,unmatched_cluster,14,216666,14.12919807434082,12.185851097106934,13.74888801574707,16.558650970458984
raw,10.75,duplicate_removal,unmatched_cluster,15,216104,13.789726257324219,12.010904312133789,13.450489044189453,15.968990325927734
raw,10.75,duplicate_removal,unmatched_cluster,16,216075,13.491013526916504,11.853998184204102,13.189338684082031,15.466779708862305
raw,10.75,duplicate_removal,unmatched_cluster,17,215112,13.228699684143066,11.710746765136719,12.957687377929688,15.042229652404785
raw,10.75,duplicate_removal,unmatched_cluster,18,214455,12.990365982055664,11.577190399169922,12.744296073913574,14.664758682250977
raw,10.75,duplicate_removal,unmatched_cluster,19,213454,12.780940055847168,11.459230422973633,12.55744743347168,14.329245567321777
raw,10.75,duplicate_removal,unmatched_cluster,20,211921,12.597699165344238,11.361615180969238,12.38978099822998,14.033658027648926
raw,10.75,duplicate_removal,unmatched_cluster,21,210373,12.428244590759277,11.27087688446045,12.235535621643066,13.773058891296387
raw,10.75,duplicate_removal,unmatched_cluster,22,207453,12.280348777770996,11.194464683532715,12.097639083862305,13.538227081298828
raw,10.75,duplicate_removal,unmatched_cluster,23,204140,12.14564037322998,11.126781463623047,11.97248649597168,13.331461906433105
raw,10.75,duplicate_removal,unmatched_cluster,24,200565,12.025057792663574,11.071556091308594,11.859537124633789,13.14193058013916
raw,10.75,duplicate_removal,unmatched_cluster,25,195921,11.916637420654297,11.02570629119873,11.755495071411133,12.971258163452148
raw,10.75,duplicate_removal,unmatched_cluster,26,190456,11.818047523498535,10.981382369995117,11.65954875946045,12.814905166625977
raw,10.75,duplicate_removal,unmatched_cluster,27,184099,11.732007026672363,10.947113990783691,11.57524299621582,12.684225082397461
raw,10.75,duplicate_removal,unmatched_cluster,28,176381,11.656761169433594,10.920376777648926,11.502863883972168,12.553889274597168
raw,10.75,duplicate_removal,unmatched_cluster,29,167689,11.586647033691406,10.897372245788574,11.433368682861328,12.437491416931152
raw,10.75,duplicate_removal,unmatched_cluster,30,158631,11.526631355285645,10.877747535705566,11.375961303710938,12.332703590393066
raw,10.75,duplicate_removal,unmatched_cluster,31,148240,11.472607612609863,10.86393928527832,11.322324752807617,12.24145221710205
raw,10.75,duplicate_removal,unmatched_cluster,32,137691,11.423166275024414,10.850049018859863,11.276016235351562,12.154748916625977
raw,10.75,duplicate_removal,unmatched_cluster,33,126536,11.380253791809082,10.840600967407227,11.234556198120117,12.075735092163086
raw,10.75,duplicate_removal,unmatched_cluster,34,115286,11.34444522857666,10.830142974853516,11.199002265930176,12.01427936553955
raw,10.75,duplicate_removal,unmatched_cluster,35,104350,11.310704231262207,10.82266616821289,11.16830062866211,11.953352928161621
raw,10.75,duplicate_removal,unmatched_cluster,36,93049,11.285964965820312,10.816652297973633,11.142946243286133,11.911870956420898
raw,10.75,duplicate_removal,unmatched_cluster,37,82540,11.261995315551758,10.812691688537598,11.119491577148438,11.86478042602539
raw,10.75,duplicate_removal,unmatched_cluster,38,72514,11.23886489868164,10.809554100036621,11.098356246948242,11.816876411437988
raw,10.75,duplicate_removal,unmatched_cluster,39,63199,11.21859359741211,10.803833961486816,11.081993103027344,11.784834861755371
raw,10.75,duplicate_removal,unmatched_cluster,40,54585,11.204158782958984,10.800871849060059,11.065821647644043,11.755232810974121
raw,10.75,duplicate_removal,unmatched_cluster,41,47099,11.189845085144043,10.799457550048828,11.053430557250977,11.73213005065918
raw,10.75,duplicate_removal,unmatched_cluster,42,40184,11.17805004119873,10.795659065246582,11.040733337402344,11.704638481140137
raw,10.75,duplicate_removal,unmatched_cluster,43,34022,11.17085075378418,10.794201850891113,11.029655456542969,11.691523551940918
raw,10.75,duplicate_removal,unmatched_cluster,44,28755,11.159096717834473,10.792145729064941,11.01908016204834,11.664238929748535
raw,10.75,duplicate_removal,unmatched_cluster,45,24209,11.158868789672852,10.791610717773438,11.017449378967285,11.662650108337402
raw,10.75,duplicate_removal,unmatched_cluster,46,20274,11.149229049682617,10.78989028930664,11.010091781616211,11.661389350891113
raw,10.75,duplicate_removal,unmatched_cluster,47,16831,11.154378890991211,10.788159370422363,11.005926132202148,11.656733512878418
raw,10.75,duplicate_removal,unmatched_cluster,48,14109,11.156234741210938,10.78793716430664,11.003320693969727,11.652960777282715
raw,10.75,duplicate_removal,unmatched_cluster,49,11725,11.14474105834961,10.786704063415527,10.995989799499512,11.651266098022461
raw,10.75,duplicate_removal,unmatched_cluster,50,9715,11.15993595123291,10.787221908569336,10.999747276306152,11.654427528381348
raw,10.75,duplicate_removal,unmatched_cluster,51,8080,11.157561302185059,10.78896427154541,10.997435569763184,11.67168140411377
raw,10.75,duplicate_removal,unmatched_cluster,52,6794,11.158747673034668,10.78574275970459,11.00093936920166,11.687068939208984
raw,10.75,duplicate_removal,unmatched_cluster,53,5714,11.18598461151123,10.783931732177734,10.998703002929688,11.701874732971191
raw,10.75,duplicate_removal,unmatched_cluster,54,4772,11.173702239990234,10.784643173217773,10.990397453308105,11.684505462646484
raw,10.75,duplicate_removal,unmatched_cluster,55,3989,11.221765518188477,10.787332534790039,10.996554374694824,11.71249008178711
raw,10.75,duplicate_removal,unmatched_cluster,56,3334,11.188063621520996,10.788236618041992,11.000835418701172,11.695838928222656
raw,10.75,duplicate_removal,unmatched_cluster,57,2809,11.190171241760254,10.787393569946289,11.002788543701172,11.710371017456055
raw,10.75,duplicate_removal,unmatched_cluster,58,2397,11.268418312072754,10.788094520568848,11.011802673339844,11.770804405212402
raw,10.75,duplicate_removal,unmatched_cluster,59,1994,11.256123542785645,10.785819053649902,11.011844635009766,11.767083168029785
raw,10.75,duplicate_removal,unmatched_cluster,60,1706,11.275310516357422,10.78904914855957,11.02023696899414,11.750035285949707
raw,10.75,duplicate_removal,unmatched_cluster,61,1470,11.297844886779785,10.7890625,11.028115272521973,11.783173561096191
raw,10.75,duplicate_removal,unmatched_cluster,62,1293,11.316580772399902,10.791473388671875,11.027154922485352,11.831233024597168
raw,10.75,duplicate_removal,unmatched_cluster,63,1079,11.302094459533691,10.799665451049805,11.032255172729492,11.779229164123535
raw,10.75,duplicate_removal,unmatched_cluster,64,938,11.351770401000977,10.793841361999512,11.044717788696289,11.78952407836914
raw,10.75,duplicate_removal,unmatched_cluster,65,816,11.434486389160156,10.793581008911133,11.058822631835938,11.859506607055664
raw,10.75,duplicate_removal,unmatched_cluster,66,708,11.358816146850586,10.794696807861328,11.06598949432373,11.774775505065918
raw,10.75,duplicate_removal,unmatched_cluster,67,599,11.534728050231934,10.800773620605469,11.058809280395508,11.828007698059082
raw,10.75,duplicate_removal,unmatched_cluster,68,546,11.610260963439941,10.808708190917969,11.054985046386719,11.952253341674805
raw,10.75,duplicate_removal,unmatched_cluster,69,484,11.414673805236816,10.804771423339844,11.031360626220703,11.887277603149414
raw,10.75,duplicate_removal,unmatched_cluster,70,430,11.601346015930176,10.794214248657227,11.041954040527344,11.806711196899414
raw,10.75,duplicate_removal,unmatched_cluster,71,390,11.471028327941895,10.809192657470703,11.06103515625,11.869933128356934
raw,10.75,duplicate_removal,unmatched_cluster,72,360,11.446674346923828,10.790435791015625,11.026660919189453,11.783271789550781
raw,10.75,duplicate_removal,unmatched_cluster,73,323,11.59492015838623,10.78993034362793,11.050692558288574,12.256537437438965
raw,10.75,duplicate_removal,unmatched_cluster,74,278,11.429841995239258,10.799148559570312,11.040607452392578,11.916277885437012
raw,10.75,duplicate_removal,unmatched_cluster,75,263,11.631446838378906,10.801445007324219,11.052431106567383,12.183966636657715
raw,10.75,duplicate_removal,unmatched_cluster,76,229,11.94883918762207,10.797361373901367,11.058116912841797,13.189043045043945
raw,10.75,duplicate_removal,unmatched_cluster,77,202,11.78388500213623,10.795877456665039,11.0169677734375,12.605749130249023
raw,10.75,duplicate_removal,unmatched_cluster,78,174,11.693940162658691,10.79494571685791,11.041027069091797,12.3056058883667
raw,10.75,duplicate_removal,unmatched_cluster,79,155,11.681073188781738,10.802590370178223,11.057211875915527,12.334952354431152
raw,10.75,duplicate_removal,unmatched_cluster,80,128,11.820854187011719,10.807168960571289,11.00075626373291,12.484267234802246
raw,10.75,duplicate_removal,unmatched_cluster,81,121,12.33985710144043,10.785027503967285,10.981337547302246,13.661317825317383
raw,10.75,duplicate_removal,unmatched_cluster,82,100,12.540081024169922,10.791818618774414,11.018653869628906,13.877276420593262
raw,10.75,duplicate_removal,unmatched_cluster,83,96,12.629535675048828,10.769000053405762,11.028319358825684,13.766191482543945
raw,10.75,duplicate_removal,unmatched_cluster,84,83,12.340405464172363,10.773490905761719,11.02408504486084,13.984713554382324
raw,10.75,duplicate_removal,unmatched_cluster,85,67,12.62242603302002,10.799956321716309,11.06425952911377,15.754806518554688
raw,10.75,duplicate_removal,unmatched_cluster,86,60,13.334280967712402,10.788269996643066,11.14665412902832,20.061471939086914
raw,10.75,duplicate_removal,unmatched_cluster,87,56,13.441938400268555,10.769304275512695,11.126279830932617,21.654096603393555
raw,10.75,duplicate_removal,unmatched_cluster,88,47,12.413363456726074,10.808189392089844,11.127883911132812,17.225536346435547
raw,10.75,duplicate_removal,unmatched_cluster,89,45,14.391303062438965,10.812314987182617,11.193232536315918,26.722827911376953
raw,10.75,duplicate_removal,unmatched_cluster,90,46,14.44451904296875,10.80877685546875,11.834188461303711,26.73613739013672
raw,10.75,duplicate_removal,unmatched_cluster,91,37,14.085678100585938,10.861349105834961,11.882909774780273,26.768354415893555
raw,10.75,duplicate_removal,unmatched_cluster,92,35,14.335331916809082,10.853368759155273,11.483572006225586,24.71907615661621
raw,10.75,duplicate_removal,unmatched_cluster,93,40,15.247076034545898,10.814327239990234,11.656291007995605,27.57518196105957
raw,10.75,duplicate_removal,unmatched_cluster,94,34,14.934196472167969,10.855487823486328,11.774971008300781,22.653963088989258
raw,10.75,duplicate_removal,unmatched_cluster,95,40,14.826764106750488,10.830835342407227,11.642770767211914,25.873817443847656
raw,10.75,duplicate_removal,unmatched_cluster,96,34,14.89162540435791,10.828458786010742,11.489164352416992,25.590768814086914
raw,10.75,duplicate_removal,unmatched_cluster,97,26,13.715253829956055,10.931133270263672,11.513120651245117,19.064517974853516
raw,10.75,duplicate_removal,unmatched_cluster,98,28,14.786015510559082,10.960489273071289,11.47653579711914,25.524681091308594
raw,10.75,duplicate_removal,unmatched_cluster,99,35,14.737957000732422,10.889679908752441,11.872274398803711,26.0427303314209
raw,10.75,duplicate_removal,fp_matched_cluster,0,39,22.13409996032715,17.08261489868164,21.052032470703125,27.888660430908203
raw,10.75,duplicate_removal,fp_matched_cluster,1,146,20.074199676513672,16.343292236328125,19.750577926635742,24.230682373046875
raw,10.75,duplicate_removal,fp_matched_cluster,2,281,19.56256866455078,15.685538291931152,19.20762825012207,23.657682418823242
raw,10.75,duplicate_removal,fp_matched_cluster,3,490,18.905071258544922,15.443422317504883,18.616668701171875,22.495609283447266
raw,10.75,duplicate_removal,fp_matched_cluster,4,695,18.362119674682617,15.029003143310547,18.053508758544922,21.695266723632812
raw,10.75,duplicate_removal,fp_matched_cluster,5,888,17.68825912475586,14.69923210144043,17.50802230834961,20.6679630279541
raw,10.75,duplicate_removal,fp_matched_cluster,6,1079,17.140161514282227,14.161197662353516,16.959495544433594,20.27942657470703
raw,10.75,duplicate_removal,fp_matched_cluster,7,1256,16.68695640563965,13.926548957824707,16.42613983154297,19.758535385131836
raw,10.75,duplicate_removal,fp_matched_cluster,8,1339,16.295259475708008,13.49873161315918,15.971014976501465,19.620229721069336
raw,10.75,duplicate_removal,fp_matched_cluster,9,1465,15.899341583251953,13.250016212463379,15.620112419128418,18.963977813720703
raw,10.75,duplicate_removal,fp_matched_cluster,10,1501,15.3926420211792,13.04400634765625,15.141331672668457,18.138254165649414
raw,10.75,duplicate_removal,fp_matched_cluster,11,1598,14.987227439880371,12.831655502319336,14.70366096496582,17.55530548095703
raw,10.75,duplicate_removal,fp_matched_cluster,12,1520,14.529335021972656,12.493596076965332,14.230976104736328,16.923269271850586
raw,10.75,duplicate_removal,fp_matched_cluster,13,1569,14.298635482788086,12.357617378234863,13.940620422363281,16.689334869384766
raw,10.75,duplicate_removal,fp_matched_cluster,14,1635,13.909011840820312,12.153950691223145,13.649045944213867,16.088138580322266
raw,10.75,duplicate_removal,fp_matched_cluster,15,1774,13.55565071105957,12.01541805267334,13.281577110290527,15.448617935180664
raw,10.75,duplicate_removal,fp_matched_cluster,16,1766,13.316497802734375,11.823041915893555,13.051078796386719,15.191178321838379
raw,10.75,duplicate_removal,fp_matched_cluster,17,1814,13.06485366821289,11.645893096923828,12.881526947021484,14.664639472961426
raw,10.75,duplicate_removal,fp_matched_cluster,18,1761,12.864106178283691,11.5838041305542,12.639725685119629,14.442798614501953
raw,10.75,duplicate_removal,fp_matched_cluster,19,1799,12.725188255310059,11.435761451721191,12.495996475219727,14.287118911743164
raw,10.75,duplicate_removal,fp_matched_cluster,20,1830,12.482511520385742,11.369114875793457,12.306962966918945,13.772520065307617
raw,10.75,duplicate_removal,fp_matched_cluster,21,1815,12.364480018615723,11.27764892578125,12.18850040435791,13.6680326461792
raw,10.75,duplicate_removal,fp_matched_cluster,22,1887,12.210896492004395,11.176259994506836,12.026079177856445,13.462987899780273
raw,10.75,duplicate_removal,fp_matched_cluster,23,1786,12.076961517333984,11.135103225708008,11.932422637939453,13.166637420654297
raw,10.75,duplicate_removal,fp_matched_cluster,24,1816,11.948099136352539,11.050247192382812,11.767501831054688,13.004724502563477
raw,10.75,duplicate_removal,fp_matched_cluster,25,1823,11.860902786254883,11.016668319702148,11.733319282531738,12.838117599487305
raw,10.75,duplicate_removal,fp_matched_cluster,26,1805,11.760358810424805,10.978744506835938,11.60650634765625,12.759719848632812
raw,10.75,duplicate_removal,fp_matched_cluster,27,1740,11.712800979614258,10.950498580932617,11.56631088256836,12.658293724060059
raw,10.75,duplicate_removal,fp_matched_cluster,28,1657,11.62037467956543,10.904473304748535,11.454707145690918,12.534357070922852
raw,10.75,duplicate_removal,fp_matched_cluster,29,1563,11.557336807250977,10.894124984741211,11.448490142822266,12.328938484191895
raw,10.75,duplicate_removal,fp_matched_cluster,30,1515,11.49453353881836,10.86550521850586,11.359492301940918,12.309929847717285
raw,10.75,duplicate_removal,fp_matched_cluster,31,1398,11.43775463104248,10.866639137268066,11.31453800201416,12.145694732666016
raw,10.75,duplicate_removal,fp_matched_cluster,32,1329,11.378762245178223,10.850689888000488,11.246417999267578,12.062114715576172
raw,10.75,duplicate_removal,fp_matched_cluster,33,1233,11.352995872497559,10.821929931640625,11.203097343444824,12.005392074584961
raw,10.75,duplicate_removal,fp_matched_cluster,34,1154,11.315851211547852,10.827339172363281,11.191195487976074,11.928717613220215
raw,10.75,duplicate_removal,fp_matched_cluster,35,1041,11.280945777893066,10.824136734008789,11.168603897094727,11.870015144348145
raw,10.75,duplicate_removal,fp_matched_cluster,36,902,11.26559829711914,10.815770149230957,11.114906311035156,11.915385246276855
raw,10.75,duplicate_removal,fp_matched_cluster,37,825,11.248712539672852,10.814725875854492,11.121435165405273,11.834429740905762
raw,10.75,duplicate_removal,fp_matched_cluster,38,720,11.210576057434082,10.814420700073242,11.085077285766602,11.712874412536621
raw,10.75,duplicate_removal,fp_matched_cluster,39,626,11.162632942199707,10.802534103393555,11.047471046447754,11.693811416625977
raw,10.75,duplicate_removal,fp_matched_cluster,40,616,11.1595458984375,10.78982162475586,11.051752090454102,11.685489654541016
raw,10.75,duplicate_removal,fp_matched_cluster,41,470,11.151321411132812,10.782913208007812,11.020654678344727,11.631736755371094
raw,10.75,duplicate_removal,fp_matched_cluster,42,409,11.16749382019043,10.796314239501953,11.034961700439453,11.688215255737305
raw,10.75,duplicate_removal,fp_matched_cluster,43,366,11.120036125183105,10.784334182739258,11.007936477661133,11.605264663696289
raw,10.75,duplicate_removal,fp_matched_cluster,44,287,11.148277282714844,10.78948974609375,11.032187461853027,11.645790100097656
raw,10.75,duplicate_removal,fp_matched_cluster,45,247,11.108352661132812,10.782136917114258,10.990123748779297,11.583843231201172
raw,10.75,duplicate_removal,fp_matched_cluster,46,177,11.107054710388184,10.782376289367676,10.973636627197266,11.663405418395996
raw,10.75,duplicate_removal,fp_matched_cluster,47,190,11.126445770263672,10.788894653320312,11.031063079833984,11.60739803314209
raw,10.75,duplicate_removal,fp_matched_cluster,48,108,11.061934471130371,10.791297912597656,10.947161674499512,11.51064682006836
raw,10.75,duplicate_removal,fp_matched_cluster,49,124,11.12712574005127,10.77405071258545,10.9647855758667,11.614912033081055
raw,10.75,duplicate_removal,fp_matched_cluster,50,98,11.15555477142334,10.793391227722168,10.958354949951172,11.609994888305664
raw,10.75,duplicate_removal,fp_matched_cluster,51,83,11.131332397460938,10.803762435913086,11.014168739318848,11.632485389709473
raw,10.75,duplicate_removal,fp_matched_cluster,52,83,11.056986808776855,10.786540031433105,10.934298515319824,11.513415336608887
raw,10.75,duplicate_removal,fp_matched_cluster,53,57,11.042244911193848,10.789031982421875,10.92705249786377,11.52916431427002
raw,10.75,duplicate_removal,fp_matched_cluster,54,56,11.076687812805176,10.777761459350586,11.00430965423584,11.417396545410156
raw,10.75,duplicate_removal,fp_matched_cluster,55,44,11.061880111694336,10.788561820983887,10.974822998046875,11.517040252685547
raw,10.75,duplicate_removal,fp_matched_cluster,56,31,10.974828720092773,10.763840675354004,10.907859802246094,11.203824996948242
raw,10.75,duplicate_removal,fp_matched_cluster,57,24,10.956901550292969,10.79203987121582,10.893562316894531,11.211982727050781
raw,10.75,duplicate_removal,fp_matched_cluster,58,22,11.155133247375488,10.834539413452148,11.04226303100586,11.585320472717285
raw,10.75,duplicate_removal,fp_matched_cluster,59,17,11.053298950195312,10.769076347351074,10.999624252319336,11.402830123901367
raw,10.75,duplicate_removal,fp_matched_cluster,60,16,10.982376098632812,10.798625946044922,10.957298278808594,11.20264720916748
raw,10.75,duplicate_removal,fp_matched_cluster,61,21,10.98611068725586,10.76416015625,10.821514129638672,11.430693626403809
raw,10.75,duplicate_removal,fp_matched_cluster,62,8,11.020989418029785,10.845196723937988,10.960472106933594,11.300806999206543
raw,10.75,duplicate_removal,fp_matched_cluster,63,9,10.979973793029785,10.776297569274902,10.945955276489258,11.22984790802002
raw,10.75,duplicate_removal,fp_matched_cluster,64,9,11.337217330932617,10.887837409973145,11.176278114318848,11.936978340148926
raw,10.75,duplicate_removal,fp_matched_cluster,65,4,11.089517593383789,10.85315990447998,10.972217559814453,11.419716835021973
raw,10.75,duplicate_removal,fp_matched_cluster,66,4,10.831979751586914,10.778902053833008,10.824199676513672,10.891278266906738
raw,10.75,duplicate_removal,fp_matched_cluster,67,8,11.135322570800781,10.932554244995117,10.985624313354492,11.489823341369629
raw,10.75,duplicate_removal,fp_matched_cluster,68,3,10.791340827941895,10.766986846923828,10.794965744018555,10.814247131347656
raw,10.75,duplicate_removal,fp_matched_cluster,69,5,10.869246482849121,10.777024269104004,10.8291654586792,10.99183177947998
raw,10.75,duplicate_removal,fp_matched_cluster,70,3,11.30524730682373,10.98454761505127,11.459296226501465,11.564325332641602
raw,10.75,duplicate_removal,fp_matched_cluster,71,1,10.825726509094238,10.825726509094238,10.825726509094238,10.825726509094238
raw,10.75,duplicate_removal,fp_matched_cluster,72,2,11.051580429077148,10.832903861999512,11.051580429077148,11.270256042480469
raw,10.75,duplicate_removal,fp_matched_cluster,73,3,10.881636619567871,10.841492652893066,10.88196849822998,10.921646118164062
raw,10.75,duplicate_removal,fp_matched_cluster,74,3,11.364243507385254,11.201708793640137,11.410526275634766,11.50826644897461
raw,10.75,duplicate_removal,fp_matched_cluster,75,6,11.10478687286377,10.81743049621582,11.005228042602539,11.491703033447266
raw,10.75,duplicate_removal,fp_matched_cluster,76,2,10.95877456665039,10.946269989013672,10.95877456665039,10.97127914428711
raw,10.75,duplicate_removal,fp_matched_cluster,77,3,11.386474609375,10.907289505004883,11.147747039794922,11.961151123046875
raw,10.75,duplicate_removal,fp_matched_cluster,78,2,10.87590503692627,10.859980583190918,10.87590503692627,10.891829490661621
raw,10.75,duplicate_removal,fp_matched_cluster,80,2,12.290182113647461,11.09688949584961,12.290182113647461,13.483474731445312
raw,10.75,duplicate_removal,fp_matched_cluster,81,1,11.30243968963623,11.30243968963623,11.30243968963623,11.30243968963623
raw,10.75,duplicate_removal,fp_matched_cluster,83,1,11.047844886779785,11.047844886779785,11.047844886779785,11.047844886779785
raw,10.75,duplicate_removal,fp_matched_cluster,84,1,12.868470191955566,12.868470191955566,12.868470191955566,12.868470191955566
raw,10.75,duplicate_removal,fp_matched_cluster,86,1,10.758953094482422,10.758953094482422,10.758953094482422,10.758953094482422
raw,10.75,duplicate_removal,fp_matched_cluster,94,1,11.350534439086914,11.350534439086914,11.350534439086914,11.350534439086914
raw,10.75,duplicate_removal,fp_matched_cluster,97,1,11.09372615814209,11.09372615814209,11.09372615814209,11.09372615814209
raw,10.75,duplicate_removal,tp,0,9878,35.4832763671875,30.72040557861328,35.985252380371094,40.06968688964844
raw,10.75,duplicate_removal,tp,1,11502,33.61879348754883,27.500383377075195,34.53855895996094,39.024078369140625
raw,10.75,duplicate_removal,tp,2,9184,30.986766815185547,19.832107543945312,32.54327392578125,37.684722900390625
raw,10.75,duplicate_removal,tp,3,6945,27.29609489440918,17.658113479614258,29.005428314208984,35.861637115478516
raw,10.75,duplicate_removal,tp,4,5744,23.765268325805664,16.574329376220703,21.04150390625,33.65049743652344
raw,10.75,duplicate_removal,tp,5,5336,20.792890548706055,15.842022895812988,19.03006935119629,29.982669830322266
raw,10.75,duplicate_removal,tp,6,5320,19.1226863861084,15.393956184387207,18.184337615966797,24.038061141967773
raw,10.75,duplicate_removal,tp,7,5205,18.125274658203125,14.973644256591797,17.65483856201172,21.303874969482422
raw,10.75,duplicate_removal,tp,8,5036,17.475194931030273,14.709108352661133,17.14223861694336,20.29370880126953
raw,10.75,duplicate_removal,tp,9,4711,17.017505645751953,14.419398307800293,16.75739860534668,19.829797744750977
raw,10.75,duplicate_removal,tp,10,4182,16.59796905517578,14.048760414123535,16.37435531616211,19.313013076782227
raw,10.75,duplicate_removal,tp,11,3659,16.221736907958984,13.803916931152344,16.03304672241211,18.976524353027344
raw,10.75,duplicate_removal,tp,12,3223,15.854936599731445,13.492940902709961,15.669060707092285,18.462148666381836
raw,10.75,duplicate_removal,tp,13,2821,15.56123161315918,13.303154945373535,15.307759284973145,18.1594181060791
raw,10.75,duplicate_removal,tp,14,2421,15.182101249694824,13.083269119262695,14.966373443603516,17.605871200561523
raw,10.75,duplicate_removal,tp,15,2168,14.78989315032959,12.796817779541016,14.50968074798584,17.062183380126953
raw,10.75,duplicate_removal,tp,16,1783,14.531957626342773,12.564560890197754,14.301361083984375,16.80284881591797
raw,10.75,duplicate_removal,tp,17,1558,14.2287015914917,12.356316566467285,13.983633041381836,16.546375274658203
raw,10.75,duplicate_removal,tp,18,1287,13.997331619262695,12.222153663635254,13.748467445373535,16.105396270751953
raw,10.75,duplicate_removal,tp,19,1167,13.764972686767578,12.101698875427246,13.50597095489502,15.659201622009277
raw,10.75,duplicate_removal,tp,20,942,13.484012603759766,11.819453239440918,13.257057189941406,15.383346557617188
raw,10.75,duplicate_removal,tp,21,780,13.284424781799316,11.715107917785645,12.966285705566406,15.25059700012207
raw,10.75,duplicate_removal,tp,22,708,13.006353378295898,11.554732322692871,12.75106430053711,14.747361183166504
raw,10.75,duplicate_removal,tp,23,608,12.834919929504395,11.438643455505371,12.533098220825195,14.617406845092773
raw,10.75,duplicate_removal,tp,24,555,12.676197052001953,11.363757133483887,12.398707389831543,14.52068042755127
raw,10.75,duplicate_removal,tp,25,491,12.525694847106934,11.236812591552734,12.311140060424805,14.252861022949219
raw,10.75,duplicate_removal,tp,26,399,12.400437355041504,11.222343444824219,12.068978309631348,14.101210594177246
raw,10.75,duplicate_removal,tp,27,381,12.25767707824707,11.12817096710205,12.010658264160156,13.830299377441406
raw,10.75,duplicate_removal,tp,28,368,12.076822280883789,11.088644027709961,11.880244255065918,13.37424373626709
raw,10.75,duplicate_removal,tp,29,313,11.983722686767578,10.993453979492188,11.79412841796875,13.12989330291748
raw,10.75,duplicate_removal,tp,30,250,11.920125961303711,11.025567054748535,11.714550018310547,13.102808952331543
raw,10.75,duplicate_removal,tp,31,262,11.9666109085083,11.015307426452637,11.723403930664062,13.168801307678223
raw,10.75,duplicate_removal,tp,32,206,11.726128578186035,10.933443069458008,11.5166597366333,12.73913860321045
raw,10.75,duplicate_removal,tp,33,192,11.676823616027832,10.90343952178955,11.44609260559082,12.829920768737793
raw,10.75,duplicate_removal,tp,34,146,11.481786727905273,10.898590087890625,11.342899322509766,12.26005744934082
raw,10.75,duplicate_removal,tp,35,153,11.490348815917969,10.89243221282959,11.31857681274414,12.17378044128418
raw,10.75,duplicate_removal,tp,36,116,11.552435874938965,10.938644409179688,11.357084274291992,12.464303970336914
raw,10.75,duplicate_removal,tp,37,72,11.518365859985352,10.927927017211914,11.30648422241211,12.3175630569458
raw,10.75,duplicate_removal,tp,38,84,11.49711799621582,10.776979446411133,11.218448638916016,12.4828519821167
raw,10.75,duplicate_removal,tp,39,75,11.306635856628418,10.81736946105957,11.161785125732422,11.900636672973633
raw,10.75,duplicate_removal,tp,40,50,11.288106918334961,10.850092887878418,11.176619529724121,11.840481758117676
raw,10.75,duplicate_removal,tp,41,46,11.40935230255127,10.801862716674805,11.23649787902832,12.166980743408203
raw,10.75,duplicate_removal,tp,42,57,11.785829544067383,10.823147773742676,11.111883163452148,11.95224380493164
raw,10.75,duplicate_removal,tp,43,46,11.340475082397461,10.810897827148438,11.075857162475586,11.883040428161621
raw,10.75,duplicate_removal,tp,44,34,11.366090774536133,10.815061569213867,10.992839813232422,12.206962585449219
raw,10.75,duplicate_removal,tp,45,23,11.2526273727417,10.813366889953613,10.921934127807617,11.549975395202637
raw,10.75,duplicate_removal,tp,46,18,11.353565216064453,10.80870246887207,11.177164077758789,12.121932983398438
raw,10.75,duplicate_removal,tp,47,17,11.13585090637207,10.792820930480957,11.00760555267334,11.534428596496582
raw,10.75,duplicate_removal,tp,48,9,11.135086059570312,10.862113952636719,11.05904483795166,11.391071319580078
raw,10.75,duplicate_removal,tp,49,10,11.221719741821289,10.772703170776367,11.273168563842773,11.63412857055664
raw,10.75,duplicate_removal,tp,50,11,11.334299087524414,10.817766189575195,11.280875205993652,11.836874008178711
raw,10.75,duplicate_removal,tp,51,8,11.110596656799316,10.81764030456543,10.9779052734375,11.627270698547363
raw,10.75,duplicate_removal,tp,52,7,11.202351570129395,10.851749420166016,11.266033172607422,11.553065299987793
raw,10.75,duplicate_removal,tp,53,6,10.863112449645996,10.770445823669434,10.79682445526123,11.022066116333008
raw,10.75,duplicate_removal,tp,54,3,11.437923431396484,10.989241600036621,11.25815486907959,11.958512306213379
raw,10.75,duplicate_removal,tp,55,2,11.080429077148438,11.080009460449219,11.080429077148438,11.080848693847656
raw,10.75,duplicate_removal,tp,56,2,10.919010162353516,10.883329391479492,10.919010162353516,10.954690933227539
raw,10.75,duplicate_removal,tp,58,3,11.602553367614746,11.01705265045166,11.227447509765625,12.338095664978027
raw,10.75,duplicate_removal,tp,59,2,11.406404495239258,11.076580047607422,11.406404495239258,11.736227989196777
raw,10.75,duplicate_removal,tp,60,1,30.734365463256836,30.734365463256836,30.734365463256836,30.734365463256836
raw,10.75,duplicate_removal,tp,61,1,10.913591384887695,10.913591384887695,10.913591384887695,10.913591384887695
raw,10.75,duplicate_removal,tp,62,3,11.149991035461426,10.83104133605957,11.067312240600586,11.502013206481934
raw,10.75,duplicate_removal,tp,63,3,11.696548461914062,11.19170093536377,11.641534805297852,12.223402976989746
raw,10.75,duplicate_removal,tp,66,1,13.662501335144043,13.662501335144043,13.662501335144043,13.662501335144043
raw,10.75,duplicate_removal,tp,75,1,19.32465171813965,19.32465171813965,19.32465171813965,19.32465171813965
raw,10.75,duplicate_removal,tp,77,1,10.782422065734863,10.782422065734863,10.782422065734863,10.782422065734863
raw,10.75,duplicate_removal,tp,80,1,27.239519119262695,27.239519119262695,27.239519119262695,27.239519119262695
raw,10.75,duplicate_removal,removed_by_dedup,0,678,47.29539489746094,27.730335235595703,47.21708679199219,58.35184097290039
raw,10.75,duplicate_removal,removed_by_dedup,1,534,35.350677490234375,20.692089080810547,29.828704833984375,49.5092887878418
raw,10.75,duplicate_removal,removed_by_dedup,2,585,30.804723739624023,19.174240112304688,27.129993438720703,42.1580924987793
raw,10.75,duplicate_removal,removed_by_dedup,3,728,26.788740158081055,17.733325958251953,25.153076171875,33.67094421386719
raw,10.75,duplicate_removal,removed_by_dedup,4,821,24.964563369750977,16.30729866027832,23.544708251953125,32.27698516845703
raw,10.75,duplicate_removal,removed_by_dedup,5,860,23.484230041503906,15.475653648376465,21.75522232055664,30.556182861328125
raw,10.75,duplicate_removal,removed_by_dedup,6,853,21.116491317749023,14.318882942199707,19.240692138671875,27.76675033569336
raw,10.75,duplicate_removal,removed_by_dedup,7,842,19.43252944946289,14.127079010009766,17.418807983398438,25.442771911621094
raw,10.75,duplicate_removal,removed_by_dedup,8,947,18.720108032226562,13.735918045043945,16.652132034301758,24.009479522705078
raw,10.75,duplicate_removal,removed_by_dedup,9,955,17.558609008789062,13.33659553527832,15.728933334350586,21.8482666015625
raw,10.75,duplicate_removal,removed_by_dedup,10,1004,16.97056007385254,13.026427268981934,15.318644523620605,20.67620277404785
raw,10.75,duplicate_removal,removed_by_dedup,11,1057,16.22865867614746,12.745004653930664,14.789704322814941,19.290287017822266
raw,10.75,duplicate_removal,removed_by_dedup,12,1080,15.625288963317871,12.575024604797363,14.514328002929688,18.2713565826416
raw,10.75,duplicate_removal,removed_by_dedup,13,1120,15.260075569152832,12.420236587524414,14.037620544433594,17.749544143676758
raw,10.75,duplicate_removal,removed_by_dedup,14,1199,14.760637283325195,12.128299713134766,13.776426315307617,16.97059440612793
raw,10.75,duplicate_removal,removed_by_dedup,15,1192,14.432019233703613,12.061483383178711,13.572149276733398,16.56138038635254
raw,10.75,duplicate_removal,removed_by_dedup,16,1172,14.14390754699707,11.955025672912598,13.281583786010742,16.00004768371582
raw,10.75,duplicate_removal,removed_by_dedup,17,1238,13.871296882629395,11.683382987976074,13.145463943481445,15.4688720703125
raw,10.75,duplicate_removal,removed_by_dedup,18,1193,13.650640487670898,11.693801879882812,12.879884719848633,15.20544719696045
raw,10.75,duplicate_removal,removed_by_dedup,19,1214,13.398900985717773,11.499211311340332,12.633752822875977,15.153606414794922
raw,10.75,duplicate_removal,removed_by_dedup,20,1361,13.117619514465332,11.439714431762695,12.523451805114746,14.513101577758789
raw,10.75,duplicate_removal,removed_by_dedup,21,1322,12.986139297485352,11.282613754272461,12.332208633422852,14.371992111206055
raw,10.75,duplicate_removal,removed_by_dedup,22,1393,12.804715156555176,11.22134017944336,12.187017440795898,14.07644271850586
raw,10.75,duplicate_removal,removed_by_dedup,23,1334,12.729809761047363,11.151017189025879,12.024750709533691,13.819751739501953
raw,10.75,duplicate_removal,removed_by_dedup,24,1334,12.637069702148438,11.063068389892578,11.959674835205078,13.738966941833496
raw,10.75,duplicate_removal,removed_by_dedup,25,1331,12.568354606628418,11.033929824829102,11.859984397888184,13.443758010864258
raw,10.75,duplicate_removal,removed_by_dedup,26,1324,12.385066986083984,10.97210693359375,11.74626350402832,13.401493072509766
raw,10.75,duplicate_removal,removed_by_dedup,27,1349,12.24270248413086,10.963399887084961,11.663957595825195,13.130447387695312
raw,10.75,duplicate_removal,removed_by_dedup,28,1358,12.111263275146484,10.935084342956543,11.56595230102539,12.9760160446167
raw,10.75,duplicate_removal,removed_by_dedup,29,1194,12.088722229003906,10.944578170776367,11.515449523925781,12.813346862792969
raw,10.75,duplicate_removal,removed_by_dedup,30,1208,12.036507606506348,10.936596870422363,11.458206176757812,12.6930570602417
raw,10.75,duplicate_removal,removed_by_dedup,31,1113,11.925971031188965,10.895033836364746,11.376906394958496,12.5432710647583
raw,10.75,duplicate_removal,removed_by_dedup,32,1132,11.944786071777344,10.873065948486328,11.380496978759766,12.673147201538086
raw,10.75,duplicate_removal,removed_by_dedup,33,1029,11.846278190612793,10.840234756469727,11.338293075561523,12.636661529541016
raw,10.75,duplicate_removal,removed_by_dedup,34,873,11.855992317199707,10.844154357910156,11.269462585449219,12.32762622833252
raw,10.75,duplicate_removal,removed_by_dedup,35,843,11.80280590057373,10.84692668914795,11.30335521697998,12.43222427368164
raw,10.75,duplicate_removal,removed_by_dedup,36,824,11.759526252746582,10.824451446533203,11.217326164245605,12.315794944763184
raw,10.75,duplicate_removal,removed_by_dedup,37,742,11.69141674041748,10.823775291442871,11.208362579345703,12.383476257324219
raw,10.75,duplicate_removal,removed_by_dedup,38,651,11.924874305725098,10.829894065856934,11.177811622619629,12.424433708190918
raw,10.75,duplicate_removal,removed_by_dedup,39,606,12.184218406677246,10.8284912109375,11.228031158447266,12.50925064086914
raw,10.75,duplicate_removal,removed_by_dedup,40,504,12.007818222045898,10.8325777053833,11.20840072631836,12.425688743591309
raw,10.75,duplicate_removal,removed_by_dedup,41,451,12.036388397216797,10.815399169921875,11.145153045654297,12.403916358947754
raw,10.75,duplicate_removal,removed_by_dedup,42,400,12.040731430053711,10.803083419799805,11.135910034179688,12.48954963684082
raw,10.75,duplicate_removal,removed_by_dedup,43,374,12.120492935180664,10.799467086791992,11.108028411865234,12.248210906982422
raw,10.75,duplicate_removal,removed_by_dedup,44,344,12.375109672546387,10.804815292358398,11.179842948913574,12.935820579528809
raw,10.75,duplicate_removal,removed_by_dedup,45,267,12.372610092163086,10.804617881774902,11.134217262268066,12.609846115112305
raw,10.75,duplicate_removal,removed_by_dedup,46,256,12.768301010131836,10.804267883300781,11.163524627685547,12.963813781738281
raw,10.75,duplicate_removal,removed_by_dedup,47,216,12.328875541687012,10.792732238769531,11.137594223022461,13.244375228881836
raw,10.75,duplicate_removal,removed_by_dedup,48,176,12.7670316696167,10.818624496459961,11.21896743774414,12.663778305053711
raw,10.75,duplicate_removal,removed_by_dedup,49,169,13.421769142150879,10.820486068725586,11.159228324890137,14.583958625793457
raw,10.75,duplicate_removal,removed_by_dedup,50,137,13.479534149169922,10.803744316101074,11.145161628723145,15.436439514160156
raw,10.75,duplicate_removal,removed_by_dedup,51,123,13.859607696533203,10.824605941772461,11.176891326904297,17.82040023803711
raw,10.75,duplicate_removal,removed_by_dedup,52,99,14.382176399230957,10.824277877807617,11.243480682373047,25.243427276611328
raw,10.75,duplicate_removal,removed_by_dedup,53,74,13.940402030944824,10.813337326049805,11.261356353759766,18.19961929321289
raw,10.75,duplicate_removal,removed_by_dedup,54,76,14.593836784362793,10.808940887451172,11.402164459228516,28.207073211669922
raw,10.75,duplicate_removal,removed_by_dedup,55,71,12.985403060913086,10.820338249206543,11.176910400390625,13.622169494628906
raw,10.75,duplicate_removal,removed_by_dedup,56,65,14.964876174926758,10.798745155334473,11.404203414916992,28.418367385864258
raw,10.75,duplicate_removal,removed_by_dedup,57,60,15.93886661529541,10.870200157165527,11.544166564941406,35.786033630371094
raw,10.75,duplicate_removal,removed_by_dedup,58,49,14.205032348632812,10.7872314453125,11.31308650970459,16.461292266845703
raw,10.75,duplicate_removal,removed_by_dedup,59,46,15.739850997924805,10.800497055053711,11.261856079101562,32.661468505859375
raw,10.75,duplicate_removal,removed_by_dedup,60,53,15.414799690246582,10.809637069702148,11.811249732971191,30.41717529296875
raw,10.75,duplicate_removal,removed_by_dedup,61,44,16.288291931152344,10.859980583190918,12.22286605834961,31.822805404663086
raw,10.75,duplicate_removal,removed_by_dedup,62,45,16.162525177001953,10.844857215881348,11.579354286193848,32.07954406738281
raw,10.75,duplicate_removal,removed_by_dedup,63,41,17.642404556274414,10.921305656433105,12.231138229370117,32.753292083740234
raw,10.75,duplicate_removal,removed_by_dedup,64,33,18.196115493774414,10.81921672821045,11.546043395996094,38.5682258605957
raw,10.75,duplicate_removal,removed_by_dedup,65,21,20.362247467041016,10.972248077392578,16.11884880065918,34.21815490722656
raw,10.75,duplicate_removal,removed_by_dedup,66,34,19.21371841430664,11.156706809997559,13.206487655639648,35.842472076416016
raw,10.75,duplicate_removal,removed_by_dedup,67,28,16.976457595825195,11.048304557800293,11.997364044189453,31.731855392456055
raw,10.75,duplicate_removal,removed_by_dedup,68,19,16.93349838256836,10.973536491394043,12.38366985321045,29.139297485351562
raw,10.75,duplicate_removal,removed_by_dedup,69,29,19.725093841552734,10.98658275604248,12.719339370727539,35.355072021484375
raw,10.75,duplicate_removal,removed_by_dedup,70,26,17.336421966552734,10.895509719848633,12.17650318145752,32.76806640625
raw,10.75,duplicate_removal,removed_by_dedup,71,22,20.335514068603516,11.355134010314941,15.972496032714844,33.173194885253906
raw,10.75,duplicate_removal,removed_by_dedup,72,29,19.149171829223633,11.063441276550293,14.402941703796387,33.10421371459961
raw,10.75,duplicate_removal,removed_by_dedup,73,21,21.50306510925293,10.863714218139648,12.838217735290527,38.93627166748047
raw,10.75,duplicate_removal,removed_by_dedup,74,27,20.593734741210938,10.903002738952637,16.102190017700195,31.709117889404297
raw,10.75,duplicate_removal,removed_by_dedup,75,17,21.721572875976562,10.920601844787598,20.850797653198242,34.62337875366211
raw,10.75,duplicate_removal,removed_by_dedup,76,17,20.20294189453125,10.839024543762207,12.926898956298828,33.716182708740234
raw,10.75,duplicate_removal,removed_by_dedup,77,18,21.482929229736328,11.034309387207031,18.04000473022461,36.21439743041992
raw,10.75,duplicate_removal,removed_by_dedup,78,20,21.324417114257812,11.032377243041992,19.29275894165039,32.60707092285156
raw,10.75,duplicate_removal,removed_by_dedup,79,21,22.53946304321289,10.987813949584961,19.880203247070312,35.84156799316406
raw,10.75,duplicate_removal,removed_by_dedup,80,20,20.371490478515625,11.151132583618164,16.522964477539062,31.081722259521484
raw,10.75,duplicate_removal,removed_by_dedup,81,18,18.50489044189453,10.81507682800293,14.68527889251709,27.860130310058594
raw,10.75,duplicate_removal,removed_by_dedup,82,17,19.077880859375,11.177263259887695,15.981398582458496,29.553401947021484
raw,10.75,duplicate_removal,removed_by_dedup,83,12,22.069580078125,13.75390911102295,20.855531692504883,28.42133140563965
raw,10.75,duplicate_removal,removed_by_dedup,84,18,20.348167419433594,10.852499008178711,17.893234252929688,32.75871276855469
raw,10.75,duplicate_removal,removed_by_dedup,85,17,23.878067016601562,12.17401123046875,18.62775993347168,40.14147186279297
raw,10.75,duplicate_removal,removed_by_dedup,86,13,22.058664321899414,11.778674125671387,21.150449752807617,33.097591400146484
raw,10.75,duplicate_removal,removed_by_dedup,87,14,21.13381576538086,13.853301048278809,18.851768493652344,29.886526107788086
raw,10.75,duplicate_removal,removed_by_dedup,88,20,23.074527740478516,13.341531753540039,22.333942413330078,35.457767486572266
raw,10.75,duplicate_removal,removed_by_dedup,89,13,20.57957649230957,14.039728164672852,17.65793228149414,29.1624698638916
raw,10.75,duplicate_removal,removed_by_dedup,90,11,21.680131912231445,12.42825698852539,22.041522979736328,31.116865158081055
raw,10.75,duplicate_removal,removed_by_dedup,91,13,21.32855987548828,12.650812149047852,22.387310028076172,28.618101119995117
raw,10.75,duplicate_removal,removed_by_dedup,92,12,22.680944442749023,15.54584789276123,24.533950805664062,30.07265281677246
raw,10.75,duplicate_removal,removed_by_dedup,93,8,21.53338050842285,14.380603790283203,21.730609893798828,28.13917350769043
raw,10.75,duplicate_removal,removed_by_dedup,94,9,22.580528259277344,13.495237350463867,26.164602279663086,29.339963912963867
raw,10.75,duplicate_removal,removed_by_dedup,95,9,23.457937240600586,16.084590911865234,23.912580490112305,32.102542877197266
raw,10.75,duplicate_removal,removed_by_dedup,96,13,21.610103607177734,13.582120895385742,20.771915435791016,31.94499397277832
raw,10.75,duplicate_removal,removed_by_dedup,97,15,23.24305534362793,13.660243034362793,25.09682846069336,30.913959503173828
raw,10.75,duplicate_removal,removed_by_dedup,98,15,21.23891830444336,13.243517875671387,21.3369140625,28.65974998474121
raw,10.75,duplicate_removal,removed_by_dedup,99,10,20.48518180847168,14.307193756103516,22.142333984375,26.476245880126953
denoised,8.0,detection_template,unmatched_cluster,0,273713,41.239532470703125,28.05213165283203,39.94163513183594,55.48335266113281
denoised,8.0,detection_template,unmatched_cluster,1,251379,32.57027053833008,22.022071838378906,32.33689498901367,43.23141860961914
denoised,8.0,detection_template,unmatched_cluster,2,243153,27.881275177001953,19.362131118774414,27.66363525390625,36.577056884765625
denoised,8.0,detection_template,unmatched_cluster,3,238028,24.694412231445312,17.270668029785156,24.01639747619629,32.87384033203125
denoised,8.0,detection_template,unmatched_cluster,4,233326,22.284910202026367,15.634340286254883,21.599287033081055,29.841567993164062
denoised,8.0,detection_template,unmatched_cluster,5,228381,20.39006805419922,14.417302131652832,19.983074188232422,27.045806884765625
denoised,8.0,detection_template,unmatched_cluster,6,224859,18.84884262084961,13.446712493896484,18.552927017211914,24.594621658325195
denoised,8.0,detection_template,unmatched_cluster,7,222201,17.560958862304688,12.682756423950195,17.208322525024414,22.674238204956055
denoised,8.0,detection_template,unmatched_cluster,8,219914,16.469253540039062,12.06610107421875,16.03510093688965,21.254053115844727
denoised,8.0,detection_template,unmatched_cluster,9,218117,15.54033374786377,11.574079513549805,15.067959785461426,20.072345733642578
denoised,8.0,detection_template,unmatched_cluster,10,216865,14.740856170654297,11.169626235961914,14.253454208374023,19.01152229309082
denoised,8.0,detection_template,unmatched_cluster,11,215546,14.046754837036133,10.836017608642578,13.560171127319336,17.967090606689453
denoised,8.0,detection_template,unmatched_cluster,12,215192,13.438241004943848,10.545963287353516,12.953145980834961,17.009815216064453
denoised,8.0,detection_template,unmatched_cluster,13,214199,12.912774085998535,10.289690017700195,12.446026802062988,16.173206329345703
denoised,8.0,detection_template,unmatched_cluster,14,213854,12.449577331542969,10.074692726135254,12.010807991027832,15.425151824951172
denoised,8.0,detection_template,unmatched_cluster,15,212782,12.043644905090332,9.876702308654785,11.629495620727539,14.760828971862793
denoised,8.0,detection_template,unmatched_cluster,16,212460,11.687238693237305,9.702779769897461,11.309577941894531,14.160298347473145
denoised,8.0,detection_template,unmatched_cluster,17,212110,11.369892120361328,9.546613693237305,11.02402114868164,13.63292407989502
denoised,8.0,detection_template,unmatched_cluster,18,211887,11.08884334564209,9.399358749389648,10.774653434753418,13.165603637695312
denoised,8.0,detection_template,unmatched_cluster,19,211718,10.834494590759277,9.264443397521973,10.552164077758789,12.748503684997559
denoised,8.0,detection_template,unmatched_cluster,20,211280,10.608234405517578,9.142229080200195,10.35112190246582,12.36286735534668
denoised,8.0,detection_template,unmatched_cluster,21,211141,10.403800964355469,9.02743148803711,10.171510696411133,12.041693687438965
denoised,8.0,detection_template,unmatched_cluster,22,210406,10.219178199768066,8.921890258789062,10.007810592651367,11.737607955932617
denoised,8.0,detection_template,unmatched_cluster,23,209664,10.05123233795166,8.824326515197754,9.85684585571289,11.4723482131958
denoised,8.0,detection_template,unmatched_cluster,24,209497,9.895413398742676,8.733154296875,9.714077949523926,11.232178688049316
denoised,8.0,detection_template,unmatched_cluster,25,208490,9.756464958190918,8.654534339904785,9.585472106933594,11.019832611083984
denoised,8.0,detection_template,unmatched_cluster,26,207421,9.628815650939941,8.577471733093262,9.469877243041992,10.824743270874023
denoised,8.0,detection_template,unmatched_cluster,27,206262,9.509413719177246,8.507909774780273,9.358798027038574,10.645252227783203
denoised,8.0,detection_template,unmatched_cluster,28,204506,9.399931907653809,8.443647384643555,9.257383346557617,10.483203887939453
denoised,8.0,detection_template,unmatched_cluster,29,202536,9.302924156188965,8.389265060424805,9.166603088378906,10.338577270507812
denoised,8.0,detection_template,unmatched_cluster,30,199952,9.21287727355957,8.343043327331543,9.079172134399414,10.202352523803711
denoised,8.0,detection_template,unmatched_cluster,31,197491,9.128952026367188,8.300644874572754,8.99804401397705,10.073664665222168
denoised,8.0,detection_template,unmatched_cluster,32,194041,9.05241584777832,8.262632369995117,8.923076629638672,9.957911491394043
denoised,8.0,detection_template,unmatched_cluster,33,189937,8.981569290161133,8.230302810668945,8.854347229003906,9.84807300567627
denoised,8.0,detection_template,unmatched_cluster,34,185311,8.916855812072754,8.203351020812988,8.790882110595703,9.748513221740723
denoised,8.0,detection_template,unmatched_cluster,35,180385,8.85821533203125,8.179811477661133,8.73341178894043,9.651958465576172
denoised,8.0,detection_template,unmatched_cluster,36,174633,8.80311393737793,8.158278465270996,8.680292129516602,9.566085815429688
denoised,8.0,detection_template,unmatched_cluster,37,168548,8.754488945007324,8.142045021057129,8.632108688354492,9.485611915588379
denoised,8.0,detection_template,unmatched_cluster,38,161500,8.710086822509766,8.126510620117188,8.586319923400879,9.412696838378906
denoised,8.0,detection_template,unmatched_cluster,39,153856,8.669597625732422,8.113317489624023,8.54601001739502,9.346330642700195
denoised,8.0,detection_template,unmatched_cluster,40,146080,8.631918907165527,8.10088062286377,8.510263442993164,9.282285690307617
denoised,8.0,detection_template,unmatched_cluster,41,137289,8.600319862365723,8.093498229980469,8.479111671447754,9.227897644042969
denoised,8.0,detection_template,unmatched_cluster,42,128861,8.570053100585938,8.08504581451416,8.449503898620605,9.176138877868652
denoised,8.0,detection_template,unmatched_cluster,43,120609,8.54086685180664,8.077591896057129,8.420910835266113,9.12628173828125
denoised,8.0,detection_template,unmatched_cluster,44,111681,8.51572036743164,8.070659637451172,8.395858764648438,9.083670616149902
denoised,8.0,detection_template,unmatched_cluster,45,103146,8.492385864257812,8.0660400390625,8.374042510986328,9.038076400756836
denoised,8.0,detection_template,unmatched_cluster,46,94689,8.472841262817383,8.061731338500977,8.354321479797363,9.004961967468262
denoised,8.0,detection_template,unmatched_cluster,47,86084,8.455902099609375,8.058496475219727,8.337308883666992,8.974313735961914
denoised,8.0,detection_template,unmatched_cluster,48,78404,8.437271118164062,8.054028511047363,8.320337295532227,8.937386512756348
denoised,8.0,detection_template,unmatched_cluster,49,70540,8.422905921936035,8.051501274108887,8.304954528808594,8.914291381835938
denoised,8.0,detection_template,unmatched_cluster,50,63482,8.411394119262695,8.04886245727539,8.292206764221191,8.88962459564209
denoised,8.0,detection_template,unmatched_cluster,51,56691,8.401089668273926,8.046843528747559,8.279725074768066,8.871264457702637
denoised,8.0,detection_template,unmatched_cluster,52,50481,8.388968467712402,8.043705940246582,8.26741886138916,8.8468656539917
denoised,8.0,detection_template,unmatched_cluster,53,44600,8.38300895690918,8.042949676513672,8.25632381439209,8.836997985839844
denoised,8.0,detection_template,unmatched_cluster,54,39252,8.375734329223633,8.040968894958496,8.252833366394043,8.817668914794922
denoised,8.0,detection_template,unmatched_cluster,55,34645,8.370219230651855,8.038594245910645,8.245498657226562,8.808629035949707
denoised,8.0,detection_template,unmatched_cluster,56,30239,8.365683555603027,8.03732967376709,8.237894058227539,8.798073768615723
denoised,8.0,detection_template,unmatched_cluster,57,26414,8.361974716186523,8.036333084106445,8.231891632080078,8.791696548461914
denoised,8.0,detection_template,unmatched_cluster,58,22874,8.363101959228516,8.036519050598145,8.225885391235352,8.79732608795166
denoised,8.0,detection_template,unmatched_cluster,59,19882,8.358720779418945,8.035334587097168,8.223030090332031,8.784879684448242
denoised,8.0,detection_template,unmatched_cluster,60,17209,8.359110832214355,8.033308029174805,8.222198486328125,8.78232192993164
denoised,8.0,detection_template,unmatched_cluster,61,14826,8.362380027770996,8.033029556274414,8.21961498260498,8.782474517822266
denoised,8.0,detection_template,unmatched_cluster,62,12844,8.365093231201172,8.032547950744629,8.21987533569336,8.783318519592285
denoised,8.0,detection_template,unmatched_cluster,63,11118,8.374191284179688,8.034029960632324,8.224428176879883,8.815738677978516
denoised,8.0,detection_template,unmatched_cluster,64,9682,8.377617835998535,8.032511711120605,8.222655296325684,8.812942504882812
denoised,8.0,detection_template,unmatched_cluster,65,8353,8.38995361328125,8.033120155334473,8.219132423400879,8.8414945602417
denoised,8.0,detection_template,unmatched_cluster,66,7213,8.392569541931152,8.033475875854492,8.217977523803711,8.866358757019043
denoised,8.0,detection_template,unmatched_cluster,67,6284,8.399519920349121,8.032201766967773,8.217577934265137,8.861261367797852
denoised,8.0,detection_template,unmatched_cluster,68,5492,8.412169456481934,8.033445358276367,8.217222213745117,8.864633560180664
denoised,8.0,detection_template,unmatched_cluster,69,4791,8.410475730895996,8.031377792358398,8.22584056854248,8.851293563842773
denoised,8.0,detection_template,unmatched_cluster,70,4203,8.427421569824219,8.030779838562012,8.228227615356445,8.86292552947998
denoised,8.0,detection_template,unmatched_cluster,71,3589,8.443872451782227,8.034078598022461,8.231085777282715,8.894953727722168
denoised,8.0,detection_template,unmatched_cluster,72,3126,8.461148262023926,8.036920547485352,8.244154930114746,8.885543823242188
denoised,8.0,detection_template,unmatched_cluster,73,2841,8.479499816894531,8.033469200134277,8.24281120300293,8.88226318359375
denoised,8.0,detection_template,unmatched_cluster,74,2477,8.478504180908203,8.036338806152344,8.242386817932129,8.89896297454834
denoised,8.0,detection_template,unmatched_cluster,75,2216,8.49528694152832,8.036262512207031,8.243346214294434,8.889951705932617
denoised,8.0,detection_template,unmatched_cluster,76,1954,8.50364875793457,8.039082527160645,8.251394271850586,8.895502090454102
denoised,8.0,detection_template,unmatched_cluster,77,1755,8.519623756408691,8.039054870605469,8.243067741394043,8.900742530822754
denoised,8.0,detection_template,unmatched_cluster,78,1535,8.545951843261719,8.033125877380371,8.245697975158691,8.938499450683594
denoised,8.0,detection_template,unmatched_cluster,79,1356,8.568892478942871,8.037999153137207,8.251714706420898,8.903155326843262
denoised,8.0,detection_template,unmatched_cluster,80,1249,8.603044509887695,8.039680480957031,8.238966941833496,8.911774635314941
denoised,8.0,detection_template,unmatched_cluster,81,1114,8.653441429138184,8.041254997253418,8.248205184936523,8.989057540893555
denoised,8.0,detection_template,unmatched_cluster,82,984,8.642631530761719,8.035082817077637,8.257570266723633,8.924650192260742
denoised,8.0,detection_template,unmatched_cluster,83,874,8.70126724243164,8.042359352111816,8.254383087158203,8.955413818359375
denoised,8.0,detection_template,unmatched_cluster,84,773,8.756529808044434,8.044692039489746,8.271916389465332,9.014322280883789
denoised,8.0,detection_template,unmatched_cluster,85,686,8.802572250366211,8.035234451293945,8.26897144317627,9.257392883300781
denoised,8.0,detection_template,unmatched_cluster,86,626,8.798168182373047,8.040576934814453,8.277727127075195,9.243772506713867
denoised,8.0,detection_template,unmatched_cluster,87,568,8.866558074951172,8.042754173278809,8.293034553527832,9.25914192199707
denoised,8.0,detection_template,unmatched_cluster,88,535,8.855269432067871,8.053428649902344,8.29129409790039,9.232266426086426
denoised,8.0,detection_template,unmatched_cluster,89,483,8.886014938354492,8.046199798583984,8.282455444335938,9.290595054626465
denoised,8.0,detection_template,unmatched_cluster,90,443,8.972372055053711,8.052608489990234,8.25400447845459,9.350407600402832
denoised,8.0,detection_template,unmatched_cluster,91,420,8.91454029083252,8.042448043823242,8.271087646484375,9.289856910705566
denoised,8.0,detection_template,unmatched_cluster,92,381,8.955824851989746,8.046561241149902,8.263045310974121,9.453323364257812
denoised,8.0,detection_template,unmatched_cluster,93,348,9.038639068603516,8.039388656616211,8.268234252929688,9.628687858581543
denoised,8.0,detection_template,unmatched_cluster,94,322,9.021772384643555,8.045433044433594,8.26246166229248,9.928972244262695
denoised,8.0,detection_template,unmatched_cluster,95,298,9.100367546081543,8.045644760131836,8.251543045043945,9.895639419555664
denoised,8.0,detection_template,unmatched_cluster,96,274,9.212906837463379,8.032368659973145,8.254451751708984,9.992573738098145
denoised,8.0,detection_template,unmatched_cluster,97,251,9.249225616455078,8.033008575439453,8.244314193725586,10.15160846710205
denoised,8.0,detection_template,unmatched_cluster,98,232,9.420000076293945,8.026780128479004,8.288557052612305,10.338753700256348
denoised,8.0,detection_template,unmatched_cluster,99,211,9.397143363952637,8.04114818572998,8.352739334106445,10.19596004486084
denoised,8.0,detection_template,fp_matched_cluster,0,56,22.62654685974121,15.749146461486816,20.94609832763672,32.118980407714844
denoised,8.0,detection_template,fp_matched_cluster,1,176,19.59211540222168,15.365235328674316,18.947921752929688,22.71084976196289
denoised,8.0,detection_template,fp_matched_cluster,2,377,18.691558837890625,14.825108528137207,18.039487838745117,22.52120018005371
denoised,8.0,detection_template,fp_matched_cluster,3,651,17.981124877929688,14.247786521911621,17.779571533203125,21.759708404541016
denoised,8.0,detection_template,fp_matched_cluster,4,922,17.1610050201416,13.615728378295898,17.05258560180664,20.76584815979004
denoised,8.0,detection_template,fp_matched_cluster,5,1140,16.59687042236328,13.27933406829834,16.597980499267578,19.899394989013672
denoised,8.0,detection_template,fp_matched_cluster,6,1325,16.046432495117188,12.79133415222168,15.922985076904297,19.286699295043945
denoised,8.0,detection_template,fp_matched_cluster,7,1663,15.581149101257324,12.348636627197266,15.41379451751709,19.07438850402832
denoised,8.0,detection_template,fp_matched_cluster,8,1716,15.089292526245117,11.9698486328125,14.945955276489258,18.388843536376953
denoised,8.0,detection_template,fp_matched_cluster,9,1897,14.458657264709473,11.41370677947998,14.306580543518066,17.67180633544922
denoised,8.0,detection_template,fp_matched_cluster,10,2002,14.046896934509277,11.200148582458496,13.847028732299805,17.166784286499023
denoised,8.0,detection_template,fp_matched_cluster,11,2098,13.511800765991211,10.863811492919922,13.218332290649414,16.5321044921875
denoised,8.0,detection_template,fp_matched_cluster,12,2028,13.023872375488281,10.548576354980469,12.7352294921875,15.868106842041016
denoised,8.0,detection_template,fp_matched_cluster,13,2146,12.709268569946289,10.433526992797852,12.371811866760254,15.488065719604492
denoised,8.0,detection_template,fp_matched_cluster,14,2162,12.364738464355469,10.256380081176758,12.014100074768066,14.952964782714844
denoised,8.0,detection_template,fp_matched_cluster,15,2227,11.958858489990234,10.008596420288086,11.659689903259277,14.37331771850586
denoised,8.0,detection_template,fp_matched_cluster,16,2279,11.65401840209961,9.793597221374512,11.35184097290039,13.956263542175293
denoised,8.0,detection_template,fp_matched_cluster,17,2266,11.379549026489258,9.71232795715332,11.138993263244629,13.321601867675781
denoised,8.0,detection_template,fp_matched_cluster,18,2330,11.111804008483887,9.474821090698242,10.901437759399414,13.018104553222656
denoised,8.0,detection_template,fp_matched_cluster,19,2275,10.874547958374023,9.336944580078125,10.655611991882324,12.645502090454102
denoised,8.0,detection_template,fp_matched_cluster,20,2343,10.622382164001465,9.206282615661621,10.426438331604004,12.305571556091309
denoised,8.0,detection_template,fp_matched_cluster,21,2423,10.47579288482666,9.140542030334473,10.29442024230957,12.049518585205078
denoised,8.0,detection_template,fp_matched_cluster,22,2386,10.288522720336914,9.01089859008789,10.097148895263672,11.7559175491333
denoised,8.0,detection_template,fp_matched_cluster,23,2382,10.104848861694336,8.925140380859375,9.933581352233887,11.543252944946289
denoised,8.0,detection_template,fp_matched_cluster,24,2402,9.960262298583984,8.862469673156738,9.830488204956055,11.229862213134766
denoised,8.0,detection_template,fp_matched_cluster,25,2331,9.805450439453125,8.707640647888184,9.669879913330078,11.049402236938477
denoised,8.0,detection_template,fp_matched_cluster,26,2346,9.701621055603027,8.641377449035645,9.53271770477295,10.933147430419922
denoised,8.0,detection_template,fp_matched_cluster,27,2348,9.5763521194458,8.578216552734375,9.455263137817383,10.68352222442627
denoised,8.0,detection_template,fp_matched_cluster,28,2374,9.45530891418457,8.482941627502441,9.33385944366455,10.537731170654297
denoised,8.0,detection_template,fp_matched_cluster,29,2363,9.361114501953125,8.41887092590332,9.239349365234375,10.414542198181152
denoised,8.0,detection_template,fp_matched_cluster,30,2352,9.261385917663574,8.402599334716797,9.14875316619873,10.244544982910156
denoised,8.0,detection_template,fp_matched_cluster,31,2378,9.160395622253418,8.315393447875977,9.035165786743164,10.171348571777344
denoised,8.0,detection_template,fp_matched_cluster,32,2295,9.082963943481445,8.29869556427002,8.974982261657715,9.980104446411133
denoised,8.0,detection_template,fp_matched_cluster,33,2330,9.020126342773438,8.244203567504883,8.921146392822266,9.897533416748047
denoised,8.0,detection_template,fp_matched_cluster,34,2373,8.949210166931152,8.212501525878906,8.832413673400879,9.79835033416748
denoised,8.0,detection_template,fp_matched_cluster,35,2243,8.891433715820312,8.19176959991455,8.759507179260254,9.704517364501953
denoised,8.0,detection_template,fp_matched_cluster,36,2110,8.830638885498047,8.187562942504883,8.7056884765625,9.621686935424805
denoised,8.0,detection_template,fp_matched_cluster,37,2065,8.77953052520752,8.138259887695312,8.672628402709961,9.537660598754883
denoised,8.0,detection_template,fp_matched_cluster,38,2031,8.726648330688477,8.139647483825684,8.590036392211914,9.491215705871582
denoised,8.0,detection_template,fp_matched_cluster,39,2018,8.6759672164917,8.12362003326416,8.5747709274292,9.330531120300293
denoised,8.0,detection_template,fp_matched_cluster,40,1928,8.656967163085938,8.107093811035156,8.525480270385742,9.35004997253418
denoised,8.0,detection_template,fp_matched_cluster,41,1748,8.602442741394043,8.09486198425293,8.498809814453125,9.257377624511719
denoised,8.0,detection_template,fp_matched_cluster,42,1692,8.569594383239746,8.081707954406738,8.460186004638672,9.213478088378906
denoised,8.0,detection_template,fp_matched_cluster,43,1586,8.532581329345703,8.07999038696289,8.42426586151123,9.11125373840332
denoised,8.0,detection_template,fp_matched_cluster,44,1494,8.51396369934082,8.076859474182129,8.400518417358398,9.071284294128418
denoised,8.0,detection_template,fp_matched_cluster,45,1381,8.507575035095215,8.070113182067871,8.390335083007812,9.09844970703125
denoised,8.0,detection_template,fp_matched_cluster,46,1317,8.478586196899414,8.066756248474121,8.374655723571777,9.039483070373535
denoised,8.0,detection_template,fp_matched_cluster,47,1207,8.452280044555664,8.062910079956055,8.352248191833496,8.964091300964355
denoised,8.0,detection_template,fp_matched_cluster,48,1089,8.435829162597656,8.051575660705566,8.319811820983887,8.988835334777832
denoised,8.0,detection_template,fp_matched_cluster,49,1009,8.416275024414062,8.051436424255371,8.310914993286133,8.900028228759766
denoised,8.0,detection_template,fp_matched_cluster,50,907,8.409510612487793,8.048426628112793,8.306547164916992,8.8872709274292
denoised,8.0,detection_template,fp_matched_cluster,51,837,8.41102409362793,8.053000450134277,8.297118186950684,8.895196914672852
denoised,8.0,detection_template,fp_matched_cluster,52,757,8.378907203674316,8.04236125946045,8.26179313659668,8.836104393005371
denoised,8.0,detection_template,fp_matched_cluster,53,636,8.368535995483398,8.042044639587402,8.264469146728516,8.796008110046387
denoised,8.0,detection_template,fp_matched_cluster,54,616,8.361404418945312,8.042604446411133,8.248651504516602,8.823066711425781
denoised,8.0,detection_template,fp_matched_cluster,55,509,8.353011131286621,8.039621353149414,8.26099681854248,8.772809028625488
denoised,8.0,detection_template,fp_matched_cluster,56,452,8.327262878417969,8.03438949584961,8.219724655151367,8.692647933959961
denoised,8.0,detection_template,fp_matched_cluster,57,406,8.332050323486328,8.037628173828125,8.223440170288086,8.797582626342773
denoised,8.0,detection_template,fp_matched_cluster,58,304,8.310138702392578,8.041682243347168,8.213685989379883,8.70876407623291
denoised,8.0,detection_template,fp_matched_cluster,59,290,8.351887702941895,8.032636642456055,8.207662582397461,8.864511489868164
denoised,8.0,detection_template,fp_matched_cluster,60,269,8.304422378540039,8.032099723815918,8.194527626037598,8.661054611206055
denoised,8.0,detection_template,fp_matched_cluster,61,207,8.35009765625,8.032926559448242,8.233277320861816,8.885595321655273
denoised,8.0,detection_template,fp_matched_cluster,62,182,8.324950218200684,8.026987075805664,8.189791679382324,8.840991020202637
denoised,8.0,detection_template,fp_matched_cluster,63,143,8.265429496765137,8.019180297851562,8.19515609741211,8.610366821289062
denoised,8.0,detection_template,fp_matched_cluster,64,132,8.275619506835938,8.03374195098877,8.195749282836914,8.619417190551758
denoised,8.0,detection_template,fp_matched_cluster,65,116,8.37391185760498,8.014200210571289,8.221475601196289,8.811044692993164
denoised,8.0,detection_template,fp_matched_cluster,66,108,8.292304039001465,8.023822784423828,8.17280387878418,8.698841094970703
denoised,8.0,detection_template,fp_matched_cluster,67,86,8.373294830322266,8.025162696838379,8.243997573852539,8.950806617736816
denoised,8.0,detection_template,fp_matched_cluster,68,92,8.271811485290527,8.021578788757324,8.169975280761719,8.603622436523438
denoised,8.0,detection_template,fp_matched_cluster,69,62,8.25048542022705,8.026970863342285,8.140344619750977,8.637578010559082
denoised,8.0,detection_template,fp_matched_cluster,70,46,8.309883117675781,8.03641128540039,8.261062622070312,8.63250732421875
denoised,8.0,detection_template,fp_matched_cluster,71,40,8.414342880249023,8.094735145568848,8.349921226501465,8.702899932861328
denoised,8.0,detection_template,fp_matched_cluster,72,53,8.301663398742676,8.049691200256348,8.216608047485352,8.532958030700684
denoised,8.0,detection_template,fp_matched_cluster,73,31,8.328645706176758,8.053248405456543,8.201868057250977,8.656400680541992
denoised,8.0,detection_template,fp_matched_cluster,74,28,8.362537384033203,8.055935859680176,8.300445556640625,8.753352165222168
denoised,8.0,detection_template,fp_matched_cluster,75,35,8.399907112121582,8.048803329467773,8.298962593078613,8.991878509521484
denoised,8.0,detection_template,fp_matched_cluster,76,33,8.471912384033203,8.059507369995117,8.237464904785156,9.244431495666504
denoised,8.0,detection_template,fp_matched_cluster,77,25,8.323431015014648,8.064183235168457,8.24865436553955,8.635602951049805
denoised,8.0,detection_template,fp_matched_cluster,78,20,8.273409843444824,8.05797004699707,8.202970504760742,8.574885368347168
denoised,8.0,detection_template,fp_matched_cluster,79,15,8.304096221923828,8.09521198272705,8.254074096679688,8.517313003540039
denoised,8.0,detection_template,fp_matched_cluster,80,13,8.350259780883789,8.09023380279541,8.241931915283203,8.802023887634277
denoised,8.0,detection_template,fp_matched_cluster,81,13,8.409716606140137,8.077075004577637,8.258925437927246,8.799498558044434
denoised,8.0,detection_template,fp_matched_cluster,82,25,8.372010231018066,8.068049430847168,8.251686096191406,8.804266929626465
denoised,8.0,detection_template,fp_matched_cluster,83,12,8.481518745422363,8.081013679504395,8.209005355834961,9.366857528686523
denoised,8.0,detection_template,fp_matched_cluster,84,11,8.325093269348145,8.019356727600098,8.356861114501953,8.56365966796875
denoised,8.0,detection_template,fp_matched_cluster,85,7,8.141195297241211,8.03210735321045,8.052292823791504,8.3110933303833
denoised,8.0,detection_template,fp_matched_cluster,86,10,8.542939186096191,8.022003173828125,8.648178100585938,9.027451515197754
denoised,8.0,detection_template,fp_matched_cluster,87,9,8.287301063537598,8.165873527526855,8.255486488342285,8.50161075592041
denoised,8.0,detection_template,fp_matched_cluster,88,5,8.185166358947754,8.053078651428223,8.098638534545898,8.35703182220459
denoised,8.0,detection_template,fp_matched_cluster,89,4,8.583215713500977,8.05618667602539,8.211053848266602,9.407976150512695
denoised,8.0,detection_template,fp_matched_cluster,90,2,8.521368026733398,8.421399116516113,8.521368026733398,8.621337890625
denoised,8.0,detection_template,fp_matched_cluster,91,6,8.293089866638184,8.022790908813477,8.053247451782227,8.803232192993164
denoised,8.0,detection_template,fp_matched_cluster,92,8,8.663151741027832,8.128241539001465,8.6544189453125,9.249755859375
denoised,8.0,detection_template,fp_matched_cluster,93,3,8.15910816192627,8.069125175476074,8.188804626464844,8.237213134765625
denoised,8.0,detection_template,fp_matched_cluster,94,3,8.420319557189941,8.138273239135742,8.276575088500977,8.759864807128906
denoised,8.0,detection_template,fp_matched_cluster,95,5,8.54814338684082,8.027149200439453,8.225643157958984,9.418728828430176
denoised,8.0,detection_template,fp_matched_cluster,96,3,8.489602088928223,8.171844482421875,8.565452575683594,8.777019500732422
denoised,8.0,detection_template,fp_matched_cluster,97,6,9.7261323928833,8.077690124511719,8.348459243774414,12.75224781036377
denoised,8.0,detection_template,fp_matched_cluster,98,5,8.636506080627441,8.1075439453125,8.157681465148926,9.63637924194336
denoised,8.0,detection_template,fp_matched_cluster,99,2,8.112165451049805,8.077607154846191,8.112165451049805,8.146723747253418
denoised,8.0,detection_template,tp,0,11227,35.25136184692383,30.719268798828125,35.90159225463867,39.49516677856445
denoised,8.0,detection_template,tp,1,11908,33.38656234741211,27.917451858520508,34.473106384277344,38.61225128173828
denoised,8.0,detection_template,tp,2,9337,29.940826416015625,17.79768180847168,32.00920486450195,37.3978385925293
denoised,8.0,detection_template,tp,3,7028,25.722415924072266,16.055761337280273,27.755966186523438,35.575443267822266
denoised,8.0,detection_template,tp,4,6375,21.696136474609375,15.172051429748535,18.817975997924805,32.559173583984375
denoised,8.0,detection_template,tp,5,6447,18.921443939208984,14.475914001464844,17.611194610595703,27.923812866210938
denoised,8.0,detection_template,tp,6,6618,17.483631134033203,13.870599746704102,16.961572647094727,20.559850692749023
denoised,8.0,detection_template,tp,7,6706,16.65338897705078,13.473896026611328,16.485687255859375,19.642473220825195
denoised,8.0,detection_template,tp,8,6561,16.157697677612305,13.0747652053833,16.089393615722656,19.07794952392578
denoised,8.0,detection_template,tp,9,6242,15.700389862060547,12.659578323364258,15.643339157104492,18.647804260253906
denoised,8.0,detection_template,tp,10,5716,15.1970853805542,12.229110717773438,15.17761516571045,18.12868309020996
denoised,8.0,detection_template,tp,11,5131,14.807474136352539,11.940074920654297,14.692126274108887,17.747432708740234
denoised,8.0,detection_template,tp,12,4624,14.462782859802246,11.637866020202637,14.32261848449707,17.457304000854492
denoised,8.0,detection_template,tp,13,4020,13.955747604370117,11.255967140197754,13.739490509033203,16.909265518188477
denoised,8.0,detection_template,tp,14,3371,13.596924781799316,10.987208366394043,13.39505672454834,16.530559539794922
denoised,8.0,detection_template,tp,15,2938,13.185486793518066,10.659799575805664,12.91891860961914,16.094688415527344
denoised,8.0,detection_template,tp,16,2578,12.739249229431152,10.384049415588379,12.452546119689941,15.539901733398438
denoised,8.0,detection_template,tp,17,2177,12.511523246765137,10.213531494140625,12.290205001831055,15.185833930969238
denoised,8.0,detection_template,tp,18,1799,12.142642974853516,10.00308609008789,11.840625762939453,14.727383613586426
denoised,8.0,detection_template,tp,19,1575,11.811373710632324,9.80744457244873,11.50992202758789,14.30871868133545
denoised,8.0,detection_template,tp,20,1359,11.600950241088867,9.57426643371582,11.216571807861328,14.20082950592041
denoised,8.0,detection_template,tp,21,1279,11.273665428161621,9.434805870056152,10.913423538208008,13.67715072631836
denoised,8.0,detection_template,tp,22,1081,10.892882347106934,9.330857276916504,10.609572410583496,12.937627792358398
denoised,8.0,detection_template,tp,23,994,10.706989288330078,9.156349182128906,10.45523452758789,12.469324111938477
denoised,8.0,detection_template,tp,24,841,10.56286907196045,8.91759967803955,10.30562973022461,12.547262191772461
denoised,8.0,detection_template,tp,25,753,10.396596908569336,9.035277366638184,10.124631881713867,12.114724159240723
denoised,8.0,detection_template,tp,26,690,10.095091819763184,8.80174446105957,9.932558059692383,11.63521957397461
denoised,8.0,detection_template,tp,27,661,10.045788764953613,8.770723342895508,9.848533630371094,11.50475025177002
denoised,8.0,detection_template,tp,28,629,9.857666969299316,8.644917488098145,9.62331771850586,11.395224571228027
denoised,8.0,detection_template,tp,29,564,9.700002670288086,8.569791793823242,9.528594970703125,11.143051147460938
denoised,8.0,detection_template,tp,30,521,9.638431549072266,8.565315246582031,9.450383186340332,11.016341209411621
denoised,8.0,detection_template,tp,31,515,9.46532917022705,8.412236213684082,9.266347885131836,10.75729751586914
denoised,8.0,detection_template,tp,32,409,9.292424201965332,8.345564842224121,9.167706489562988,10.37620735168457
denoised,8.0,detection_template,tp,33,395,9.197854042053223,8.303722381591797,9.040987968444824,10.191596031188965
denoised,8.0,detection_template,tp,34,388,9.19861125946045,8.321773529052734,9.008232116699219,10.299583435058594
denoised,8.0,detection_template,tp,35,319,9.154010772705078,8.3444242477417,8.936559677124023,10.148316383361816
denoised,8.0,detection_template,tp,36,316,9.008320808410645,8.216039657592773,8.845111846923828,9.947233200073242
denoised,8.0,detection_template,tp,37,300,8.872483253479004,8.15849494934082,8.760833740234375,9.714666366577148
denoised,8.0,detection_template,tp,38,296,8.8722505569458,8.145755767822266,8.753393173217773,9.718399047851562
denoised,8.0,detection_template,tp,39,257,8.841876983642578,8.152216911315918,8.678642272949219,9.816771507263184
denoised,8.0,detection_template,tp,40,235,8.760351181030273,8.103389739990234,8.643080711364746,9.361270904541016
denoised,8.0,detection_template,tp,41,240,8.76020336151123,8.104615211486816,8.575324058532715,9.66833782196045
denoised,8.0,detection_template,tp,42,180,8.712270736694336,8.119771003723145,8.554670333862305,9.425207138061523
denoised,8.0,detection_template,tp,43,163,8.687399864196777,8.110519409179688,8.522358894348145,9.402097702026367
denoised,8.0,detection_template,tp,44,171,8.688468933105469,8.096299171447754,8.453298568725586,9.623794555664062
denoised,8.0,detection_template,tp,45,154,8.566461563110352,8.078543663024902,8.428956031799316,9.114762306213379
denoised,8.0,detection_template,tp,46,123,8.737187385559082,8.053318977355957,8.441313743591309,9.251975059509277
denoised,8.0,detection_template,tp,47,107,8.632669448852539,8.111533164978027,8.418890953063965,9.487345695495605
denoised,8.0,detection_template,tp,48,86,8.51725959777832,8.06247329711914,8.388148307800293,9.05440616607666
denoised,8.0,detection_template,tp,49,80,8.502896308898926,8.070080757141113,8.359968185424805,9.127948760986328
denoised,8.0,detection_template,tp,50,76,8.387083053588867,8.056756019592285,8.232322692871094,8.876502990722656
denoised,8.0,detection_template,tp,51,54,8.567085266113281,8.09374713897705,8.439502716064453,9.248113632202148
denoised,8.0,detection_template,tp,52,73,8.490901947021484,8.054275512695312,8.354961395263672,9.038976669311523
denoised,8.0,detection_template,tp,53,59,8.396014213562012,8.056427955627441,8.323142051696777,8.795358657836914
denoised,8.0,detection_template,tp,54,53,8.432538986206055,8.069849967956543,8.283729553222656,9.010985374450684
denoised,8.0,detection_template,tp,55,41,8.466432571411133,8.052963256835938,8.306278228759766,9.191925048828125
denoised,8.0,detection_template,tp,56,31,8.340128898620605,8.033814430236816,8.215192794799805,8.686840057373047
denoised,8.0,detection_template,tp,57,32,8.539787292480469,8.03732967376709,8.211967468261719,8.996453285217285
denoised,8.0,detection_template,tp,58,28,8.785143852233887,8.102090835571289,8.455814361572266,8.9039945602417
denoised,8.0,detection_template,tp,59,28,8.264619827270508,8.029351234436035,8.20132827758789,8.654114723205566
denoised,8.0,detection_template,tp,60,18,8.625480651855469,8.064163208007812,8.257547378540039,9.845602035522461
denoised,8.0,detection_template,tp,61,14,8.414294242858887,8.02038288116455,8.291269302368164,8.939875602722168
denoised,8.0,detection_template,tp,62,15,8.505356788635254,8.03353500366211,8.299047470092773,9.276820182800293
denoised,8.0,detection_template,tp,63,11,8.555365562438965,8.049086570739746,8.383658409118652,9.255830764770508
denoised,8.0,detection_template,tp,64,13,8.532380104064941,8.053104400634766,8.210943222045898,9.113752365112305
denoised,8.0,detection_template,tp,65,15,8.365260124206543,8.039997100830078,8.162348747253418,8.872617721557617
denoised,8.0,detection_template,tp,66,10,8.235966682434082,8.035470962524414,8.191024780273438,8.511446952819824
denoised,8.0,detection_template,tp,67,7,8.401666641235352,8.158437728881836,8.231239318847656,8.804281234741211
denoised,8.0,detection_template,tp,68,7,8.131269454956055,8.025748252868652,8.105428695678711,8.254182815551758
denoised,8.0,detection_template,tp,69,2,8.058405876159668,8.035745620727539,8.058405876159668,8.081066131591797
denoised,8.0,detection_template,tp,70,5,8.584115982055664,8.03164291381836,8.317680358886719,9.270315170288086
denoised,8.0,detection_template,tp,71,4,8.430904388427734,8.100261688232422,8.43424129486084,8.758879661560059
denoised,8.0,detection_template,tp,72,2,8.158913612365723,8.084113121032715,8.158913612365723,8.23371410369873
denoised,8.0,detection_template,tp,73,2,8.171092987060547,8.117215156555176,8.171092987060547,8.224969863891602
denoised,8.0,detection_template,tp,74,4,8.60539722442627,8.119966506958008,8.248319625854492,9.37648868560791
denoised,8.0,detection_template,tp,77,1,8.093100547790527,8.093100547790527,8.093100547790527,8.093100547790527
denoised,8.0,detection_template,tp,78,1,8.214873313903809,8.214873313903809,8.214873313903809,8.214873313903809
denoised,8.0,detection_template,tp,79,1,8.218374252319336,8.218374252319336,8.218374252319336,8.218374252319336
denoised,8.0,detection_template,tp,80,1,20.428316116333008,20.428316116333008,20.428316116333008,20.428316116333008
denoised,8.0,detection_template,tp,82,1,8.013749122619629,8.013749122619629,8.013749122619629,8.013749122619629
denoised,8.0,detection_template,tp,84,1,24.06464958190918,24.06464958190918,24.06464958190918,24.06464958190918
denoised,8.0,detection_template,tp,85,1,8.354934692382812,8.354934692382812,8.354934692382812,8.354934692382812
denoised,8.0,detection_template,tp,86,1,8.585707664489746,8.585707664489746,8.585707664489746,8.585707664489746
denoised,8.0,detection_template,tp,89,1,9.390417098999023,9.390417098999023,9.390417098999023,9.390417098999023
denoised,8.0,detection_template,tp,91,1,8.078964233398438,8.078964233398438,8.078964233398438,8.078964233398438
denoised,8.0,detection_template,tp,93,3,8.322379112243652,8.009055137634277,8.026935577392578,8.75387954711914
denoised,8.0,detection_template,tp,94,1,8.302727699279785,8.302727699279785,8.302727699279785,8.302727699279785
denoised,8.0,detection_template,tp,97,1,8.0589017868042,8.0589017868042,8.0589017868042,8.0589017868042
denoised,8.0,final_clustering,unmatched_cluster,0,273714,41.23942184448242,28.051897048950195,39.9415283203125,55.483341217041016
denoised,8.0,final_clustering,unmatched_cluster,1,251382,32.57006072998047,22.021892547607422,32.33687210083008,43.23136520385742
denoised,8.0,final_clustering,unmatched_cluster,2,243151,27.88132095336914,19.3621826171875,27.66404914855957,36.57712173461914
denoised,8.0,final_clustering,unmatched_cluster,3,238033,24.69411849975586,17.270038604736328,24.016326904296875,32.873809814453125
denoised,8.0,final_clustering,unmatched_cluster,4,233336,22.284500122070312,15.633392333984375,21.599037170410156,29.841426849365234
denoised,8.0,final_clustering,unmatched_cluster,5,228411,20.38912010192871,14.415238380432129,19.982406616210938,27.04537010192871
denoised,8.0,final_clustering,unmatched_cluster,6,224914,18.847381591796875,13.444245338439941,18.551849365234375,24.594139099121094
denoised,8.0,final_clustering,unmatched_cluster,7,222252,17.55975914001465,12.681082725524902,17.207252502441406,22.67389678955078
denoised,8.0,final_clustering,unmatched_cluster,8,220006,16.467538833618164,12.064149856567383,16.03253173828125,21.253604888916016
denoised,8.0,final_clustering,unmatched_cluster,9,218229,15.538724899291992,11.572022438049316,15.066473007202148,20.071216583251953
denoised,8.0,final_clustering,unmatched_cluster,10,217010,14.738945007324219,11.167486190795898,14.25155258178711,19.01055335998535
denoised,8.0,final_clustering,unmatched_cluster,11,215709,14.044754981994629,10.834760665893555,13.558366775512695,17.965579986572266
denoised,8.0,final_clustering,unmatched_cluster,12,215390,13.436434745788574,10.545209884643555,12.951546669006348,17.008066177368164
denoised,8.0,final_clustering,unmatched_cluster,13,214427,12.910898208618164,10.288420677185059,12.443510055541992,16.171672821044922
denoised,8.0,final_clustering,unmatched_cluster,14,214095,12.448013305664062,10.074084281921387,12.008986473083496,15.42272663116455
denoised,8.0,final_clustering,unmatched_cluster,15,213054,12.041918754577637,9.875484466552734,11.627571105957031,14.758996963500977
denoised,8.0,final_clustering,unmatched_cluster,16,212791,11.685617446899414,9.702010154724121,11.307906150817871,14.158687591552734
denoised,8.0,final_clustering,unmatched_cluster,17,212444,11.368636131286621,9.54591178894043,11.022720336914062,13.630669593811035
denoised,8.0,final_clustering,unmatched_cluster,18,212261,11.087474822998047,9.39823055267334,10.773543357849121,13.163787841796875
denoised,8.0,final_clustering,unmatched_cluster,19,212112,10.833337783813477,9.263839721679688,10.551252365112305,12.74694538116455
denoised,8.0,final_clustering,unmatched_cluster,20,211724,10.606761932373047,9.141464233398438,10.349924087524414,12.360942840576172
denoised,8.0,final_clustering,unmatched_cluster,21,211630,10.402582168579102,9.026865005493164,10.170066833496094,12.039411544799805
denoised,8.0,final_clustering,unmatched_cluster,22,210874,10.217938423156738,8.921440124511719,10.006803512573242,11.735551834106445
denoised,8.0,final_clustering,unmatched_cluster,23,210172,10.050393104553223,8.823920249938965,9.85633659362793,11.471280097961426
denoised,8.0,final_clustering,unmatched_cluster,24,210062,9.894775390625,8.732760429382324,9.713679313659668,11.231412887573242
denoised,8.0,final_clustering,unmatched_cluster,25,209045,9.755486488342285,8.6538724899292,9.584582328796387,11.017630577087402
denoised,8.0,final_clustering,unmatched_cluster,26,207971,9.627998352050781,8.577047348022461,9.469132423400879,10.823565483093262
denoised,8.0,final_clustering,unmatched_cluster,27,206809,9.508642196655273,8.507604598999023,9.357939720153809,10.643633842468262
denoised,8.0,final_clustering,unmatched_cluster,28,205119,9.399301528930664,8.443015098571777,9.256889343261719,10.481972694396973
denoised,8.0,final_clustering,unmatched_cluster,29,203164,9.302237510681152,8.388832092285156,9.166202545166016,10.3372802734375
denoised,8.0,final_clustering,unmatched_cluster,30,200544,9.212324142456055,8.34288501739502,9.078699111938477,10.201519966125488
denoised,8.0,final_clustering,unmatched_cluster,31,198124,9.128314018249512,8.300448417663574,8.997442245483398,10.072526931762695
denoised,8.0,final_clustering,unmatched_cluster,32,194711,9.05184268951416,8.262474060058594,8.922706604003906,9.957054138183594
denoised,8.0,final_clustering,unmatched_cluster,33,190634,8.981010437011719,8.229814529418945,8.853902816772461,9.847542762756348
denoised,8.0,final_clustering,unmatched_cluster,34,185985,8.916426658630371,8.202967643737793,8.790526390075684,9.747903823852539
denoised,8.0,final_clustering,unmatched_cluster,35,181009,8.857749938964844,8.179749488830566,8.732836723327637,9.650765419006348
denoised,8.0,final_clustering,unmatched_cluster,36,175235,8.802718162536621,8.158210754394531,8.679800033569336,9.565367698669434
denoised,8.0,final_clustering,unmatched_cluster,37,169136,8.753896713256836,8.141901016235352,8.631723403930664,9.484607696533203
denoised,8.0,final_clustering,unmatched_cluster,38,162130,8.709711074829102,8.126510620117188,8.586018562316895,9.41168212890625
denoised,8.0,final_clustering,unmatched_cluster,39,154442,8.669346809387207,8.113304138183594,8.545921325683594,9.345622062683105
denoised,8.0,final_clustering,unmatched_cluster,40,146620,8.631617546081543,8.100675582885742,8.510083198547363,9.281646728515625
denoised,8.0,final_clustering,unmatched_cluster,41,137791,8.600110054016113,8.09354305267334,8.478928565979004,9.227653503417969
denoised,8.0,final_clustering,unmatched_cluster,42,129364,8.56977367401123,8.084894180297852,8.449300765991211,9.17577075958252
denoised,8.0,final_clustering,unmatched_cluster,43,121044,8.540694236755371,8.077555656433105,8.420806884765625,9.12613582611084
denoised,8.0,final_clustering,unmatched_cluster,44,112077,8.515296936035156,8.070648193359375,8.39564323425293,9.082717895507812
denoised,8.0,final_clustering,unmatched_cluster,45,103552,8.49213695526123,8.065994262695312,8.373946189880371,9.037781715393066
denoised,8.0,final_clustering,unmatched_cluster,46,95059,8.472566604614258,8.061717987060547,8.354070663452148,9.004776000976562
denoised,8.0,final_clustering,unmatched_cluster,47,86454,8.455628395080566,8.058399200439453,8.337156295776367,8.973973274230957
denoised,8.0,final_clustering,unmatched_cluster,48,78725,8.437106132507324,8.05400276184082,8.320241928100586,8.93736743927002
denoised,8.0,final_clustering,unmatched_cluster,49,70831,8.422525405883789,8.051456451416016,8.304803848266602,8.91368293762207
denoised,8.0,final_clustering,unmatched_cluster,50,63775,8.411205291748047,8.04882526397705,8.292146682739258,8.88910961151123
denoised,8.0,final_clustering,unmatched_cluster,51,56905,8.400898933410645,8.046797752380371,8.279624938964844,8.87075138092041
denoised,8.0,final_clustering,unmatched_cluster,52,50710,8.388646125793457,8.043668746948242,8.267068862915039,8.846504211425781
denoised,8.0,final_clustering,unmatched_cluster,53,44784,8.382767677307129,8.04282283782959,8.256282806396484,8.83627986907959
denoised,8.0,final_clustering,unmatched_cluster,54,39409,8.375364303588867,8.040966033935547,8.252410888671875,8.817127227783203
denoised,8.0,final_clustering,unmatched_cluster,55,34801,8.369647026062012,8.038572311401367,8.24527645111084,8.807315826416016
denoised,8.0,final_clustering,unmatched_cluster,56,30357,8.365265846252441,8.037286758422852,8.237702369689941,8.797194480895996
denoised,8.0,final_clustering,unmatched_cluster,57,26524,8.361571311950684,8.036373138427734,8.231669425964355,8.79073715209961
denoised,8.0,final_clustering,unmatched_cluster,58,22956,8.362859725952148,8.036542892456055,8.225809097290039,8.796554565429688
denoised,8.0,final_clustering,unmatched_cluster,59,19963,8.358308792114258,8.035219192504883,8.22251033782959,8.784762382507324
denoised,8.0,final_clustering,unmatched_cluster,60,17279,8.358567237854004,8.033141136169434,8.221793174743652,8.781122207641602
denoised,8.0,final_clustering,unmatched_cluster,61,14887,8.361964225769043,8.032938003540039,8.219594955444336,8.782218933105469
denoised,8.0,final_clustering,unmatched_cluster,62,12893,8.364628791809082,8.032418251037598,8.219566345214844,8.783366203308105
denoised,8.0,final_clustering,unmatched_cluster,63,11156,8.37357234954834,8.033924102783203,8.22371768951416,8.814458847045898
denoised,8.0,final_clustering,unmatched_cluster,64,9709,8.37717056274414,8.03255558013916,8.222548484802246,8.8118896484375
denoised,8.0,final_clustering,unmatched_cluster,65,8384,8.389164924621582,8.032991409301758,8.218875885009766,8.840926170349121
denoised,8.0,final_clustering,unmatched_cluster,66,7227,8.391942977905273,8.03329086303711,8.217695236206055,8.866059303283691
denoised,8.0,final_clustering,unmatched_cluster,67,6308,8.399052619934082,8.03186321258545,8.217195510864258,8.861480712890625
denoised,8.0,final_clustering,unmatched_cluster,68,5521,8.410432815551758,8.03323745727539,8.216596603393555,8.863629341125488
denoised,8.0,final_clustering,unmatched_cluster,69,4802,8.4102144241333,8.031251907348633,8.225788116455078,8.851158142089844
denoised,8.0,final_clustering,unmatched_cluster,70,4208,8.426820755004883,8.030717849731445,8.227544784545898,8.862264633178711
denoised,8.0,final_clustering,unmatched_cluster,71,3602,8.443435668945312,8.034102439880371,8.23138427734375,8.893428802490234
denoised,8.0,final_clustering,unmatched_cluster,72,3143,8.459494590759277,8.037154197692871,8.244102478027344,8.884345054626465
denoised,8.0,final_clustering,unmatched_cluster,73,2848,8.478498458862305,8.033456802368164,8.242698669433594,8.872661590576172
denoised,8.0,final_clustering,unmatched_cluster,74,2483,8.477720260620117,8.036511421203613,8.24189281463623,8.898028373718262
denoised,8.0,final_clustering,unmatched_cluster,75,2223,8.494452476501465,8.034984588623047,8.242696762084961,8.886640548706055
denoised,8.0,final_clustering,unmatched_cluster,76,1958,8.504508972167969,8.039830207824707,8.251680374145508,8.896648406982422
denoised,8.0,final_clustering,unmatched_cluster,77,1761,8.518729209899902,8.03931999206543,8.243067741394043,8.900315284729004
denoised,8.0,final_clustering,unmatched_cluster,78,1537,8.545225143432617,8.033174514770508,8.244325637817383,8.93820571899414
denoised,8.0,final_clustering,unmatched_cluster,79,1361,8.568558692932129,8.038392066955566,8.25256633758545,8.904531478881836
denoised,8.0,final_clustering,unmatched_cluster,80,1250,8.60252857208252,8.039697647094727,8.237955093383789,8.911019325256348
denoised,8.0,final_clustering,unmatched_cluster,81,1116,8.652582168579102,8.041366577148438,8.248205184936523,8.988435745239258
denoised,8.0,final_clustering,unmatched_cluster,82,992,8.638716697692871,8.03498363494873,8.25661563873291,8.92173957824707
denoised,8.0,final_clustering,unmatched_cluster,83,877,8.700088500976562,8.042469024658203,8.253539085388184,8.9566011428833
denoised,8.0,final_clustering,unmatched_cluster,84,774,8.75672721862793,8.045140266418457,8.272933959960938,9.013941764831543
denoised,8.0,final_clustering,unmatched_cluster,85,687,8.800844192504883,8.035200119018555,8.268282890319824,9.254133224487305
denoised,8.0,final_clustering,unmatched_cluster,86,626,8.799662590026855,8.040576934814453,8.281524658203125,9.243772506713867
denoised,8.0,final_clustering,unmatched_cluster,87,570,8.865419387817383,8.043058395385742,8.295183181762695,9.25890827178955
denoised,8.0,final_clustering,unmatched_cluster,88,534,8.856512069702148,8.053215026855469,8.291933059692383,9.234977722167969
denoised,8.0,final_clustering,unmatched_cluster,89,487,8.885832786560059,8.045795440673828,8.282455444335938,9.31264877319336
denoised,8.0,final_clustering,unmatched_cluster,90,443,8.972372055053711,8.052608489990234,8.25400447845459,9.350407600402832
denoised,8.0,final_clustering,unmatched_cluster,91,421,8.912510871887207,8.042571067810059,8.27021598815918,9.289846420288086
denoised,8.0,final_clustering,unmatched_cluster,92,381,8.959033966064453,8.046561241149902,8.266095161437988,9.453323364257812
denoised,8.0,final_clustering,unmatched_cluster,93,346,9.042315483093262,8.039148330688477,8.268234252929688,9.652170181274414
denoised,8.0,final_clustering,unmatched_cluster,94,323,9.021336555480957,8.045561790466309,8.262789726257324,9.91378116607666
denoised,8.0,final_clustering,unmatched_cluster,95,298,9.098390579223633,8.045644760131836,8.250022888183594,9.895639419555664
denoised,8.0,final_clustering,unmatched_cluster,96,275,9.20876407623291,8.03247356414795,8.251111030578613,9.99209213256836
denoised,8.0,final_clustering,unmatched_cluster,97,253,9.245182991027832,8.033069610595703,8.244314193725586,10.124359130859375
denoised,8.0,final_clustering,unmatched_cluster,98,234,9.409379005432129,8.026834487915039,8.286911010742188,10.294525146484375
denoised,8.0,final_clustering,unmatched_cluster,99,212,9.391286849975586,8.041618347167969,8.348588943481445,10.193008422851562
denoised,8.0,final_clustering,fp_matched_cluster,0,49,21.546510696411133,15.831722259521484,20.624528884887695,31.750886917114258
denoised,8.0,final_clustering,fp_matched_cluster,1,172,19.092100143432617,15.281947135925293,18.72281837463379,22.391164779663086
denoised,8.0,final_clustering,fp_matched_cluster,2,374,18.408119201660156,14.736376762390137,17.94029426574707,22.242469787597656
denoised,8.0,final_clustering,fp_matched_cluster,3,646,17.917499542236328,14.268495559692383,17.785518646240234,21.57567596435547
denoised,8.0,final_clustering,fp_matched_cluster,4,917,17.17354965209961,13.665212631225586,17.068513870239258,20.76218605041504
denoised,8.0,final_clustering,fp_matched_cluster,5,1134,16.615589141845703,13.285759925842285,16.621360778808594,19.90822410583496
denoised,8.0,final_clustering,fp_matched_cluster,6,1312,16.097579956054688,12.956177711486816,15.971820831298828,19.290910720825195
denoised,8.0,final_clustering,fp_matched_cluster,7,1655,15.630637168884277,12.413369178771973,15.463199615478516,19.083738327026367
denoised,8.0,final_clustering,fp_matched_cluster,8,1691,15.147624015808105,12.038006782531738,14.985431671142578,18.40192985534668
denoised,8.0,final_clustering,fp_matched_cluster,9,1846,14.547637939453125,11.594978332519531,14.412738800048828,17.723508834838867
denoised,8.0,final_clustering,fp_matched_cluster,10,1932,14.168257713317871,11.368203163146973,13.964271545410156,17.265331268310547
denoised,8.0,final_clustering,fp_matched_cluster,11,2012,13.642058372497559,11.033056259155273,13.37459659576416,16.590904235839844
denoised,8.0,final_clustering,fp_matched_cluster,12,1938,13.162939071655273,10.7018404006958,12.875473022460938,15.971640586853027
denoised,8.0,final_clustering,fp_matched_cluster,13,2007,12.85201358795166,10.616628646850586,12.545233726501465,15.552958488464355
denoised,8.0,final_clustering,fp_matched_cluster,14,2012,12.502906799316406,10.42368221282959,12.20322322845459,15.001986503601074
denoised,8.0,final_clustering,fp_matched_cluster,15,2031,12.131535530090332,10.148984909057617,11.840433120727539,14.496024131774902
denoised,8.0,final_clustering,fp_matched_cluster,16,2036,11.827250480651855,9.954811096191406,11.526290893554688,14.147882461547852
denoised,8.0,final_clustering,fp_matched_cluster,17,2019,11.522503852844238,9.85228443145752,11.302014350891113,13.490936279296875
denoised,8.0,final_clustering,fp_matched_cluster,18,2019,11.266708374023438,9.644767761230469,11.037606239318848,13.134892463684082
denoised,8.0,final_clustering,fp_matched_cluster,19,1951,11.015515327453613,9.51861572265625,10.812417984008789,12.768769264221191
denoised,8.0,final_clustering,fp_matched_cluster,20,1967,10.78520393371582,9.335539817810059,10.60344409942627,12.425481796264648
denoised,8.0,final_clustering,fp_matched_cluster,21,1987,10.62973403930664,9.245948791503906,10.460724830627441,12.230379104614258
denoised,8.0,final_clustering,fp_matched_cluster,22,1977,10.4403076171875,9.130270957946777,10.243629455566406,11.946004867553711
denoised,8.0,final_clustering,fp_matched_cluster,23,1924,10.217926025390625,9.012299537658691,10.018538475036621,11.715447425842285
denoised,8.0,final_clustering,fp_matched_cluster,24,1892,10.070962905883789,8.968246459960938,9.925633430480957,11.380708694458008
denoised,8.0,final_clustering,fp_matched_cluster,25,1813,9.936724662780762,8.788922309875488,9.816136360168457,11.211755752563477
denoised,8.0,final_clustering,fp_matched_cluster,26,1843,9.816529273986816,8.75316333770752,9.644913673400879,11.075838088989258
denoised,8.0,final_clustering,fp_matched_cluster,27,1842,9.685871124267578,8.648612022399902,9.561992645263672,10.852598190307617
denoised,8.0,final_clustering,fp_matched_cluster,28,1804,9.55778980255127,8.578862190246582,9.415531158447266,10.694522857666016
denoised,8.0,final_clustering,fp_matched_cluster,29,1771,9.463186264038086,8.486310005187988,9.335001945495605,10.55951976776123
denoised,8.0,final_clustering,fp_matched_cluster,30,1790,9.34607219696045,8.454022407531738,9.234298706054688,10.387459754943848
denoised,8.0,final_clustering,fp_matched_cluster,31,1776,9.24990463256836,8.351812362670898,9.128973007202148,10.329456329345703
denoised,8.0,final_clustering,fp_matched_cluster,32,1646,9.16720962524414,8.356879234313965,9.041986465454102,10.095375061035156
denoised,8.0,final_clustering,fp_matched_cluster,33,1660,9.09718132019043,8.307324409484863,8.99575424194336,9.998209953308105
denoised,8.0,final_clustering,fp_matched_cluster,34,1728,9.01266098022461,8.257552146911621,8.901540756225586,9.852421760559082
denoised,8.0,final_clustering,fp_matched_cluster,35,1641,8.957768440246582,8.20898723602295,8.823928833007812,9.826586723327637
denoised,8.0,final_clustering,fp_matched_cluster,36,1525,8.891477584838867,8.221651077270508,8.783524513244629,9.671507835388184
denoised,8.0,final_clustering,fp_matched_cluster,37,1504,8.857670783996582,8.162641525268555,8.754766464233398,9.670220375061035
denoised,8.0,final_clustering,fp_matched_cluster,38,1425,8.780776977539062,8.149563789367676,8.626420974731445,9.629837989807129
denoised,8.0,final_clustering,fp_matched_cluster,39,1445,8.706135749816895,8.134819030761719,8.601571083068848,9.39077091217041
denoised,8.0,final_clustering,fp_matched_cluster,40,1401,8.700043678283691,8.126741409301758,8.5596284866333,9.44298267364502
denoised,8.0,final_clustering,fp_matched_cluster,41,1259,8.632648468017578,8.094425201416016,8.51918888092041,9.308753967285156
denoised,8.0,final_clustering,fp_matched_cluster,42,1206,8.602944374084473,8.09231948852539,8.493288040161133,9.244462966918945
denoised,8.0,final_clustering,fp_matched_cluster,43,1163,8.550029754638672,8.085968971252441,8.434438705444336,9.133703231811523
denoised,8.0,final_clustering,fp_matched_cluster,44,1104,8.555523872375488,8.08541202545166,8.42746353149414,9.136152267456055
denoised,8.0,final_clustering,fp_matched_cluster,45,988,8.537949562072754,8.074883460998535,8.402521133422852,9.135795593261719
denoised,8.0,final_clustering,fp_matched_cluster,46,950,8.507577896118164,8.074620246887207,8.40481948852539,9.07285213470459
denoised,8.0,final_clustering,fp_matched_cluster,47,849,8.480894088745117,8.071409225463867,8.377493858337402,9.047501564025879
denoised,8.0,final_clustering,fp_matched_cluster,48,777,8.45425033569336,8.05313491821289,8.337416648864746,9.03393268585205
denoised,8.0,final_clustering,fp_matched_cluster,49,727,8.448663711547852,8.053956031799316,8.340476989746094,8.96578598022461
denoised,8.0,final_clustering,fp_matched_cluster,50,620,8.427901268005371,8.048544883728027,8.315021514892578,8.957860946655273
denoised,8.0,final_clustering,fp_matched_cluster,51,622,8.432743072509766,8.05520248413086,8.313396453857422,8.920083999633789
denoised,8.0,final_clustering,fp_matched_cluster,52,528,8.405760765075684,8.045660018920898,8.301753997802734,8.88426399230957
denoised,8.0,final_clustering,fp_matched_cluster,53,454,8.386590003967285,8.050210952758789,8.271188735961914,8.821938514709473
denoised,8.0,final_clustering,fp_matched_cluster,54,463,8.390976905822754,8.044690132141113,8.270926475524902,8.860628128051758
denoised,8.0,final_clustering,fp_matched_cluster,55,356,8.401923179626465,8.05054759979248,8.277026176452637,8.889981269836426
denoised,8.0,final_clustering,fp_matched_cluster,56,339,8.348783493041992,8.038189888000488,8.241700172424316,8.734878540039062
denoised,8.0,final_clustering,fp_matched_cluster,57,295,8.34803581237793,8.029646873474121,8.230525016784668,8.857778549194336
denoised,8.0,final_clustering,fp_matched_cluster,58,223,8.321586608886719,8.04359245300293,8.215826988220215,8.737222671508789
denoised,8.0,final_clustering,fp_matched_cluster,59,210,8.388051986694336,8.042634010314941,8.250003814697266,8.89184856414795
denoised,8.0,final_clustering,fp_matched_cluster,60,199,8.329934120178223,8.035369873046875,8.220169067382812,8.757826805114746
denoised,8.0,final_clustering,fp_matched_cluster,61,148,8.384889602661133,8.043549537658691,8.240714073181152,8.919058799743652
denoised,8.0,final_clustering,fp_matched_cluster,62,137,8.362265586853027,8.034483909606934,8.212003707885742,8.872977256774902
denoised,8.0,final_clustering,fp_matched_cluster,63,103,8.290972709655762,8.017481803894043,8.213507652282715,8.67829418182373
denoised,8.0,final_clustering,fp_matched_cluster,64,105,8.290791511535645,8.027946472167969,8.175895690917969,8.697338104248047
denoised,8.0,final_clustering,fp_matched_cluster,65,86,8.441843032836914,8.0606689453125,8.298871994018555,8.919532775878906
denoised,8.0,final_clustering,fp_matched_cluster,66,94,8.325533866882324,8.03902530670166,8.204635620117188,8.823129653930664
denoised,8.0,final_clustering,fp_matched_cluster,67,62,8.410752296447754,8.028159141540527,8.312173843383789,8.949068069458008
denoised,8.0,final_clustering,fp_matched_cluster,68,64,8.355144500732422,8.029601097106934,8.249286651611328,8.874171257019043
denoised,8.0,final_clustering,fp_matched_cluster,69,51,8.240599632263184,8.039907455444336,8.142330169677734,8.555403709411621
denoised,8.0,final_clustering,fp_matched_cluster,70,41,8.357172012329102,8.045680046081543,8.317279815673828,8.679935455322266
denoised,8.0,final_clustering,fp_matched_cluster,71,29,8.457045555114746,8.095621109008789,8.364805221557617,8.917468070983887
denoised,8.0,final_clustering,fp_matched_cluster,72,37,8.362576484680176,8.023205757141113,8.223733901977539,8.751827239990234
denoised,8.0,final_clustering,fp_matched_cluster,73,24,8.40352725982666,8.05744457244873,8.24742317199707,8.956442832946777
denoised,8.0,final_clustering,fp_matched_cluster,74,22,8.419341087341309,8.063039779663086,8.368593215942383,8.823225021362305
denoised,8.0,final_clustering,fp_matched_cluster,75,28,8.442290306091309,8.080638885498047,8.329405784606934,9.070633888244629
denoised,8.0,final_clustering,fp_matched_cluster,76,28,8.421557426452637,8.052863121032715,8.17979621887207,9.098690032958984
denoised,8.0,final_clustering,fp_matched_cluster,77,19,8.344366073608398,8.049964904785156,8.24865436553955,8.696884155273438
denoised,8.0,final_clustering,fp_matched_cluster,78,18,8.305184364318848,8.057578086853027,8.223674774169922,8.62127685546875
denoised,8.0,final_clustering,fp_matched_cluster,79,10,8.217042922973633,8.056520462036133,8.166084289550781,8.36081600189209
denoised,8.0,final_clustering,fp_matched_cluster,80,12,8.383040428161621,8.087959289550781,8.281890869140625,8.811603546142578
denoised,8.0,final_clustering,fp_matched_cluster,81,11,8.452498435974121,8.140684127807617,8.258925437927246,8.81501579284668
denoised,8.0,final_clustering,fp_matched_cluster,82,18,8.447607040405273,8.070128440856934,8.281094551086426,8.892255783081055
denoised,8.0,final_clustering,fp_matched_cluster,83,8,8.49624252319336,8.152243614196777,8.357255935668945,8.910553932189941
denoised,8.0,final_clustering,fp_matched_cluster,84,10,8.26673412322998,8.018115043640137,8.229108810424805,8.505475997924805
denoised,8.0,final_clustering,fp_matched_cluster,85,6,8.228878021240234,8.039507865905762,8.120166778564453,8.526958465576172
denoised,8.0,final_clustering,fp_matched_cluster,86,10,8.449371337890625,8.022003173828125,8.434887886047363,8.774463653564453
denoised,8.0,final_clustering,fp_matched_cluster,87,7,8.214510917663574,8.098503112792969,8.174270629882812,8.359688758850098
denoised,8.0,final_clustering,fp_matched_cluster,88,6,8.186288833618164,8.058887481689453,8.102989196777344,8.396989822387695
denoised,8.0,final_clustering,fp_matched_cluster,89,1,8.268559455871582,8.268559455871582,8.268559455871582,8.268559455871582
denoised,8.0,final_clustering,fp_matched_cluster,90,2,8.521368026733398,8.421399116516113,8.521368026733398,8.621337890625
denoised,8.0,final_clustering,fp_matched_cluster,91,5,8.339754104614258,8.02178955078125,8.046723365783691,8.851174354553223
denoised,8.0,final_clustering,fp_matched_cluster,92,8,8.51028823852539,8.103803634643555,8.236934661865234,9.113496780395508
denoised,8.0,final_clustering,fp_matched_cluster,93,5,8.256525993347168,8.068593978881836,8.188804626464844,8.515301704406738
denoised,8.0,final_clustering,fp_matched_cluster,94,2,8.190135955810547,8.12098503112793,8.190135955810547,8.259286880493164
denoised,8.0,final_clustering,fp_matched_cluster,95,5,8.666009902954102,8.027149200439453,8.272639274597168,9.635663032531738
denoised,8.0,final_clustering,fp_matched_cluster,96,2,8.697681427001953,8.591897964477539,8.697681427001953,8.803464889526367
denoised,8.0,final_clustering,fp_matched_cluster,97,4,10.220268249511719,8.118816375732422,8.348459243774414,13.819168090820312
denoised,8.0,final_clustering,fp_matched_cluster,98,3,8.942534446716309,8.094705581665039,8.157681465148926,10.104304313659668
denoised,8.0,final_clustering,fp_matched_cluster,99,1,8.068967819213867,8.068967819213867,8.068967819213867,8.068967819213867
denoised,8.0,final_clustering,tp,0,11233,35.25038528442383,30.718515396118164,35.900848388671875,39.49448776245117
denoised,8.0,final_clustering,tp,1,11909,33.393760681152344,27.94917869567871,34.47459030151367,38.612239837646484
denoised,8.0,final_clustering,tp,2,9342,29.94694709777832,17.806211471557617,32.01331329345703,37.39826965332031
denoised,8.0,final_clustering,tp,3,7028,25.733440399169922,16.07091522216797,27.768962860107422,35.578739166259766
denoised,8.0,final_clustering,tp,4,6370,21.704952239990234,15.194965362548828,18.826242446899414,32.56129455566406
denoised,8.0,final_clustering,tp,5,6423,18.942768096923828,14.506129264831543,17.622880935668945,27.933279037475586
denoised,8.0,final_clustering,tp,6,6576,17.509174346923828,13.904565811157227,16.982421875,20.583337783813477
denoised,8.0,final_clustering,tp,7,6663,16.672842025756836,13.484118461608887,16.5013370513916,19.648235321044922
denoised,8.0,final_clustering,tp,8,6494,16.192058563232422,13.127055168151855,16.11499786376953,19.09038543701172
denoised,8.0,final_clustering,tp,9,6181,15.723260879516602,12.702109336853027,15.66579818725586,18.661535263061523
denoised,8.0,final_clustering,tp,10,5641,15.226425170898438,12.26753044128418,15.206380844116211,18.1497859954834
denoised,8.0,final_clustering,tp,11,5054,14.843416213989258,11.980660438537598,14.725247383117676,17.76166343688965
denoised,8.0,final_clustering,tp,12,4516,14.505497932434082,11.661975860595703,14.378806114196777,17.500476837158203
denoised,8.0,final_clustering,tp,13,3931,14.001622200012207,11.285919189453125,13.787079811096191,16.948753356933594
denoised,8.0,final_clustering,tp,14,3280,13.642253875732422,11.008065223693848,13.461644172668457,16.570396423339844
denoised,8.0,final_clustering,tp,15,2862,13.215874671936035,10.666982650756836,12.965846061706543,16.121139526367188
denoised,8.0,final_clustering,tp,16,2490,12.770066261291504,10.395125389099121,12.494260787963867,15.589316368103027
denoised,8.0,final_clustering,tp,17,2090,12.549665451049805,10.241522789001465,12.319389343261719,15.271449089050293
denoised,8.0,final_clustering,tp,18,1736,12.172358512878418,10.026300430297852,11.886310577392578,14.792707443237305
denoised,8.0,final_clustering,tp,19,1505,11.845610618591309,9.801520347595215,11.533157348632812,14.339092254638672
denoised,8.0,final_clustering,tp,20,1291,11.650761604309082,9.576472282409668,11.280344009399414,14.281332015991211
denoised,8.0,final_clustering,tp,21,1226,11.297835350036621,9.45973014831543,10.947013854980469,13.736879348754883
denoised,8.0,final_clustering,tp,22,1022,10.921966552734375,9.339776992797852,10.637166976928711,12.986647605895996
denoised,8.0,final_clustering,tp,23,944,10.723901748657227,9.171955108642578,10.479301452636719,12.480766296386719
denoised,8.0,final_clustering,tp,24,786,10.555721282958984,8.902127265930176,10.295722007751465,12.536237716674805
denoised,8.0,final_clustering,tp,25,716,10.418245315551758,9.06233024597168,10.127405166625977,12.129344940185547
denoised,8.0,final_clustering,tp,26,643,10.120870590209961,8.80072021484375,9.979340553283691,11.681305885314941
denoised,8.0,final_clustering,tp,27,620,10.067919731140137,8.777080535888672,9.865621566772461,11.586090087890625
denoised,8.0,final_clustering,tp,28,586,9.850372314453125,8.642007827758789,9.614013671875,11.39735221862793
denoised,8.0,final_clustering,tp,29,528,9.714046478271484,8.573920249938965,9.544381141662598,11.134504318237305
denoised,8.0,final_clustering,tp,30,491,9.637166023254395,8.558088302612305,9.450383186340332,11.053467750549316
denoised,8.0,final_clustering,tp,31,484,9.459128379821777,8.40717887878418,9.26022720336914,10.713732719421387
denoised,8.0,final_clustering,tp,32,388,9.287057876586914,8.342883110046387,9.180356979370117,10.324444770812988
denoised,8.0,final_clustering,tp,33,368,9.225497245788574,8.313393592834473,9.043533325195312,10.208843231201172
denoised,8.0,final_clustering,tp,34,359,9.196422576904297,8.307976722717285,8.994739532470703,10.291871070861816
denoised,8.0,final_clustering,tp,35,297,9.160654067993164,8.342910766601562,8.93840503692627,10.191278457641602
denoised,8.0,final_clustering,tp,36,299,8.996034622192383,8.20910358428955,8.8235445022583,9.870901107788086
denoised,8.0,final_clustering,tp,37,273,8.871918678283691,8.157055854797363,8.76172161102295,9.722001075744629
denoised,8.0,final_clustering,tp,38,272,8.863624572753906,8.140359878540039,8.757472038269043,9.692888259887695
denoised,8.0,final_clustering,tp,39,244,8.846650123596191,8.139591217041016,8.682933807373047,9.790482521057129
denoised,8.0,final_clustering,tp,40,222,8.754415512084961,8.103109359741211,8.627260208129883,9.353503227233887
denoised,8.0,final_clustering,tp,41,227,8.7333402633667,8.098252296447754,8.574563980102539,9.551660537719727
denoised,8.0,final_clustering,tp,42,163,8.701117515563965,8.121718406677246,8.554015159606934,9.373973846435547
denoised,8.0,final_clustering,tp,43,151,8.680464744567871,8.126383781433105,8.520119667053223,9.392768859863281
denoised,8.0,final_clustering,tp,44,165,8.7002534866333,8.090853691101074,8.4862060546875,9.630656242370605
denoised,8.0,final_clustering,tp,45,141,8.585253715515137,8.093220710754395,8.423504829406738,9.187295913696289
denoised,8.0,final_clustering,tp,46,120,8.74958324432373,8.056253433227539,8.485393524169922,9.255179405212402
denoised,8.0,final_clustering,tp,47,95,8.635589599609375,8.101628303527832,8.423593521118164,9.473349571228027
denoised,8.0,final_clustering,tp,48,77,8.50314998626709,8.070510864257812,8.40727710723877,9.05147933959961
denoised,8.0,final_clustering,tp,49,71,8.534913063049316,8.07048511505127,8.363239288330078,9.17335033416748
denoised,8.0,final_clustering,tp,50,70,8.386093139648438,8.054388046264648,8.231941223144531,8.824462890625
denoised,8.0,final_clustering,tp,51,55,8.554388999938965,8.093836784362793,8.444199562072754,9.245309829711914
denoised,8.0,final_clustering,tp,52,73,8.48879337310791,8.054275512695312,8.354961395263672,9.038976669311523
denoised,8.0,final_clustering,tp,53,57,8.395757675170898,8.053065299987793,8.323142051696777,8.797301292419434
denoised,8.0,final_clustering,tp,54,49,8.411123275756836,8.065735816955566,8.25844955444336,8.757941246032715
denoised,8.0,final_clustering,tp,55,38,8.469874382019043,8.052358627319336,8.306951522827148,9.164827346801758
denoised,8.0,final_clustering,tp,56,26,8.374520301818848,8.036334037780762,8.242888450622559,8.696722030639648
denoised,8.0,final_clustering,tp,57,33,8.615581512451172,8.040731430053711,8.218585014343262,9.085728645324707
denoised,8.0,final_clustering,tp,58,27,8.754008293151855,8.097760200500488,8.375761032104492,8.906543731689453
denoised,8.0,final_clustering,tp,59,27,8.264203071594238,8.02701473236084,8.200270652770996,8.661883354187012
denoised,8.0,final_clustering,tp,60,18,8.652233123779297,8.073798179626465,8.264820098876953,9.845602035522461
denoised,8.0,final_clustering,tp,61,12,8.449267387390137,8.046053886413574,8.291269302368164,9.025537490844727
denoised,8.0,final_clustering,tp,62,11,8.471858024597168,8.058797836303711,8.361247062683105,9.219071388244629
denoised,8.0,final_clustering,tp,63,13,8.52135181427002,8.054436683654785,8.383658409118652,9.164250373840332
denoised,8.0,final_clustering,tp,64,13,8.532380104064941,8.053104400634766,8.210943222045898,9.113752365112305
denoised,8.0,final_clustering,tp,65,14,8.384803771972656,8.036478042602539,8.236030578613281,8.887928009033203
denoised,8.0,final_clustering,tp,66,10,8.235966682434082,8.035470962524414,8.191024780273438,8.511446952819824
denoised,8.0,final_clustering,tp,67,7,8.401666641235352,8.158437728881836,8.231239318847656,8.804281234741211
denoised,8.0,final_clustering,tp,68,6,8.138216972351074,8.02501106262207,8.116344451904297,8.273294448852539
denoised,8.0,final_clustering,tp,69,2,8.058405876159668,8.035745620727539,8.058405876159668,8.081066131591797
denoised,8.0,final_clustering,tp,70,5,8.584115982055664,8.03164291381836,8.317680358886719,9.270315170288086
denoised,8.0,final_clustering,tp,71,2,8.422921180725098,8.1593599319458,8.422921180725098,8.686482429504395
denoised,8.0,final_clustering,tp,72,1,8.252413749694824,8.252413749694824,8.252413749694824,8.252413749694824
denoised,8.0,final_clustering,tp,73,2,8.171092987060547,8.117215156555176,8.171092987060547,8.224969863891602
denoised,8.0,final_clustering,tp,74,4,8.60539722442627,8.119966506958008,8.248319625854492,9.37648868560791
denoised,8.0,final_clustering,tp,76,1,8.070564270019531,8.070564270019531,8.070564270019531,8.070564270019531
denoised,8.0,final_clustering,tp,77,1,8.093100547790527,8.093100547790527,8.093100547790527,8.093100547790527
denoised,8.0,final_clustering,tp,78,1,8.214873313903809,8.214873313903809,8.214873313903809,8.214873313903809
denoised,8.0,final_clustering,tp,79,1,8.218374252319336,8.218374252319336,8.218374252319336,8.218374252319336
denoised,8.0,final_clustering,tp,80,1,20.428316116333008,20.428316116333008,20.428316116333008,20.428316116333008
denoised,8.0,final_clustering,tp,83,1,8.737567901611328,8.737567901611328,8.737567901611328,8.737567901611328
denoised,8.0,final_clustering,tp,84,1,24.06464958190918,24.06464958190918,24.06464958190918,24.06464958190918
denoised,8.0,final_clustering,tp,85,1,8.354934692382812,8.354934692382812,8.354934692382812,8.354934692382812
denoised,8.0,final_clustering,tp,86,1,8.585707664489746,8.585707664489746,8.585707664489746,8.585707664489746
denoised,8.0,final_clustering,tp,91,1,8.078964233398438,8.078964233398438,8.078964233398438,8.078964233398438
denoised,8.0,final_clustering,tp,93,3,8.322379112243652,8.009055137634277,8.026935577392578,8.75387954711914
denoised,8.0,final_clustering,tp,94,1,8.302727699279785,8.302727699279785,8.302727699279785,8.302727699279785
denoised,8.0,final_clustering,tp,97,1,8.0589017868042,8.0589017868042,8.0589017868042,8.0589017868042
denoised,8.0,cluster_merging,unmatched_cluster,0,273714,41.23942184448242,28.051897048950195,39.9415283203125,55.483341217041016
denoised,8.0,cluster_merging,unmatched_cluster,1,251382,32.57006072998047,22.021892547607422,32.33687210083008,43.23136520385742
denoised,8.0,cluster_merging,unmatched_cluster,2,243151,27.88132095336914,19.3621826171875,27.66404914855957,36.57712173461914
denoised,8.0,cluster_merging,unmatched_cluster,3,238033,24.69411849975586,17.270038604736328,24.016326904296875,32.873809814453125
denoised,8.0,cluster_merging,unmatched_cluster,4,233336,22.284500122070312,15.633392333984375,21.599037170410156,29.841426849365234
denoised,8.0,cluster_merging,unmatched_cluster,5,228411,20.38912010192871,14.415238380432129,19.982406616210938,27.04537010192871
denoised,8.0,cluster_merging,unmatched_cluster,6,224914,18.847381591796875,13.444245338439941,18.551849365234375,24.594139099121094
denoised,8.0,cluster_merging,unmatched_cluster,7,222252,17.55975914001465,12.681082725524902,17.207252502441406,22.67389678955078
denoised,8.0,cluster_merging,unmatched_cluster,8,220006,16.467538833618164,12.064149856567383,16.03253173828125,21.253604888916016
denoised,8.0,cluster_merging,unmatched_cluster,9,218229,15.538724899291992,11.572022438049316,15.066473007202148,20.071216583251953
denoised,8.0,cluster_merging,unmatched_cluster,10,217010,14.738945007324219,11.167486190795898,14.25155258178711,19.01055335998535
denoised,8.0,cluster_merging,unmatched_cluster,11,215709,14.044754981994629,10.834760665893555,13.558366775512695,17.965579986572266
denoised,8.0,cluster_merging,unmatched_cluster,12,215390,13.436434745788574,10.545209884643555,12.951546669006348,17.008066177368164
denoised,8.0,cluster_merging,unmatched_cluster,13,214427,12.910898208618164,10.288420677185059,12.443510055541992,16.171672821044922
denoised,8.0,cluster_merging,unmatched_cluster,14,214095,12.448013305664062,10.074084281921387,12.008986473083496,15.42272663116455
denoised,8.0,cluster_merging,unmatched_cluster,15,213054,12.041918754577637,9.875484466552734,11.627571105957031,14.758996963500977
denoised,8.0,cluster_merging,unmatched_cluster,16,212791,11.685617446899414,9.702010154724121,11.307906150817871,14.158687591552734
denoised,8.0,cluster_merging,unmatched_cluster,17,212444,11.368636131286621,9.54591178894043,11.022720336914062,13.630669593811035
denoised,8.0,cluster_merging,unmatched_cluster,18,212261,11.087474822998047,9.39823055267334,10.773543357849121,13.163787841796875
denoised,8.0,cluster_merging,unmatched_cluster,19,212112,10.833337783813477,9.263839721679688,10.551252365112305,12.74694538116455
denoised,8.0,cluster_merging,unmatched_cluster,20,211724,10.606761932373047,9.141464233398438,10.349924087524414,12.360942840576172
denoised,8.0,cluster_merging,unmatched_cluster,21,211630,10.402582168579102,9.026865005493164,10.170066833496094,12.039411544799805
denoised,8.0,cluster_merging,unmatched_cluster,22,210874,10.217938423156738,8.921440124511719,10.006803512573242,11.735551834106445
denoised,8.0,cluster_merging,unmatched_cluster,23,210172,10.050393104553223,8.823920249938965,9.85633659362793,11.471280097961426
denoised,8.0,cluster_merging,unmatched_cluster,24,210062,9.894775390625,8.732760429382324,9.713679313659668,11.231412887573242
denoised,8.0,cluster_merging,unmatched_cluster,25,209045,9.755486488342285,8.6538724899292,9.584582328796387,11.017630577087402
denoised,8.0,cluster_merging,unmatched_cluster,26,207971,9.627998352050781,8.577047348022461,9.469132423400879,10.823565483093262
denoised,8.0,cluster_merging,unmatched_cluster,27,206809,9.508642196655273,8.507604598999023,9.357939720153809,10.643633842468262
denoised,8.0,cluster_merging,unmatched_cluster,28,205119,9.399301528930664,8.443015098571777,9.256889343261719,10.481972694396973
denoised,8.0,cluster_merging,unmatched_cluster,29,203164,9.302237510681152,8.388832092285156,9.166202545166016,10.3372802734375
denoised,8.0,cluster_merging,unmatched_cluster,30,200544,9.212324142456055,8.34288501739502,9.078699111938477,10.201519966125488
denoised,8.0,cluster_merging,unmatched_cluster,31,198124,9.128314018249512,8.300448417663574,8.997442245483398,10.072526931762695
denoised,8.0,cluster_merging,unmatched_cluster,32,194711,9.05184268951416,8.262474060058594,8.922706604003906,9.957054138183594
denoised,8.0,cluster_merging,unmatched_cluster,33,190634,8.981010437011719,8.229814529418945,8.853902816772461,9.847542762756348
denoised,8.0,cluster_merging,unmatched_cluster,34,185985,8.916426658630371,8.202967643737793,8.790526390075684,9.747903823852539
denoised,8.0,cluster_merging,unmatched_cluster,35,181009,8.857749938964844,8.179749488830566,8.732836723327637,9.650765419006348
denoised,8.0,cluster_merging,unmatched_cluster,36,175235,8.802718162536621,8.158210754394531,8.679800033569336,9.565367698669434
denoised,8.0,cluster_merging,unmatched_cluster,37,169136,8.753896713256836,8.141901016235352,8.631723403930664,9.484607696533203
denoised,8.0,cluster_merging,unmatched_cluster,38,162130,8.709711074829102,8.126510620117188,8.586018562316895,9.41168212890625
denoised,8.0,cluster_merging,unmatched_cluster,39,154442,8.669346809387207,8.113304138183594,8.545921325683594,9.345622062683105
denoised,8.0,cluster_merging,unmatched_cluster,40,146620,8.631617546081543,8.100675582885742,8.510083198547363,9.281646728515625
denoised,8.0,cluster_merging,unmatched_cluster,41,137791,8.600110054016113,8.09354305267334,8.478928565979004,9.227653503417969
denoised,8.0,cluster_merging,unmatched_cluster,42,129364,8.56977367401123,8.084894180297852,8.449300765991211,9.17577075958252
denoised,8.0,cluster_merging,unmatched_cluster,43,121044,8.540694236755371,8.077555656433105,8.420806884765625,9.12613582611084
denoised,8.0,cluster_merging,unmatched_cluster,44,112077,8.515296936035156,8.070648193359375,8.39564323425293,9.082717895507812
denoised,8.0,cluster_merging,unmatched_cluster,45,103552,8.49213695526123,8.065994262695312,8.373946189880371,9.037781715393066
denoised,8.0,cluster_merging,unmatched_cluster,46,95059,8.472566604614258,8.061717987060547,8.354070663452148,9.004776000976562
denoised,8.0,cluster_merging,unmatched_cluster,47,86454,8.455628395080566,8.058399200439453,8.337156295776367,8.973973274230957
denoised,8.0,cluster_merging,unmatched_cluster,48,78725,8.437106132507324,8.05400276184082,8.320241928100586,8.93736743927002
denoised,8.0,cluster_merging,unmatched_cluster,49,70831,8.422525405883789,8.051456451416016,8.304803848266602,8.91368293762207
denoised,8.0,cluster_merging,unmatched_cluster,50,63775,8.411205291748047,8.04882526397705,8.292146682739258,8.88910961151123
denoised,8.0,cluster_merging,unmatched_cluster,51,56905,8.400898933410645,8.046797752380371,8.279624938964844,8.87075138092041
denoised,8.0,cluster_merging,unmatched_cluster,52,50710,8.388646125793457,8.043668746948242,8.267068862915039,8.846504211425781
denoised,8.0,cluster_merging,unmatched_cluster,53,44784,8.382767677307129,8.04282283782959,8.256282806396484,8.83627986907959
denoised,8.0,cluster_merging,unmatched_cluster,54,39409,8.375364303588867,8.040966033935547,8.252410888671875,8.817127227783203
denoised,8.0,cluster_merging,unmatched_cluster,55,34801,8.369647026062012,8.038572311401367,8.24527645111084,8.807315826416016
denoised,8.0,cluster_merging,unmatched_cluster,56,30357,8.365265846252441,8.037286758422852,8.237702369689941,8.797194480895996
denoised,8.0,cluster_merging,unmatched_cluster,57,26524,8.361571311950684,8.036373138427734,8.231669425964355,8.79073715209961
denoised,8.0,cluster_merging,unmatched_cluster,58,22956,8.362859725952148,8.036542892456055,8.225809097290039,8.796554565429688
denoised,8.0,cluster_merging,unmatched_cluster,59,19963,8.358308792114258,8.035219192504883,8.22251033782959,8.784762382507324
denoised,8.0,cluster_merging,unmatched_cluster,60,17279,8.358567237854004,8.033141136169434,8.221793174743652,8.781122207641602
denoised,8.0,cluster_merging,unmatched_cluster,61,14887,8.361964225769043,8.032938003540039,8.219594955444336,8.782218933105469
denoised,8.0,cluster_merging,unmatched_cluster,62,12893,8.364628791809082,8.032418251037598,8.219566345214844,8.783366203308105
denoised,8.0,cluster_merging,unmatched_cluster,63,11156,8.37357234954834,8.033924102783203,8.22371768951416,8.814458847045898
denoised,8.0,cluster_merging,unmatched_cluster,64,9709,8.37717056274414,8.03255558013916,8.222548484802246,8.8118896484375
denoised,8.0,cluster_merging,unmatched_cluster,65,8384,8.389164924621582,8.032991409301758,8.218875885009766,8.840926170349121
denoised,8.0,cluster_merging,unmatched_cluster,66,7227,8.391942977905273,8.03329086303711,8.217695236206055,8.866059303283691
denoised,8.0,cluster_merging,unmatched_cluster,67,6308,8.399052619934082,8.03186321258545,8.217195510864258,8.861480712890625
denoised,8.0,cluster_merging,unmatched_cluster,68,5521,8.410432815551758,8.03323745727539,8.216596603393555,8.863629341125488
denoised,8.0,cluster_merging,unmatched_cluster,69,4802,8.4102144241333,8.031251907348633,8.225788116455078,8.851158142089844
denoised,8.0,cluster_merging,unmatched_cluster,70,4208,8.426820755004883,8.030717849731445,8.227544784545898,8.862264633178711
denoised,8.0,cluster_merging,unmatched_cluster,71,3602,8.443435668945312,8.034102439880371,8.23138427734375,8.893428802490234
denoised,8.0,cluster_merging,unmatched_cluster,72,3143,8.459494590759277,8.037154197692871,8.244102478027344,8.884345054626465
denoised,8.0,cluster_merging,unmatched_cluster,73,2848,8.478498458862305,8.033456802368164,8.242698669433594,8.872661590576172
denoised,8.0,cluster_merging,unmatched_cluster,74,2483,8.477720260620117,8.036511421203613,8.24189281463623,8.898028373718262
denoised,8.0,cluster_merging,unmatched_cluster,75,2223,8.494452476501465,8.034984588623047,8.242696762084961,8.886640548706055
denoised,8.0,cluster_merging,unmatched_cluster,76,1958,8.504508972167969,8.039830207824707,8.251680374145508,8.896648406982422
denoised,8.0,cluster_merging,unmatched_cluster,77,1761,8.518729209899902,8.03931999206543,8.243067741394043,8.900315284729004
denoised,8.0,cluster_merging,unmatched_cluster,78,1537,8.545225143432617,8.033174514770508,8.244325637817383,8.93820571899414
denoised,8.0,cluster_merging,unmatched_cluster,79,1361,8.568558692932129,8.038392066955566,8.25256633758545,8.904531478881836
denoised,8.0,cluster_merging,unmatched_cluster,80,1250,8.60252857208252,8.039697647094727,8.237955093383789,8.911019325256348
denoised,8.0,cluster_merging,unmatched_cluster,81,1116,8.652582168579102,8.041366577148438,8.248205184936523,8.988435745239258
denoised,8.0,cluster_merging,unmatched_cluster,82,992,8.638716697692871,8.03498363494873,8.25661563873291,8.92173957824707
denoised,8.0,cluster_merging,unmatched_cluster,83,877,8.700088500976562,8.042469024658203,8.253539085388184,8.9566011428833
denoised,8.0,cluster_merging,unmatched_cluster,84,774,8.75672721862793,8.045140266418457,8.272933959960938,9.013941764831543
denoised,8.0,cluster_merging,unmatched_cluster,85,687,8.800844192504883,8.035200119018555,8.268282890319824,9.254133224487305
denoised,8.0,cluster_merging,unmatched_cluster,86,626,8.799662590026855,8.040576934814453,8.281524658203125,9.243772506713867
denoised,8.0,cluster_merging,unmatched_cluster,87,570,8.865419387817383,8.043058395385742,8.295183181762695,9.25890827178955
denoised,8.0,cluster_merging,unmatched_cluster,88,534,8.856512069702148,8.053215026855469,8.291933059692383,9.234977722167969
denoised,8.0,cluster_merging,unmatched_cluster,89,487,8.885832786560059,8.045795440673828,8.282455444335938,9.31264877319336
denoised,8.0,cluster_merging,unmatched_cluster,90,443,8.972372055053711,8.052608489990234,8.25400447845459,9.350407600402832
denoised,8.0,cluster_merging,unmatched_cluster,91,421,8.912510871887207,8.042571067810059,8.27021598815918,9.289846420288086
denoised,8.0,cluster_merging,unmatched_cluster,92,381,8.959033966064453,8.046561241149902,8.266095161437988,9.453323364257812
denoised,8.0,cluster_merging,unmatched_cluster,93,346,9.042315483093262,8.039148330688477,8.268234252929688,9.652170181274414
denoised,8.0,cluster_merging,unmatched_cluster,94,323,9.021336555480957,8.045561790466309,8.262789726257324,9.91378116607666
denoised,8.0,cluster_merging,unmatched_cluster,95,298,9.098390579223633,8.045644760131836,8.250022888183594,9.895639419555664
denoised,8.0,cluster_merging,unmatched_cluster,96,275,9.20876407623291,8.03247356414795,8.251111030578613,9.99209213256836
denoised,8.0,cluster_merging,unmatched_cluster,97,253,9.245182991027832,8.033069610595703,8.244314193725586,10.124359130859375
denoised,8.0,cluster_merging,unmatched_cluster,98,234,9.409379005432129,8.026834487915039,8.286911010742188,10.294525146484375
denoised,8.0,cluster_merging,unmatched_cluster,99,212,9.391286849975586,8.041618347167969,8.348588943481445,10.193008422851562
denoised,8.0,cluster_merging,fp_matched_cluster,0,49,21.546510696411133,15.831722259521484,20.624528884887695,31.750886917114258
denoised,8.0,cluster_merging,fp_matched_cluster,1,172,19.092100143432617,15.281947135925293,18.72281837463379,22.391164779663086
denoised,8.0,cluster_merging,fp_matched_cluster,2,374,18.408119201660156,14.736376762390137,17.94029426574707,22.242469787597656
denoised,8.0,cluster_merging,fp_matched_cluster,3,646,17.917499542236328,14.268495559692383,17.785518646240234,21.57567596435547
denoised,8.0,cluster_merging,fp_matched_cluster,4,917,17.17354965209961,13.665212631225586,17.068513870239258,20.76218605041504
denoised,8.0,cluster_merging,fp_matched_cluster,5,1134,16.615589141845703,13.285759925842285,16.621360778808594,19.90822410583496
denoised,8.0,cluster_merging,fp_matched_cluster,6,1312,16.097579956054688,12.956177711486816,15.971820831298828,19.290910720825195
denoised,8.0,cluster_merging,fp_matched_cluster,7,1655,15.630637168884277,12.413369178771973,15.463199615478516,19.083738327026367
denoised,8.0,cluster_merging,fp_matched_cluster,8,1691,15.147624015808105,12.038006782531738,14.985431671142578,18.40192985534668
denoised,8.0,cluster_merging,fp_matched_cluster,9,1846,14.547637939453125,11.594978332519531,14.412738800048828,17.723508834838867
denoised,8.0,cluster_merging,fp_matched_cluster,10,1932,14.168257713317871,11.368203163146973,13.964271545410156,17.265331268310547
denoised,8.0,cluster_merging,fp_matched_cluster,11,2012,13.642058372497559,11.033056259155273,13.37459659576416,16.590904235839844
denoised,8.0,cluster_merging,fp_matched_cluster,12,1938,13.162939071655273,10.7018404006958,12.875473022460938,15.971640586853027
denoised,8.0,cluster_merging,fp_matched_cluster,13,2007,12.85201358795166,10.616628646850586,12.545233726501465,15.552958488464355
denoised,8.0,cluster_merging,fp_matched_cluster,14,2012,12.502906799316406,10.42368221282959,12.20322322845459,15.001986503601074
denoised,8.0,cluster_merging,fp_matched_cluster,15,2031,12.131535530090332,10.148984909057617,11.840433120727539,14.496024131774902
denoised,8.0,cluster_merging,fp_matched_cluster,16,2036,11.827250480651855,9.954811096191406,11.526290893554688,14.147882461547852
denoised,8.0,cluster_merging,fp_matched_cluster,17,2019,11.522503852844238,9.85228443145752,11.302014350891113,13.490936279296875
denoised,8.0,cluster_merging,fp_matched_cluster,18,2019,11.266708374023438,9.644767761230469,11.037606239318848,13.134892463684082
denoised,8.0,cluster_merging,fp_matched_cluster,19,1951,11.015515327453613,9.51861572265625,10.812417984008789,12.768769264221191
denoised,8.0,cluster_merging,fp_matched_cluster,20,1967,10.78520393371582,9.335539817810059,10.60344409942627,12.425481796264648
denoised,8.0,cluster_merging,fp_matched_cluster,21,1987,10.62973403930664,9.245948791503906,10.460724830627441,12.230379104614258
denoised,8.0,cluster_merging,fp_matched_cluster,22,1977,10.4403076171875,9.130270957946777,10.243629455566406,11.946004867553711
denoised,8.0,cluster_merging,fp_matched_cluster,23,1924,10.217926025390625,9.012299537658691,10.018538475036621,11.715447425842285
denoised,8.0,cluster_merging,fp_matched_cluster,24,1892,10.070962905883789,8.968246459960938,9.925633430480957,11.380708694458008
denoised,8.0,cluster_merging,fp_matched_cluster,25,1813,9.936724662780762,8.788922309875488,9.816136360168457,11.211755752563477
denoised,8.0,cluster_merging,fp_matched_cluster,26,1843,9.816529273986816,8.75316333770752,9.644913673400879,11.075838088989258
denoised,8.0,cluster_merging,fp_matched_cluster,27,1842,9.685871124267578,8.648612022399902,9.561992645263672,10.852598190307617
denoised,8.0,cluster_merging,fp_matched_cluster,28,1804,9.55778980255127,8.578862190246582,9.415531158447266,10.694522857666016
denoised,8.0,cluster_merging,fp_matched_cluster,29,1771,9.463186264038086,8.486310005187988,9.335001945495605,10.55951976776123
denoised,8.0,cluster_merging,fp_matched_cluster,30,1790,9.34607219696045,8.454022407531738,9.234298706054688,10.387459754943848
denoised,8.0,cluster_merging,fp_matched_cluster,31,1776,9.24990463256836,8.351812362670898,9.128973007202148,10.329456329345703
denoised,8.0,cluster_merging,fp_matched_cluster,32,1646,9.16720962524414,8.356879234313965,9.041986465454102,10.095375061035156
denoised,8.0,cluster_merging,fp_matched_cluster,33,1660,9.09718132019043,8.307324409484863,8.99575424194336,9.998209953308105
denoised,8.0,cluster_merging,fp_matched_cluster,34,1728,9.01266098022461,8.257552146911621,8.901540756225586,9.852421760559082
denoised,8.0,cluster_merging,fp_matched_cluster,35,1641,8.957768440246582,8.20898723602295,8.823928833007812,9.826586723327637
denoised,8.0,cluster_merging,fp_matched_cluster,36,1525,8.891477584838867,8.221651077270508,8.783524513244629,9.671507835388184
denoised,8.0,cluster_merging,fp_matched_cluster,37,1504,8.857670783996582,8.162641525268555,8.754766464233398,9.670220375061035
denoised,8.0,cluster_merging,fp_matched_cluster,38,1425,8.780776977539062,8.149563789367676,8.626420974731445,9.629837989807129
denoised,8.0,cluster_merging,fp_matched_cluster,39,1445,8.706135749816895,8.134819030761719,8.601571083068848,9.39077091217041
denoised,8.0,cluster_merging,fp_matched_cluster,40,1401,8.700043678283691,8.126741409301758,8.5596284866333,9.44298267364502
denoised,8.0,cluster_merging,fp_matched_cluster,41,1259,8.632648468017578,8.094425201416016,8.51918888092041,9.308753967285156
denoised,8.0,cluster_merging,fp_matched_cluster,42,1206,8.602944374084473,8.09231948852539,8.493288040161133,9.244462966918945
denoised,8.0,cluster_merging,fp_matched_cluster,43,1163,8.550029754638672,8.085968971252441,8.434438705444336,9.133703231811523
denoised,8.0,cluster_merging,fp_matched_cluster,44,1104,8.555523872375488,8.08541202545166,8.42746353149414,9.136152267456055
denoised,8.0,cluster_merging,fp_matched_cluster,45,988,8.537949562072754,8.074883460998535,8.402521133422852,9.135795593261719
denoised,8.0,cluster_merging,fp_matched_cluster,46,950,8.507577896118164,8.074620246887207,8.40481948852539,9.07285213470459
denoised,8.0,cluster_merging,fp_matched_cluster,47,849,8.480894088745117,8.071409225463867,8.377493858337402,9.047501564025879
denoised,8.0,cluster_merging,fp_matched_cluster,48,777,8.45425033569336,8.05313491821289,8.337416648864746,9.03393268585205
denoised,8.0,cluster_merging,fp_matched_cluster,49,727,8.448663711547852,8.053956031799316,8.340476989746094,8.96578598022461
denoised,8.0,cluster_merging,fp_matched_cluster,50,620,8.427901268005371,8.048544883728027,8.315021514892578,8.957860946655273
denoised,8.0,cluster_merging,fp_matched_cluster,51,622,8.432743072509766,8.05520248413086,8.313396453857422,8.920083999633789
denoised,8.0,cluster_merging,fp_matched_cluster,52,528,8.405760765075684,8.045660018920898,8.301753997802734,8.88426399230957
denoised,8.0,cluster_merging,fp_matched_cluster,53,454,8.386590003967285,8.050210952758789,8.271188735961914,8.821938514709473
denoised,8.0,cluster_merging,fp_matched_cluster,54,463,8.390976905822754,8.044690132141113,8.270926475524902,8.860628128051758
denoised,8.0,cluster_merging,fp_matched_cluster,55,356,8.401923179626465,8.05054759979248,8.277026176452637,8.889981269836426
denoised,8.0,cluster_merging,fp_matched_cluster,56,339,8.348783493041992,8.038189888000488,8.241700172424316,8.734878540039062
denoised,8.0,cluster_merging,fp_matched_cluster,57,295,8.34803581237793,8.029646873474121,8.230525016784668,8.857778549194336
denoised,8.0,cluster_merging,fp_matched_cluster,58,223,8.321586608886719,8.04359245300293,8.215826988220215,8.737222671508789
denoised,8.0,cluster_merging,fp_matched_cluster,59,210,8.388051986694336,8.042634010314941,8.250003814697266,8.89184856414795
denoised,8.0,cluster_merging,fp_matched_cluster,60,199,8.329934120178223,8.035369873046875,8.220169067382812,8.757826805114746
denoised,8.0,cluster_merging,fp_matched_cluster,61,148,8.384889602661133,8.043549537658691,8.240714073181152,8.919058799743652
denoised,8.0,cluster_merging,fp_matched_cluster,62,137,8.362265586853027,8.034483909606934,8.212003707885742,8.872977256774902
denoised,8.0,cluster_merging,fp_matched_cluster,63,103,8.290972709655762,8.017481803894043,8.213507652282715,8.67829418182373
denoised,8.0,cluster_merging,fp_matched_cluster,64,105,8.290791511535645,8.027946472167969,8.175895690917969,8.697338104248047
denoised,8.0,cluster_merging,fp_matched_cluster,65,86,8.441843032836914,8.0606689453125,8.298871994018555,8.919532775878906
denoised,8.0,cluster_merging,fp_matched_cluster,66,94,8.325533866882324,8.03902530670166,8.204635620117188,8.823129653930664
denoised,8.0,cluster_merging,fp_matched_cluster,67,62,8.410752296447754,8.028159141540527,8.312173843383789,8.949068069458008
denoised,8.0,cluster_merging,fp_matched_cluster,68,64,8.355144500732422,8.029601097106934,8.249286651611328,8.874171257019043
denoised,8.0,cluster_merging,fp_matched_cluster,69,51,8.240599632263184,8.039907455444336,8.142330169677734,8.555403709411621
denoised,8.0,cluster_merging,fp_matched_cluster,70,41,8.357172012329102,8.045680046081543,8.317279815673828,8.679935455322266
denoised,8.0,cluster_merging,fp_matched_cluster,71,29,8.457045555114746,8.095621109008789,8.364805221557617,8.917468070983887
denoised,8.0,cluster_merging,fp_matched_cluster,72,37,8.362576484680176,8.023205757141113,8.223733901977539,8.751827239990234
denoised,8.0,cluster_merging,fp_matched_cluster,73,24,8.40352725982666,8.05744457244873,8.24742317199707,8.956442832946777
denoised,8.0,cluster_merging,fp_matched_cluster,74,22,8.419341087341309,8.063039779663086,8.368593215942383,8.823225021362305
denoised,8.0,cluster_merging,fp_matched_cluster,75,28,8.442290306091309,8.080638885498047,8.329405784606934,9.070633888244629
denoised,8.0,cluster_merging,fp_matched_cluster,76,28,8.421557426452637,8.052863121032715,8.17979621887207,9.098690032958984
denoised,8.0,cluster_merging,fp_matched_cluster,77,19,8.344366073608398,8.049964904785156,8.24865436553955,8.696884155273438
denoised,8.0,cluster_merging,fp_matched_cluster,78,18,8.305184364318848,8.057578086853027,8.223674774169922,8.62127685546875
denoised,8.0,cluster_merging,fp_matched_cluster,79,10,8.217042922973633,8.056520462036133,8.166084289550781,8.36081600189209
denoised,8.0,cluster_merging,fp_matched_cluster,80,12,8.383040428161621,8.087959289550781,8.281890869140625,8.811603546142578
denoised,8.0,cluster_merging,fp_matched_cluster,81,11,8.452498435974121,8.140684127807617,8.258925437927246,8.81501579284668
denoised,8.0,cluster_merging,fp_matched_cluster,82,18,8.447607040405273,8.070128440856934,8.281094551086426,8.892255783081055
denoised,8.0,cluster_merging,fp_matched_cluster,83,8,8.49624252319336,8.152243614196777,8.357255935668945,8.910553932189941
denoised,8.0,cluster_merging,fp_matched_cluster,84,10,8.26673412322998,8.018115043640137,8.229108810424805,8.505475997924805
denoised,8.0,cluster_merging,fp_matched_cluster,85,6,8.228878021240234,8.039507865905762,8.120166778564453,8.526958465576172
denoised,8.0,cluster_merging,fp_matched_cluster,86,10,8.449371337890625,8.022003173828125,8.434887886047363,8.774463653564453
denoised,8.0,cluster_merging,fp_matched_cluster,87,7,8.214510917663574,8.098503112792969,8.174270629882812,8.359688758850098
denoised,8.0,cluster_merging,fp_matched_cluster,88,6,8.186288833618164,8.058887481689453,8.102989196777344,8.396989822387695
denoised,8.0,cluster_merging,fp_matched_cluster,89,1,8.268559455871582,8.268559455871582,8.268559455871582,8.268559455871582
denoised,8.0,cluster_merging,fp_matched_cluster,90,2,8.521368026733398,8.421399116516113,8.521368026733398,8.621337890625
denoised,8.0,cluster_merging,fp_matched_cluster,91,5,8.339754104614258,8.02178955078125,8.046723365783691,8.851174354553223
denoised,8.0,cluster_merging,fp_matched_cluster,92,8,8.51028823852539,8.103803634643555,8.236934661865234,9.113496780395508
denoised,8.0,cluster_merging,fp_matched_cluster,93,5,8.256525993347168,8.068593978881836,8.188804626464844,8.515301704406738
denoised,8.0,cluster_merging,fp_matched_cluster,94,2,8.190135955810547,8.12098503112793,8.190135955810547,8.259286880493164
denoised,8.0,cluster_merging,fp_matched_cluster,95,5,8.666009902954102,8.027149200439453,8.272639274597168,9.635663032531738
denoised,8.0,cluster_merging,fp_matched_cluster,96,2,8.697681427001953,8.591897964477539,8.697681427001953,8.803464889526367
denoised,8.0,cluster_merging,fp_matched_cluster,97,4,10.220268249511719,8.118816375732422,8.348459243774414,13.819168090820312
denoised,8.0,cluster_merging,fp_matched_cluster,98,3,8.942534446716309,8.094705581665039,8.157681465148926,10.104304313659668
denoised,8.0,cluster_merging,fp_matched_cluster,99,1,8.068967819213867,8.068967819213867,8.068967819213867,8.068967819213867
denoised,8.0,cluster_merging,tp,0,11233,35.25038528442383,30.718515396118164,35.900848388671875,39.49448776245117
denoised,8.0,cluster_merging,tp,1,11909,33.393760681152344,27.94917869567871,34.47459030151367,38.612239837646484
denoised,8.0,cluster_merging,tp,2,9342,29.94694709777832,17.806211471557617,32.01331329345703,37.39826965332031
denoised,8.0,cluster_merging,tp,3,7028,25.733440399169922,16.07091522216797,27.768962860107422,35.578739166259766
denoised,8.0,cluster_merging,tp,4,6370,21.704952239990234,15.194965362548828,18.826242446899414,32.56129455566406
denoised,8.0,cluster_merging,tp,5,6423,18.942768096923828,14.506129264831543,17.622880935668945,27.933279037475586
denoised,8.0,cluster_merging,tp,6,6576,17.509174346923828,13.904565811157227,16.982421875,20.583337783813477
denoised,8.0,cluster_merging,tp,7,6663,16.672842025756836,13.484118461608887,16.5013370513916,19.648235321044922
denoised,8.0,cluster_merging,tp,8,6494,16.192058563232422,13.127055168151855,16.11499786376953,19.09038543701172
denoised,8.0,cluster_merging,tp,9,6181,15.723260879516602,12.702109336853027,15.66579818725586,18.661535263061523
denoised,8.0,cluster_merging,tp,10,5641,15.226425170898438,12.26753044128418,15.206380844116211,18.1497859954834
denoised,8.0,cluster_merging,tp,11,5054,14.843416213989258,11.980660438537598,14.725247383117676,17.76166343688965
denoised,8.0,cluster_merging,tp,12,4516,14.505497932434082,11.661975860595703,14.378806114196777,17.500476837158203
denoised,8.0,cluster_merging,tp,13,3931,14.001622200012207,11.285919189453125,13.787079811096191,16.948753356933594
denoised,8.0,cluster_merging,tp,14,3280,13.642253875732422,11.008065223693848,13.461644172668457,16.570396423339844
denoised,8.0,cluster_merging,tp,15,2862,13.215874671936035,10.666982650756836,12.965846061706543,16.121139526367188
denoised,8.0,cluster_merging,tp,16,2490,12.770066261291504,10.395125389099121,12.494260787963867,15.589316368103027
denoised,8.0,cluster_merging,tp,17,2090,12.549665451049805,10.241522789001465,12.319389343261719,15.271449089050293
denoised,8.0,cluster_merging,tp,18,1736,12.172358512878418,10.026300430297852,11.886310577392578,14.792707443237305
denoised,8.0,cluster_merging,tp,19,1505,11.845610618591309,9.801520347595215,11.533157348632812,14.339092254638672
denoised,8.0,cluster_merging,tp,20,1291,11.650761604309082,9.576472282409668,11.280344009399414,14.281332015991211
denoised,8.0,cluster_merging,tp,21,1226,11.297835350036621,9.45973014831543,10.947013854980469,13.736879348754883
denoised,8.0,cluster_merging,tp,22,1022,10.921966552734375,9.339776992797852,10.637166976928711,12.986647605895996
denoised,8.0,cluster_merging,tp,23,944,10.723901748657227,9.171955108642578,10.479301452636719,12.480766296386719
denoised,8.0,cluster_merging,tp,24,786,10.555721282958984,8.902127265930176,10.295722007751465,12.536237716674805
denoised,8.0,cluster_merging,tp,25,716,10.418245315551758,9.06233024597168,10.127405166625977,12.129344940185547
denoised,8.0,cluster_merging,tp,26,643,10.120870590209961,8.80072021484375,9.979340553283691,11.681305885314941
denoised,8.0,cluster_merging,tp,27,620,10.067919731140137,8.777080535888672,9.865621566772461,11.586090087890625
denoised,8.0,cluster_merging,tp,28,586,9.850372314453125,8.642007827758789,9.614013671875,11.39735221862793
denoised,8.0,cluster_merging,tp,29,528,9.714046478271484,8.573920249938965,9.544381141662598,11.134504318237305
denoised,8.0,cluster_merging,tp,30,491,9.637166023254395,8.558088302612305,9.450383186340332,11.053467750549316
denoised,8.0,cluster_merging,tp,31,484,9.459128379821777,8.40717887878418,9.26022720336914,10.713732719421387
denoised,8.0,cluster_merging,tp,32,388,9.287057876586914,8.342883110046387,9.180356979370117,10.324444770812988
denoised,8.0,cluster_merging,tp,33,368,9.225497245788574,8.313393592834473,9.043533325195312,10.208843231201172
denoised,8.0,cluster_merging,tp,34,359,9.196422576904297,8.307976722717285,8.994739532470703,10.291871070861816
denoised,8.0,cluster_merging,tp,35,297,9.160654067993164,8.342910766601562,8.93840503692627,10.191278457641602
denoised,8.0,cluster_merging,tp,36,299,8.996034622192383,8.20910358428955,8.8235445022583,9.870901107788086
denoised,8.0,cluster_merging,tp,37,273,8.871918678283691,8.157055854797363,8.76172161102295,9.722001075744629
denoised,8.0,cluster_merging,tp,38,272,8.863624572753906,8.140359878540039,8.757472038269043,9.692888259887695
denoised,8.0,cluster_merging,tp,39,244,8.846650123596191,8.139591217041016,8.682933807373047,9.790482521057129
denoised,8.0,cluster_merging,tp,40,222,8.754415512084961,8.103109359741211,8.627260208129883,9.353503227233887
denoised,8.0,cluster_merging,tp,41,227,8.7333402633667,8.098252296447754,8.574563980102539,9.551660537719727
denoised,8.0,cluster_merging,tp,42,163,8.701117515563965,8.121718406677246,8.554015159606934,9.373973846435547
denoised,8.0,cluster_merging,tp,43,151,8.680464744567871,8.126383781433105,8.520119667053223,9.392768859863281
denoised,8.0,cluster_merging,tp,44,165,8.7002534866333,8.090853691101074,8.4862060546875,9.630656242370605
denoised,8.0,cluster_merging,tp,45,141,8.585253715515137,8.093220710754395,8.423504829406738,9.187295913696289
denoised,8.0,cluster_merging,tp,46,120,8.74958324432373,8.056253433227539,8.485393524169922,9.255179405212402
denoised,8.0,cluster_merging,tp,47,95,8.635589599609375,8.101628303527832,8.423593521118164,9.473349571228027
denoised,8.0,cluster_merging,tp,48,77,8.50314998626709,8.070510864257812,8.40727710723877,9.05147933959961
denoised,8.0,cluster_merging,tp,49,71,8.534913063049316,8.07048511505127,8.363239288330078,9.17335033416748
denoised,8.0,cluster_merging,tp,50,70,8.386093139648438,8.054388046264648,8.231941223144531,8.824462890625
denoised,8.0,cluster_merging,tp,51,55,8.554388999938965,8.093836784362793,8.444199562072754,9.245309829711914
denoised,8.0,cluster_merging,tp,52,73,8.48879337310791,8.054275512695312,8.354961395263672,9.038976669311523
denoised,8.0,cluster_merging,tp,53,57,8.395757675170898,8.053065299987793,8.323142051696777,8.797301292419434
denoised,8.0,cluster_merging,tp,54,49,8.411123275756836,8.065735816955566,8.25844955444336,8.757941246032715
denoised,8.0,cluster_merging,tp,55,38,8.469874382019043,8.052358627319336,8.306951522827148,9.164827346801758
denoised,8.0,cluster_merging,tp,56,26,8.374520301818848,8.036334037780762,8.242888450622559,8.696722030639648
denoised,8.0,cluster_merging,tp,57,33,8.615581512451172,8.040731430053711,8.218585014343262,9.085728645324707
denoised,8.0,cluster_merging,tp,58,27,8.754008293151855,8.097760200500488,8.375761032104492,8.906543731689453
denoised,8.0,cluster_merging,tp,59,27,8.264203071594238,8.02701473236084,8.200270652770996,8.661883354187012
denoised,8.0,cluster_merging,tp,60,18,8.652233123779297,8.073798179626465,8.264820098876953,9.845602035522461
denoised,8.0,cluster_merging,tp,61,12,8.449267387390137,8.046053886413574,8.291269302368164,9.025537490844727
denoised,8.0,cluster_merging,tp,62,11,8.471858024597168,8.058797836303711,8.361247062683105,9.219071388244629
denoised,8.0,cluster_merging,tp,63,13,8.52135181427002,8.054436683654785,8.383658409118652,9.164250373840332
denoised,8.0,cluster_merging,tp,64,13,8.532380104064941,8.053104400634766,8.210943222045898,9.113752365112305
denoised,8.0,cluster_merging,tp,65,14,8.384803771972656,8.036478042602539,8.236030578613281,8.887928009033203
denoised,8.0,cluster_merging,tp,66,10,8.235966682434082,8.035470962524414,8.191024780273438,8.511446952819824
denoised,8.0,cluster_merging,tp,67,7,8.401666641235352,8.158437728881836,8.231239318847656,8.804281234741211
denoised,8.0,cluster_merging,tp,68,6,8.138216972351074,8.02501106262207,8.116344451904297,8.273294448852539
denoised,8.0,cluster_merging,tp,69,2,8.058405876159668,8.035745620727539,8.058405876159668,8.081066131591797
denoised,8.0,cluster_merging,tp,70,5,8.584115982055664,8.03164291381836,8.317680358886719,9.270315170288086
denoised,8.0,cluster_merging,tp,71,2,8.422921180725098,8.1593599319458,8.422921180725098,8.686482429504395
denoised,8.0,cluster_merging,tp,72,1,8.252413749694824,8.252413749694824,8.252413749694824,8.252413749694824
denoised,8.0,cluster_merging,tp,73,2,8.171092987060547,8.117215156555176,8.171092987060547,8.224969863891602
denoised,8.0,cluster_merging,tp,74,4,8.60539722442627,8.119966506958008,8.248319625854492,9.37648868560791
denoised,8.0,cluster_merging,tp,76,1,8.070564270019531,8.070564270019531,8.070564270019531,8.070564270019531
denoised,8.0,cluster_merging,tp,77,1,8.093100547790527,8.093100547790527,8.093100547790527,8.093100547790527
denoised,8.0,cluster_merging,tp,78,1,8.214873313903809,8.214873313903809,8.214873313903809,8.214873313903809
denoised,8.0,cluster_merging,tp,79,1,8.218374252319336,8.218374252319336,8.218374252319336,8.218374252319336
denoised,8.0,cluster_merging,tp,80,1,20.428316116333008,20.428316116333008,20.428316116333008,20.428316116333008
denoised,8.0,cluster_merging,tp,83,1,8.737567901611328,8.737567901611328,8.737567901611328,8.737567901611328
denoised,8.0,cluster_merging,tp,84,1,24.06464958190918,24.06464958190918,24.06464958190918,24.06464958190918
denoised,8.0,cluster_merging,tp,85,1,8.354934692382812,8.354934692382812,8.354934692382812,8.354934692382812
denoised,8.0,cluster_merging,tp,86,1,8.585707664489746,8.585707664489746,8.585707664489746,8.585707664489746
denoised,8.0,cluster_merging,tp,91,1,8.078964233398438,8.078964233398438,8.078964233398438,8.078964233398438
denoised,8.0,cluster_merging,tp,93,3,8.322379112243652,8.009055137634277,8.026935577392578,8.75387954711914
denoised,8.0,cluster_merging,tp,94,1,8.302727699279785,8.302727699279785,8.302727699279785,8.302727699279785
denoised,8.0,cluster_merging,tp,97,1,8.0589017868042,8.0589017868042,8.0589017868042,8.0589017868042
denoised,8.0,duplicate_removal,unmatched_cluster,0,272595,41.2080192565918,28.042905807495117,39.90593719482422,55.45432662963867
denoised,8.0,duplicate_removal,unmatched_cluster,1,250781,32.55765914916992,22.02373695373535,32.3326416015625,43.210113525390625
denoised,8.0,duplicate_removal,unmatched_cluster,2,242496,27.876096725463867,19.35887908935547,27.6640625,36.572303771972656
denoised,8.0,duplicate_removal,unmatched_cluster,3,237189,24.68697166442871,17.26525115966797,24.015033721923828,32.86695861816406
denoised,8.0,duplicate_removal,unmatched_cluster,4,232537,22.273717880249023,15.627850532531738,21.59318733215332,29.829185485839844
denoised,8.0,duplicate_removal,unmatched_cluster,5,227623,20.376726150512695,14.410795211791992,19.974557876586914,27.029438018798828
denoised,8.0,duplicate_removal,unmatched_cluster,6,224218,18.836652755737305,13.441360473632812,18.544910430908203,24.578346252441406
denoised,8.0,duplicate_removal,unmatched_cluster,7,221644,17.55028533935547,12.678647994995117,17.201011657714844,22.662940979003906
denoised,8.0,duplicate_removal,unmatched_cluster,8,219482,16.45871353149414,12.06169605255127,16.026599884033203,21.244190216064453
denoised,8.0,duplicate_removal,unmatched_cluster,9,217745,15.530778884887695,11.570178985595703,15.062111854553223,20.06151008605957
denoised,8.0,duplicate_removal,unmatched_cluster,10,216573,14.732548713684082,11.166476249694824,14.24789810180664,19.002138137817383
denoised,8.0,duplicate_removal,unmatched_cluster,11,215259,14.038119316101074,10.833895683288574,13.555635452270508,17.956634521484375
denoised,8.0,duplicate_removal,unmatched_cluster,12,215024,13.430335998535156,10.54458999633789,12.948843002319336,16.99919891357422
denoised,8.0,duplicate_removal,unmatched_cluster,13,214072,12.905622482299805,10.288032531738281,12.441529273986816,16.167524337768555
denoised,8.0,duplicate_removal,unmatched_cluster,14,213778,12.442201614379883,10.073558807373047,12.006277084350586,15.416025161743164
denoised,8.0,duplicate_removal,unmatched_cluster,15,212742,12.03743839263916,9.875039100646973,11.626203536987305,14.753853797912598
denoised,8.0,duplicate_removal,unmatched_cluster,16,212469,11.680694580078125,9.701555252075195,11.305924415588379,14.153177261352539
denoised,8.0,duplicate_removal,unmatched_cluster,17,212138,11.363310813903809,9.545768737792969,11.021560668945312,13.624551773071289
denoised,8.0,duplicate_removal,unmatched_cluster,18,211955,11.083732604980469,9.3976469039917,10.772283554077148,13.157691955566406
denoised,8.0,duplicate_removal,unmatched_cluster,19,211808,10.829397201538086,9.263489723205566,10.550235748291016,12.743061065673828
denoised,8.0,duplicate_removal,unmatched_cluster,20,211469,10.603015899658203,9.141091346740723,10.349193572998047,12.357813835144043
denoised,8.0,duplicate_removal,unmatched_cluster,21,211368,10.39920425415039,9.026598930358887,10.169397354125977,12.036809921264648
denoised,8.0,duplicate_removal,unmatched_cluster,22,210591,10.215006828308105,8.921278953552246,10.006170272827148,11.733110427856445
denoised,8.0,duplicate_removal,unmatched_cluster,23,209905,10.047657012939453,8.82387638092041,9.855886459350586,11.468551635742188
denoised,8.0,duplicate_removal,unmatched_cluster,24,209781,9.891973495483398,8.732538223266602,9.713089942932129,11.228826522827148
denoised,8.0,duplicate_removal,unmatched_cluster,25,208801,9.752525329589844,8.65365219116211,9.583929061889648,11.015795707702637
denoised,8.0,duplicate_removal,unmatched_cluster,26,207716,9.625171661376953,8.576957702636719,9.46862506866455,10.820768356323242
denoised,8.0,duplicate_removal,unmatched_cluster,27,206569,9.506197929382324,8.507370948791504,9.35763168334961,10.641824722290039
denoised,8.0,duplicate_removal,unmatched_cluster,28,204840,9.39687728881836,8.442852973937988,9.256357192993164,10.480036735534668
denoised,8.0,duplicate_removal,unmatched_cluster,29,202909,9.29970645904541,8.38866901397705,9.165863037109375,10.335843086242676
denoised,8.0,duplicate_removal,unmatched_cluster,30,200283,9.209699630737305,8.342707633972168,9.07829475402832,10.199583053588867
denoised,8.0,duplicate_removal,unmatched_cluster,31,197890,9.126306533813477,8.300334930419922,8.997159957885742,10.071403503417969
denoised,8.0,duplicate_removal,unmatched_cluster,32,194467,9.050018310546875,8.2623929977417,8.92242431640625,9.955666542053223
denoised,8.0,duplicate_removal,unmatched_cluster,33,190410,8.978967666625977,8.229743003845215,8.853705406188965,9.846561431884766
denoised,8.0,duplicate_removal,unmatched_cluster,34,185756,8.914371490478516,8.202898025512695,8.790275573730469,9.74673080444336
denoised,8.0,duplicate_removal,unmatched_cluster,35,180763,8.855508804321289,8.17973804473877,8.732617378234863,9.649297714233398
denoised,8.0,duplicate_removal,unmatched_cluster,36,175001,8.800558090209961,8.158134460449219,8.679555892944336,9.56446647644043
denoised,8.0,duplicate_removal,unmatched_cluster,37,168918,8.752859115600586,8.141892433166504,8.631498336791992,9.483940124511719
denoised,8.0,duplicate_removal,unmatched_cluster,38,161925,8.70723819732666,8.126437187194824,8.585770606994629,9.410710334777832
denoised,8.0,duplicate_removal,unmatched_cluster,39,154229,8.666902542114258,8.113231658935547,8.545774459838867,9.344755172729492
denoised,8.0,duplicate_removal,unmatched_cluster,40,146420,8.62920093536377,8.100617408752441,8.509834289550781,9.280424118041992
denoised,8.0,duplicate_removal,unmatched_cluster,41,137603,8.598115921020508,8.093538284301758,8.478818893432617,9.226393699645996
denoised,8.0,duplicate_removal,unmatched_cluster,42,129168,8.56663703918457,8.084797859191895,8.44912338256836,9.174394607543945
denoised,8.0,duplicate_removal,unmatched_cluster,43,120869,8.53855037689209,8.077534675598145,8.420722007751465,9.125227928161621
denoised,8.0,duplicate_removal,unmatched_cluster,44,111919,8.512872695922852,8.070643424987793,8.39545726776123,9.08155632019043
denoised,8.0,duplicate_removal,unmatched_cluster,45,103397,8.489656448364258,8.065971374511719,8.373793601989746,9.036810874938965
denoised,8.0,duplicate_removal,unmatched_cluster,46,94903,8.47031021118164,8.061659812927246,8.353801727294922,9.003399848937988
denoised,8.0,duplicate_removal,unmatched_cluster,47,86319,8.452856063842773,8.058350563049316,8.336949348449707,8.97282600402832
denoised,8.0,duplicate_removal,unmatched_cluster,48,78578,8.434669494628906,8.053970336914062,8.320089340209961,8.936354637145996
denoised,8.0,duplicate_removal,unmatched_cluster,49,70708,8.419463157653809,8.051420211791992,8.30461597442627,8.912336349487305
denoised,8.0,duplicate_removal,unmatched_cluster,50,63645,8.407635688781738,8.048809051513672,8.291960716247559,8.887917518615723
denoised,8.0,duplicate_removal,unmatched_cluster,51,56797,8.395156860351562,8.046713829040527,8.279242515563965,8.868370056152344
denoised,8.0,duplicate_removal,unmatched_cluster,52,50596,8.381264686584473,8.043619155883789,8.266855239868164,8.844367980957031
denoised,8.0,duplicate_removal,unmatched_cluster,53,44684,8.375866889953613,8.04277229309082,8.255958557128906,8.83460521697998
denoised,8.0,duplicate_removal,unmatched_cluster,54,39314,8.370128631591797,8.040902137756348,8.251960754394531,8.814685821533203
denoised,8.0,duplicate_removal,unmatched_cluster,55,34720,8.364041328430176,8.038567543029785,8.245088577270508,8.804920196533203
denoised,8.0,duplicate_removal,unmatched_cluster,56,30279,8.35816764831543,8.03732681274414,8.23742389678955,8.794923782348633
denoised,8.0,duplicate_removal,unmatched_cluster,57,26459,8.350719451904297,8.036320686340332,8.231407165527344,8.787063598632812
denoised,8.0,duplicate_removal,unmatched_cluster,58,22885,8.352973937988281,8.036513328552246,8.225113868713379,8.791722297668457
denoised,8.0,duplicate_removal,unmatched_cluster,59,19902,8.349325180053711,8.035113334655762,8.221983909606934,8.7815580368042
denoised,8.0,duplicate_removal,unmatched_cluster,60,17222,8.350988388061523,8.0331392288208,8.221418380737305,8.77862548828125
denoised,8.0,duplicate_removal,unmatched_cluster,61,14834,8.353484153747559,8.03282642364502,8.218878746032715,8.778727531433105
denoised,8.0,duplicate_removal,unmatched_cluster,62,12847,8.35201644897461,8.03238296508789,8.219098091125488,8.780197143554688
denoised,8.0,duplicate_removal,unmatched_cluster,63,11116,8.358532905578613,8.033916473388672,8.223451614379883,8.808646202087402
denoised,8.0,duplicate_removal,unmatched_cluster,64,9680,8.358451843261719,8.032504081726074,8.222030639648438,8.80661392211914
denoised,8.0,duplicate_removal,unmatched_cluster,65,8354,8.365636825561523,8.032958030700684,8.218534469604492,8.833370208740234
denoised,8.0,duplicate_removal,unmatched_cluster,66,7192,8.367913246154785,8.033154487609863,8.216827392578125,8.857133865356445
denoised,8.0,duplicate_removal,unmatched_cluster,67,6281,8.370793342590332,8.031822204589844,8.216303825378418,8.855328559875488
denoised,8.0,duplicate_removal,unmatched_cluster,68,5490,8.369462966918945,8.033112525939941,8.215738296508789,8.852970123291016
denoised,8.0,duplicate_removal,unmatched_cluster,69,4764,8.376777648925781,8.03116512298584,8.22416877746582,8.838665008544922
denoised,8.0,duplicate_removal,unmatched_cluster,70,4184,8.381109237670898,8.030577659606934,8.22673225402832,8.850228309631348
denoised,8.0,duplicate_removal,unmatched_cluster,71,3578,8.418435096740723,8.033988952636719,8.229738235473633,8.88520622253418
denoised,8.0,duplicate_removal,unmatched_cluster,72,3118,8.398015022277832,8.037036895751953,8.24132251739502,8.857303619384766
denoised,8.0,duplicate_removal,unmatched_cluster,73,2823,8.413307189941406,8.03342056274414,8.240111351013184,8.84782886505127
denoised,8.0,duplicate_removal,unmatched_cluster,74,2459,8.429075241088867,8.03600788116455,8.240358352661133,8.866764068603516
denoised,8.0,duplicate_removal,unmatched_cluster,75,2209,8.442930221557617,8.03467082977295,8.241456031799316,8.87751579284668
denoised,8.0,duplicate_removal,unmatched_cluster,76,1937,8.44629955291748,8.039252281188965,8.24921989440918,8.874696731567383
denoised,8.0,duplicate_removal,unmatched_cluster,77,1739,8.431415557861328,8.038694381713867,8.240934371948242,8.878828048706055
denoised,8.0,duplicate_removal,unmatched_cluster,78,1519,8.471555709838867,8.033018112182617,8.242608070373535,8.920310020446777
denoised,8.0,duplicate_removal,unmatched_cluster,79,1341,8.477263450622559,8.038308143615723,8.247282028198242,8.876225471496582
denoised,8.0,duplicate_removal,unmatched_cluster,80,1225,8.517889976501465,8.0396089553833,8.2316312789917,8.873363494873047
denoised,8.0,duplicate_removal,unmatched_cluster,81,1101,8.590521812438965,8.041088104248047,8.245619773864746,8.95567798614502
denoised,8.0,duplicate_removal,unmatched_cluster,82,973,8.494417190551758,8.034296035766602,8.249403953552246,8.8650484085083
denoised,8.0,duplicate_removal,unmatched_cluster,83,855,8.504878044128418,8.040902137756348,8.245020866394043,8.846282958984375
denoised,8.0,duplicate_removal,unmatched_cluster,84,758,8.598478317260742,8.044573783874512,8.270519256591797,8.883270263671875
denoised,8.0,duplicate_removal,unmatched_cluster,85,675,8.64750862121582,8.035199165344238,8.262287139892578,9.093000411987305
denoised,8.0,duplicate_removal,unmatched_cluster,86,613,8.608528137207031,8.039738655090332,8.267560005187988,9.034342765808105
denoised,8.0,duplicate_removal,unmatched_cluster,87,558,8.687732696533203,8.041620254516602,8.287738800048828,9.193782806396484
denoised,8.0,duplicate_removal,unmatched_cluster,88,523,8.635416984558105,8.052069664001465,8.289124488830566,9.107738494873047
denoised,8.0,duplicate_removal,unmatched_cluster,89,475,8.656262397766113,8.045215606689453,8.27686882019043,9.059043884277344
denoised,8.0,duplicate_removal,unmatched_cluster,90,430,8.658175468444824,8.050868034362793,8.246966361999512,9.092819213867188
denoised,8.0,duplicate_removal,unmatched_cluster,91,411,8.711301803588867,8.041341781616211,8.251816749572754,9.150099754333496
denoised,8.0,duplicate_removal,unmatched_cluster,92,368,8.692909240722656,8.04406452178955,8.257829666137695,9.227044105529785
denoised,8.0,duplicate_removal,unmatched_cluster,93,335,8.834383964538574,8.039027214050293,8.260736465454102,9.430961608886719
denoised,8.0,duplicate_removal,unmatched_cluster,94,311,8.673694610595703,8.044641494750977,8.251030921936035,9.293048858642578
denoised,8.0,duplicate_removal,unmatched_cluster,95,288,8.872886657714844,8.045644760131836,8.245702743530273,9.506218910217285
denoised,8.0,duplicate_removal,unmatched_cluster,96,269,9.051775932312012,8.03171443939209,8.242422103881836,9.763648986816406
denoised,8.0,duplicate_removal,unmatched_cluster,97,240,8.84425163269043,8.03255558013916,8.224187850952148,9.677604675292969
denoised,8.0,duplicate_removal,unmatched_cluster,98,222,8.865265846252441,8.025781631469727,8.249466896057129,9.615694999694824
denoised,8.0,duplicate_removal,unmatched_cluster,99,204,9.179161071777344,8.039752006530762,8.320844650268555,9.792664527893066
denoised,8.0,duplicate_removal,fp_matched_cluster,0,47,21.050823211669922,15.776671409606934,20.425058364868164,28.507492065429688
denoised,8.0,duplicate_removal,fp_matched_cluster,1,170,19.023019790649414,15.266097068786621,18.72281837463379,22.36049461364746
denoised,8.0,duplicate_removal,fp_matched_cluster,2,371,18.423221588134766,14.799899101257324,17.992921829223633,22.244171142578125
denoised,8.0,duplicate_removal,fp_matched_cluster,3,645,17.924606323242188,14.285149574279785,17.788400650024414,21.576086044311523
denoised,8.0,duplicate_removal,fp_matched_cluster,4,916,17.156869888305664,13.66482925415039,17.060020446777344,20.742177963256836
denoised,8.0,duplicate_removal,fp_matched_cluster,5,1132,16.612539291381836,13.284975051879883,16.621360778808594,19.900985717773438
denoised,8.0,duplicate_removal,fp_matched_cluster,6,1311,16.094688415527344,12.956071853637695,15.968000411987305,19.278278350830078
denoised,8.0,duplicate_removal,fp_matched_cluster,7,1653,15.633949279785156,12.412970542907715,15.465312957763672,19.08403205871582
denoised,8.0,duplicate_removal,fp_matched_cluster,8,1688,15.148810386657715,12.037946701049805,14.984884262084961,18.402530670166016
denoised,8.0,duplicate_removal,fp_matched_cluster,9,1842,14.548015594482422,11.59462833404541,14.412738800048828,17.723962783813477
denoised,8.0,duplicate_removal,fp_matched_cluster,10,1933,14.166061401367188,11.362810134887695,13.963658332824707,17.264795303344727
denoised,8.0,duplicate_removal,fp_matched_cluster,11,2011,13.642136573791504,11.032835006713867,13.370294570922852,16.591949462890625
denoised,8.0,duplicate_removal,fp_matched_cluster,12,1938,13.162243843078613,10.7018404006958,12.872465133666992,15.971640586853027
denoised,8.0,duplicate_removal,fp_matched_cluster,13,2006,12.851947784423828,10.616233825683594,12.543807983398438,15.554420471191406
denoised,8.0,duplicate_removal,fp_matched_cluster,14,2012,12.500448226928711,10.42368221282959,12.20102310180664,14.998234748840332
denoised,8.0,duplicate_removal,fp_matched_cluster,15,2032,12.132299423217773,10.149449348449707,11.839679718017578,14.49544906616211
denoised,8.0,duplicate_removal,fp_matched_cluster,16,2033,11.829022407531738,9.953612327575684,11.52661418914795,14.16908073425293
denoised,8.0,duplicate_removal,fp_matched_cluster,17,2017,11.523557662963867,9.860492706298828,11.302014350891113,13.491157531738281
denoised,8.0,duplicate_removal,fp_matched_cluster,18,2018,11.264676094055176,9.644519805908203,11.03753662109375,13.134027481079102
denoised,8.0,duplicate_removal,fp_matched_cluster,19,1951,11.015515327453613,9.51861572265625,10.812417984008789,12.768769264221191
denoised,8.0,duplicate_removal,fp_matched_cluster,20,1963,10.782768249511719,9.334440231323242,10.602912902832031,12.424985885620117
denoised,8.0,duplicate_removal,fp_matched_cluster,21,1986,10.629436492919922,9.245737075805664,10.460545539855957,12.230402946472168
denoised,8.0,duplicate_removal,fp_matched_cluster,22,1974,10.440425872802734,9.130002975463867,10.243888854980469,11.946008682250977
denoised,8.0,duplicate_removal,fp_matched_cluster,23,1924,10.217926025390625,9.012299537658691,10.018538475036621,11.715447425842285
denoised,8.0,duplicate_removal,fp_matched_cluster,24,1890,10.071859359741211,8.967934608459473,9.92719841003418,11.381712913513184
denoised,8.0,duplicate_removal,fp_matched_cluster,25,1811,9.93576717376709,8.787095069885254,9.813385009765625,11.211764335632324
denoised,8.0,duplicate_removal,fp_matched_cluster,26,1842,9.817191123962402,8.755023956298828,9.647465705871582,11.076006889343262
denoised,8.0,duplicate_removal,fp_matched_cluster,27,1842,9.688294410705566,8.650009155273438,9.56352424621582,10.854777336120605
denoised,8.0,duplicate_removal,fp_matched_cluster,28,1804,9.55778980255127,8.578862190246582,9.415531158447266,10.694522857666016
denoised,8.0,duplicate_removal,fp_matched_cluster,29,1769,9.462414741516113,8.486983299255371,9.335001945495605,10.553322792053223
denoised,8.0,duplicate_removal,fp_matched_cluster,30,1792,9.34744930267334,8.454142570495605,9.235069274902344,10.388282775878906
denoised,8.0,duplicate_removal,fp_matched_cluster,31,1775,9.250285148620605,8.351757049560547,9.130000114440918,10.32957935333252
denoised,8.0,duplicate_removal,fp_matched_cluster,32,1645,9.167862892150879,8.359367370605469,9.042346000671387,10.095562934875488
denoised,8.0,duplicate_removal,fp_matched_cluster,33,1659,9.097332954406738,8.307050704956055,8.996025085449219,9.998234748840332
denoised,8.0,duplicate_removal,fp_matched_cluster,34,1728,9.01266098022461,8.257552146911621,8.901540756225586,9.852421760559082
denoised,8.0,duplicate_removal,fp_matched_cluster,35,1643,8.957770347595215,8.209474563598633,8.823928833007812,9.8259859085083
denoised,8.0,duplicate_removal,fp_matched_cluster,36,1526,8.89111328125,8.22171401977539,8.783376693725586,9.671432495117188
denoised,8.0,duplicate_removal,fp_matched_cluster,37,1502,8.858399391174316,8.16281795501709,8.754964828491211,9.670503616333008
denoised,8.0,duplicate_removal,fp_matched_cluster,38,1424,8.780342102050781,8.148418426513672,8.626240730285645,9.62999439239502
denoised,8.0,duplicate_removal,fp_matched_cluster,39,1441,8.706445693969727,8.134159088134766,8.601940155029297,9.391304969787598
denoised,8.0,duplicate_removal,fp_matched_cluster,40,1401,8.700261116027832,8.126741409301758,8.560470581054688,9.44298267364502
denoised,8.0,duplicate_removal,fp_matched_cluster,41,1257,8.632756233215332,8.093916893005371,8.51918888092041,9.309283256530762
denoised,8.0,duplicate_removal,fp_matched_cluster,42,1206,8.602944374084473,8.09231948852539,8.493288040161133,9.244462966918945
denoised,8.0,duplicate_removal,fp_matched_cluster,43,1163,8.550029754638672,8.085968971252441,8.434438705444336,9.133703231811523
denoised,8.0,duplicate_removal,fp_matched_cluster,44,1104,8.555575370788574,8.08541202545166,8.428546905517578,9.136152267456055
denoised,8.0,duplicate_removal,fp_matched_cluster,45,987,8.538169860839844,8.074865341186523,8.402702331542969,9.136107444763184
denoised,8.0,duplicate_removal,fp_matched_cluster,46,950,8.507577896118164,8.074620246887207,8.40481948852539,9.07285213470459
denoised,8.0,duplicate_removal,fp_matched_cluster,47,849,8.480894088745117,8.071409225463867,8.377493858337402,9.047501564025879
denoised,8.0,duplicate_removal,fp_matched_cluster,48,777,8.45425033569336,8.05313491821289,8.337416648864746,9.03393268585205
denoised,8.0,duplicate_removal,fp_matched_cluster,49,728,8.448376655578613,8.05402660369873,8.340158462524414,8.965662956237793
denoised,8.0,duplicate_removal,fp_matched_cluster,50,618,8.426263809204102,8.048465728759766,8.31447982788086,8.955856323242188
denoised,8.0,duplicate_removal,fp_matched_cluster,51,622,8.432743072509766,8.05520248413086,8.313396453857422,8.920083999633789
denoised,8.0,duplicate_removal,fp_matched_cluster,52,528,8.405760765075684,8.045660018920898,8.301753997802734,8.88426399230957
denoised,8.0,duplicate_removal,fp_matched_cluster,53,454,8.386590003967285,8.050210952758789,8.271188735961914,8.821938514709473
denoised,8.0,duplicate_removal,fp_matched_cluster,54,462,8.391167640686035,8.044243812561035,8.270837783813477,8.860671997070312
denoised,8.0,duplicate_removal,fp_matched_cluster,55,355,8.401102066040039,8.05040168762207,8.276378631591797,8.891536712646484
denoised,8.0,duplicate_removal,fp_matched_cluster,56,339,8.348783493041992,8.038189888000488,8.241700172424316,8.734878540039062
denoised,8.0,duplicate_removal,fp_matched_cluster,57,294,8.349191665649414,8.030956268310547,8.231249809265137,8.85879898071289
denoised,8.0,duplicate_removal,fp_matched_cluster,58,223,8.321586608886719,8.04359245300293,8.215826988220215,8.737222671508789
denoised,8.0,duplicate_removal,fp_matched_cluster,59,210,8.388051986694336,8.042634010314941,8.250003814697266,8.89184856414795
denoised,8.0,duplicate_removal,fp_matched_cluster,60,199,8.329934120178223,8.035369873046875,8.220169067382812,8.757826805114746
denoised,8.0,duplicate_removal,fp_matched_cluster,61,148,8.384889602661133,8.043549537658691,8.240714073181152,8.919058799743652
denoised,8.0,duplicate_removal,fp_matched_cluster,62,137,8.362265586853027,8.034483909606934,8.212003707885742,8.872977256774902
denoised,8.0,duplicate_removal,fp_matched_cluster,63,103,8.290972709655762,8.017481803894043,8.213507652282715,8.67829418182373
denoised,8.0,duplicate_removal,fp_matched_cluster,64,105,8.290791511535645,8.027946472167969,8.175895690917969,8.697338104248047
denoised,8.0,duplicate_removal,fp_matched_cluster,65,86,8.441843032836914,8.0606689453125,8.298871994018555,8.919532775878906
denoised,8.0,duplicate_removal,fp_matched_cluster,66,94,8.325533866882324,8.03902530670166,8.204635620117188,8.823129653930664
denoised,8.0,duplicate_removal,fp_matched_cluster,67,62,8.410752296447754,8.028159141540527,8.312173843383789,8.949068069458008
denoised,8.0,duplicate_removal,fp_matched_cluster,68,64,8.355144500732422,8.029601097106934,8.249286651611328,8.874171257019043
denoised,8.0,duplicate_removal,fp_matched_cluster,69,51,8.240599632263184,8.039907455444336,8.142330169677734,8.555403709411621
denoised,8.0,duplicate_removal,fp_matched_cluster,70,41,8.357172012329102,8.045680046081543,8.317279815673828,8.679935455322266
denoised,8.0,duplicate_removal,fp_matched_cluster,71,29,8.457045555114746,8.095621109008789,8.364805221557617,8.917468070983887
denoised,8.0,duplicate_removal,fp_matched_cluster,72,37,8.362576484680176,8.023205757141113,8.223733901977539,8.751827239990234
denoised,8.0,duplicate_removal,fp_matched_cluster,73,24,8.40352725982666,8.05744457244873,8.24742317199707,8.956442832946777
denoised,8.0,duplicate_removal,fp_matched_cluster,74,22,8.419341087341309,8.063039779663086,8.368593215942383,8.823225021362305
denoised,8.0,duplicate_removal,fp_matched_cluster,75,28,8.442290306091309,8.080638885498047,8.329405784606934,9.070633888244629
denoised,8.0,duplicate_removal,fp_matched_cluster,76,28,8.421557426452637,8.052863121032715,8.17979621887207,9.098690032958984
denoised,8.0,duplicate_removal,fp_matched_cluster,77,19,8.344366073608398,8.049964904785156,8.24865436553955,8.696884155273438
denoised,8.0,duplicate_removal,fp_matched_cluster,78,18,8.305184364318848,8.057578086853027,8.223674774169922,8.62127685546875
denoised,8.0,duplicate_removal,fp_matched_cluster,79,10,8.217042922973633,8.056520462036133,8.166084289550781,8.36081600189209
denoised,8.0,duplicate_removal,fp_matched_cluster,80,12,8.383040428161621,8.087959289550781,8.281890869140625,8.811603546142578
denoised,8.0,duplicate_removal,fp_matched_cluster,81,11,8.452498435974121,8.140684127807617,8.258925437927246,8.81501579284668
denoised,8.0,duplicate_removal,fp_matched_cluster,82,18,8.447607040405273,8.070128440856934,8.281094551086426,8.892255783081055
denoised,8.0,duplicate_removal,fp_matched_cluster,83,8,8.49624252319336,8.152243614196777,8.357255935668945,8.910553932189941
denoised,8.0,duplicate_removal,fp_matched_cluster,84,10,8.26673412322998,8.018115043640137,8.229108810424805,8.505475997924805
denoised,8.0,duplicate_removal,fp_matched_cluster,85,6,8.228878021240234,8.039507865905762,8.120166778564453,8.526958465576172
denoised,8.0,duplicate_removal,fp_matched_cluster,86,10,8.449371337890625,8.022003173828125,8.434887886047363,8.774463653564453
denoised,8.0,duplicate_removal,fp_matched_cluster,87,7,8.214510917663574,8.098503112792969,8.174270629882812,8.359688758850098
denoised,8.0,duplicate_removal,fp_matched_cluster,88,6,8.186288833618164,8.058887481689453,8.102989196777344,8.396989822387695
denoised,8.0,duplicate_removal,fp_matched_cluster,89,1,8.268559455871582,8.268559455871582,8.268559455871582,8.268559455871582
denoised,8.0,duplicate_removal,fp_matched_cluster,90,2,8.521368026733398,8.421399116516113,8.521368026733398,8.621337890625
denoised,8.0,duplicate_removal,fp_matched_cluster,91,5,8.339754104614258,8.02178955078125,8.046723365783691,8.851174354553223
denoised,8.0,duplicate_removal,fp_matched_cluster,92,8,8.51028823852539,8.103803634643555,8.236934661865234,9.113496780395508
denoised,8.0,duplicate_removal,fp_matched_cluster,93,5,8.256525993347168,8.068593978881836,8.188804626464844,8.515301704406738
denoised,8.0,duplicate_removal,fp_matched_cluster,94,2,8.190135955810547,8.12098503112793,8.190135955810547,8.259286880493164
denoised,8.0,duplicate_removal,fp_matched_cluster,95,5,8.666009902954102,8.027149200439453,8.272639274597168,9.635663032531738
denoised,8.0,duplicate_removal,fp_matched_cluster,96,2,8.697681427001953,8.591897964477539,8.697681427001953,8.803464889526367
denoised,8.0,duplicate_removal,fp_matched_cluster,97,4,10.220268249511719,8.118816375732422,8.348459243774414,13.819168090820312
denoised,8.0,duplicate_removal,fp_matched_cluster,98,3,8.942534446716309,8.094705581665039,8.157681465148926,10.104304313659668
denoised,8.0,duplicate_removal,fp_matched_cluster,99,1,8.068967819213867,8.068967819213867,8.068967819213867,8.068967819213867
denoised,8.0,duplicate_removal,tp,0,11230,35.25123596191406,30.717599868774414,35.90159225463867,39.4947509765625
denoised,8.0,duplicate_removal,tp,1,11910,33.39354705810547,27.949359893798828,34.473976135253906,38.61223220825195
denoised,8.0,duplicate_removal,tp,2,9342,29.94595718383789,17.806211471557617,32.01331329345703,37.39826965332031
denoised,8.0,duplicate_removal,tp,3,7029,25.731678009033203,16.06875228881836,27.767553329467773,35.57867431640625
denoised,8.0,duplicate_removal,tp,4,6370,21.706815719604492,15.198436737060547,18.82791519165039,32.56129455566406
denoised,8.0,duplicate_removal,tp,5,6425,18.942581176757812,14.506502151489258,17.622880935668945,27.9329833984375
denoised,8.0,duplicate_removal,tp,6,6575,17.510271072387695,13.905817031860352,16.98248291015625,20.58376121520996
denoised,8.0,duplicate_removal,tp,7,6662,16.67156982421875,13.483071327209473,16.49960708618164,19.6474666595459
denoised,8.0,duplicate_removal,tp,8,6494,16.19058609008789,13.127055168151855,16.114505767822266,19.089603424072266
denoised,8.0,duplicate_removal,tp,9,6182,15.723735809326172,12.702765464782715,15.665538787841797,18.661304473876953
denoised,8.0,duplicate_removal,tp,10,5640,15.227367401123047,12.271924018859863,15.208542823791504,18.149940490722656
denoised,8.0,duplicate_removal,tp,11,5054,14.843416213989258,11.980660438537598,14.725247383117676,17.76166343688965
denoised,8.0,duplicate_removal,tp,12,4515,14.506053924560547,11.661845207214355,14.379095077514648,17.500537872314453
denoised,8.0,duplicate_removal,tp,13,3931,14.001622200012207,11.285919189453125,13.787079811096191,16.948753356933594
denoised,8.0,duplicate_removal,tp,14,3280,13.643759727478027,11.008065223693848,13.4637451171875,16.572359085083008
denoised,8.0,duplicate_removal,tp,15,2861,13.215710639953613,10.666654586791992,12.962797164916992,16.122297286987305
denoised,8.0,duplicate_removal,tp,16,2490,12.767984390258789,10.395125389099121,12.493005752563477,15.582511901855469
denoised,8.0,duplicate_removal,tp,17,2089,12.55063533782959,10.24095344543457,12.322502136230469,15.27166748046875
denoised,8.0,duplicate_removal,tp,18,1735,12.173416137695312,10.02613353729248,11.887239456176758,14.793146133422852
denoised,8.0,duplicate_removal,tp,19,1505,11.845610618591309,9.801520347595215,11.533157348632812,14.339092254638672
denoised,8.0,duplicate_removal,tp,20,1293,11.650297164916992,9.577141761779785,11.280344009399414,14.280192375183105
denoised,8.0,duplicate_removal,tp,21,1225,11.30016040802002,9.459635734558105,10.947141647338867,13.737783432006836
denoised,8.0,duplicate_removal,tp,22,1024,10.919549942016602,9.341511726379395,10.629446029663086,12.985498428344727
denoised,8.0,duplicate_removal,tp,23,943,10.725048065185547,9.17160415649414,10.4794340133667,12.48180866241455
denoised,8.0,duplicate_removal,tp,24,788,10.552342414855957,8.902884483337402,10.294837951660156,12.531828880310059
denoised,8.0,duplicate_removal,tp,25,717,10.418601989746094,9.062358856201172,10.130160331726074,12.127422332763672
denoised,8.0,duplicate_removal,tp,26,643,10.118640899658203,8.792520523071289,9.974312782287598,11.681305885314941
denoised,8.0,duplicate_removal,tp,27,618,10.065160751342773,8.776484489440918,9.856942176818848,11.589221000671387
denoised,8.0,duplicate_removal,tp,28,586,9.850372314453125,8.642007827758789,9.614013671875,11.39735221862793
denoised,8.0,duplicate_removal,tp,29,529,9.718221664428711,8.574125289916992,9.545503616333008,11.153464317321777
denoised,8.0,duplicate_removal,tp,30,489,9.633313179016113,8.557390213012695,9.450383186340332,11.02376651763916
denoised,8.0,duplicate_removal,tp,31,483,9.459399223327637,8.406569480895996,9.256017684936523,10.716875076293945
denoised,8.0,duplicate_removal,tp,32,389,9.283987045288086,8.337421417236328,9.171064376831055,10.322388648986816
denoised,8.0,duplicate_removal,tp,33,368,9.225497245788574,8.313393592834473,9.043533325195312,10.208843231201172
denoised,8.0,duplicate_removal,tp,34,359,9.196422576904297,8.307976722717285,8.994739532470703,10.291871070861816
denoised,8.0,duplicate_removal,tp,35,295,9.16201400756836,8.341397285461426,8.93840503692627,10.193198204040527
denoised,8.0,duplicate_removal,tp,36,298,8.998252868652344,8.209060668945312,8.833822250366211,9.87861442565918
denoised,8.0,duplicate_removal,tp,37,275,8.867834091186523,8.155731201171875,8.759944915771484,9.719904899597168
denoised,8.0,duplicate_removal,tp,38,272,8.866971969604492,8.143631935119629,8.76180362701416,9.692888259887695
denoised,8.0,duplicate_removal,tp,39,246,8.84583568572998,8.143190383911133,8.682933807373047,9.776579856872559
denoised,8.0,duplicate_removal,tp,40,222,8.753045082092285,8.103109359741211,8.627260208129883,9.353503227233887
denoised,8.0,duplicate_removal,tp,41,228,8.732989311218262,8.09836196899414,8.575324058532715,9.547956466674805
denoised,8.0,duplicate_removal,tp,42,163,8.701117515563965,8.121718406677246,8.554015159606934,9.373973846435547
denoised,8.0,duplicate_removal,tp,43,150,8.683905601501465,8.126104354858398,8.521239280700684,9.393935203552246
denoised,8.0,duplicate_removal,tp,44,164,8.701831817626953,8.089945793151855,8.490668296813965,9.631799697875977
denoised,8.0,duplicate_removal,tp,45,142,8.583391189575195,8.093234062194824,8.416918754577637,9.18323802947998
denoised,8.0,duplicate_removal,tp,46,120,8.74958324432373,8.056253433227539,8.485393524169922,9.255179405212402
denoised,8.0,duplicate_removal,tp,47,95,8.635589599609375,8.101628303527832,8.423593521118164,9.473349571228027
denoised,8.0,duplicate_removal,tp,48,77,8.50314998626709,8.070510864257812,8.40727710723877,9.05147933959961
denoised,8.0,duplicate_removal,tp,49,70,8.53913688659668,8.070080757141113,8.366827011108398,9.174162864685059
denoised,8.0,duplicate_removal,tp,50,72,8.401310920715332,8.055453300476074,8.238367080688477,8.928542137145996
denoised,8.0,duplicate_removal,tp,51,55,8.554388999938965,8.093836784362793,8.444199562072754,9.245309829711914
denoised,8.0,duplicate_removal,tp,52,73,8.48879337310791,8.054275512695312,8.354961395263672,9.038976669311523
denoised,8.0,duplicate_removal,tp,53,57,8.395757675170898,8.053065299987793,8.323142051696777,8.797301292419434
denoised,8.0,duplicate_removal,tp,54,49,8.411123275756836,8.065735816955566,8.25844955444336,8.757941246032715
denoised,8.0,duplicate_removal,tp,55,38,8.469874382019043,8.052358627319336,8.306951522827148,9.164827346801758
denoised,8.0,duplicate_removal,tp,56,26,8.374520301818848,8.036334037780762,8.242888450622559,8.696722030639648
denoised,8.0,duplicate_removal,tp,57,34,8.597723007202148,8.033062934875488,8.211967468261719,9.075965881347656
denoised,8.0,duplicate_removal,tp,58,27,8.754008293151855,8.097760200500488,8.375761032104492,8.906543731689453
denoised,8.0,duplicate_removal,tp,59,27,8.264203071594238,8.02701473236084,8.200270652770996,8.661883354187012
denoised,8.0,duplicate_removal,tp,60,18,8.652233123779297,8.073798179626465,8.264820098876953,9.845602035522461
denoised,8.0,duplicate_removal,tp,61,12,8.449267387390137,8.046053886413574,8.291269302368164,9.025537490844727
denoised,8.0,duplicate_removal,tp,62,11,8.471858024597168,8.058797836303711,8.361247062683105,9.219071388244629
denoised,8.0,duplicate_removal,tp,63,13,8.52135181427002,8.054436683654785,8.383658409118652,9.164250373840332
denoised,8.0,duplicate_removal,tp,64,13,8.532380104064941,8.053104400634766,8.210943222045898,9.113752365112305
denoised,8.0,duplicate_removal,tp,65,14,8.384803771972656,8.036478042602539,8.236030578613281,8.887928009033203
denoised,8.0,duplicate_removal,tp,66,10,8.235966682434082,8.035470962524414,8.191024780273438,8.511446952819824
denoised,8.0,duplicate_removal,tp,67,7,8.401666641235352,8.158437728881836,8.231239318847656,8.804281234741211
denoised,8.0,duplicate_removal,tp,68,6,8.138216972351074,8.02501106262207,8.116344451904297,8.273294448852539
denoised,8.0,duplicate_removal,tp,69,2,8.058405876159668,8.035745620727539,8.058405876159668,8.081066131591797
denoised,8.0,duplicate_removal,tp,70,5,8.584115982055664,8.03164291381836,8.317680358886719,9.270315170288086
denoised,8.0,duplicate_removal,tp,71,2,8.422921180725098,8.1593599319458,8.422921180725098,8.686482429504395
denoised,8.0,duplicate_removal,tp,72,1,8.252413749694824,8.252413749694824,8.252413749694824,8.252413749694824
denoised,8.0,duplicate_removal,tp,73,2,8.171092987060547,8.117215156555176,8.171092987060547,8.224969863891602
denoised,8.0,duplicate_removal,tp,74,4,8.60539722442627,8.119966506958008,8.248319625854492,9.37648868560791
denoised,8.0,duplicate_removal,tp,76,1,8.070564270019531,8.070564270019531,8.070564270019531,8.070564270019531
denoised,8.0,duplicate_removal,tp,77,1,8.093100547790527,8.093100547790527,8.093100547790527,8.093100547790527
denoised,8.0,duplicate_removal,tp,78,1,8.214873313903809,8.214873313903809,8.214873313903809,8.214873313903809
denoised,8.0,duplicate_removal,tp,79,1,8.218374252319336,8.218374252319336,8.218374252319336,8.218374252319336
denoised,8.0,duplicate_removal,tp,80,1,20.428316116333008,20.428316116333008,20.428316116333008,20.428316116333008
denoised,8.0,duplicate_removal,tp,83,1,8.737567901611328,8.737567901611328,8.737567901611328,8.737567901611328
denoised,8.0,duplicate_removal,tp,84,1,24.06464958190918,24.06464958190918,24.06464958190918,24.06464958190918
denoised,8.0,duplicate_removal,tp,85,1,8.354934692382812,8.354934692382812,8.354934692382812,8.354934692382812
denoised,8.0,duplicate_removal,tp,86,1,8.585707664489746,8.585707664489746,8.585707664489746,8.585707664489746
denoised,8.0,duplicate_removal,tp,91,1,8.078964233398438,8.078964233398438,8.078964233398438,8.078964233398438
denoised,8.0,duplicate_removal,tp,93,3,8.322379112243652,8.009055137634277,8.026935577392578,8.75387954711914
denoised,8.0,duplicate_removal,tp,94,1,8.302727699279785,8.302727699279785,8.302727699279785,8.302727699279785
denoised,8.0,duplicate_removal,tp,97,1,8.0589017868042,8.0589017868042,8.0589017868042,8.0589017868042
denoised,8.0,duplicate_removal,removed_by_dedup,0,1124,48.81658172607422,34.775306701660156,50.16471862792969,60.454254150390625
denoised,8.0,duplicate_removal,removed_by_dedup,1,602,37.71471405029297,21.54159164428711,34.49102020263672,51.89614486694336
denoised,8.0,duplicate_removal,removed_by_dedup,2,658,29.768718719482422,20.43059730529785,27.57616424560547,38.35139465332031
denoised,8.0,duplicate_removal,removed_by_dedup,3,844,26.702394485473633,19.220661163330078,24.467849731445312,34.085147857666016
denoised,8.0,duplicate_removal,removed_by_dedup,4,800,25.415987014770508,18.45100212097168,23.283950805664062,32.66669845581055
denoised,8.0,duplicate_removal,removed_by_dedup,5,788,23.969629287719727,16.80491828918457,22.16644287109375,30.880176544189453
denoised,8.0,duplicate_removal,removed_by_dedup,6,698,22.283584594726562,14.827410697937012,21.018789291381836,29.063663482666016
denoised,8.0,duplicate_removal,removed_by_dedup,7,611,20.993383407592773,13.929262161254883,19.81645393371582,27.62798500061035
denoised,8.0,duplicate_removal,removed_by_dedup,8,527,20.149545669555664,14.270277976989746,19.146724700927734,25.297582626342773
denoised,8.0,duplicate_removal,removed_by_dedup,9,487,19.0760498046875,12.572328567504883,17.46282196044922,22.86593246459961
denoised,8.0,duplicate_removal,removed_by_dedup,10,437,17.90938377380371,12.35946273803711,16.736122131347656,22.07649040222168
denoised,8.0,duplicate_removal,removed_by_dedup,11,451,17.210729598999023,11.668256759643555,15.462499618530273,21.219608306884766
denoised,8.0,duplicate_removal,removed_by_dedup,12,367,17.00933265686035,11.221670150756836,15.160378456115723,20.083181381225586
denoised,8.0,duplicate_removal,removed_by_dedup,13,356,16.083070755004883,11.046915054321289,14.01445198059082,19.682636260986328
denoised,8.0,duplicate_removal,removed_by_dedup,14,317,16.36672592163086,10.83902359008789,13.794672012329102,19.70220375061035
denoised,8.0,duplicate_removal,removed_by_dedup,15,312,15.096955299377441,10.444493293762207,13.310532569885254,18.738037109375
denoised,8.0,duplicate_removal,removed_by_dedup,16,325,14.910201072692871,10.44538688659668,12.97808837890625,17.740999221801758
denoised,8.0,duplicate_removal,removed_by_dedup,17,309,15.015887260437012,10.17380142211914,12.451117515563965,17.602598190307617
denoised,8.0,duplicate_removal,removed_by_dedup,18,308,13.673542976379395,9.786176681518555,11.923208236694336,16.730897903442383
denoised,8.0,duplicate_removal,removed_by_dedup,19,304,13.57885456085205,9.691116333007812,11.549354553222656,16.281558990478516
denoised,8.0,duplicate_removal,removed_by_dedup,20,257,13.704315185546875,9.627165794372559,11.333495140075684,15.733331680297852
denoised,8.0,duplicate_removal,removed_by_dedup,21,264,13.103333473205566,9.314728736877441,11.040692329406738,14.801417350769043
denoised,8.0,duplicate_removal,removed_by_dedup,22,284,12.397109985351562,9.215216636657715,10.800992012023926,14.819158554077148
denoised,8.0,duplicate_removal,removed_by_dedup,23,268,12.191436767578125,8.947672843933105,10.604782104492188,13.81369686126709
denoised,8.0,duplicate_removal,removed_by_dedup,24,281,11.986600875854492,8.9384126663208,10.459405899047852,14.308469772338867
denoised,8.0,duplicate_removal,removed_by_dedup,25,245,12.284929275512695,8.90619945526123,10.21451473236084,14.030613899230957
denoised,8.0,duplicate_removal,removed_by_dedup,26,256,11.923543930053711,8.69415283203125,9.977473258972168,13.688274383544922
denoised,8.0,duplicate_removal,removed_by_dedup,27,242,11.588639259338379,8.628968238830566,9.873109817504883,13.640273094177246
denoised,8.0,duplicate_removal,removed_by_dedup,28,279,11.17862319946289,8.738329887390137,9.772706031799316,12.992366790771484
denoised,8.0,duplicate_removal,removed_by_dedup,29,256,11.304679870605469,8.562528610229492,9.647224426269531,12.639404296875
denoised,8.0,duplicate_removal,removed_by_dedup,30,261,11.225957870483398,8.523661613464355,9.593146324157715,12.430098533630371
denoised,8.0,duplicate_removal,removed_by_dedup,31,236,10.808918952941895,8.416155815124512,9.247650146484375,11.823941230773926
denoised,8.0,duplicate_removal,removed_by_dedup,32,244,10.505304336547852,8.356264114379883,9.229255676269531,11.89903736114502
denoised,8.0,duplicate_removal,removed_by_dedup,33,225,10.708976745605469,8.29405403137207,9.064129829406738,11.890803337097168
denoised,8.0,duplicate_removal,removed_by_dedup,34,229,10.583362579345703,8.28105640411377,9.057896614074707,11.381263732910156
denoised,8.0,duplicate_removal,removed_by_dedup,35,246,10.504359245300293,8.194612503051758,9.059264183044434,11.535665512084961
denoised,8.0,duplicate_removal,removed_by_dedup,36,234,10.417564392089844,8.230276107788086,8.972575187683105,11.683841705322266
denoised,8.0,duplicate_removal,removed_by_dedup,37,218,9.558130264282227,8.17680549621582,8.74673080444336,10.335625648498535
denoised,8.0,duplicate_removal,removed_by_dedup,38,206,10.652953147888184,8.231584548950195,8.93617057800293,11.062633514404297
denoised,8.0,duplicate_removal,removed_by_dedup,39,215,10.419965744018555,8.165553092956543,8.737286567687988,10.880972862243652
denoised,8.0,duplicate_removal,removed_by_dedup,40,200,10.401337623596191,8.145362854003906,8.767007827758789,11.269649505615234
denoised,8.0,duplicate_removal,removed_by_dedup,41,189,10.052386283874512,8.11052131652832,8.658415794372559,10.441317558288574
denoised,8.0,duplicate_removal,removed_by_dedup,42,196,10.636693954467773,8.153974533081055,8.625858306884766,11.798908233642578
denoised,8.0,duplicate_removal,removed_by_dedup,43,176,10.010303497314453,8.10049819946289,8.5476655960083,10.59476089477539
denoised,8.0,duplicate_removal,removed_by_dedup,44,159,10.220149993896484,8.100945472717285,8.693647384643555,10.649873733520508
denoised,8.0,duplicate_removal,removed_by_dedup,45,155,10.146900177001953,8.07970142364502,8.544261932373047,10.5043306350708
denoised,8.0,duplicate_removal,removed_by_dedup,46,156,9.845163345336914,8.115249633789062,8.494352340698242,10.387848854064941
denoised,8.0,duplicate_removal,removed_by_dedup,47,135,10.227716445922852,8.092903137207031,8.460172653198242,10.993880271911621
denoised,8.0,duplicate_removal,removed_by_dedup,48,147,9.739992141723633,8.06441879272461,8.458244323730469,9.914237976074219
denoised,8.0,duplicate_removal,removed_by_dedup,49,123,10.182518005371094,8.093408584594727,8.462100982666016,10.933622360229492
denoised,8.0,duplicate_removal,removed_by_dedup,50,130,10.159149169921875,8.058659553527832,8.41446304321289,10.007635116577148
denoised,8.0,duplicate_removal,removed_by_dedup,51,108,11.420326232910156,8.130918502807617,8.655616760253906,17.11728858947754
denoised,8.0,duplicate_removal,removed_by_dedup,52,114,11.664609909057617,8.096345901489258,8.531011581420898,21.875741958618164
denoised,8.0,duplicate_removal,removed_by_dedup,53,100,11.466558456420898,8.091032028198242,8.465285301208496,16.944616317749023
denoised,8.0,duplicate_removal,removed_by_dedup,54,96,10.51849365234375,8.071670532226562,8.452438354492188,13.652036666870117
denoised,8.0,duplicate_removal,removed_by_dedup,55,82,10.747568130493164,8.055837631225586,8.516051292419434,13.875411987304688
denoised,8.0,duplicate_removal,removed_by_dedup,56,78,11.120665550231934,8.025471687316895,8.41604232788086,17.696802139282227
denoised,8.0,duplicate_removal,removed_by_dedup,57,65,12.778904914855957,8.095301628112793,8.620440483093262,27.450164794921875
denoised,8.0,duplicate_removal,removed_by_dedup,58,71,11.549242973327637,8.090714454650879,8.699135780334473,17.489320755004883
denoised,8.0,duplicate_removal,removed_by_dedup,59,61,11.28939151763916,8.096953392028809,8.487324714660645,17.732099533081055
denoised,8.0,duplicate_removal,removed_by_dedup,60,57,10.648611068725586,8.050915718078613,8.356416702270508,16.64525604248047
denoised,8.0,duplicate_removal,removed_by_dedup,61,53,10.73531723022461,8.107232093811035,8.704728126525879,14.21748161315918
denoised,8.0,duplicate_removal,removed_by_dedup,62,46,11.88717269897461,8.066482543945312,8.383865356445312,28.664505004882812
denoised,8.0,duplicate_removal,removed_by_dedup,63,40,12.552976608276367,8.044027328491211,8.601505279541016,27.522974014282227
denoised,8.0,duplicate_removal,removed_by_dedup,64,29,14.625414848327637,8.088482856750488,8.82439136505127,28.39598274230957
denoised,8.0,duplicate_removal,removed_by_dedup,65,30,14.94075870513916,8.084739685058594,8.783722877502441,30.703001022338867
denoised,8.0,duplicate_removal,removed_by_dedup,66,35,13.329647064208984,8.083806991577148,9.002490997314453,28.300949096679688
denoised,8.0,duplicate_removal,removed_by_dedup,67,27,14.972822189331055,8.107335090637207,8.810320854187012,30.900768280029297
denoised,8.0,duplicate_removal,removed_by_dedup,68,31,15.666043281555176,8.070984840393066,9.292595863342285,32.23136520385742
denoised,8.0,duplicate_removal,removed_by_dedup,69,38,12.602168083190918,8.092789649963379,8.7902250289917,26.39436149597168
denoised,8.0,duplicate_removal,removed_by_dedup,70,24,16.395931243896484,8.108341217041016,10.285310745239258,29.48194694519043
denoised,8.0,duplicate_removal,removed_by_dedup,71,24,12.170575141906738,8.08534049987793,8.805338859558105,22.729249954223633
denoised,8.0,duplicate_removal,removed_by_dedup,72,25,16.127073287963867,8.190971374511719,10.097467422485352,27.554718017578125
denoised,8.0,duplicate_removal,removed_by_dedup,73,25,15.839941024780273,8.342626571655273,9.769087791442871,28.649198532104492
denoised,8.0,duplicate_removal,removed_by_dedup,74,24,13.46185302734375,8.224061012268066,8.97119426727295,24.806947708129883
denoised,8.0,duplicate_removal,removed_by_dedup,75,14,16.62409782409668,8.335945129394531,12.301534652709961,28.302244186401367
denoised,8.0,duplicate_removal,removed_by_dedup,76,21,13.873664855957031,8.100841522216797,10.09794807434082,25.523967742919922
denoised,8.0,duplicate_removal,removed_by_dedup,77,22,15.420475006103516,8.117536544799805,11.475506782531738,28.169857025146484
denoised,8.0,duplicate_removal,removed_by_dedup,78,18,14.76210880279541,8.10974407196045,8.675910949707031,28.968212127685547
denoised,8.0,duplicate_removal,removed_by_dedup,79,20,14.689971923828125,8.248035430908203,10.041031837463379,27.495691299438477
denoised,8.0,duplicate_removal,removed_by_dedup,80,25,12.749828338623047,8.069764137268066,8.974020004272461,25.71930503845215
denoised,8.0,duplicate_removal,removed_by_dedup,81,15,13.207902908325195,8.139883041381836,11.411613464355469,20.961944580078125
denoised,8.0,duplicate_removal,removed_by_dedup,82,19,16.02836799621582,8.712334632873535,13.399456977844238,26.2907657623291
denoised,8.0,duplicate_removal,removed_by_dedup,83,22,16.286710739135742,8.199971199035645,12.266523361206055,26.256120681762695
denoised,8.0,duplicate_removal,removed_by_dedup,84,16,16.25371551513672,8.372856140136719,13.346790313720703,29.805591583251953
denoised,8.0,duplicate_removal,removed_by_dedup,85,12,17.425912857055664,8.503902435302734,17.420534133911133,25.960506439208984
denoised,8.0,duplicate_removal,removed_by_dedup,86,13,17.812379837036133,9.608102798461914,16.94257164001465,27.502296447753906
denoised,8.0,duplicate_removal,removed_by_dedup,87,12,17.127845764160156,8.19590950012207,14.276165008544922,25.998260498046875
denoised,8.0,duplicate_removal,removed_by_dedup,88,11,19.36859893798828,11.81511402130127,20.44266128540039,27.069873809814453
denoised,8.0,duplicate_removal,removed_by_dedup,89,12,17.97300148010254,8.835790634155273,17.170154571533203,27.54621696472168
denoised,8.0,duplicate_removal,removed_by_dedup,90,13,19.365028381347656,10.194911003112793,22.4766788482666,30.42527198791504
denoised,8.0,duplicate_removal,removed_by_dedup,91,10,17.18214988708496,8.36847972869873,16.24605369567871,24.72553825378418
denoised,8.0,duplicate_removal,removed_by_dedup,92,13,16.492433547973633,8.183713912963867,16.659982681274414,26.060604095458984
denoised,8.0,duplicate_removal,removed_by_dedup,93,11,15.374776840209961,8.235716819763184,10.96386432647705,28.168277740478516
denoised,8.0,duplicate_removal,removed_by_dedup,94,12,18.03104591369629,9.588133811950684,18.945758819580078,24.585634231567383
denoised,8.0,duplicate_removal,removed_by_dedup,95,10,15.59289264678955,8.046703338623047,14.89482307434082,23.179073333740234
denoised,8.0,duplicate_removal,removed_by_dedup,96,6,16.247060775756836,9.377952575683594,15.161455154418945,24.201772689819336
denoised,8.0,duplicate_removal,removed_by_dedup,97,13,16.64698600769043,8.15884780883789,18.60394859313965,25.817928314208984
denoised,8.0,duplicate_removal,removed_by_dedup,98,12,19.475461959838867,9.087623596191406,19.27374267578125,29.605710983276367
denoised,8.0,duplicate_removal,removed_by_dedup,99,8,14.800480842590332,8.643455505371094,10.846123695373535,25.748964309692383
denoised,10.75,detection_template,unmatched_cluster,0,273714,41.23958969116211,28.052597045898438,39.9415283203125,55.483341217041016
denoised,10.75,detection_template,unmatched_cluster,1,251372,32.57114791870117,22.023195266723633,32.33706283569336,43.23154067993164
denoised,10.75,detection_template,unmatched_cluster,2,243129,27.883298873901367,19.365373611450195,27.66534423828125,36.57728958129883
denoised,10.75,detection_template,unmatched_cluster,3,237939,24.699926376342773,17.282548904418945,24.01884651184082,32.87467956542969
denoised,10.75,detection_template,unmatched_cluster,4,233040,22.29975128173828,15.661154747009277,21.60784912109375,29.846372604370117
denoised,10.75,detection_template,unmatched_cluster,5,227684,20.42120361328125,14.474740982055664,19.99863624572754,27.058141708374023
denoised,10.75,detection_template,unmatched_cluster,6,223492,18.90180015563965,13.545326232910156,18.58642578125,24.618263244628906
denoised,10.75,detection_template,unmatched_cluster,7,219412,17.654495239257812,12.859922409057617,17.274127960205078,22.711578369140625
denoised,10.75,detection_template,unmatched_cluster,8,214841,16.61710548400879,12.327838897705078,16.1444149017334,21.311208724975586
denoised,10.75,detection_template,unmatched_cluster,9,209911,15.748798370361328,11.940826416015625,15.234569549560547,20.16057586669922
denoised,10.75,detection_template,unmatched_cluster,10,203765,15.033193588256836,11.660072326660156,14.494382858276367,19.142196655273438
denoised,10.75,detection_template,unmatched_cluster,11,196248,14.429097175598145,11.446755409240723,13.881638526916504,18.176471710205078
denoised,10.75,detection_template,unmatched_cluster,12,187751,13.921365737915039,11.297104835510254,13.37315559387207,17.304710388183594
denoised,10.75,detection_template,unmatched_cluster,13,176885,13.505834579467773,11.183351516723633,12.968050956726074,16.56184959411621
denoised,10.75,detection_template,unmatched_cluster,14,165039,13.153230667114258,11.102486610412598,12.637001991271973,15.892074584960938
denoised,10.75,detection_template,unmatched_cluster,15,151453,12.859114646911621,11.037947654724121,12.366283416748047,15.334953308105469
denoised,10.75,detection_template,unmatched_cluster,16,137307,12.618143081665039,10.992234230041504,12.151599884033203,14.868387222290039
denoised,10.75,detection_template,unmatched_cluster,17,122228,12.417451858520508,10.955647468566895,11.97131633758545,14.460436820983887
denoised,10.75,detection_template,unmatched_cluster,18,107319,12.252714157104492,10.927428245544434,11.830124855041504,14.114115715026855
denoised,10.75,detection_template,unmatched_cluster,19,92709,12.10892391204834,10.905630111694336,11.710893630981445,13.824670791625977
denoised,10.75,detection_template,unmatched_cluster,20,78831,11.992743492126465,10.88667106628418,11.615985870361328,13.575295448303223
denoised,10.75,detection_template,unmatched_cluster,21,66095,11.89710807800293,10.874366760253906,11.541186332702637,13.349347114562988
denoised,10.75,detection_template,unmatched_cluster,22,54487,11.813632011413574,10.864106178283691,11.467944145202637,13.156740188598633
denoised,10.75,detection_template,unmatched_cluster,23,44407,11.745656967163086,10.853839874267578,11.414830207824707,13.024700164794922
denoised,10.75,detection_template,unmatched_cluster,24,35785,11.688408851623535,10.843602180480957,11.369976043701172,12.89799690246582
denoised,10.75,detection_template,unmatched_cluster,25,28505,11.648605346679688,10.840492248535156,11.331869125366211,12.77932357788086
denoised,10.75,detection_template,unmatched_cluster,26,22577,11.609193801879883,10.831644058227539,11.294307708740234,12.691349029541016
denoised,10.75,detection_template,unmatched_cluster,27,17525,11.589335441589355,10.828264236450195,11.276129722595215,12.650766372680664
denoised,10.75,detection_template,unmatched_cluster,28,13656,11.565714836120605,10.826213836669922,11.255058288574219,12.594310760498047
denoised,10.75,detection_template,unmatched_cluster,29,10581,11.56849479675293,10.825238227844238,11.243677139282227,12.562631607055664
denoised,10.75,detection_template,unmatched_cluster,30,8198,11.570127487182617,10.8223876953125,11.237676620483398,12.545310020446777
denoised,10.75,detection_template,unmatched_cluster,31,6369,11.567667007446289,10.822226524353027,11.225366592407227,12.504693984985352
denoised,10.75,detection_template,unmatched_cluster,32,4980,11.5789794921875,10.819847106933594,11.221511840820312,12.50582504272461
denoised,10.75,detection_template,unmatched_cluster,33,3867,11.597018241882324,10.822234153747559,11.220748901367188,12.494256973266602
denoised,10.75,detection_template,unmatched_cluster,34,2971,11.61559772491455,10.81808090209961,11.222023963928223,12.468006134033203
denoised,10.75,detection_template,unmatched_cluster,35,2343,11.64621639251709,10.81961441040039,11.215399742126465,12.495902061462402
denoised,10.75,detection_template,unmatched_cluster,36,1842,11.705206871032715,10.817755699157715,11.233911514282227,12.434218406677246
denoised,10.75,detection_template,unmatched_cluster,37,1493,11.731963157653809,10.806288719177246,11.215337753295898,12.479924201965332
denoised,10.75,detection_template,unmatched_cluster,38,1201,11.792888641357422,10.823596000671387,11.21988296508789,12.484092712402344
denoised,10.75,detection_template,unmatched_cluster,39,971,11.960000991821289,10.823882102966309,11.231022834777832,12.680826187133789
denoised,10.75,detection_template,unmatched_cluster,40,824,11.927007675170898,10.800714492797852,11.19836711883545,12.524503707885742
denoised,10.75,detection_template,unmatched_cluster,41,659,12.152645111083984,10.813863754272461,11.188236236572266,12.498774528503418
denoised,10.75,detection_template,unmatched_cluster,42,529,12.277767181396484,10.822489738464355,11.226641654968262,12.551336288452148
denoised,10.75,detection_template,unmatched_cluster,43,434,12.368573188781738,10.82405948638916,11.24966049194336,12.644867897033691
denoised,10.75,detection_template,unmatched_cluster,44,351,12.398099899291992,10.843414306640625,11.212385177612305,12.813957214355469
denoised,10.75,detection_template,unmatched_cluster,45,300,12.64420223236084,10.822031021118164,11.214346885681152,13.547810554504395
denoised,10.75,detection_template,unmatched_cluster,46,252,12.846420288085938,10.811820983886719,11.263948440551758,15.170252799987793
denoised,10.75,detection_template,unmatched_cluster,47,220,13.022394180297852,10.811607360839844,11.235339164733887,15.191980361938477
denoised,10.75,detection_template,unmatched_cluster,48,189,13.234315872192383,10.806047439575195,11.21651554107666,15.6088285446167
denoised,10.75,detection_template,unmatched_cluster,49,150,13.50488567352295,10.836288452148438,11.218194961547852,15.585391998291016
denoised,10.75,detection_template,unmatched_cluster,50,134,14.146462440490723,10.850874900817871,11.333292007446289,23.52096176147461
denoised,10.75,detection_template,unmatched_cluster,51,114,14.424517631530762,10.81237506866455,11.331981658935547,27.2965030670166
denoised,10.75,detection_template,unmatched_cluster,52,98,15.052934646606445,10.859187126159668,11.568527221679688,26.06117057800293
denoised,10.75,detection_template,unmatched_cluster,53,90,15.539332389831543,10.82220458984375,11.643472671508789,32.260658264160156
denoised,10.75,detection_template,unmatched_cluster,54,80,15.218545913696289,10.815359115600586,11.53530502319336,29.778963088989258
denoised,10.75,detection_template,unmatched_cluster,55,74,15.655189514160156,10.91315746307373,11.776944160461426,30.033611297607422
denoised,10.75,detection_template,unmatched_cluster,56,63,16.139328002929688,10.9015474319458,12.152124404907227,30.80168914794922
denoised,10.75,detection_template,unmatched_cluster,57,58,16.778621673583984,10.902432441711426,12.625909805297852,31.423778533935547
denoised,10.75,detection_template,unmatched_cluster,58,57,16.94870948791504,10.877484321594238,12.62842082977295,32.722660064697266
denoised,10.75,detection_template,unmatched_cluster,59,56,16.593563079833984,10.85947322845459,12.516395568847656,29.404388427734375
denoised,10.75,detection_template,unmatched_cluster,60,49,16.807701110839844,10.827776908874512,12.945427894592285,31.187925338745117
denoised,10.75,detection_template,unmatched_cluster,61,47,17.18949317932129,11.005025863647461,13.19438648223877,29.575096130371094
denoised,10.75,detection_template,unmatched_cluster,62,40,17.7368221282959,11.043256759643555,13.267380714416504,29.709579467773438
denoised,10.75,detection_template,unmatched_cluster,63,41,17.297523498535156,10.932046890258789,13.096527099609375,29.15848731994629
denoised,10.75,detection_template,unmatched_cluster,64,40,17.374984741210938,11.064338684082031,12.812356948852539,29.462017059326172
denoised,10.75,detection_template,unmatched_cluster,65,42,17.750913619995117,10.79511547088623,12.844293594360352,30.040437698364258
denoised,10.75,detection_template,unmatched_cluster,66,38,17.429662704467773,10.919330596923828,12.798419952392578,29.382373809814453
denoised,10.75,detection_template,unmatched_cluster,67,32,18.95180320739746,10.975541114807129,13.426385879516602,31.770519256591797
denoised,10.75,detection_template,unmatched_cluster,68,31,19.364614486694336,10.88086986541748,15.332714080810547,32.23136520385742
denoised,10.75,detection_template,unmatched_cluster,69,26,19.5255184173584,10.965235710144043,16.774137496948242,30.643362045288086
denoised,10.75,detection_template,unmatched_cluster,70,23,21.580799102783203,11.929287910461426,20.429845809936523,31.75033950805664
denoised,10.75,detection_template,unmatched_cluster,71,24,20.348886489868164,11.664859771728516,21.00229263305664,28.470413208007812
denoised,10.75,detection_template,unmatched_cluster,72,25,20.155370712280273,11.63365364074707,18.476192474365234,28.328441619873047
denoised,10.75,detection_template,unmatched_cluster,73,26,20.985294342041016,11.325111389160156,20.231027603149414,34.11784362792969
denoised,10.75,detection_template,unmatched_cluster,74,25,19.687755584716797,11.149558067321777,18.671873092651367,29.212324142456055
denoised,10.75,detection_template,unmatched_cluster,75,25,19.96642303466797,11.256436347961426,19.014333724975586,30.850406646728516
denoised,10.75,detection_template,unmatched_cluster,76,24,19.159618377685547,11.252372741699219,19.005550384521484,27.193620681762695
denoised,10.75,detection_template,unmatched_cluster,77,25,19.030851364135742,11.017133712768555,18.74951934814453,28.22203254699707
denoised,10.75,detection_template,unmatched_cluster,78,27,18.442472457885742,10.995637893676758,17.380508422851562,27.484189987182617
denoised,10.75,detection_template,unmatched_cluster,79,26,18.79623031616211,11.163572311401367,17.242481231689453,27.855880737304688
denoised,10.75,detection_template,unmatched_cluster,80,28,18.953035354614258,10.871763229370117,18.543201446533203,26.654434204101562
denoised,10.75,detection_template,unmatched_cluster,81,26,19.41580581665039,11.72516918182373,18.649837493896484,26.077646255493164
denoised,10.75,detection_template,unmatched_cluster,82,22,19.49588394165039,12.208283424377441,20.357074737548828,26.10999298095703
denoised,10.75,detection_template,unmatched_cluster,83,24,19.56895637512207,11.7864408493042,18.560401916503906,27.985994338989258
denoised,10.75,detection_template,unmatched_cluster,84,24,20.021154403686523,11.377856254577637,18.979970932006836,31.38364601135254
denoised,10.75,detection_template,unmatched_cluster,85,23,19.942689895629883,12.047842025756836,20.909669876098633,27.28199577331543
denoised,10.75,detection_template,unmatched_cluster,86,23,19.058486938476562,11.111626625061035,18.628732681274414,27.502296447753906
denoised,10.75,detection_template,unmatched_cluster,87,24,18.952314376831055,11.10126781463623,19.742992401123047,25.284950256347656
denoised,10.75,detection_template,unmatched_cluster,88,23,18.282760620117188,11.54294204711914,18.655553817749023,25.65195083618164
denoised,10.75,detection_template,unmatched_cluster,89,25,17.92559242248535,11.115278244018555,18.13680076599121,25.720298767089844
denoised,10.75,detection_template,unmatched_cluster,90,24,18.97650146484375,11.141080856323242,19.046890258789062,30.034942626953125
denoised,10.75,detection_template,unmatched_cluster,91,21,18.840164184570312,11.232358932495117,18.510398864746094,27.022563934326172
denoised,10.75,detection_template,unmatched_cluster,92,20,18.803447723388672,11.125493049621582,18.702865600585938,26.67000961303711
denoised,10.75,detection_template,unmatched_cluster,93,21,18.679794311523438,10.915348052978516,18.75193214416504,28.168277740478516
denoised,10.75,detection_template,unmatched_cluster,94,17,19.08447265625,11.09244441986084,20.642295837402344,24.394357681274414
denoised,10.75,detection_template,unmatched_cluster,95,18,19.38006591796875,11.144387245178223,19.170425415039062,27.596635818481445
denoised,10.75,detection_template,unmatched_cluster,96,19,19.381567001342773,11.10986328125,19.681167602539062,24.912641525268555
denoised,10.75,detection_template,unmatched_cluster,97,17,19.82124900817871,12.905251502990723,20.362201690673828,25.544092178344727
denoised,10.75,detection_template,unmatched_cluster,98,18,20.364282608032227,11.764081001281738,21.06943130493164,26.6815128326416
denoised,10.75,detection_template,unmatched_cluster,99,16,20.03756332397461,12.433143615722656,20.195831298828125,26.790136337280273
denoised,10.75,detection_template,fp_matched_cluster,0,47,21.083660125732422,15.776671409606934,20.425058364868164,28.507492065429688
denoised,10.75,detection_template,fp_matched_cluster,1,167,18.878217697143555,15.312692642211914,18.652725219726562,22.21550941467285
denoised,10.75,detection_template,fp_matched_cluster,2,368,18.335493087768555,14.772674560546875,17.94029426574707,22.17460823059082
denoised,10.75,detection_template,fp_matched_cluster,3,645,17.88811492919922,14.249815940856934,17.749963760375977,21.576086044311523
denoised,10.75,detection_template,fp_matched_cluster,4,918,17.15932846069336,13.634208679199219,17.05258560180664,20.76145362854004
denoised,10.75,detection_template,fp_matched_cluster,5,1131,16.611995697021484,13.288509368896484,16.604604721069336,19.90118408203125
denoised,10.75,detection_template,fp_matched_cluster,6,1304,16.099645614624023,12.89794635772705,15.962112426757812,19.293067932128906
denoised,10.75,detection_template,fp_matched_cluster,7,1627,15.661890983581543,12.462604522705078,15.47313404083252,19.094406127929688
denoised,10.75,detection_template,fp_matched_cluster,8,1659,15.195873260498047,12.173765182495117,15.003453254699707,18.4051513671875
denoised,10.75,detection_template,fp_matched_cluster,9,1800,14.633015632629395,11.76546859741211,14.46072769165039,17.729774475097656
denoised,10.75,detection_template,fp_matched_cluster,10,1869,14.281477928161621,11.626145362854004,14.031262397766113,17.311681747436523
denoised,10.75,detection_template,fp_matched_cluster,11,1889,13.834880828857422,11.485345840454102,13.5126953125,16.631750106811523
denoised,10.75,detection_template,fp_matched_cluster,12,1740,13.443336486816406,11.274454116821289,13.065088272094727,16.083105087280273
denoised,10.75,detection_template,fp_matched_cluster,13,1794,13.158564567565918,11.165790557861328,12.74547290802002,15.685476303100586
denoised,10.75,detection_template,fp_matched_cluster,14,1707,12.89664363861084,11.11385440826416,12.523043632507324,15.208490371704102
denoised,10.75,detection_template,fp_matched_cluster,15,1602,12.64708423614502,11.037501335144043,12.283723831176758,14.825422286987305
denoised,10.75,detection_template,fp_matched_cluster,16,1469,12.487371444702148,10.990338325500488,12.097651481628418,14.618483543395996
denoised,10.75,detection_template,fp_matched_cluster,17,1369,12.233077049255371,10.98042106628418,11.888754844665527,14.009491920471191
denoised,10.75,detection_template,fp_matched_cluster,18,1246,12.088953018188477,10.910612106323242,11.753172874450684,13.702478408813477
denoised,10.75,detection_template,fp_matched_cluster,19,1017,12.008219718933105,10.943358421325684,11.668986320495605,13.403617858886719
denoised,10.75,detection_template,fp_matched_cluster,20,893,11.863938331604004,10.9038724899292,11.611170768737793,13.206480026245117
denoised,10.75,detection_template,fp_matched_cluster,21,778,11.808351516723633,10.88148021697998,11.513010025024414,13.174368858337402
denoised,10.75,detection_template,fp_matched_cluster,22,670,11.696366310119629,10.837767601013184,11.434240341186523,12.964375495910645
denoised,10.75,detection_template,fp_matched_cluster,23,541,11.611824989318848,10.845182418823242,11.371697425842285,12.764010429382324
denoised,10.75,detection_template,fp_matched_cluster,24,430,11.467799186706543,10.843657493591309,11.262016296386719,12.35110855102539
denoised,10.75,detection_template,fp_matched_cluster,25,335,11.484963417053223,10.836712837219238,11.263010025024414,12.48105239868164
denoised,10.75,detection_template,fp_matched_cluster,26,269,11.560535430908203,10.852662086486816,11.334115028381348,12.453766822814941
denoised,10.75,detection_template,fp_matched_cluster,27,196,11.515833854675293,10.848881721496582,11.272594451904297,12.279916763305664
denoised,10.75,detection_template,fp_matched_cluster,28,154,11.484160423278809,10.839448928833008,11.304464340209961,12.364984512329102
denoised,10.75,detection_template,fp_matched_cluster,29,118,11.472073554992676,10.874441146850586,11.265778541564941,12.282296180725098
denoised,10.75,detection_template,fp_matched_cluster,30,90,11.467728614807129,10.803535461425781,11.316378593444824,12.311258316040039
denoised,10.75,detection_template,fp_matched_cluster,31,64,11.316404342651367,10.789848327636719,11.112190246582031,12.072367668151855
denoised,10.75,detection_template,fp_matched_cluster,32,49,11.245162010192871,10.81912612915039,11.126291275024414,11.806804656982422
denoised,10.75,detection_template,fp_matched_cluster,33,34,11.53551197052002,10.779605865478516,11.28555679321289,12.535106658935547
denoised,10.75,detection_template,fp_matched_cluster,34,33,11.327951431274414,10.804668426513672,11.219746589660645,12.067606925964355
denoised,10.75,detection_template,fp_matched_cluster,35,23,11.505226135253906,10.894975662231445,11.19416332244873,12.127559661865234
denoised,10.75,detection_template,fp_matched_cluster,36,16,11.305864334106445,10.807977676391602,11.104595184326172,11.999022483825684
denoised,10.75,detection_template,fp_matched_cluster,37,21,11.093016624450684,10.783717155456543,10.948456764221191,11.556795120239258
denoised,10.75,detection_template,fp_matched_cluster,38,10,11.258532524108887,10.75258731842041,11.092910766601562,11.939377784729004
denoised,10.75,detection_template,fp_matched_cluster,39,9,11.175347328186035,10.834429740905762,11.042247772216797,11.846808433532715
denoised,10.75,detection_template,fp_matched_cluster,40,8,11.26580810546875,10.959735870361328,11.212028503417969,11.629027366638184
denoised,10.75,detection_template,fp_matched_cluster,41,3,11.11579418182373,10.90386962890625,11.03489875793457,11.360076904296875
denoised,10.75,detection_template,fp_matched_cluster,42,3,11.884909629821777,11.287088394165039,12.25186538696289,12.335948944091797
denoised,10.75,detection_template,fp_matched_cluster,43,4,11.180949211120605,10.96456527709961,11.156139373779297,11.417181015014648
denoised,10.75,detection_template,fp_matched_cluster,44,3,11.226319313049316,10.862671852111816,11.191984176635742,11.603702545166016
denoised,10.75,detection_template,fp_matched_cluster,46,2,10.853181838989258,10.802423477172852,10.853181838989258,10.90394115447998
denoised,10.75,detection_template,fp_matched_cluster,47,2,11.546594619750977,11.402732849121094,11.546594619750977,11.69045639038086
denoised,10.75,detection_template,fp_matched_cluster,49,2,11.032341003417969,10.925844192504883,11.032341003417969,11.138836860656738
denoised,10.75,detection_template,fp_matched_cluster,51,1,11.240041732788086,11.240041732788086,11.240041732788086,11.240041732788086
denoised,10.75,detection_template,fp_matched_cluster,53,1,10.898179054260254,10.898179054260254,10.898179054260254,10.898179054260254
denoised,10.75,detection_template,fp_matched_cluster,54,1,11.706466674804688,11.706466674804688,11.706466674804688,11.706466674804688
denoised,10.75,detection_template,fp_matched_cluster,97,1,16.07099723815918,16.07099723815918,16.07099723815918,16.07099723815918
denoised,10.75,detection_template,tp,0,11232,35.25238037109375,30.720314025878906,35.901222229003906,39.49454879760742
denoised,10.75,detection_template,tp,1,11913,33.38836669921875,27.919818878173828,34.473350524902344,38.61198425292969
denoised,10.75,detection_template,tp,2,9337,29.95543670654297,17.817344665527344,32.01982498168945,37.398738861083984
denoised,10.75,detection_template,tp,3,7022,25.74498748779297,16.085254669189453,27.773513793945312,35.57910919189453
denoised,10.75,detection_template,tp,4,6359,21.722003936767578,15.217864036560059,18.836286544799805,32.566261291503906
denoised,10.75,detection_template,tp,5,6418,18.951313018798828,14.529947280883789,17.625198364257812,27.935115814208984
denoised,10.75,detection_template,tp,6,6562,17.527462005615234,13.9432373046875,16.98639678955078,20.585031509399414
denoised,10.75,detection_template,tp,7,6619,16.708650588989258,13.549938201904297,16.526823043823242,19.65526008605957
denoised,10.75,detection_template,tp,8,6409,16.260517120361328,13.308920860290527,16.14988136291504,19.11244773864746
denoised,10.75,detection_template,tp,9,6085,15.80282211303711,12.854507446289062,15.718901634216309,18.68242835998535
denoised,10.75,detection_template,tp,10,5490,15.351435661315918,12.50716781616211,15.277776718139648,18.190988540649414
denoised,10.75,detection_template,tp,11,4838,15.005496978759766,12.275108337402344,14.839024543762207,17.815210342407227
denoised,10.75,detection_template,tp,12,4277,14.70763874053955,12.02458381652832,14.525090217590332,17.565629959106445
denoised,10.75,detection_template,tp,13,3616,14.283872604370117,11.770658493041992,14.00440788269043,17.103851318359375
denoised,10.75,detection_template,tp,14,2954,13.979924201965332,11.592588424682617,13.75445556640625,16.720064163208008
denoised,10.75,detection_template,tp,15,2440,13.681204795837402,11.4755220413208,13.358842849731445,16.29233169555664
denoised,10.75,detection_template,tp,16,1990,13.362252235412598,11.286081314086914,13.03680419921875,15.950557708740234
denoised,10.75,detection_template,tp,17,1596,13.21380615234375,11.279918670654297,12.887436866760254,15.721343994140625
denoised,10.75,detection_template,tp,18,1210,12.971719741821289,11.135425567626953,12.645116806030273,15.26645278930664
denoised,10.75,detection_template,tp,19,969,12.75861644744873,11.076226234436035,12.34809398651123,15.095937728881836
denoised,10.75,detection_template,tp,20,768,12.704609870910645,11.010197639465332,12.33309555053711,14.888931274414062
denoised,10.75,detection_template,tp,21,631,12.509977340698242,10.9547758102417,12.1909761428833,14.535605430603027
denoised,10.75,detection_template,tp,22,428,12.243673324584961,10.974735260009766,11.963726043701172,13.774693489074707
denoised,10.75,detection_template,tp,23,355,12.10782241821289,11.016040802001953,11.830035209655762,13.618104934692383
denoised,10.75,detection_template,tp,24,266,12.196944236755371,10.967521667480469,11.8072509765625,13.568754196166992
denoised,10.75,detection_template,tp,25,200,12.103974342346191,10.935419082641602,11.827925682067871,13.978636741638184
denoised,10.75,detection_template,tp,26,137,11.79597282409668,10.886617660522461,11.43480110168457,13.152848243713379
denoised,10.75,detection_template,tp,27,116,11.930309295654297,10.896366119384766,11.570469856262207,13.302277565002441
denoised,10.75,detection_template,tp,28,100,11.841838836669922,10.839028358459473,11.501171112060547,12.99163818359375
denoised,10.75,detection_template,tp,29,65,11.6356782913208,10.869767189025879,11.486295700073242,12.545149803161621
denoised,10.75,detection_template,tp,30,53,11.90931510925293,10.856836318969727,11.745882034301758,13.62480640411377
denoised,10.75,detection_template,tp,31,43,11.917744636535645,10.881245613098145,11.731947898864746,13.020655632019043
denoised,10.75,detection_template,tp,32,28,11.357162475585938,10.87112045288086,11.123870849609375,12.164597511291504
denoised,10.75,detection_template,tp,33,19,11.63890266418457,10.888943672180176,11.483989715576172,12.908370018005371
denoised,10.75,detection_template,tp,34,20,11.885890007019043,11.004935264587402,11.36736011505127,13.796431541442871
denoised,10.75,detection_template,tp,35,12,11.716235160827637,11.126471519470215,11.784507751464844,12.342611312866211
denoised,10.75,detection_template,tp,36,10,11.880165100097656,11.36990737915039,11.736226081848145,12.614141464233398
denoised,10.75,detection_template,tp,37,6,11.774798393249512,11.376224517822266,11.490739822387695,12.457428932189941
denoised,10.75,detection_template,tp,38,6,11.499122619628906,10.90323257446289,11.377918243408203,12.216216087341309
denoised,10.75,detection_template,tp,39,3,13.704211235046387,10.993192672729492,11.236802101135254,17.402193069458008
denoised,10.75,detection_template,tp,40,4,11.904451370239258,11.644688606262207,11.76789379119873,12.273460388183594
denoised,10.75,detection_template,tp,41,6,11.660107612609863,11.15180778503418,11.49316692352295,12.335350036621094
denoised,10.75,detection_template,tp,42,3,11.569500923156738,11.15435791015625,11.459543228149414,12.028629302978516
denoised,10.75,detection_template,tp,43,2,11.469671249389648,10.899532318115234,11.469671249389648,12.039810180664062
denoised,10.75,detection_template,tp,44,3,11.221623420715332,10.873013496398926,11.11034870147705,11.614745140075684
denoised,10.75,detection_template,tp,45,2,11.724910736083984,11.037943840026855,11.724910736083984,12.411877632141113
denoised,10.75,detection_template,tp,46,1,30.87575912475586,30.87575912475586,30.87575912475586,30.87575912475586
denoised,10.75,detection_template,tp,48,1,11.654722213745117,11.654722213745117,11.654722213745117,11.654722213745117
denoised,10.75,detection_template,tp,51,1,11.140542030334473,11.140542030334473,11.140542030334473,11.140542030334473
denoised,10.75,detection_template,tp,57,1,14.005627632141113,14.005627632141113,14.005627632141113,14.005627632141113
denoised,10.75,detection_template,tp,58,1,16.931896209716797,16.931896209716797,16.931896209716797,16.931896209716797
denoised,10.75,detection_template,tp,60,1,11.42429256439209,11.42429256439209,11.42429256439209,11.42429256439209
denoised,10.75,detection_template,tp,64,1,11.616641998291016,11.616641998291016,11.616641998291016,11.616641998291016
denoised,10.75,detection_template,tp,80,1,20.428316116333008,20.428316116333008,20.428316116333008,20.428316116333008
denoised,10.75,detection_template,tp,84,1,24.06464958190918,24.06464958190918,24.06464958190918,24.06464958190918
denoised,10.75,final_clustering,unmatched_cluster,0,273713,41.23964309692383,28.052642822265625,39.94163513183594,55.48335266113281
denoised,10.75,final_clustering,unmatched_cluster,1,251372,32.57114791870117,22.023195266723633,32.33706283569336,43.23154067993164
denoised,10.75,final_clustering,unmatched_cluster,2,243120,27.883649826049805,19.365882873535156,27.665943145751953,36.57752227783203
denoised,10.75,final_clustering,unmatched_cluster,3,237930,24.700130462646484,17.283313751220703,24.018909454345703,32.874691009521484
denoised,10.75,final_clustering,unmatched_cluster,4,233031,22.300006866455078,15.66135025024414,21.608003616333008,29.84642219543457
denoised,10.75,final_clustering,unmatched_cluster,5,227668,20.42154312133789,14.47508430480957,19.99898910522461,27.05850601196289
denoised,10.75,final_clustering,unmatched_cluster,6,223461,18.90235710144043,13.545539855957031,18.586984634399414,24.618806838989258
denoised,10.75,final_clustering,unmatched_cluster,7,219386,17.654817581176758,12.859939575195312,17.274681091308594,22.711902618408203
denoised,10.75,final_clustering,unmatched_cluster,8,214798,16.617687225341797,12.328357696533203,16.145259857177734,21.31169891357422
denoised,10.75,final_clustering,unmatched_cluster,9,209868,15.749144554138184,11.94091510772705,15.234856605529785,20.16073226928711
denoised,10.75,final_clustering,unmatched_cluster,10,203710,15.033557891845703,11.66018009185791,14.494808197021484,19.14255714416504
denoised,10.75,final_clustering,unmatched_cluster,11,196195,14.429183006286621,11.446754455566406,13.881745338439941,18.176856994628906
denoised,10.75,final_clustering,unmatched_cluster,12,187687,13.921582221984863,11.297125816345215,13.373422622680664,17.30488395690918
denoised,10.75,final_clustering,unmatched_cluster,13,176817,13.506135940551758,11.183377265930176,12.968499183654785,16.56285285949707
denoised,10.75,final_clustering,unmatched_cluster,14,164991,13.153526306152344,11.10242748260498,12.637350082397461,15.892274856567383
denoised,10.75,final_clustering,unmatched_cluster,15,151400,12.859162330627441,11.037954330444336,12.366276741027832,15.335575103759766
denoised,10.75,final_clustering,unmatched_cluster,16,137243,12.618231773376465,10.992291450500488,12.151506423950195,14.868846893310547
denoised,10.75,final_clustering,unmatched_cluster,17,122183,12.41756820678711,10.955660820007324,11.971311569213867,14.460636138916016
denoised,10.75,final_clustering,unmatched_cluster,18,107263,12.252927780151367,10.927421569824219,11.830320358276367,14.114194869995117
denoised,10.75,final_clustering,unmatched_cluster,19,92668,12.109012603759766,10.90561580657959,11.710893630981445,13.825019836425781
denoised,10.75,final_clustering,unmatched_cluster,20,78777,11.992867469787598,10.886669158935547,11.616196632385254,13.575447082519531
denoised,10.75,final_clustering,unmatched_cluster,21,66070,11.897248268127441,10.87452507019043,11.541404724121094,13.349550247192383
denoised,10.75,final_clustering,unmatched_cluster,22,54461,11.813509941101074,10.864052772521973,11.467702865600586,13.15638542175293
denoised,10.75,final_clustering,unmatched_cluster,23,44374,11.74571418762207,10.853829383850098,11.414873123168945,13.024946212768555
denoised,10.75,final_clustering,unmatched_cluster,24,35769,11.688579559326172,10.843606948852539,11.370003700256348,12.898516654968262
denoised,10.75,final_clustering,unmatched_cluster,25,28493,11.648711204528809,10.840478897094727,11.332076072692871,12.780136108398438
denoised,10.75,final_clustering,unmatched_cluster,26,22565,11.609378814697266,10.83167839050293,11.29468822479248,12.691407203674316
denoised,10.75,final_clustering,unmatched_cluster,27,17514,11.588980674743652,10.828230857849121,11.275309562683105,12.650477409362793
denoised,10.75,final_clustering,unmatched_cluster,28,13641,11.565882682800293,10.826369285583496,11.255154609680176,12.594817161560059
denoised,10.75,final_clustering,unmatched_cluster,29,10571,11.567831039428711,10.825254440307617,11.243677139282227,12.56157112121582
denoised,10.75,final_clustering,unmatched_cluster,30,8195,11.570144653320312,10.822348594665527,11.23767375946045,12.545998573303223
denoised,10.75,final_clustering,unmatched_cluster,31,6364,11.567481994628906,10.822346687316895,11.225208282470703,12.504497528076172
denoised,10.75,final_clustering,unmatched_cluster,32,4977,11.578132629394531,10.819842338562012,11.219736099243164,12.504460334777832
denoised,10.75,final_clustering,unmatched_cluster,33,3863,11.597058296203613,10.822174072265625,11.22103214263916,12.493450164794922
denoised,10.75,final_clustering,unmatched_cluster,34,2969,11.615984916687012,10.818075180053711,11.222023963928223,12.471238136291504
denoised,10.75,final_clustering,unmatched_cluster,35,2342,11.645742416381836,10.81960391998291,11.215310096740723,12.495055198669434
denoised,10.75,final_clustering,unmatched_cluster,36,1842,11.704702377319336,10.817755699157715,11.232927322387695,12.434218406677246
denoised,10.75,final_clustering,unmatched_cluster,37,1493,11.73078441619873,10.806288719177246,11.215132713317871,12.474464416503906
denoised,10.75,final_clustering,unmatched_cluster,38,1200,11.793712615966797,10.823570251464844,11.220865249633789,12.484541893005371
denoised,10.75,final_clustering,unmatched_cluster,39,971,11.960000991821289,10.823882102966309,11.231022834777832,12.680826187133789
denoised,10.75,final_clustering,unmatched_cluster,40,825,11.925976753234863,10.800721168518066,11.198103904724121,12.523515701293945
denoised,10.75,final_clustering,unmatched_cluster,41,659,12.152645111083984,10.813863754272461,11.188236236572266,12.498774528503418
denoised,10.75,final_clustering,unmatched_cluster,42,529,12.277767181396484,10.822489738464355,11.226641654968262,12.551336288452148
denoised,10.75,final_clustering,unmatched_cluster,43,435,12.36532974243164,10.824145317077637,11.249197006225586,12.643471717834473
denoised,10.75,final_clustering,unmatched_cluster,44,351,12.398099899291992,10.843414306640625,11.212385177612305,12.813957214355469
denoised,10.75,final_clustering,unmatched_cluster,45,300,12.64420223236084,10.822031021118164,11.214346885681152,13.547810554504395
denoised,10.75,final_clustering,unmatched_cluster,46,251,12.854769706726074,10.817597389221191,11.265250205993652,15.244123458862305
denoised,10.75,final_clustering,unmatched_cluster,47,220,13.022394180297852,10.811607360839844,11.235339164733887,15.191980361938477
denoised,10.75,final_clustering,unmatched_cluster,48,189,13.234315872192383,10.806047439575195,11.21651554107666,15.6088285446167
denoised,10.75,final_clustering,unmatched_cluster,49,150,13.50488567352295,10.836288452148438,11.218194961547852,15.585391998291016
denoised,10.75,final_clustering,unmatched_cluster,50,134,14.146462440490723,10.850874900817871,11.333292007446289,23.52096176147461
denoised,10.75,final_clustering,unmatched_cluster,51,114,14.424517631530762,10.81237506866455,11.331981658935547,27.2965030670166
denoised,10.75,final_clustering,unmatched_cluster,52,98,15.052934646606445,10.859187126159668,11.568527221679688,26.06117057800293
denoised,10.75,final_clustering,unmatched_cluster,53,90,15.539332389831543,10.82220458984375,11.643472671508789,32.260658264160156
denoised,10.75,final_clustering,unmatched_cluster,54,80,15.218545913696289,10.815359115600586,11.53530502319336,29.778963088989258
denoised,10.75,final_clustering,unmatched_cluster,55,74,15.655189514160156,10.91315746307373,11.776944160461426,30.033611297607422
denoised,10.75,final_clustering,unmatched_cluster,56,63,16.139328002929688,10.9015474319458,12.152124404907227,30.80168914794922
denoised,10.75,final_clustering,unmatched_cluster,57,58,16.778621673583984,10.902432441711426,12.625909805297852,31.423778533935547
denoised,10.75,final_clustering,unmatched_cluster,58,57,16.94870948791504,10.877484321594238,12.62842082977295,32.722660064697266
denoised,10.75,final_clustering,unmatched_cluster,59,56,16.593563079833984,10.85947322845459,12.516395568847656,29.404388427734375
denoised,10.75,final_clustering,unmatched_cluster,60,49,16.807701110839844,10.827776908874512,12.945427894592285,31.187925338745117
denoised,10.75,final_clustering,unmatched_cluster,61,47,17.18949317932129,11.005025863647461,13.19438648223877,29.575096130371094
denoised,10.75,final_clustering,unmatched_cluster,62,40,17.7368221282959,11.043256759643555,13.267380714416504,29.709579467773438
denoised,10.75,final_clustering,unmatched_cluster,63,41,17.297523498535156,10.932046890258789,13.096527099609375,29.15848731994629
denoised,10.75,final_clustering,unmatched_cluster,64,40,17.374984741210938,11.064338684082031,12.812356948852539,29.462017059326172
denoised,10.75,final_clustering,unmatched_cluster,65,41,17.9211368560791,10.795953750610352,12.940506935119629,30.11696434020996
denoised,10.75,final_clustering,unmatched_cluster,66,38,17.429662704467773,10.919330596923828,12.798419952392578,29.382373809814453
denoised,10.75,final_clustering,unmatched_cluster,67,32,18.95180320739746,10.975541114807129,13.426385879516602,31.770519256591797
denoised,10.75,final_clustering,unmatched_cluster,68,31,19.364614486694336,10.88086986541748,15.332714080810547,32.23136520385742
denoised,10.75,final_clustering,unmatched_cluster,69,26,19.5255184173584,10.965235710144043,16.774137496948242,30.643362045288086
denoised,10.75,final_clustering,unmatched_cluster,70,23,21.580799102783203,11.929287910461426,20.429845809936523,31.75033950805664
denoised,10.75,final_clustering,unmatched_cluster,71,24,20.348886489868164,11.664859771728516,21.00229263305664,28.470413208007812
denoised,10.75,final_clustering,unmatched_cluster,72,25,20.155370712280273,11.63365364074707,18.476192474365234,28.328441619873047
denoised,10.75,final_clustering,unmatched_cluster,73,26,20.985294342041016,11.325111389160156,20.231027603149414,34.11784362792969
denoised,10.75,final_clustering,unmatched_cluster,74,25,19.687755584716797,11.149558067321777,18.671873092651367,29.212324142456055
denoised,10.75,final_clustering,unmatched_cluster,75,25,19.96642303466797,11.256436347961426,19.014333724975586,30.850406646728516
denoised,10.75,final_clustering,unmatched_cluster,76,24,19.159618377685547,11.252372741699219,19.005550384521484,27.193620681762695
denoised,10.75,final_clustering,unmatched_cluster,77,25,19.030851364135742,11.017133712768555,18.74951934814453,28.22203254699707
denoised,10.75,final_clustering,unmatched_cluster,78,27,18.442472457885742,10.995637893676758,17.380508422851562,27.484189987182617
denoised,10.75,final_clustering,unmatched_cluster,79,26,18.79623031616211,11.163572311401367,17.242481231689453,27.855880737304688
denoised,10.75,final_clustering,unmatched_cluster,80,28,18.953035354614258,10.871763229370117,18.543201446533203,26.654434204101562
denoised,10.75,final_clustering,unmatched_cluster,81,26,19.41580581665039,11.72516918182373,18.649837493896484,26.077646255493164
denoised,10.75,final_clustering,unmatched_cluster,82,22,19.49588394165039,12.208283424377441,20.357074737548828,26.10999298095703
denoised,10.75,final_clustering,unmatched_cluster,83,24,19.56895637512207,11.7864408493042,18.560401916503906,27.985994338989258
denoised,10.75,final_clustering,unmatched_cluster,84,24,20.021154403686523,11.377856254577637,18.979970932006836,31.38364601135254
denoised,10.75,final_clustering,unmatched_cluster,85,23,19.942689895629883,12.047842025756836,20.909669876098633,27.28199577331543
denoised,10.75,final_clustering,unmatched_cluster,86,23,19.058486938476562,11.111626625061035,18.628732681274414,27.502296447753906
denoised,10.75,final_clustering,unmatched_cluster,87,24,18.952314376831055,11.10126781463623,19.742992401123047,25.284950256347656
denoised,10.75,final_clustering,unmatched_cluster,88,23,18.282760620117188,11.54294204711914,18.655553817749023,25.65195083618164
denoised,10.75,final_clustering,unmatched_cluster,89,25,17.92559242248535,11.115278244018555,18.13680076599121,25.720298767089844
denoised,10.75,final_clustering,unmatched_cluster,90,24,18.97650146484375,11.141080856323242,19.046890258789062,30.034942626953125
denoised,10.75,final_clustering,unmatched_cluster,91,21,18.840164184570312,11.232358932495117,18.510398864746094,27.022563934326172
denoised,10.75,final_clustering,unmatched_cluster,92,20,18.803447723388672,11.125493049621582,18.702865600585938,26.67000961303711
denoised,10.75,final_clustering,unmatched_cluster,93,21,18.679794311523438,10.915348052978516,18.75193214416504,28.168277740478516
denoised,10.75,final_clustering,unmatched_cluster,94,17,19.08447265625,11.09244441986084,20.642295837402344,24.394357681274414
denoised,10.75,final_clustering,unmatched_cluster,95,18,19.38006591796875,11.144387245178223,19.170425415039062,27.596635818481445
denoised,10.75,final_clustering,unmatched_cluster,96,19,19.381567001342773,11.10986328125,19.681167602539062,24.912641525268555
denoised,10.75,final_clustering,unmatched_cluster,97,17,19.82124900817871,12.905251502990723,20.362201690673828,25.544092178344727
denoised,10.75,final_clustering,unmatched_cluster,98,18,20.364282608032227,11.764081001281738,21.06943130493164,26.6815128326416
denoised,10.75,final_clustering,unmatched_cluster,99,16,20.03756332397461,12.433143615722656,20.195831298828125,26.790136337280273
denoised,10.75,final_clustering,fp_matched_cluster,0,47,21.083660125732422,15.776671409606934,20.425058364868164,28.507492065429688
denoised,10.75,final_clustering,fp_matched_cluster,1,166,18.885541915893555,15.306543350219727,18.67355728149414,22.22698211669922
denoised,10.75,final_clustering,fp_matched_cluster,2,373,18.337528228759766,14.727301597595215,17.922603607177734,22.19139289855957
denoised,10.75,final_clustering,fp_matched_cluster,3,651,17.89724349975586,14.252860069274902,17.761186599731445,21.577722549438477
denoised,10.75,final_clustering,fp_matched_cluster,4,924,17.149463653564453,13.616613388061523,17.04378318786621,20.74901008605957
denoised,10.75,final_clustering,fp_matched_cluster,5,1143,16.60359001159668,13.280781745910645,16.601823806762695,19.909229278564453
denoised,10.75,final_clustering,fp_matched_cluster,6,1327,16.078866958618164,12.886369705200195,15.952838897705078,19.27462387084961
denoised,10.75,final_clustering,fp_matched_cluster,7,1644,15.653865814208984,12.46491813659668,15.4718017578125,19.083885192871094
denoised,10.75,final_clustering,fp_matched_cluster,8,1695,15.1608304977417,12.14039134979248,14.967541694641113,18.397062301635742
denoised,10.75,final_clustering,fp_matched_cluster,9,1835,14.631508827209473,11.768759727478027,14.463153839111328,17.726760864257812
denoised,10.75,final_clustering,fp_matched_cluster,10,1913,14.260401725769043,11.617067337036133,13.987109184265137,17.267929077148438
denoised,10.75,final_clustering,fp_matched_cluster,11,1929,13.843881607055664,11.481062889099121,13.532668113708496,16.635791778564453
denoised,10.75,final_clustering,fp_matched_cluster,12,1798,13.4306001663208,11.26777458190918,13.036778450012207,16.075090408325195
denoised,10.75,final_clustering,fp_matched_cluster,13,1854,13.145904541015625,11.16201400756836,12.74547290802002,15.66655445098877
denoised,10.75,final_clustering,fp_matched_cluster,14,1748,12.876681327819824,11.114140510559082,12.490683555603027,15.195836067199707
denoised,10.75,final_clustering,fp_matched_cluster,15,1650,12.649713516235352,11.034110069274902,12.291646957397461,14.780620574951172
denoised,10.75,final_clustering,fp_matched_cluster,16,1525,12.48010540008545,10.985275268554688,12.095785140991211,14.556023597717285
denoised,10.75,final_clustering,fp_matched_cluster,17,1406,12.228710174560547,10.975223541259766,11.881056785583496,14.008928298950195
denoised,10.75,final_clustering,fp_matched_cluster,18,1295,12.081140518188477,10.913756370544434,11.741063117980957,13.694069862365723
denoised,10.75,final_clustering,fp_matched_cluster,19,1052,12.005220413208008,10.941230773925781,11.67064380645752,13.405132293701172
denoised,10.75,final_clustering,fp_matched_cluster,20,938,11.860297203063965,10.902990341186523,11.606887817382812,13.203990936279297
denoised,10.75,final_clustering,fp_matched_cluster,21,802,11.799398422241211,10.862401008605957,11.50836181640625,13.173725128173828
denoised,10.75,final_clustering,fp_matched_cluster,22,691,11.706596374511719,10.842798233032227,11.440533638000488,12.965468406677246
denoised,10.75,final_clustering,fp_matched_cluster,23,574,11.610739707946777,10.84835147857666,11.374065399169922,12.759302139282227
denoised,10.75,final_clustering,fp_matched_cluster,24,446,11.462021827697754,10.843324661254883,11.262016296386719,12.318151473999023
denoised,10.75,final_clustering,fp_matched_cluster,25,346,11.480245590209961,10.836846351623535,11.263179779052734,12.45633316040039
denoised,10.75,final_clustering,fp_matched_cluster,26,280,11.549893379211426,10.839472770690918,11.32652473449707,12.435310363769531
denoised,10.75,final_clustering,fp_matched_cluster,27,206,11.551424980163574,10.85097599029541,11.333641052246094,12.481490135192871
denoised,10.75,final_clustering,fp_matched_cluster,28,169,11.477901458740234,10.82736873626709,11.304032325744629,12.367660522460938
denoised,10.75,final_clustering,fp_matched_cluster,29,127,11.510295867919922,10.835844993591309,11.26529312133789,12.314107894897461
denoised,10.75,final_clustering,fp_matched_cluster,30,92,11.466399192810059,10.806696891784668,11.316378593444824,12.310519218444824
denoised,10.75,final_clustering,fp_matched_cluster,31,67,11.323455810546875,10.791036605834961,11.195100784301758,12.012937545776367
denoised,10.75,final_clustering,fp_matched_cluster,32,52,11.345392227172852,10.821891784667969,11.183671951293945,12.05214786529541
denoised,10.75,final_clustering,fp_matched_cluster,33,37,11.534235954284668,10.79218864440918,11.16593074798584,12.698921203613281
denoised,10.75,final_clustering,fp_matched_cluster,34,35,11.311490058898926,10.805633544921875,11.219746589660645,12.048579216003418
denoised,10.75,final_clustering,fp_matched_cluster,35,23,11.481332778930664,10.894975662231445,11.19416332244873,12.127559661865234
denoised,10.75,final_clustering,fp_matched_cluster,36,14,11.312667846679688,10.787745475769043,11.104595184326172,12.02200698852539
denoised,10.75,final_clustering,fp_matched_cluster,37,22,11.227889060974121,10.784966468811035,10.954385757446289,12.115815162658691
denoised,10.75,final_clustering,fp_matched_cluster,38,11,11.217245101928711,10.752734184265137,11.070075988769531,11.92585277557373
denoised,10.75,final_clustering,fp_matched_cluster,39,9,11.175347328186035,10.834429740905762,11.042247772216797,11.846808433532715
denoised,10.75,final_clustering,fp_matched_cluster,40,7,11.292826652526855,10.942315101623535,11.277643203735352,11.660449981689453
denoised,10.75,final_clustering,fp_matched_cluster,41,3,11.11579418182373,10.90386962890625,11.03489875793457,11.360076904296875
denoised,10.75,final_clustering,fp_matched_cluster,42,3,11.884909629821777,11.287088394165039,12.25186538696289,12.335948944091797
denoised,10.75,final_clustering,fp_matched_cluster,43,3,11.255425453186035,11.05105972290039,11.331273078918457,11.42945384979248
denoised,10.75,final_clustering,fp_matched_cluster,44,3,11.226319313049316,10.862671852111816,11.191984176635742,11.603702545166016
denoised,10.75,final_clustering,fp_matched_cluster,46,3,10.819079399108887,10.758644104003906,10.78973388671875,10.891251564025879
denoised,10.75,final_clustering,fp_matched_cluster,47,2,11.546594619750977,11.402732849121094,11.546594619750977,11.69045639038086
denoised,10.75,final_clustering,fp_matched_cluster,49,2,11.032341003417969,10.925844192504883,11.032341003417969,11.138836860656738
denoised,10.75,final_clustering,fp_matched_cluster,51,1,11.240041732788086,11.240041732788086,11.240041732788086,11.240041732788086
denoised,10.75,final_clustering,fp_matched_cluster,53,1,10.898179054260254,10.898179054260254,10.898179054260254,10.898179054260254
denoised,10.75,final_clustering,fp_matched_cluster,54,1,11.706466674804688,11.706466674804688,11.706466674804688,11.706466674804688
denoised,10.75,final_clustering,fp_matched_cluster,65,1,10.771794319152832,10.771794319152832,10.771794319152832,10.771794319152832
denoised,10.75,final_clustering,fp_matched_cluster,97,1,16.07099723815918,16.07099723815918,16.07099723815918,16.07099723815918
denoised,10.75,final_clustering,tp,0,11233,35.25164031982422,30.718515396118164,35.900848388671875,39.49448776245117
denoised,10.75,final_clustering,tp,1,11914,33.38704299926758,27.915966033935547,34.473106384277344,38.61186599731445
denoised,10.75,final_clustering,tp,2,9341,29.95041275024414,17.815872192382812,32.013362884521484,37.39835739135742
denoised,10.75,final_clustering,tp,3,7025,25.74274444580078,16.08591079711914,27.772668838500977,35.578922271728516
denoised,10.75,final_clustering,tp,4,6362,21.719148635864258,15.217639923095703,18.83418083190918,32.56265640258789
denoised,10.75,final_clustering,tp,5,6422,18.948829650878906,14.528037071228027,17.623889923095703,27.933427810668945
denoised,10.75,final_clustering,tp,6,6570,17.524152755737305,13.939497947692871,16.98489761352539,20.58164405822754
denoised,10.75,final_clustering,tp,7,6628,16.70633888244629,13.548250198364258,16.526714324951172,19.654132843017578
denoised,10.75,final_clustering,tp,8,6416,16.258596420288086,13.30480670928955,16.148788452148438,19.11250114440918
denoised,10.75,final_clustering,tp,9,6093,15.797654151916504,12.845678329467773,15.712690353393555,18.681350708007812
denoised,10.75,final_clustering,tp,10,5501,15.350647926330566,12.50561237335205,15.276601791381836,18.190711975097656
denoised,10.75,final_clustering,tp,11,4851,15.001837730407715,12.27420711517334,14.837185859680176,17.81243324279785
denoised,10.75,final_clustering,tp,12,4283,14.708898544311523,12.027884483337402,14.525090217590332,17.568317413330078
denoised,10.75,final_clustering,tp,13,3624,14.279633522033691,11.770468711853027,13.999490737915039,17.097021102905273
denoised,10.75,final_clustering,tp,14,2961,13.976740837097168,11.589813232421875,13.752755165100098,16.716001510620117
denoised,10.75,final_clustering,tp,15,2445,13.678946495056152,11.476929664611816,13.356167793273926,16.291988372802734
denoised,10.75,final_clustering,tp,16,1998,13.362350463867188,11.293079376220703,13.040765762329102,15.941828727722168
denoised,10.75,final_clustering,tp,17,1604,13.20888900756836,11.283065795898438,12.871676445007324,15.719799041748047
denoised,10.75,final_clustering,tp,18,1217,12.963661193847656,11.131709098815918,12.636566162109375,15.264966011047363
denoised,10.75,final_clustering,tp,19,975,12.753108978271484,11.07390308380127,12.344264030456543,15.086544036865234
denoised,10.75,final_clustering,tp,20,777,12.695609092712402,11.01087474822998,12.319290161132812,14.853166580200195
denoised,10.75,final_clustering,tp,21,632,12.509093284606934,10.954781532287598,12.191324234008789,14.534940719604492
denoised,10.75,final_clustering,tp,22,433,12.2435884475708,10.973348617553711,11.968826293945312,13.763288497924805
denoised,10.75,final_clustering,tp,23,355,12.114872932434082,11.016040802001953,11.833646774291992,13.726740837097168
denoised,10.75,final_clustering,tp,24,266,12.196944236755371,10.967521667480469,11.8072509765625,13.568754196166992
denoised,10.75,final_clustering,tp,25,201,12.103785514831543,10.936127662658691,11.831596374511719,13.971724510192871
denoised,10.75,final_clustering,tp,26,138,11.789813041687012,10.8882417678833,11.427066802978516,13.107280731201172
denoised,10.75,final_clustering,tp,27,117,11.924027442932129,10.899481773376465,11.556415557861328,13.300183296203613
denoised,10.75,final_clustering,tp,28,100,11.841838836669922,10.839028358459473,11.501171112060547,12.99163818359375
denoised,10.75,final_clustering,tp,29,66,11.680556297302246,10.870059967041016,11.499159812927246,12.815163612365723
denoised,10.75,final_clustering,tp,30,54,11.906577110290527,10.862177848815918,11.752689361572266,13.520801544189453
denoised,10.75,final_clustering,tp,31,45,11.934669494628906,10.89509391784668,11.731947898864746,12.993511199951172
denoised,10.75,final_clustering,tp,32,28,11.357162475585938,10.87112045288086,11.123870849609375,12.164597511291504
denoised,10.75,final_clustering,tp,33,20,11.6405668258667,10.903072357177734,11.518239974975586,12.902458190917969
denoised,10.75,final_clustering,tp,34,20,11.885890007019043,11.004935264587402,11.36736011505127,13.796431541442871
denoised,10.75,final_clustering,tp,35,13,11.838504791259766,11.154922485351562,11.787510871887207,12.634742736816406
denoised,10.75,final_clustering,tp,36,12,11.853888511657715,11.390069961547852,11.722501754760742,12.55949592590332
denoised,10.75,final_clustering,tp,37,5,11.669244766235352,11.37155818939209,11.469382286071777,12.17221450805664
denoised,10.75,final_clustering,tp,38,6,11.499122619628906,10.90323257446289,11.377918243408203,12.216216087341309
denoised,10.75,final_clustering,tp,39,3,13.704211235046387,10.993192672729492,11.236802101135254,17.402193069458008
denoised,10.75,final_clustering,tp,40,4,11.904451370239258,11.644688606262207,11.76789379119873,12.273460388183594
denoised,10.75,final_clustering,tp,41,6,11.660107612609863,11.15180778503418,11.49316692352295,12.335350036621094
denoised,10.75,final_clustering,tp,42,3,11.569500923156738,11.15435791015625,11.459543228149414,12.028629302978516
denoised,10.75,final_clustering,tp,43,2,11.469671249389648,10.899532318115234,11.469671249389648,12.039810180664062
denoised,10.75,final_clustering,tp,44,3,11.221623420715332,10.873013496398926,11.11034870147705,11.614745140075684
denoised,10.75,final_clustering,tp,45,2,11.724910736083984,11.037943840026855,11.724910736083984,12.411877632141113
denoised,10.75,final_clustering,tp,46,1,30.87575912475586,30.87575912475586,30.87575912475586,30.87575912475586
denoised,10.75,final_clustering,tp,48,1,11.654722213745117,11.654722213745117,11.654722213745117,11.654722213745117
denoised,10.75,final_clustering,tp,51,1,11.140542030334473,11.140542030334473,11.140542030334473,11.140542030334473
denoised,10.75,final_clustering,tp,57,1,14.005627632141113,14.005627632141113,14.005627632141113,14.005627632141113
denoised,10.75,final_clustering,tp,58,1,16.931896209716797,16.931896209716797,16.931896209716797,16.931896209716797
denoised,10.75,final_clustering,tp,60,1,11.42429256439209,11.42429256439209,11.42429256439209,11.42429256439209
denoised,10.75,final_clustering,tp,64,1,11.616641998291016,11.616641998291016,11.616641998291016,11.616641998291016
denoised,10.75,final_clustering,tp,80,1,20.428316116333008,20.428316116333008,20.428316116333008,20.428316116333008
denoised,10.75,final_clustering,tp,84,1,24.06464958190918,24.06464958190918,24.06464958190918,24.06464958190918
denoised,10.75,cluster_merging,unmatched_cluster,0,273713,41.23964309692383,28.052642822265625,39.94163513183594,55.48335266113281
denoised,10.75,cluster_merging,unmatched_cluster,1,251372,32.57114791870117,22.023195266723633,32.33706283569336,43.23154067993164
denoised,10.75,cluster_merging,unmatched_cluster,2,243120,27.883649826049805,19.365882873535156,27.665943145751953,36.57752227783203
denoised,10.75,cluster_merging,unmatched_cluster,3,237930,24.700130462646484,17.283313751220703,24.018909454345703,32.874691009521484
denoised,10.75,cluster_merging,unmatched_cluster,4,233031,22.300006866455078,15.66135025024414,21.608003616333008,29.84642219543457
denoised,10.75,cluster_merging,unmatched_cluster,5,227668,20.42154312133789,14.47508430480957,19.99898910522461,27.05850601196289
denoised,10.75,cluster_merging,unmatched_cluster,6,223461,18.90235710144043,13.545539855957031,18.586984634399414,24.618806838989258
denoised,10.75,cluster_merging,unmatched_cluster,7,219386,17.654817581176758,12.859939575195312,17.274681091308594,22.711902618408203
denoised,10.75,cluster_merging,unmatched_cluster,8,214798,16.617687225341797,12.328357696533203,16.145259857177734,21.31169891357422
denoised,10.75,cluster_merging,unmatched_cluster,9,209868,15.749144554138184,11.94091510772705,15.234856605529785,20.16073226928711
denoised,10.75,cluster_merging,unmatched_cluster,10,203710,15.033557891845703,11.66018009185791,14.494808197021484,19.14255714416504
denoised,10.75,cluster_merging,unmatched_cluster,11,196195,14.429183006286621,11.446754455566406,13.881745338439941,18.176856994628906
denoised,10.75,cluster_merging,unmatched_cluster,12,187687,13.921582221984863,11.297125816345215,13.373422622680664,17.30488395690918
denoised,10.75,cluster_merging,unmatched_cluster,13,176817,13.506135940551758,11.183377265930176,12.968499183654785,16.56285285949707
denoised,10.75,cluster_merging,unmatched_cluster,14,164991,13.153526306152344,11.10242748260498,12.637350082397461,15.892274856567383
denoised,10.75,cluster_merging,unmatched_cluster,15,151400,12.859162330627441,11.037954330444336,12.366276741027832,15.335575103759766
denoised,10.75,cluster_merging,unmatched_cluster,16,137243,12.618231773376465,10.992291450500488,12.151506423950195,14.868846893310547
denoised,10.75,cluster_merging,unmatched_cluster,17,122183,12.41756820678711,10.955660820007324,11.971311569213867,14.460636138916016
denoised,10.75,cluster_merging,unmatched_cluster,18,107263,12.252927780151367,10.927421569824219,11.830320358276367,14.114194869995117
denoised,10.75,cluster_merging,unmatched_cluster,19,92668,12.109012603759766,10.90561580657959,11.710893630981445,13.825019836425781
denoised,10.75,cluster_merging,unmatched_cluster,20,78777,11.992867469787598,10.886669158935547,11.616196632385254,13.575447082519531
denoised,10.75,cluster_merging,unmatched_cluster,21,66070,11.897248268127441,10.87452507019043,11.541404724121094,13.349550247192383
denoised,10.75,cluster_merging,unmatched_cluster,22,54461,11.813509941101074,10.864052772521973,11.467702865600586,13.15638542175293
denoised,10.75,cluster_merging,unmatched_cluster,23,44374,11.74571418762207,10.853829383850098,11.414873123168945,13.024946212768555
denoised,10.75,cluster_merging,unmatched_cluster,24,35769,11.688579559326172,10.843606948852539,11.370003700256348,12.898516654968262
denoised,10.75,cluster_merging,unmatched_cluster,25,28493,11.648711204528809,10.840478897094727,11.332076072692871,12.780136108398438
denoised,10.75,cluster_merging,unmatched_cluster,26,22565,11.609378814697266,10.83167839050293,11.29468822479248,12.691407203674316
denoised,10.75,cluster_merging,unmatched_cluster,27,17514,11.588980674743652,10.828230857849121,11.275309562683105,12.650477409362793
denoised,10.75,cluster_merging,unmatched_cluster,28,13641,11.565882682800293,10.826369285583496,11.255154609680176,12.594817161560059
denoised,10.75,cluster_merging,unmatched_cluster,29,10571,11.567831039428711,10.825254440307617,11.243677139282227,12.56157112121582
denoised,10.75,cluster_merging,unmatched_cluster,30,8195,11.570144653320312,10.822348594665527,11.23767375946045,12.545998573303223
denoised,10.75,cluster_merging,unmatched_cluster,31,6364,11.567481994628906,10.822346687316895,11.225208282470703,12.504497528076172
denoised,10.75,cluster_merging,unmatched_cluster,32,4977,11.578132629394531,10.819842338562012,11.219736099243164,12.504460334777832
denoised,10.75,cluster_merging,unmatched_cluster,33,3863,11.597058296203613,10.822174072265625,11.22103214263916,12.493450164794922
denoised,10.75,cluster_merging,unmatched_cluster,34,2969,11.615984916687012,10.818075180053711,11.222023963928223,12.471238136291504
denoised,10.75,cluster_merging,unmatched_cluster,35,2342,11.645742416381836,10.81960391998291,11.215310096740723,12.495055198669434
denoised,10.75,cluster_merging,unmatched_cluster,36,1842,11.704702377319336,10.817755699157715,11.232927322387695,12.434218406677246
denoised,10.75,cluster_merging,unmatched_cluster,37,1493,11.73078441619873,10.806288719177246,11.215132713317871,12.474464416503906
denoised,10.75,cluster_merging,unmatched_cluster,38,1200,11.793712615966797,10.823570251464844,11.220865249633789,12.484541893005371
denoised,10.75,cluster_merging,unmatched_cluster,39,971,11.960000991821289,10.823882102966309,11.231022834777832,12.680826187133789
denoised,10.75,cluster_merging,unmatched_cluster,40,825,11.925976753234863,10.800721168518066,11.198103904724121,12.523515701293945
denoised,10.75,cluster_merging,unmatched_cluster,41,659,12.152645111083984,10.813863754272461,11.188236236572266,12.498774528503418
denoised,10.75,cluster_merging,unmatched_cluster,42,529,12.277767181396484,10.822489738464355,11.226641654968262,12.551336288452148
denoised,10.75,cluster_merging,unmatched_cluster,43,435,12.36532974243164,10.824145317077637,11.249197006225586,12.643471717834473
denoised,10.75,cluster_merging,unmatched_cluster,44,351,12.398099899291992,10.843414306640625,11.212385177612305,12.813957214355469
denoised,10.75,cluster_merging,unmatched_cluster,45,300,12.64420223236084,10.822031021118164,11.214346885681152,13.547810554504395
denoised,10.75,cluster_merging,unmatched_cluster,46,251,12.854769706726074,10.817597389221191,11.265250205993652,15.244123458862305
denoised,10.75,cluster_merging,unmatched_cluster,47,220,13.022394180297852,10.811607360839844,11.235339164733887,15.191980361938477
denoised,10.75,cluster_merging,unmatched_cluster,48,189,13.234315872192383,10.806047439575195,11.21651554107666,15.6088285446167
denoised,10.75,cluster_merging,unmatched_cluster,49,150,13.50488567352295,10.836288452148438,11.218194961547852,15.585391998291016
denoised,10.75,cluster_merging,unmatched_cluster,50,134,14.146462440490723,10.850874900817871,11.333292007446289,23.52096176147461
denoised,10.75,cluster_merging,unmatched_cluster,51,114,14.424517631530762,10.81237506866455,11.331981658935547,27.2965030670166
denoised,10.75,cluster_merging,unmatched_cluster,52,98,15.052934646606445,10.859187126159668,11.568527221679688,26.06117057800293
denoised,10.75,cluster_merging,unmatched_cluster,53,90,15.539332389831543,10.82220458984375,11.643472671508789,32.260658264160156
denoised,10.75,cluster_merging,unmatched_cluster,54,80,15.218545913696289,10.815359115600586,11.53530502319336,29.778963088989258
denoised,10.75,cluster_merging,unmatched_cluster,55,74,15.655189514160156,10.91315746307373,11.776944160461426,30.033611297607422
denoised,10.75,cluster_merging,unmatched_cluster,56,63,16.139328002929688,10.9015474319458,12.152124404907227,30.80168914794922
denoised,10.75,cluster_merging,unmatched_cluster,57,58,16.778621673583984,10.902432441711426,12.625909805297852,31.423778533935547
denoised,10.75,cluster_merging,unmatched_cluster,58,57,16.94870948791504,10.877484321594238,12.62842082977295,32.722660064697266
denoised,10.75,cluster_merging,unmatched_cluster,59,56,16.593563079833984,10.85947322845459,12.516395568847656,29.404388427734375
denoised,10.75,cluster_merging,unmatched_cluster,60,49,16.807701110839844,10.827776908874512,12.945427894592285,31.187925338745117
denoised,10.75,cluster_merging,unmatched_cluster,61,47,17.18949317932129,11.005025863647461,13.19438648223877,29.575096130371094
denoised,10.75,cluster_merging,unmatched_cluster,62,40,17.7368221282959,11.043256759643555,13.267380714416504,29.709579467773438
denoised,10.75,cluster_merging,unmatched_cluster,63,41,17.297523498535156,10.932046890258789,13.096527099609375,29.15848731994629
denoised,10.75,cluster_merging,unmatched_cluster,64,40,17.374984741210938,11.064338684082031,12.812356948852539,29.462017059326172
denoised,10.75,cluster_merging,unmatched_cluster,65,41,17.9211368560791,10.795953750610352,12.940506935119629,30.11696434020996
denoised,10.75,cluster_merging,unmatched_cluster,66,38,17.429662704467773,10.919330596923828,12.798419952392578,29.382373809814453
denoised,10.75,cluster_merging,unmatched_cluster,67,32,18.95180320739746,10.975541114807129,13.426385879516602,31.770519256591797
denoised,10.75,cluster_merging,unmatched_cluster,68,31,19.364614486694336,10.88086986541748,15.332714080810547,32.23136520385742
denoised,10.75,cluster_merging,unmatched_cluster,69,26,19.5255184173584,10.965235710144043,16.774137496948242,30.643362045288086
denoised,10.75,cluster_merging,unmatched_cluster,70,23,21.580799102783203,11.929287910461426,20.429845809936523,31.75033950805664
denoised,10.75,cluster_merging,unmatched_cluster,71,24,20.348886489868164,11.664859771728516,21.00229263305664,28.470413208007812
denoised,10.75,cluster_merging,unmatched_cluster,72,25,20.155370712280273,11.63365364074707,18.476192474365234,28.328441619873047
denoised,10.75,cluster_merging,unmatched_cluster,73,26,20.985294342041016,11.325111389160156,20.231027603149414,34.11784362792969
denoised,10.75,cluster_merging,unmatched_cluster,74,25,19.687755584716797,11.149558067321777,18.671873092651367,29.212324142456055
denoised,10.75,cluster_merging,unmatched_cluster,75,25,19.96642303466797,11.256436347961426,19.014333724975586,30.850406646728516
denoised,10.75,cluster_merging,unmatched_cluster,76,24,19.159618377685547,11.252372741699219,19.005550384521484,27.193620681762695
denoised,10.75,cluster_merging,unmatched_cluster,77,25,19.030851364135742,11.017133712768555,18.74951934814453,28.22203254699707
denoised,10.75,cluster_merging,unmatched_cluster,78,27,18.442472457885742,10.995637893676758,17.380508422851562,27.484189987182617
denoised,10.75,cluster_merging,unmatched_cluster,79,26,18.79623031616211,11.163572311401367,17.242481231689453,27.855880737304688
denoised,10.75,cluster_merging,unmatched_cluster,80,28,18.953035354614258,10.871763229370117,18.543201446533203,26.654434204101562
denoised,10.75,cluster_merging,unmatched_cluster,81,26,19.41580581665039,11.72516918182373,18.649837493896484,26.077646255493164
denoised,10.75,cluster_merging,unmatched_cluster,82,22,19.49588394165039,12.208283424377441,20.357074737548828,26.10999298095703
denoised,10.75,cluster_merging,unmatched_cluster,83,24,19.56895637512207,11.7864408493042,18.560401916503906,27.985994338989258
denoised,10.75,cluster_merging,unmatched_cluster,84,24,20.021154403686523,11.377856254577637,18.979970932006836,31.38364601135254
denoised,10.75,cluster_merging,unmatched_cluster,85,23,19.942689895629883,12.047842025756836,20.909669876098633,27.28199577331543
denoised,10.75,cluster_merging,unmatched_cluster,86,23,19.058486938476562,11.111626625061035,18.628732681274414,27.502296447753906
denoised,10.75,cluster_merging,unmatched_cluster,87,24,18.952314376831055,11.10126781463623,19.742992401123047,25.284950256347656
denoised,10.75,cluster_merging,unmatched_cluster,88,23,18.282760620117188,11.54294204711914,18.655553817749023,25.65195083618164
denoised,10.75,cluster_merging,unmatched_cluster,89,25,17.92559242248535,11.115278244018555,18.13680076599121,25.720298767089844
denoised,10.75,cluster_merging,unmatched_cluster,90,24,18.97650146484375,11.141080856323242,19.046890258789062,30.034942626953125
denoised,10.75,cluster_merging,unmatched_cluster,91,21,18.840164184570312,11.232358932495117,18.510398864746094,27.022563934326172
denoised,10.75,cluster_merging,unmatched_cluster,92,20,18.803447723388672,11.125493049621582,18.702865600585938,26.67000961303711
denoised,10.75,cluster_merging,unmatched_cluster,93,21,18.679794311523438,10.915348052978516,18.75193214416504,28.168277740478516
denoised,10.75,cluster_merging,unmatched_cluster,94,17,19.08447265625,11.09244441986084,20.642295837402344,24.394357681274414
denoised,10.75,cluster_merging,unmatched_cluster,95,18,19.38006591796875,11.144387245178223,19.170425415039062,27.596635818481445
denoised,10.75,cluster_merging,unmatched_cluster,96,19,19.381567001342773,11.10986328125,19.681167602539062,24.912641525268555
denoised,10.75,cluster_merging,unmatched_cluster,97,17,19.82124900817871,12.905251502990723,20.362201690673828,25.544092178344727
denoised,10.75,cluster_merging,unmatched_cluster,98,18,20.364282608032227,11.764081001281738,21.06943130493164,26.6815128326416
denoised,10.75,cluster_merging,unmatched_cluster,99,16,20.03756332397461,12.433143615722656,20.195831298828125,26.790136337280273
denoised,10.75,cluster_merging,fp_matched_cluster,0,47,21.083660125732422,15.776671409606934,20.425058364868164,28.507492065429688
denoised,10.75,cluster_merging,fp_matched_cluster,1,166,18.885541915893555,15.306543350219727,18.67355728149414,22.22698211669922
denoised,10.75,cluster_merging,fp_matched_cluster,2,373,18.337528228759766,14.727301597595215,17.922603607177734,22.19139289855957
denoised,10.75,cluster_merging,fp_matched_cluster,3,651,17.89724349975586,14.252860069274902,17.761186599731445,21.577722549438477
denoised,10.75,cluster_merging,fp_matched_cluster,4,924,17.149463653564453,13.616613388061523,17.04378318786621,20.74901008605957
denoised,10.75,cluster_merging,fp_matched_cluster,5,1143,16.60359001159668,13.280781745910645,16.601823806762695,19.909229278564453
denoised,10.75,cluster_merging,fp_matched_cluster,6,1327,16.078866958618164,12.886369705200195,15.952838897705078,19.27462387084961
denoised,10.75,cluster_merging,fp_matched_cluster,7,1644,15.653865814208984,12.46491813659668,15.4718017578125,19.083885192871094
denoised,10.75,cluster_merging,fp_matched_cluster,8,1695,15.1608304977417,12.14039134979248,14.967541694641113,18.397062301635742
denoised,10.75,cluster_merging,fp_matched_cluster,9,1835,14.631508827209473,11.768759727478027,14.463153839111328,17.726760864257812
denoised,10.75,cluster_merging,fp_matched_cluster,10,1913,14.260401725769043,11.617067337036133,13.987109184265137,17.267929077148438
denoised,10.75,cluster_merging,fp_matched_cluster,11,1929,13.843881607055664,11.481062889099121,13.532668113708496,16.635791778564453
denoised,10.75,cluster_merging,fp_matched_cluster,12,1798,13.4306001663208,11.26777458190918,13.036778450012207,16.075090408325195
denoised,10.75,cluster_merging,fp_matched_cluster,13,1854,13.145904541015625,11.16201400756836,12.74547290802002,15.66655445098877
denoised,10.75,cluster_merging,fp_matched_cluster,14,1748,12.876681327819824,11.114140510559082,12.490683555603027,15.195836067199707
denoised,10.75,cluster_merging,fp_matched_cluster,15,1650,12.649713516235352,11.034110069274902,12.291646957397461,14.780620574951172
denoised,10.75,cluster_merging,fp_matched_cluster,16,1525,12.48010540008545,10.985275268554688,12.095785140991211,14.556023597717285
denoised,10.75,cluster_merging,fp_matched_cluster,17,1406,12.228710174560547,10.975223541259766,11.881056785583496,14.008928298950195
denoised,10.75,cluster_merging,fp_matched_cluster,18,1295,12.081140518188477,10.913756370544434,11.741063117980957,13.694069862365723
denoised,10.75,cluster_merging,fp_matched_cluster,19,1052,12.005220413208008,10.941230773925781,11.67064380645752,13.405132293701172
denoised,10.75,cluster_merging,fp_matched_cluster,20,938,11.860297203063965,10.902990341186523,11.606887817382812,13.203990936279297
denoised,10.75,cluster_merging,fp_matched_cluster,21,802,11.799398422241211,10.862401008605957,11.50836181640625,13.173725128173828
denoised,10.75,cluster_merging,fp_matched_cluster,22,691,11.706596374511719,10.842798233032227,11.440533638000488,12.965468406677246
denoised,10.75,cluster_merging,fp_matched_cluster,23,574,11.610739707946777,10.84835147857666,11.374065399169922,12.759302139282227
denoised,10.75,cluster_merging,fp_matched_cluster,24,446,11.462021827697754,10.843324661254883,11.262016296386719,12.318151473999023
denoised,10.75,cluster_merging,fp_matched_cluster,25,346,11.480245590209961,10.836846351623535,11.263179779052734,12.45633316040039
denoised,10.75,cluster_merging,fp_matched_cluster,26,280,11.549893379211426,10.839472770690918,11.32652473449707,12.435310363769531
denoised,10.75,cluster_merging,fp_matched_cluster,27,206,11.551424980163574,10.85097599029541,11.333641052246094,12.481490135192871
denoised,10.75,cluster_merging,fp_matched_cluster,28,169,11.477901458740234,10.82736873626709,11.304032325744629,12.367660522460938
denoised,10.75,cluster_merging,fp_matched_cluster,29,127,11.510295867919922,10.835844993591309,11.26529312133789,12.314107894897461
denoised,10.75,cluster_merging,fp_matched_cluster,30,92,11.466399192810059,10.806696891784668,11.316378593444824,12.310519218444824
denoised,10.75,cluster_merging,fp_matched_cluster,31,67,11.323455810546875,10.791036605834961,11.195100784301758,12.012937545776367
denoised,10.75,cluster_merging,fp_matched_cluster,32,52,11.345392227172852,10.821891784667969,11.183671951293945,12.05214786529541
denoised,10.75,cluster_merging,fp_matched_cluster,33,37,11.534235954284668,10.79218864440918,11.16593074798584,12.698921203613281
denoised,10.75,cluster_merging,fp_matched_cluster,34,35,11.311490058898926,10.805633544921875,11.219746589660645,12.048579216003418
denoised,10.75,cluster_merging,fp_matched_cluster,35,23,11.481332778930664,10.894975662231445,11.19416332244873,12.127559661865234
denoised,10.75,cluster_merging,fp_matched_cluster,36,14,11.312667846679688,10.787745475769043,11.104595184326172,12.02200698852539
denoised,10.75,cluster_merging,fp_matched_cluster,37,22,11.227889060974121,10.784966468811035,10.954385757446289,12.115815162658691
denoised,10.75,cluster_merging,fp_matched_cluster,38,11,11.217245101928711,10.752734184265137,11.070075988769531,11.92585277557373
denoised,10.75,cluster_merging,fp_matched_cluster,39,9,11.175347328186035,10.834429740905762,11.042247772216797,11.846808433532715
denoised,10.75,cluster_merging,fp_matched_cluster,40,7,11.292826652526855,10.942315101623535,11.277643203735352,11.660449981689453
denoised,10.75,cluster_merging,fp_matched_cluster,41,3,11.11579418182373,10.90386962890625,11.03489875793457,11.360076904296875
denoised,10.75,cluster_merging,fp_matched_cluster,42,3,11.884909629821777,11.287088394165039,12.25186538696289,12.335948944091797
denoised,10.75,cluster_merging,fp_matched_cluster,43,3,11.255425453186035,11.05105972290039,11.331273078918457,11.42945384979248
denoised,10.75,cluster_merging,fp_matched_cluster,44,3,11.226319313049316,10.862671852111816,11.191984176635742,11.603702545166016
denoised,10.75,cluster_merging,fp_matched_cluster,46,3,10.819079399108887,10.758644104003906,10.78973388671875,10.891251564025879
denoised,10.75,cluster_merging,fp_matched_cluster,47,2,11.546594619750977,11.402732849121094,11.546594619750977,11.69045639038086
denoised,10.75,cluster_merging,fp_matched_cluster,49,2,11.032341003417969,10.925844192504883,11.032341003417969,11.138836860656738
denoised,10.75,cluster_merging,fp_matched_cluster,51,1,11.240041732788086,11.240041732788086,11.240041732788086,11.240041732788086
denoised,10.75,cluster_merging,fp_matched_cluster,53,1,10.898179054260254,10.898179054260254,10.898179054260254,10.898179054260254
denoised,10.75,cluster_merging,fp_matched_cluster,54,1,11.706466674804688,11.706466674804688,11.706466674804688,11.706466674804688
denoised,10.75,cluster_merging,fp_matched_cluster,65,1,10.771794319152832,10.771794319152832,10.771794319152832,10.771794319152832
denoised,10.75,cluster_merging,fp_matched_cluster,97,1,16.07099723815918,16.07099723815918,16.07099723815918,16.07099723815918
denoised,10.75,cluster_merging,tp,0,11233,35.25164031982422,30.718515396118164,35.900848388671875,39.49448776245117
denoised,10.75,cluster_merging,tp,1,11914,33.38704299926758,27.915966033935547,34.473106384277344,38.61186599731445
denoised,10.75,cluster_merging,tp,2,9341,29.95041275024414,17.815872192382812,32.013362884521484,37.39835739135742
denoised,10.75,cluster_merging,tp,3,7025,25.74274444580078,16.08591079711914,27.772668838500977,35.578922271728516
denoised,10.75,cluster_merging,tp,4,6362,21.719148635864258,15.217639923095703,18.83418083190918,32.56265640258789
denoised,10.75,cluster_merging,tp,5,6422,18.948829650878906,14.528037071228027,17.623889923095703,27.933427810668945
denoised,10.75,cluster_merging,tp,6,6570,17.524152755737305,13.939497947692871,16.98489761352539,20.58164405822754
denoised,10.75,cluster_merging,tp,7,6628,16.70633888244629,13.548250198364258,16.526714324951172,19.654132843017578
denoised,10.75,cluster_merging,tp,8,6416,16.258596420288086,13.30480670928955,16.148788452148438,19.11250114440918
denoised,10.75,cluster_merging,tp,9,6093,15.797654151916504,12.845678329467773,15.712690353393555,18.681350708007812
denoised,10.75,cluster_merging,tp,10,5501,15.350647926330566,12.50561237335205,15.276601791381836,18.190711975097656
denoised,10.75,cluster_merging,tp,11,4851,15.001837730407715,12.27420711517334,14.837185859680176,17.81243324279785
denoised,10.75,cluster_merging,tp,12,4283,14.708898544311523,12.027884483337402,14.525090217590332,17.568317413330078
denoised,10.75,cluster_merging,tp,13,3624,14.279633522033691,11.770468711853027,13.999490737915039,17.097021102905273
denoised,10.75,cluster_merging,tp,14,2961,13.976740837097168,11.589813232421875,13.752755165100098,16.716001510620117
denoised,10.75,cluster_merging,tp,15,2445,13.678946495056152,11.476929664611816,13.356167793273926,16.291988372802734
denoised,10.75,cluster_merging,tp,16,1998,13.362350463867188,11.293079376220703,13.040765762329102,15.941828727722168
denoised,10.75,cluster_merging,tp,17,1604,13.20888900756836,11.283065795898438,12.871676445007324,15.719799041748047
denoised,10.75,cluster_merging,tp,18,1217,12.963661193847656,11.131709098815918,12.636566162109375,15.264966011047363
denoised,10.75,cluster_merging,tp,19,975,12.753108978271484,11.07390308380127,12.344264030456543,15.086544036865234
denoised,10.75,cluster_merging,tp,20,777,12.695609092712402,11.01087474822998,12.319290161132812,14.853166580200195
denoised,10.75,cluster_merging,tp,21,632,12.509093284606934,10.954781532287598,12.191324234008789,14.534940719604492
denoised,10.75,cluster_merging,tp,22,433,12.2435884475708,10.973348617553711,11.968826293945312,13.763288497924805
denoised,10.75,cluster_merging,tp,23,355,12.114872932434082,11.016040802001953,11.833646774291992,13.726740837097168
denoised,10.75,cluster_merging,tp,24,266,12.196944236755371,10.967521667480469,11.8072509765625,13.568754196166992
denoised,10.75,cluster_merging,tp,25,201,12.103785514831543,10.936127662658691,11.831596374511719,13.971724510192871
denoised,10.75,cluster_merging,tp,26,138,11.789813041687012,10.8882417678833,11.427066802978516,13.107280731201172
denoised,10.75,cluster_merging,tp,27,117,11.924027442932129,10.899481773376465,11.556415557861328,13.300183296203613
denoised,10.75,cluster_merging,tp,28,100,11.841838836669922,10.839028358459473,11.501171112060547,12.99163818359375
denoised,10.75,cluster_merging,tp,29,66,11.680556297302246,10.870059967041016,11.499159812927246,12.815163612365723
denoised,10.75,cluster_merging,tp,30,54,11.906577110290527,10.862177848815918,11.752689361572266,13.520801544189453
denoised,10.75,cluster_merging,tp,31,45,11.934669494628906,10.89509391784668,11.731947898864746,12.993511199951172
denoised,10.75,cluster_merging,tp,32,28,11.357162475585938,10.87112045288086,11.123870849609375,12.164597511291504
denoised,10.75,cluster_merging,tp,33,20,11.6405668258667,10.903072357177734,11.518239974975586,12.902458190917969
denoised,10.75,cluster_merging,tp,34,20,11.885890007019043,11.004935264587402,11.36736011505127,13.796431541442871
denoised,10.75,cluster_merging,tp,35,13,11.838504791259766,11.154922485351562,11.787510871887207,12.634742736816406
denoised,10.75,cluster_merging,tp,36,12,11.853888511657715,11.390069961547852,11.722501754760742,12.55949592590332
denoised,10.75,cluster_merging,tp,37,5,11.669244766235352,11.37155818939209,11.469382286071777,12.17221450805664
denoised,10.75,cluster_merging,tp,38,6,11.499122619628906,10.90323257446289,11.377918243408203,12.216216087341309
denoised,10.75,cluster_merging,tp,39,3,13.704211235046387,10.993192672729492,11.236802101135254,17.402193069458008
denoised,10.75,cluster_merging,tp,40,4,11.904451370239258,11.644688606262207,11.76789379119873,12.273460388183594
denoised,10.75,cluster_merging,tp,41,6,11.660107612609863,11.15180778503418,11.49316692352295,12.335350036621094
denoised,10.75,cluster_merging,tp,42,3,11.569500923156738,11.15435791015625,11.459543228149414,12.028629302978516
denoised,10.75,cluster_merging,tp,43,2,11.469671249389648,10.899532318115234,11.469671249389648,12.039810180664062
denoised,10.75,cluster_merging,tp,44,3,11.221623420715332,10.873013496398926,11.11034870147705,11.614745140075684
denoised,10.75,cluster_merging,tp,45,2,11.724910736083984,11.037943840026855,11.724910736083984,12.411877632141113
denoised,10.75,cluster_merging,tp,46,1,30.87575912475586,30.87575912475586,30.87575912475586,30.87575912475586
denoised,10.75,cluster_merging,tp,48,1,11.654722213745117,11.654722213745117,11.654722213745117,11.654722213745117
denoised,10.75,cluster_merging,tp,51,1,11.140542030334473,11.140542030334473,11.140542030334473,11.140542030334473
denoised,10.75,cluster_merging,tp,57,1,14.005627632141113,14.005627632141113,14.005627632141113,14.005627632141113
denoised,10.75,cluster_merging,tp,58,1,16.931896209716797,16.931896209716797,16.931896209716797,16.931896209716797
denoised,10.75,cluster_merging,tp,60,1,11.42429256439209,11.42429256439209,11.42429256439209,11.42429256439209
denoised,10.75,cluster_merging,tp,64,1,11.616641998291016,11.616641998291016,11.616641998291016,11.616641998291016
denoised,10.75,cluster_merging,tp,80,1,20.428316116333008,20.428316116333008,20.428316116333008,20.428316116333008
denoised,10.75,cluster_merging,tp,84,1,24.06464958190918,24.06464958190918,24.06464958190918,24.06464958190918
denoised,10.75,duplicate_removal,unmatched_cluster,0,273346,41.229278564453125,28.048114776611328,39.93042755126953,55.48331832885742
denoised,10.75,duplicate_removal,unmatched_cluster,1,251129,32.56088638305664,22.022817611694336,32.332366943359375,43.22124481201172
denoised,10.75,duplicate_removal,unmatched_cluster,2,242869,27.875164031982422,19.363176345825195,27.659408569335938,36.57097625732422
denoised,10.75,duplicate_removal,unmatched_cluster,3,237655,24.69193458557129,17.282081604003906,24.014442443847656,32.86576843261719
denoised,10.75,duplicate_removal,unmatched_cluster,4,232803,22.291467666625977,15.660008430480957,21.6033878326416,29.833925247192383
denoised,10.75,duplicate_removal,unmatched_cluster,5,227459,20.41461753845215,14.47507095336914,19.997209548950195,27.04571533203125
denoised,10.75,duplicate_removal,unmatched_cluster,6,223273,18.897165298461914,13.545537948608398,18.586332321166992,24.611419677734375
denoised,10.75,duplicate_removal,unmatched_cluster,7,219203,17.650100708007812,12.8599271774292,17.27393341064453,22.706144332885742
denoised,10.75,duplicate_removal,unmatched_cluster,8,214645,16.614259719848633,12.327914237976074,16.14516830444336,21.30927848815918
denoised,10.75,duplicate_removal,unmatched_cluster,9,209685,15.745773315429688,11.940810203552246,15.235054969787598,20.15838050842285
denoised,10.75,duplicate_removal,unmatched_cluster,10,203543,15.030288696289062,11.660070419311523,14.494720458984375,19.14035415649414
denoised,10.75,duplicate_removal,unmatched_cluster,11,195995,14.425528526306152,11.446640968322754,13.881937026977539,18.173282623291016
denoised,10.75,duplicate_removal,unmatched_cluster,12,187500,13.91745376586914,11.297103881835938,13.372852325439453,17.30301284790039
denoised,10.75,duplicate_removal,unmatched_cluster,13,176632,13.501642227172852,11.183349609375,12.968038558959961,16.56005859375
denoised,10.75,duplicate_removal,unmatched_cluster,14,164802,13.148802757263184,11.10240650177002,12.636813163757324,15.88915729522705
denoised,10.75,duplicate_removal,unmatched_cluster,15,151230,12.855146408081055,11.037924766540527,12.365903854370117,15.332695007324219
denoised,10.75,duplicate_removal,unmatched_cluster,16,137072,12.614248275756836,10.99218463897705,12.151092529296875,14.866951942443848
denoised,10.75,duplicate_removal,unmatched_cluster,17,122027,12.41160774230957,10.955510139465332,11.970684051513672,14.45648193359375
denoised,10.75,duplicate_removal,unmatched_cluster,18,107109,12.248624801635742,10.927412033081055,11.830124855041504,14.111934661865234
denoised,10.75,duplicate_removal,unmatched_cluster,19,92532,12.102567672729492,10.905574798583984,11.710244178771973,13.822360038757324
denoised,10.75,duplicate_removal,unmatched_cluster,20,78657,11.986440658569336,10.886602401733398,11.61563491821289,13.570596694946289
denoised,10.75,duplicate_removal,unmatched_cluster,21,65954,11.889445304870605,10.874316215515137,11.540477752685547,13.346197128295898
denoised,10.75,duplicate_removal,unmatched_cluster,22,54358,11.808353424072266,10.864045143127441,11.467123031616211,13.153337478637695
denoised,10.75,duplicate_removal,unmatched_cluster,23,44303,11.73655891418457,10.85377311706543,11.414116859436035,13.018913269042969
denoised,10.75,duplicate_removal,unmatched_cluster,24,35685,11.67846393585205,10.843578338623047,11.369003295898438,12.893157005310059
denoised,10.75,duplicate_removal,unmatched_cluster,25,28429,11.636991500854492,10.840387344360352,11.330904006958008,12.773255348205566
denoised,10.75,duplicate_removal,unmatched_cluster,26,22501,11.594002723693848,10.831634521484375,11.293599128723145,12.684011459350586
denoised,10.75,duplicate_removal,unmatched_cluster,27,17461,11.570733070373535,10.82821273803711,11.274280548095703,12.642332077026367
denoised,10.75,duplicate_removal,unmatched_cluster,28,13606,11.544975280761719,10.826265335083008,11.253828048706055,12.586919784545898
denoised,10.75,duplicate_removal,unmatched_cluster,29,10523,11.53709602355957,10.825238227844238,11.242231369018555,12.552478790283203
denoised,10.75,duplicate_removal,unmatched_cluster,30,8154,11.521651268005371,10.822134971618652,11.235840797424316,12.534506797790527
denoised,10.75,duplicate_removal,unmatched_cluster,31,6327,11.521559715270996,10.822152137756348,11.222481727600098,12.489221572875977
denoised,10.75,duplicate_removal,unmatched_cluster,32,4945,11.523662567138672,10.819649696350098,11.217336654663086,12.476109504699707
denoised,10.75,duplicate_removal,unmatched_cluster,33,3834,11.512602806091309,10.821844100952148,11.217903137207031,12.476566314697266
denoised,10.75,duplicate_removal,unmatched_cluster,34,2948,11.542695999145508,10.817743301391602,11.218876838684082,12.446796417236328
denoised,10.75,duplicate_removal,unmatched_cluster,35,2313,11.544539451599121,10.819284439086914,11.212790489196777,12.461224555969238
denoised,10.75,duplicate_removal,unmatched_cluster,36,1819,11.585484504699707,10.816939353942871,11.226435661315918,12.401188850402832
denoised,10.75,duplicate_removal,unmatched_cluster,37,1478,11.624993324279785,10.80614185333252,11.208822250366211,12.434115409851074
denoised,10.75,duplicate_removal,unmatched_cluster,38,1180,11.554831504821777,10.822457313537598,11.20853328704834,12.381032943725586
denoised,10.75,duplicate_removal,unmatched_cluster,39,948,11.60403060913086,10.822412490844727,11.223437309265137,12.57475757598877
denoised,10.75,duplicate_removal,unmatched_cluster,40,804,11.571560859680176,10.799914360046387,11.189460754394531,12.373913764953613
denoised,10.75,duplicate_removal,unmatched_cluster,41,643,11.762298583984375,10.81317138671875,11.175232887268066,12.34023380279541
denoised,10.75,duplicate_removal,unmatched_cluster,42,507,11.632392883300781,10.821868896484375,11.203595161437988,12.35686206817627
denoised,10.75,duplicate_removal,unmatched_cluster,43,423,11.990998268127441,10.819748878479004,11.228087425231934,12.411840438842773
denoised,10.75,duplicate_removal,unmatched_cluster,44,340,12.091946601867676,10.843290328979492,11.190985679626465,12.62370491027832
denoised,10.75,duplicate_removal,unmatched_cluster,45,290,12.159944534301758,10.816566467285156,11.17941951751709,12.679153442382812
denoised,10.75,duplicate_removal,unmatched_cluster,46,240,12.368070602416992,10.811087608337402,11.231395721435547,13.345819473266602
denoised,10.75,duplicate_removal,unmatched_cluster,47,211,12.44569206237793,10.809453964233398,11.206883430480957,13.901939392089844
denoised,10.75,duplicate_removal,unmatched_cluster,48,180,12.239233016967773,10.8069429397583,11.202163696289062,14.02574348449707
denoised,10.75,duplicate_removal,unmatched_cluster,49,140,12.523640632629395,10.825122833251953,11.16101360321045,13.657743453979492
denoised,10.75,duplicate_removal,unmatched_cluster,50,122,12.946927070617676,10.835063934326172,11.284072875976562,14.357787132263184
denoised,10.75,duplicate_removal,unmatched_cluster,51,101,12.929235458374023,10.804072380065918,11.246710777282715,14.824946403503418
denoised,10.75,duplicate_removal,unmatched_cluster,52,84,12.97229290008545,10.855890274047852,11.290559768676758,14.545570373535156
denoised,10.75,duplicate_removal,unmatched_cluster,53,74,12.630223274230957,10.820021629333496,11.275871276855469,14.130709648132324
denoised,10.75,duplicate_removal,unmatched_cluster,54,72,13.856773376464844,10.809389114379883,11.423830032348633,19.592838287353516
denoised,10.75,duplicate_removal,unmatched_cluster,55,63,14.235255241394043,10.90058422088623,11.627921104431152,22.605154037475586
denoised,10.75,duplicate_removal,unmatched_cluster,56,51,14.431646347045898,10.853780746459961,11.567070007324219,25.61086654663086
denoised,10.75,duplicate_removal,unmatched_cluster,57,44,13.410204887390137,10.873069763183594,11.412117004394531,15.826410293579102
denoised,10.75,duplicate_removal,unmatched_cluster,58,44,14.382186889648438,10.873544692993164,11.730107307434082,22.29240608215332
denoised,10.75,duplicate_removal,unmatched_cluster,59,47,14.6455659866333,10.85101318359375,12.105928421020508,22.877277374267578
denoised,10.75,duplicate_removal,unmatched_cluster,60,42,15.915014266967773,10.804496765136719,12.129280090332031,31.113849639892578
denoised,10.75,duplicate_removal,unmatched_cluster,61,38,15.136218070983887,10.97333812713623,12.067304611206055,28.556676864624023
denoised,10.75,duplicate_removal,unmatched_cluster,62,31,15.805817604064941,11.037492752075195,12.100189208984375,28.8139591217041
denoised,10.75,duplicate_removal,unmatched_cluster,63,32,15.411746978759766,10.905743598937988,11.919628143310547,28.590219497680664
denoised,10.75,duplicate_removal,unmatched_cluster,64,29,14.596485137939453,10.9478178024292,11.699833869934082,28.015806198120117
denoised,10.75,duplicate_removal,unmatched_cluster,65,30,14.136480331420898,10.7941255569458,11.510215759277344,25.587350845336914
denoised,10.75,duplicate_removal,unmatched_cluster,66,30,16.134363174438477,10.908714294433594,12.134786605834961,28.767221450805664
denoised,10.75,duplicate_removal,unmatched_cluster,67,20,14.650838851928711,10.931618690490723,12.076129913330078,22.637298583984375
denoised,10.75,duplicate_removal,unmatched_cluster,68,22,16.930450439453125,10.876554489135742,12.360000610351562,28.171358108520508
denoised,10.75,duplicate_removal,unmatched_cluster,69,13,17.07195281982422,10.958104133605957,12.915705680847168,26.09697151184082
denoised,10.75,duplicate_removal,unmatched_cluster,70,13,18.435466766357422,11.279297828674316,15.096517562866211,27.463953018188477
denoised,10.75,duplicate_removal,unmatched_cluster,71,16,20.50910758972168,11.37983512878418,25.42687225341797,28.372974395751953
denoised,10.75,duplicate_removal,unmatched_cluster,72,13,18.291086196899414,11.080199241638184,12.467700958251953,27.22466468811035
denoised,10.75,duplicate_removal,unmatched_cluster,73,15,16.774572372436523,11.264506340026855,11.98123836517334,26.801620483398438
denoised,10.75,duplicate_removal,unmatched_cluster,74,17,17.17498016357422,11.042593955993652,12.245800018310547,26.716630935668945
denoised,10.75,duplicate_removal,unmatched_cluster,75,20,18.500436782836914,11.198511123657227,16.586441040039062,27.656309127807617
denoised,10.75,duplicate_removal,unmatched_cluster,76,13,17.565237045288086,11.138121604919434,12.925851821899414,26.113677978515625
denoised,10.75,duplicate_removal,unmatched_cluster,77,16,17.01750373840332,10.958560943603516,12.449607849121094,26.43918228149414
denoised,10.75,duplicate_removal,unmatched_cluster,78,23,17.021366119384766,10.988779067993164,13.425368309020996,25.31485939025879
denoised,10.75,duplicate_removal,unmatched_cluster,79,18,17.69670867919922,11.083355903625488,14.352071762084961,27.638965606689453
denoised,10.75,duplicate_removal,unmatched_cluster,80,20,17.460224151611328,10.817166328430176,17.460189819335938,25.767375946044922
denoised,10.75,duplicate_removal,unmatched_cluster,81,20,19.522968292236328,11.360918998718262,20.334562301635742,25.347156524658203
denoised,10.75,duplicate_removal,unmatched_cluster,82,15,18.360769271850586,12.319855690002441,16.84457015991211,25.299488067626953
denoised,10.75,duplicate_removal,unmatched_cluster,83,14,17.80513572692871,11.514318466186523,16.687496185302734,24.302324295043945
denoised,10.75,duplicate_removal,unmatched_cluster,84,15,19.185338973999023,11.222609519958496,19.089431762695312,28.594913482666016
denoised,10.75,duplicate_removal,unmatched_cluster,85,15,19.101900100708008,12.198603630065918,18.16400146484375,25.465408325195312
denoised,10.75,duplicate_removal,unmatched_cluster,86,16,17.686481475830078,11.092723846435547,17.198509216308594,24.53548240661621
denoised,10.75,duplicate_removal,unmatched_cluster,87,18,17.184640884399414,11.055776596069336,16.904403686523438,23.231599807739258
denoised,10.75,duplicate_removal,unmatched_cluster,88,14,17.508859634399414,11.562304496765137,18.462839126586914,23.573148727416992
denoised,10.75,duplicate_removal,unmatched_cluster,89,17,17.965415954589844,11.248469352722168,14.248796463012695,26.670927047729492
denoised,10.75,duplicate_removal,unmatched_cluster,90,13,16.357311248779297,11.04897689819336,11.765717506408691,25.18141746520996
denoised,10.75,duplicate_removal,unmatched_cluster,91,14,16.39221954345703,11.227619171142578,14.879501342773438,23.908126831054688
denoised,10.75,duplicate_removal,unmatched_cluster,92,12,17.33173179626465,11.07705020904541,14.796745300292969,25.906883239746094
denoised,10.75,duplicate_removal,unmatched_cluster,93,16,16.783489227294922,10.873950958251953,15.7623291015625,24.895936965942383
denoised,10.75,duplicate_removal,unmatched_cluster,94,9,17.890539169311523,10.965167045593262,18.305809020996094,24.044315338134766
denoised,10.75,duplicate_removal,unmatched_cluster,95,11,18.149873733520508,10.874725341796875,17.92585563659668,23.37226676940918
denoised,10.75,duplicate_removal,unmatched_cluster,96,13,18.54963493347168,11.047060012817383,17.850738525390625,24.162796020507812
denoised,10.75,duplicate_removal,unmatched_cluster,97,10,17.52743148803711,11.194235801696777,17.943359375,21.963951110839844
denoised,10.75,duplicate_removal,unmatched_cluster,98,12,18.108182907104492,11.183269500732422,17.300159454345703,24.653793334960938
denoised,10.75,duplicate_removal,unmatched_cluster,99,13,18.33075523376465,11.537286758422852,17.373493194580078,23.903318405151367
denoised,10.75,duplicate_removal,fp_matched_cluster,0,45,20.54537010192871,15.7216215133667,20.330148696899414,25.10424041748047
denoised,10.75,duplicate_removal,fp_matched_cluster,1,166,18.797571182250977,15.306543350219727,18.636764526367188,22.139070510864258
denoised,10.75,duplicate_removal,fp_matched_cluster,2,371,18.35041046142578,14.799899101257324,17.957984924316406,22.19810676574707
denoised,10.75,duplicate_removal,fp_matched_cluster,3,650,17.896806716918945,14.252352714538574,17.75557518005371,21.58196258544922
denoised,10.75,duplicate_removal,fp_matched_cluster,4,922,17.136316299438477,13.615728378295898,17.02967071533203,20.719066619873047
denoised,10.75,duplicate_removal,fp_matched_cluster,5,1142,16.5997257232666,13.280306816101074,16.597980499267578,19.900985717773438
denoised,10.75,duplicate_removal,fp_matched_cluster,6,1327,16.072481155395508,12.886369705200195,15.944558143615723,19.271947860717773
denoised,10.75,duplicate_removal,fp_matched_cluster,7,1644,15.653865814208984,12.46491813659668,15.4718017578125,19.083885192871094
denoised,10.75,duplicate_removal,fp_matched_cluster,8,1695,15.1608304977417,12.14039134979248,14.967541694641113,18.397062301635742
denoised,10.75,duplicate_removal,fp_matched_cluster,9,1837,14.631349563598633,11.769577980041504,14.463153839111328,17.725866317749023
denoised,10.75,duplicate_removal,fp_matched_cluster,10,1911,14.261506080627441,11.616682052612305,13.987761497497559,17.26978302001953
denoised,10.75,duplicate_removal,fp_matched_cluster,11,1928,13.842511177062988,11.481047630310059,13.530925750732422,16.636171340942383
denoised,10.75,duplicate_removal,fp_matched_cluster,12,1796,13.431448936462402,11.266243934631348,13.036778450012207,16.076391220092773
denoised,10.75,duplicate_removal,fp_matched_cluster,13,1852,13.144577026367188,11.16201114654541,12.742563247680664,15.65976619720459
denoised,10.75,duplicate_removal,fp_matched_cluster,14,1748,12.876681327819824,11.114140510559082,12.490683555603027,15.195836067199707
denoised,10.75,duplicate_removal,fp_matched_cluster,15,1650,12.649713516235352,11.034110069274902,12.291646957397461,14.780620574951172
denoised,10.75,duplicate_removal,fp_matched_cluster,16,1525,12.48010540008545,10.985275268554688,12.095785140991211,14.556023597717285
denoised,10.75,duplicate_removal,fp_matched_cluster,17,1405,12.229336738586426,10.975212097167969,11.88617992401123,14.008980751037598
denoised,10.75,duplicate_removal,fp_matched_cluster,18,1295,12.081140518188477,10.913756370544434,11.741063117980957,13.694069862365723
denoised,10.75,duplicate_removal,fp_matched_cluster,19,1052,12.005220413208008,10.941230773925781,11.67064380645752,13.405132293701172
denoised,10.75,duplicate_removal,fp_matched_cluster,20,938,11.860297203063965,10.902990341186523,11.606887817382812,13.203990936279297
denoised,10.75,duplicate_removal,fp_matched_cluster,21,801,11.80057430267334,10.871508598327637,11.512702941894531,13.173733711242676
denoised,10.75,duplicate_removal,fp_matched_cluster,22,689,11.706477165222168,10.842185020446777,11.439300537109375,12.966340065002441
denoised,10.75,duplicate_removal,fp_matched_cluster,23,574,11.610739707946777,10.84835147857666,11.374065399169922,12.759302139282227
denoised,10.75,duplicate_removal,fp_matched_cluster,24,446,11.462021827697754,10.843324661254883,11.262016296386719,12.318151473999023
denoised,10.75,duplicate_removal,fp_matched_cluster,25,346,11.480245590209961,10.836846351623535,11.263179779052734,12.45633316040039
denoised,10.75,duplicate_removal,fp_matched_cluster,26,281,11.547743797302246,10.84080696105957,11.32634449005127,12.433570861816406
denoised,10.75,duplicate_removal,fp_matched_cluster,27,206,11.551424980163574,10.85097599029541,11.333641052246094,12.481490135192871
denoised,10.75,duplicate_removal,fp_matched_cluster,28,169,11.477901458740234,10.82736873626709,11.304032325744629,12.367660522460938
denoised,10.75,duplicate_removal,fp_matched_cluster,29,126,11.507024765014648,10.83568286895752,11.261432647705078,12.320319175720215
denoised,10.75,duplicate_removal,fp_matched_cluster,30,93,11.46957015991211,10.809426307678223,11.317562103271484,12.310261726379395
denoised,10.75,duplicate_removal,fp_matched_cluster,31,67,11.323455810546875,10.791036605834961,11.195100784301758,12.012937545776367
denoised,10.75,duplicate_removal,fp_matched_cluster,32,52,11.345392227172852,10.821891784667969,11.183671951293945,12.05214786529541
denoised,10.75,duplicate_removal,fp_matched_cluster,33,37,11.534235954284668,10.79218864440918,11.16593074798584,12.698921203613281
denoised,10.75,duplicate_removal,fp_matched_cluster,34,35,11.311490058898926,10.805633544921875,11.219746589660645,12.048579216003418
denoised,10.75,duplicate_removal,fp_matched_cluster,35,23,11.481332778930664,10.894975662231445,11.19416332244873,12.127559661865234
denoised,10.75,duplicate_removal,fp_matched_cluster,36,14,11.312667846679688,10.787745475769043,11.104595184326172,12.02200698852539
denoised,10.75,duplicate_removal,fp_matched_cluster,37,22,11.227889060974121,10.784966468811035,10.954385757446289,12.115815162658691
denoised,10.75,duplicate_removal,fp_matched_cluster,38,11,11.217245101928711,10.752734184265137,11.070075988769531,11.92585277557373
denoised,10.75,duplicate_removal,fp_matched_cluster,39,9,11.175347328186035,10.834429740905762,11.042247772216797,11.846808433532715
denoised,10.75,duplicate_removal,fp_matched_cluster,40,7,11.292826652526855,10.942315101623535,11.277643203735352,11.660449981689453
denoised,10.75,duplicate_removal,fp_matched_cluster,41,3,11.11579418182373,10.90386962890625,11.03489875793457,11.360076904296875
denoised,10.75,duplicate_removal,fp_matched_cluster,42,3,11.884909629821777,11.287088394165039,12.25186538696289,12.335948944091797
denoised,10.75,duplicate_removal,fp_matched_cluster,43,3,11.255425453186035,11.05105972290039,11.331273078918457,11.42945384979248
denoised,10.75,duplicate_removal,fp_matched_cluster,44,3,11.226319313049316,10.862671852111816,11.191984176635742,11.603702545166016
denoised,10.75,duplicate_removal,fp_matched_cluster,46,3,10.819079399108887,10.758644104003906,10.78973388671875,10.891251564025879
denoised,10.75,duplicate_removal,fp_matched_cluster,47,2,11.546594619750977,11.402732849121094,11.546594619750977,11.69045639038086
denoised,10.75,duplicate_removal,fp_matched_cluster,49,2,11.032341003417969,10.925844192504883,11.032341003417969,11.138836860656738
denoised,10.75,duplicate_removal,fp_matched_cluster,51,1,11.240041732788086,11.240041732788086,11.240041732788086,11.240041732788086
denoised,10.75,duplicate_removal,fp_matched_cluster,53,1,10.898179054260254,10.898179054260254,10.898179054260254,10.898179054260254
denoised,10.75,duplicate_removal,fp_matched_cluster,54,1,11.706466674804688,11.706466674804688,11.706466674804688,11.706466674804688
denoised,10.75,duplicate_removal,fp_matched_cluster,65,1,10.771794319152832,10.771794319152832,10.771794319152832,10.771794319152832
denoised,10.75,duplicate_removal,fp_matched_cluster,97,1,16.07099723815918,16.07099723815918,16.07099723815918,16.07099723815918
denoised,10.75,duplicate_removal,tp,0,11230,35.25248336791992,30.717599868774414,35.90159225463867,39.4947509765625
denoised,10.75,duplicate_removal,tp,1,11914,33.38827133178711,27.920446395874023,34.473106384277344,38.61186599731445
denoised,10.75,duplicate_removal,tp,2,9341,29.95026206970215,17.816364288330078,32.013362884521484,37.39835739135742
denoised,10.75,duplicate_removal,tp,3,7026,25.741668701171875,16.08612823486328,27.77151870727539,35.578861236572266
denoised,10.75,duplicate_removal,tp,4,6363,21.71979522705078,15.217671394348145,18.835437774658203,32.5624885559082
denoised,10.75,duplicate_removal,tp,5,6423,18.94915199279785,14.528087615966797,17.624717712402344,27.933279037475586
denoised,10.75,duplicate_removal,tp,6,6570,17.525442123413086,13.942641258239746,16.985240936279297,20.586145401000977
denoised,10.75,duplicate_removal,tp,7,6627,16.70580291748047,13.547876358032227,16.52669906616211,19.651567459106445
denoised,10.75,duplicate_removal,tp,8,6415,16.258764266967773,13.304734230041504,16.149276733398438,19.112518310546875
denoised,10.75,duplicate_removal,tp,9,6090,15.798696517944336,12.84721565246582,15.716911315917969,18.68219566345215
denoised,10.75,duplicate_removal,tp,10,5503,15.349868774414062,12.505711555480957,15.270818710327148,18.19055938720703
denoised,10.75,duplicate_removal,tp,11,4851,15.001837730407715,12.27420711517334,14.837185859680176,17.81243324279785
denoised,10.75,duplicate_removal,tp,12,4284,14.708264350891113,12.025688171386719,14.522584915161133,17.568174362182617
denoised,10.75,duplicate_removal,tp,13,3625,14.280045509338379,11.770563125610352,14.000475883483887,17.095962524414062
denoised,10.75,duplicate_removal,tp,14,2961,13.976740837097168,11.589813232421875,13.752755165100098,16.716001510620117
denoised,10.75,duplicate_removal,tp,15,2445,13.678946495056152,11.476929664611816,13.356167793273926,16.291988372802734
denoised,10.75,duplicate_removal,tp,16,1998,13.362350463867188,11.293079376220703,13.040765762329102,15.941828727722168
denoised,10.75,duplicate_removal,tp,17,1604,13.20888900756836,11.283065795898438,12.871676445007324,15.719799041748047
denoised,10.75,duplicate_removal,tp,18,1217,12.963661193847656,11.131709098815918,12.636566162109375,15.264966011047363
denoised,10.75,duplicate_removal,tp,19,975,12.753108978271484,11.07390308380127,12.344264030456543,15.086544036865234
denoised,10.75,duplicate_removal,tp,20,777,12.695609092712402,11.01087474822998,12.319290161132812,14.853166580200195
denoised,10.75,duplicate_removal,tp,21,633,12.50648307800293,10.953399658203125,12.1909761428833,14.534276008605957
denoised,10.75,duplicate_removal,tp,22,434,12.242510795593262,10.973626136779785,11.963726043701172,13.761893272399902
denoised,10.75,duplicate_removal,tp,23,355,12.114872932434082,11.016040802001953,11.833646774291992,13.726740837097168
denoised,10.75,duplicate_removal,tp,24,266,12.196944236755371,10.967521667480469,11.8072509765625,13.568754196166992
denoised,10.75,duplicate_removal,tp,25,201,12.103785514831543,10.936127662658691,11.831596374511719,13.971724510192871
denoised,10.75,duplicate_removal,tp,26,137,11.79597282409668,10.886617660522461,11.43480110168457,13.152848243713379
denoised,10.75,duplicate_removal,tp,27,117,11.924027442932129,10.899481773376465,11.556415557861328,13.300183296203613
denoised,10.75,duplicate_removal,tp,28,100,11.841838836669922,10.839028358459473,11.501171112060547,12.99163818359375
denoised,10.75,duplicate_removal,tp,29,67,11.684167861938477,10.870351791381836,11.51202392578125,12.779756546020508
denoised,10.75,duplicate_removal,tp,30,53,11.90931510925293,10.856836318969727,11.745882034301758,13.62480640411377
denoised,10.75,duplicate_removal,tp,31,45,11.934669494628906,10.89509391784668,11.731947898864746,12.993511199951172
denoised,10.75,duplicate_removal,tp,32,28,11.357162475585938,10.87112045288086,11.123870849609375,12.164597511291504
denoised,10.75,duplicate_removal,tp,33,20,11.6405668258667,10.903072357177734,11.518239974975586,12.902458190917969
denoised,10.75,duplicate_removal,tp,34,20,11.885890007019043,11.004935264587402,11.36736011505127,13.796431541442871
denoised,10.75,duplicate_removal,tp,35,13,11.838504791259766,11.154922485351562,11.787510871887207,12.634742736816406
denoised,10.75,duplicate_removal,tp,36,12,11.853888511657715,11.390069961547852,11.722501754760742,12.55949592590332
denoised,10.75,duplicate_removal,tp,37,5,11.669244766235352,11.37155818939209,11.469382286071777,12.17221450805664
denoised,10.75,duplicate_removal,tp,38,6,11.499122619628906,10.90323257446289,11.377918243408203,12.216216087341309
denoised,10.75,duplicate_removal,tp,39,3,13.704211235046387,10.993192672729492,11.236802101135254,17.402193069458008
denoised,10.75,duplicate_removal,tp,40,4,11.904451370239258,11.644688606262207,11.76789379119873,12.273460388183594
denoised,10.75,duplicate_removal,tp,41,6,11.660107612609863,11.15180778503418,11.49316692352295,12.335350036621094
denoised,10.75,duplicate_removal,tp,42,3,11.569500923156738,11.15435791015625,11.459543228149414,12.028629302978516
denoised,10.75,duplicate_removal,tp,43,2,11.469671249389648,10.899532318115234,11.469671249389648,12.039810180664062
denoised,10.75,duplicate_removal,tp,44,3,11.221623420715332,10.873013496398926,11.11034870147705,11.614745140075684
denoised,10.75,duplicate_removal,tp,45,2,11.724910736083984,11.037943840026855,11.724910736083984,12.411877632141113
denoised,10.75,duplicate_removal,tp,46,1,30.87575912475586,30.87575912475586,30.87575912475586,30.87575912475586
denoised,10.75,duplicate_removal,tp,48,1,11.654722213745117,11.654722213745117,11.654722213745117,11.654722213745117
denoised,10.75,duplicate_removal,tp,51,1,11.140542030334473,11.140542030334473,11.140542030334473,11.140542030334473
denoised,10.75,duplicate_removal,tp,57,1,14.005627632141113,14.005627632141113,14.005627632141113,14.005627632141113
denoised,10.75,duplicate_removal,tp,58,1,16.931896209716797,16.931896209716797,16.931896209716797,16.931896209716797
denoised,10.75,duplicate_removal,tp,60,1,11.42429256439209,11.42429256439209,11.42429256439209,11.42429256439209
denoised,10.75,duplicate_removal,tp,64,1,11.616641998291016,11.616641998291016,11.616641998291016,11.616641998291016
denoised,10.75,duplicate_removal,tp,80,1,20.428316116333008,20.428316116333008,20.428316116333008,20.428316116333008
denoised,10.75,duplicate_removal,tp,84,1,24.06464958190918,24.06464958190918,24.06464958190918,24.06464958190918
denoised,10.75,duplicate_removal,removed_by_dedup,0,372,48.740665435791016,33.96550750732422,48.50585174560547,55.33018493652344
denoised,10.75,duplicate_removal,removed_by_dedup,1,243,43.177791595458984,22.737131118774414,38.081634521484375,52.75254821777344
denoised,10.75,duplicate_removal,removed_by_dedup,2,253,35.941715240478516,22.52176856994629,33.087642669677734,41.30783462524414
denoised,10.75,duplicate_removal,removed_by_dedup,3,275,31.783281326293945,19.327266693115234,30.028738021850586,37.25827407836914
denoised,10.75,duplicate_removal,removed_by_dedup,4,229,30.973276138305664,18.658878326416016,29.510120391845703,36.3752555847168
denoised,10.75,duplicate_removal,removed_by_dedup,5,209,27.959396362304688,14.828765869140625,25.738679885864258,35.144405364990234
denoised,10.75,duplicate_removal,removed_by_dedup,6,188,25.06838035583496,14.057498931884766,20.863561630249023,35.06690216064453
denoised,10.75,duplicate_removal,removed_by_dedup,7,184,23.2896785736084,12.950384140014648,19.193025588989258,34.091552734375
denoised,10.75,duplicate_removal,removed_by_dedup,8,154,21.387380599975586,12.701713562011719,16.266830444335938,31.985273361206055
denoised,10.75,duplicate_removal,removed_by_dedup,9,184,19.572389602661133,12.325357437133789,14.974175453186035,24.11427116394043
denoised,10.75,duplicate_removal,removed_by_dedup,10,167,19.018245697021484,11.96740436553955,14.747937202453613,25.656930923461914
denoised,10.75,duplicate_removal,removed_by_dedup,11,201,18.001617431640625,11.536992073059082,13.8421630859375,22.440309524536133
denoised,10.75,duplicate_removal,removed_by_dedup,12,188,18.03618812561035,11.35975170135498,14.039407730102539,23.61740493774414
denoised,10.75,duplicate_removal,removed_by_dedup,13,186,17.771644592285156,11.27955150604248,13.282211303710938,24.297096252441406
denoised,10.75,duplicate_removal,removed_by_dedup,14,189,17.273578643798828,11.181812286376953,13.326010704040527,19.97089195251465
denoised,10.75,duplicate_removal,removed_by_dedup,15,170,16.43122673034668,11.143518447875977,12.87971305847168,21.369714736938477
denoised,10.75,duplicate_removal,removed_by_dedup,16,171,15.811336517333984,11.199122428894043,12.97808837890625,16.657901763916016
denoised,10.75,duplicate_removal,removed_by_dedup,17,157,17.044370651245117,11.147522926330566,12.737473487854004,22.70896339416504
denoised,10.75,duplicate_removal,removed_by_dedup,18,154,15.245399475097656,10.950299263000488,12.215873718261719,17.805450439453125
denoised,10.75,duplicate_removal,removed_by_dedup,19,136,16.49420166015625,11.023354530334473,12.477380752563477,21.193836212158203
denoised,10.75,duplicate_removal,removed_by_dedup,20,120,16.2051944732666,10.957666397094727,12.12045669555664,20.253061294555664
denoised,10.75,duplicate_removal,removed_by_dedup,21,116,16.33298683166504,10.961505889892578,12.149465560913086,20.106172561645508
denoised,10.75,duplicate_removal,removed_by_dedup,22,104,14.507086753845215,10.931073188781738,11.857255935668945,17.86135482788086
denoised,10.75,duplicate_removal,removed_by_dedup,23,71,17.4583797454834,10.9155855178833,12.558991432189941,46.273712158203125
denoised,10.75,duplicate_removal,removed_by_dedup,24,84,15.985678672790527,10.895340919494629,12.002657890319824,22.401561737060547
denoised,10.75,duplicate_removal,removed_by_dedup,25,64,16.85480499267578,10.932744979858398,12.225152015686035,24.33272933959961
denoised,10.75,duplicate_removal,removed_by_dedup,26,64,17.0153865814209,10.990707397460938,12.414566993713379,33.69361877441406
denoised,10.75,duplicate_removal,removed_by_dedup,27,53,17.601316452026367,10.916516304016113,12.165202140808105,41.64127731323242
denoised,10.75,duplicate_removal,removed_by_dedup,28,35,19.693147659301758,10.943557739257812,12.369832992553711,46.651710510253906
denoised,10.75,duplicate_removal,removed_by_dedup,29,48,18.305858612060547,10.857571601867676,12.100668907165527,42.515716552734375
denoised,10.75,duplicate_removal,removed_by_dedup,30,41,21.214387893676758,10.879770278930664,11.863850593566895,46.855072021484375
denoised,10.75,duplicate_removal,removed_by_dedup,31,37,19.420061111450195,11.13557243347168,12.368829727172852,45.268516540527344
denoised,10.75,duplicate_removal,removed_by_dedup,32,32,19.99562644958496,10.928564071655273,12.932745933532715,43.74357604980469
denoised,10.75,duplicate_removal,removed_by_dedup,33,29,22.76262664794922,10.928444862365723,14.565693855285645,47.701072692871094
denoised,10.75,duplicate_removal,removed_by_dedup,34,21,21.904415130615234,11.355788230895996,13.83718490600586,46.86382293701172
denoised,10.75,duplicate_removal,removed_by_dedup,35,29,19.717554092407227,10.954630851745605,12.884191513061523,40.13597869873047
denoised,10.75,duplicate_removal,removed_by_dedup,36,23,21.13336753845215,11.081494331359863,14.262354850769043,45.60896301269531
denoised,10.75,duplicate_removal,removed_by_dedup,37,15,22.154691696166992,10.897294044494629,13.776054382324219,40.825775146484375
denoised,10.75,duplicate_removal,removed_by_dedup,38,20,25.887683868408203,11.652852058410645,21.238052368164062,43.8399658203125
denoised,10.75,duplicate_removal,removed_by_dedup,39,23,26.6321964263916,10.946937561035156,16.48102378845215,46.796966552734375
denoised,10.75,duplicate_removal,removed_by_dedup,40,21,25.495059967041016,11.799680709838867,18.517169952392578,41.710426330566406
denoised,10.75,duplicate_removal,removed_by_dedup,41,16,27.839685440063477,12.143758773803711,24.778858184814453,45.8851203918457
denoised,10.75,duplicate_removal,removed_by_dedup,42,22,27.150724411010742,11.774918556213379,28.20500946044922,40.40189743041992
denoised,10.75,duplicate_removal,removed_by_dedup,43,12,25.560514450073242,13.563578605651855,18.68085479736328,44.69693374633789
denoised,10.75,duplicate_removal,removed_by_dedup,44,11,21.861061096191406,12.304203033447266,15.829920768737793,36.600746154785156
denoised,10.75,duplicate_removal,removed_by_dedup,45,10,26.687702178955078,12.122265815734863,24.462093353271484,43.5790901184082
denoised,10.75,duplicate_removal,removed_by_dedup,46,11,23.4736328125,11.819884300231934,24.752662658691406,33.23270034790039
denoised,10.75,duplicate_removal,removed_by_dedup,47,9,26.542877197265625,14.872568130493164,27.748130798339844,38.406375885009766
denoised,10.75,duplicate_removal,removed_by_dedup,48,9,33.135921478271484,22.172119140625,33.5323371887207,44.13180160522461
denoised,10.75,duplicate_removal,removed_by_dedup,49,10,27.242305755615234,13.135077476501465,26.925922393798828,39.37158966064453
denoised,10.75,duplicate_removal,removed_by_dedup,50,12,26.341737747192383,11.293153762817383,27.505084991455078,37.225425720214844
denoised,10.75,duplicate_removal,removed_by_dedup,51,13,26.041717529296875,11.477558135986328,31.22880744934082,35.8779182434082
denoised,10.75,duplicate_removal,removed_by_dedup,52,14,27.536794662475586,15.105913162231445,28.85995864868164,38.45024108886719
denoised,10.75,duplicate_removal,removed_by_dedup,53,16,28.993961334228516,14.867010116577148,30.522546768188477,46.11621856689453
denoised,10.75,duplicate_removal,removed_by_dedup,54,8,27.474485397338867,15.689813613891602,28.352502822875977,38.643863677978516
denoised,10.75,duplicate_removal,removed_by_dedup,55,11,23.78754997253418,11.90235424041748,27.303909301757812,34.58502960205078
denoised,10.75,duplicate_removal,removed_by_dedup,56,12,23.3969783782959,12.469499588012695,22.122066497802734,34.17792892456055
denoised,10.75,duplicate_removal,removed_by_dedup,57,14,27.36507225036621,14.737698554992676,27.23029327392578,39.168846130371094
denoised,10.75,duplicate_removal,removed_by_dedup,58,13,25.635404586791992,13.553096771240234,30.53173065185547,33.778202056884766
denoised,10.75,duplicate_removal,removed_by_dedup,59,9,26.766441345214844,13.440109252929688,28.52056312561035,35.99085235595703
denoised,10.75,duplicate_removal,removed_by_dedup,60,7,22.163827896118164,14.180493354797363,22.75594139099121,30.253583908081055
denoised,10.75,duplicate_removal,removed_by_dedup,61,9,25.8588809967041,13.730165481567383,29.008012771606445,39.85123062133789
denoised,10.75,duplicate_removal,removed_by_dedup,62,9,24.38805389404297,12.764180183410645,29.038293838500977,33.529441833496094
denoised,10.75,duplicate_removal,removed_by_dedup,63,9,24.00249481201172,14.567383766174316,26.010833740234375,30.658143997192383
denoised,10.75,duplicate_removal,removed_by_dedup,64,11,24.70012664794922,16.842134475708008,26.196535110473633,30.005220413208008
denoised,10.75,duplicate_removal,removed_by_dedup,65,11,28.242921829223633,13.81566047668457,28.444141387939453,37.018341064453125
denoised,10.75,duplicate_removal,removed_by_dedup,66,8,22.287029266357422,13.589566230773926,22.797466278076172,29.77069664001465
denoised,10.75,duplicate_removal,removed_by_dedup,67,12,26.120071411132812,12.715980529785156,27.831317901611328,41.212520599365234
denoised,10.75,duplicate_removal,removed_by_dedup,68,9,25.314783096313477,12.907700538635254,27.546363830566406,37.575618743896484
denoised,10.75,duplicate_removal,removed_by_dedup,69,13,21.97908592224121,12.121716499328613,22.313142776489258,30.800504684448242
denoised,10.75,duplicate_removal,removed_by_dedup,70,10,25.669727325439453,15.412127494812012,27.506187438964844,32.537879943847656
denoised,10.75,duplicate_removal,removed_by_dedup,71,8,20.028446197509766,12.954813003540039,18.46832275390625,27.99549674987793
denoised,10.75,duplicate_removal,removed_by_dedup,72,12,22.175010681152344,15.628802299499512,22.29098892211914,28.640270233154297
denoised,10.75,duplicate_removal,removed_by_dedup,73,11,26.72718620300293,14.524590492248535,26.757919311523438,36.45877456665039
denoised,10.75,duplicate_removal,removed_by_dedup,74,8,25.027402877807617,16.463851928710938,24.60078239440918,36.850833892822266
denoised,10.75,duplicate_removal,removed_by_dedup,75,5,25.830379486083984,19.186542510986328,27.248096466064453,30.850406646728516
denoised,10.75,duplicate_removal,removed_by_dedup,76,11,21.04388999938965,11.370361328125,23.128782272338867,27.587766647338867
denoised,10.75,duplicate_removal,removed_by_dedup,77,9,22.610137939453125,12.521574020385742,26.049821853637695,29.29526138305664
denoised,10.75,duplicate_removal,removed_by_dedup,78,4,26.61381721496582,22.900005340576172,26.85515594482422,30.134557723999023
denoised,10.75,duplicate_removal,removed_by_dedup,79,8,21.270160675048828,11.763360023498535,21.578323364257812,28.856449127197266
denoised,10.75,duplicate_removal,removed_by_dedup,80,8,22.685062408447266,13.982690811157227,24.090850830078125,29.75870132446289
denoised,10.75,duplicate_removal,removed_by_dedup,81,6,19.05859375,13.054098129272461,16.310482025146484,27.811203002929688
denoised,10.75,duplicate_removal,removed_by_dedup,82,7,21.928274154663086,16.546899795532227,22.669063568115234,26.44742202758789
denoised,10.75,duplicate_removal,removed_by_dedup,83,10,22.03830909729004,12.17658519744873,23.806001663208008,33.459659576416016
denoised,10.75,duplicate_removal,removed_by_dedup,84,9,21.41417694091797,12.466682434082031,18.87051010131836,34.249759674072266
denoised,10.75,duplicate_removal,removed_by_dedup,85,8,21.519176483154297,13.306668281555176,22.76192855834961,28.90155601501465
denoised,10.75,duplicate_removal,removed_by_dedup,86,7,22.19449806213379,14.26355266571045,23.867029190063477,28.437501907348633
denoised,10.75,duplicate_removal,removed_by_dedup,87,6,24.255327224731445,14.936832427978516,23.128616333007812,34.700531005859375
denoised,10.75,duplicate_removal,removed_by_dedup,88,9,19.486610412597656,11.658989906311035,20.44266128540039,27.64701271057129
denoised,10.75,duplicate_removal,removed_by_dedup,89,8,17.840970993041992,10.97775650024414,19.8573055267334,23.615503311157227
denoised,10.75,duplicate_removal,removed_by_dedup,90,11,22.0719051361084,12.278589248657227,22.75120735168457,31.66072654724121
denoised,10.75,duplicate_removal,removed_by_dedup,91,7,23.73605728149414,16.444751739501953,23.434389114379883,31.303932189941406
denoised,10.75,duplicate_removal,removed_by_dedup,92,8,21.01102066040039,15.494189262390137,19.327157974243164,28.23294448852539
denoised,10.75,duplicate_removal,removed_by_dedup,93,5,24.74796485900879,20.89742088317871,24.131744384765625,29.01138687133789
denoised,10.75,duplicate_removal,removed_by_dedup,94,8,20.42764663696289,15.512680053710938,21.422502517700195,25.155290603637695
denoised,10.75,duplicate_removal,removed_by_dedup,95,7,21.313228607177734,15.535905838012695,20.506940841674805,29.001331329345703
denoised,10.75,duplicate_removal,removed_by_dedup,96,6,21.184083938598633,16.970287322998047,20.80740737915039,25.774559020996094
denoised,10.75,duplicate_removal,removed_by_dedup,97,7,23.09813117980957,19.124975204467773,23.091033935546875,26.158029556274414
denoised,10.75,duplicate_removal,removed_by_dedup,98,6,24.876487731933594,19.045146942138672,23.718605041503906,31.865711212158203
denoised,10.75,duplicate_removal,removed_by_dedup,99,3,27.43373680114746,25.447120666503906,27.861875534057617,29.249099731445312
