domain,Th_learned,stage,cluster_id,assigned_gt_unit_id,events,detection_templates,dominant_detection_template,dominant_detection_template_fraction,tp,fp_if_matched,gt_proximal_events_any_unit,gt_negative_events_any_unit,is_refractory,contamination
raw_native_fdr,8.0,detection_template,0,-1,181,1,0,1.0,0,0,18,163,1,0.0
raw_native_fdr,8.0,detection_template,1,-1,3,1,1,1.0,0,0,1,2,0,0.0
raw_native_fdr,8.0,detection_template,2,-1,230,1,2,1.0,0,0,22,208,1,0.0
raw_native_fdr,8.0,detection_template,3,-1,2929,1,3,1.0,0,0,338,2591,1,0.0
raw_native_fdr,8.0,detection_template,4,-1,2249,1,4,1.0,0,0,242,2007,1,0.0
raw_native_fdr,8.0,detection_template,5,-1,4496,1,5,1.0,0,0,515,3981,1,0.0
raw_native_fdr,8.0,detection_template,6,-1,643,1,6,1.0,0,0,64,579,1,0.0
raw_native_fdr,8.0,detection_template,7,-1,3,1,7,1.0,0,0,1,2,0,0.0
raw_native_fdr,8.0,detection_template,8,-1,1384,1,8,1.0,0,0,147,1237,1,0.0
raw_native_fdr,8.0,detection_template,9,-1,2,1,9,1.0,0,0,0,2,0,0.0
raw_native_fdr,8.0,detection_template,10,-1,1970,1,10,1.0,0,0,200,1770,1,0.1856148491823578
raw_native_fdr,8.0,detection_template,11,-1,1,1,11,1.0,0,0,0,1,0,0.0
raw_native_fdr,8.0,detection_template,12,-1,277,1,12,1.0,0,0,41,236,1,0.0
raw_native_fdr,8.0,detection_template,13,-1,66,1,13,1.0,0,0,5,61,0,0.0
raw_native_fdr,8.0,detection_template,14,-1,684,1,14,1.0,0,0,91,593,1,0.0
raw_native_fdr,8.0,detection_template,15,-1,5183,1,15,1.0,0,0,593,4590,1,0.0
raw_native_fdr,8.0,detection_template,16,-1,4508,1,16,1.0,0,0,503,4005,1,0.0
raw_native_fdr,8.0,detection_template,17,-1,151,1,17,1.0,0,0,12,139,0,0.0
raw_native_fdr,8.0,detection_template,18,-1,6614,1,18,1.0,0,0,791,5823,1,0.0
raw_native_fdr,8.0,detection_template,19,-1,72,1,19,1.0,0,0,8,64,1,0.0
raw_native_fdr,8.0,detection_template,21,-1,3834,1,21,1.0,0,0,469,3365,1,0.0
raw_native_fdr,8.0,detection_template,22,-1,260,1,22,1.0,0,0,34,226,1,0.0
raw_native_fdr,8.0,detection_template,23,-1,10494,1,23,1.0,0,0,1255,9239,1,0.0
raw_native_fdr,8.0,detection_template,24,-1,194,1,24,1.0,0,0,24,170,0,0.0
raw_native_fdr,8.0,detection_template,26,-1,6599,1,26,1.0,0,0,770,5829,1,0.0
raw_native_fdr,8.0,detection_template,27,-1,184,1,27,1.0,0,0,17,167,1,0.0
raw_native_fdr,8.0,detection_template,28,-1,136,1,28,1.0,0,0,18,118,0,0.0
raw_native_fdr,8.0,detection_template,29,-1,3276,1,29,1.0,0,0,381,2895,1,0.0
raw_native_fdr,8.0,detection_template,30,-1,1241,1,30,1.0,0,0,143,1098,1,0.0
raw_native_fdr,8.0,detection_template,31,-1,3121,1,31,1.0,0,0,372,2749,1,0.0
raw_native_fdr,8.0,detection_template,32,-1,635,1,32,1.0,0,0,81,554,1,0.0
raw_native_fdr,8.0,detection_template,33,-1,537,1,33,1.0,0,0,75,462,0,0.0
raw_native_fdr,8.0,detection_template,34,-1,6,1,34,1.0,0,0,0,6,0,0.0
raw_native_fdr,8.0,detection_template,35,-1,415,1,35,1.0,0,0,39,376,1,0.0
raw_native_fdr,8.0,detection_template,36,-1,4785,1,36,1.0,0,0,597,4188,1,0.0
raw_native_fdr,8.0,detection_template,37,-1,2820,1,37,1.0,0,0,321,2499,1,0.0
raw_native_fdr,8.0,detection_template,38,-1,179,1,38,1.0,0,0,25,154,0,0.0
raw_native_fdr,8.0,detection_template,39,-1,3925,1,39,1.0,0,0,486,3439,1,0.006401024163708293
raw_native_fdr,8.0,detection_template,40,-1,18932,1,40,1.0,0,0,2183,16749,1,0.0
raw_native_fdr,8.0,detection_template,41,-1,1,1,41,1.0,0,0,1,0,0,0.0
raw_native_fdr,8.0,detection_template,42,-1,11117,1,42,1.0,0,0,1350,9767,1,0.0
raw_native_fdr,8.0,detection_template,43,-1,158,1,43,1.0,0,0,22,136,0,0.0
raw_native_fdr,8.0,detection_template,44,-1,431,1,44,1.0,0,0,44,387,1,0.0
raw_native_fdr,8.0,detection_template,45,-1,2651,1,45,1.0,0,0,321,2330,1,0.06153846153623379
raw_native_fdr,8.0,detection_template,46,-1,3,1,46,1.0,0,0,0,3,0,0.0
raw_native_fdr,8.0,detection_template,47,-1,609,1,47,1.0,0,0,77,532,1,0.0
raw_native_fdr,8.0,detection_template,48,-1,2523,1,48,1.0,0,0,324,2199,1,0.0
raw_native_fdr,8.0,detection_template,49,-1,3,1,49,1.0,0,0,0,3,0,0.0
raw_native_fdr,8.0,detection_template,50,-1,181,1,50,1.0,0,0,17,164,0,0.0
raw_native_fdr,8.0,detection_template,51,-1,1273,1,51,1.0,0,0,154,1119,1,0.15810276679501187
raw_native_fdr,8.0,detection_template,52,-1,373,1,52,1.0,0,0,58,315,1,0.0
raw_native_fdr,8.0,detection_template,53,-1,1522,1,53,1.0,0,0,194,1328,1,0.0
raw_native_fdr,8.0,detection_template,55,-1,1461,1,55,1.0,0,0,160,1301,1,0.0
raw_native_fdr,8.0,detection_template,56,-1,2171,1,56,1.0,0,0,284,1887,1,0.0
raw_native_fdr,8.0,detection_template,57,-1,246,1,57,1.0,0,0,28,218,0,0.0
raw_native_fdr,8.0,detection_template,58,-1,40,1,58,1.0,0,0,9,31,0,0.0
raw_native_fdr,8.0,detection_template,59,-1,1,1,59,1.0,0,0,0,1,0,0.0
raw_native_fdr,8.0,detection_template,60,-1,1315,1,60,1.0,0,0,146,1169,1,0.0
raw_native_fdr,8.0,detection_template,61,-1,210,1,61,1.0,0,0,24,186,0,0.0
raw_native_fdr,8.0,detection_template,62,-1,10,1,62,1.0,0,0,0,10,0,0.0
raw_native_fdr,8.0,detection_template,63,-1,7283,1,63,1.0,0,0,846,6437,1,0.0192076830724133
raw_native_fdr,8.0,detection_template,64,-1,455,1,64,1.0,0,0,45,410,1,0.0
raw_native_fdr,8.0,detection_template,65,-1,10986,1,65,1.0,0,0,1280,9706,1,0.0
raw_native_fdr,8.0,detection_template,66,-1,4193,1,66,1.0,0,0,474,3719,1,0.08480565370673313
raw_native_fdr,8.0,detection_template,67,-1,1,1,67,1.0,0,0,0,1,0,0.0
raw_native_fdr,8.0,detection_template,68,-1,845,1,68,1.0,0,0,108,737,0,0.6249999999534891
raw_native_fdr,8.0,detection_template,69,-1,6375,1,69,1.0,0,0,766,5609,1,0.0
raw_native_fdr,8.0,detection_template,70,-1,4926,1,70,1.0,0,0,586,4340,0,0.8768633345060278
raw_native_fdr,8.0,detection_template,71,-1,272,1,71,1.0,0,0,37,235,1,0.0
raw_native_fdr,8.0,detection_template,72,-1,2,1,72,1.0,0,0,0,2,0,0.0
raw_native_fdr,8.0,detection_template,73,-1,8902,1,73,1.0,0,0,1035,7867,1,0.0
raw_native_fdr,8.0,detection_template,74,-1,4642,1,74,1.0,0,0,535,4107,1,0.06420545746203228
raw_native_fdr,8.0,detection_template,75,-1,88,1,75,1.0,0,0,8,80,0,0.0
raw_native_fdr,8.0,detection_template,76,-1,616,1,76,1.0,0,0,72,544,1,0.0
raw_native_fdr,8.0,detection_template,77,-1,1,1,77,1.0,0,0,0,1,0,0.0
raw_native_fdr,8.0,detection_template,78,-1,44,1,78,1.0,0,0,5,39,0,0.0
raw_native_fdr,8.0,detection_template,79,-1,994,1,79,1.0,0,0,130,864,1,0.0
raw_native_fdr,8.0,detection_template,80,-1,1637,1,80,1.0,0,0,195,1442,1,0.0
raw_native_fdr,8.0,detection_template,81,-1,226,1,81,1.0,0,0,26,200,0,0.49999999998919326
raw_native_fdr,8.0,detection_template,83,-1,996,1,83,1.0,0,0,125,871,0,0.5860805860590309
raw_native_fdr,8.0,detection_template,84,-1,5,1,84,1.0,0,0,0,5,0,0.0
raw_native_fdr,8.0,detection_template,85,-1,101,1,85,1.0,0,0,9,92,1,0.0
raw_native_fdr,8.0,detection_template,86,-1,1108,1,86,1.0,0,0,122,986,1,0.0
raw_native_fdr,8.0,detection_template,87,-1,5,1,87,1.0,0,0,1,4,0,0.0
raw_native_fdr,8.0,detection_template,88,-1,613,1,88,1.0,0,0,81,532,1,0.0
raw_native_fdr,8.0,detection_template,89,-1,898,1,89,1.0,0,0,105,793,0,2.7848101265346146
raw_native_fdr,8.0,detection_template,90,-1,255,1,90,1.0,0,0,29,226,0,3.999999999955139
raw_native_fdr,8.0,detection_template,91,-1,4384,1,91,1.0,0,0,490,3894,1,0.05629838141899498
raw_native_fdr,8.0,detection_template,92,-1,2482,1,92,1.0,0,0,305,2177,1,0.08528784648000771
raw_native_fdr,8.0,detection_template,93,-1,265,1,93,1.0,0,0,26,239,0,2.499999999963282
raw_native_fdr,8.0,detection_template,94,-1,6,1,94,1.0,0,0,1,5,0,0.0
raw_native_fdr,8.0,detection_template,97,-1,104,1,97,1.0,0,0,16,88,1,0.0
raw_native_fdr,8.0,detection_template,99,-1,1,1,99,1.0,0,0,0,1,0,0.0
raw_native_fdr,8.0,detection_template,100,-1,2,1,100,1.0,0,0,1,1,0,0.0
raw_native_fdr,8.0,detection_template,102,-1,45,1,102,1.0,0,0,9,36,0,0.0
raw_native_fdr,8.0,detection_template,106,-1,87,1,106,1.0,0,0,16,71,0,0.0
raw_native_fdr,8.0,detection_template,107,-1,4,1,107,1.0,0,0,0,4,0,0.0
raw_native_fdr,8.0,detection_template,108,-1,12,1,108,1.0,0,0,2,10,0,0.0
raw_native_fdr,8.0,detection_template,109,-1,1,1,109,1.0,0,0,1,0,0,0.0
raw_native_fdr,8.0,detection_template,110,-1,1,1,110,1.0,0,0,0,1,0,0.0
raw_native_fdr,8.0,detection_template,111,-1,2,1,111,1.0,0,0,0,2,0,0.0
raw_native_fdr,8.0,detection_template,112,793,13164,1,112,1.0,13161,3,13161,3,1,0.0
raw_native_fdr,8.0,detection_template,113,-1,175,1,113,1.0,0,0,22,153,1,0.0
raw_native_fdr,8.0,detection_template,114,-1,2,1,114,1.0,0,0,1,1,0,0.0
raw_native_fdr,8.0,detection_template,115,-1,94,1,115,1.0,0,0,9,85,0,0.0
raw_native_fdr,8.0,detection_template,116,-1,58,1,116,1.0,0,0,3,55,0,0.0
raw_native_fdr,8.0,detection_template,117,-1,8,1,117,1.0,0,0,1,7,0,0.0
raw_native_fdr,8.0,detection_template,119,-1,10,1,119,1.0,0,0,0,10,0,0.0
raw_native_fdr,8.0,detection_template,120,-1,8,1,120,1.0,0,0,4,4,0,0.0
raw_native_fdr,8.0,detection_template,122,-1,34,1,122,1.0,0,0,3,31,0,0.0
raw_native_fdr,8.0,detection_template,123,-1,6,1,123,1.0,0,0,0,6,0,0.0
raw_native_fdr,8.0,detection_template,124,2143,17759,1,124,1.0,17759,0,17759,0,1,0.0
raw_native_fdr,8.0,detection_template,125,-1,7,1,125,1.0,0,0,0,7,0,0.0
raw_native_fdr,8.0,detection_template,126,-1,1,1,126,1.0,0,0,0,1,0,0.0
raw_native_fdr,8.0,detection_template,127,-1,173,1,127,1.0,0,0,41,132,1,0.0
raw_native_fdr,8.0,detection_template,128,-1,12058,1,128,1.0,0,0,1352,10706,1,0.004474773464350709
raw_native_fdr,8.0,detection_template,129,-1,98,1,129,1.0,0,0,15,83,0,0.0
raw_native_fdr,8.0,detection_template,130,-1,141,1,130,1.0,0,0,14,127,0,0.0
raw_native_fdr,8.0,detection_template,131,-1,920,1,131,1.0,0,0,116,804,1,0.0
raw_native_fdr,8.0,detection_template,132,-1,2,1,132,1.0,0,0,0,2,0,0.0
raw_native_fdr,8.0,detection_template,133,-1,19,1,133,1.0,0,0,1,18,0,0.0
raw_native_fdr,8.0,detection_template,134,-1,137,1,134,1.0,0,0,20,117,0,0.0
raw_native_fdr,8.0,detection_template,135,-1,34,1,135,1.0,0,0,5,29,0,0.0
raw_native_fdr,8.0,detection_template,136,-1,242,1,136,1.0,0,0,33,209,1,0.0
raw_native_fdr,8.0,detection_template,137,-1,1018,1,137,1.0,0,0,137,881,1,0.0
raw_native_fdr,8.0,detection_template,138,-1,24,1,138,1.0,0,0,3,21,0,0.0
raw_native_fdr,8.0,detection_template,139,-1,112,1,139,1.0,0,0,13,99,0,0.0
raw_native_fdr,8.0,detection_template,140,-1,49,1,140,1.0,0,0,9,40,0,0.0
raw_native_fdr,8.0,detection_template,141,-1,528,1,141,1.0,0,0,509,19,1,0.0
raw_native_fdr,8.0,detection_template,142,-1,428,1,142,1.0,0,0,61,367,0,1.3333333332783572
raw_native_fdr,8.0,detection_template,143,-1,142,1,143,1.0,0,0,17,125,0,0.0
raw_native_fdr,8.0,detection_template,144,-1,623,1,144,1.0,0,0,106,517,0,0.0
raw_native_fdr,8.0,detection_template,145,-1,1764,1,145,1.0,0,0,217,1547,1,0.09345794392296743
raw_native_fdr,8.0,detection_template,146,-1,16,1,146,1.0,0,0,1,15,0,0.0
raw_native_fdr,8.0,detection_template,147,-1,466,1,147,1.0,0,0,87,379,0,0.0
raw_native_fdr,8.0,detection_template,148,-1,396,1,148,1.0,0,0,41,355,1,0.0
raw_native_fdr,8.0,detection_template,149,-1,415,1,149,1.0,0,0,247,168,1,0.0
raw_native_fdr,8.0,detection_template,150,-1,190,1,150,1.0,0,0,28,162,0,0.0
raw_native_fdr,8.0,detection_template,151,-1,29,1,151,1.0,0,0,5,24,0,0.0
raw_native_fdr,8.0,detection_template,153,-1,32,1,153,1.0,0,0,4,28,0,0.0
raw_native_fdr,8.0,detection_template,154,-1,39,1,154,1.0,0,0,2,37,0,0.0
raw_native_fdr,8.0,detection_template,156,-1,13,1,156,1.0,0,0,1,12,0,0.0
raw_native_fdr,8.0,detection_template,157,-1,56,1,157,1.0,0,0,10,46,0,0.0
raw_native_fdr,8.0,detection_template,158,-1,51,1,158,1.0,0,0,7,44,0,0.0
raw_native_fdr,8.0,detection_template,159,-1,34,1,159,1.0,0,0,5,29,0,0.0
raw_native_fdr,8.0,detection_template,160,-1,5,1,160,1.0,0,0,0,5,0,0.0
raw_native_fdr,8.0,detection_template,161,-1,1,1,161,1.0,0,0,0,1,0,0.0
raw_native_fdr,8.0,detection_template,162,-1,1,1,162,1.0,0,0,1,0,0,0.0
raw_native_fdr,8.0,detection_template,163,-1,1,1,163,1.0,0,0,0,1,0,0.0
raw_native_fdr,8.0,detection_template,164,-1,4,1,164,1.0,0,0,0,4,0,0.0
raw_native_fdr,8.0,detection_template,165,-1,108,1,165,1.0,0,0,18,90,1,0.0
raw_native_fdr,8.0,detection_template,166,-1,281,1,166,1.0,0,0,28,253,0,0.0
raw_native_fdr,8.0,detection_template,167,-1,1,1,167,1.0,0,0,0,1,0,0.0
raw_native_fdr,8.0,detection_template,168,-1,10,1,168,1.0,0,0,0,10,0,0.0
raw_native_fdr,8.0,detection_template,170,-1,55,1,170,1.0,0,0,55,0,0,0.0
raw_native_fdr,8.0,detection_template,171,-1,502,1,171,1.0,0,0,55,447,0,0.0
raw_native_fdr,8.0,detection_template,172,-1,93,1,172,1.0,0,0,5,88,0,0.0
raw_native_fdr,8.0,detection_template,173,-1,27,1,173,1.0,0,0,6,21,0,0.0
raw_native_fdr,8.0,detection_template,174,-1,8168,1,174,1.0,0,0,904,7264,1,0.0
raw_native_fdr,8.0,detection_template,175,-1,238,1,175,1.0,0,0,26,212,0,0.0
raw_native_fdr,8.0,detection_template,176,-1,122,1,176,1.0,0,0,9,113,0,0.0
raw_native_fdr,8.0,detection_template,177,-1,46,1,177,1.0,0,0,5,41,0,0.0
raw_native_fdr,8.0,detection_template,178,-1,145,1,178,1.0,0,0,22,123,0,0.0
raw_native_fdr,8.0,detection_template,179,-1,58,1,179,1.0,0,0,10,48,0,0.0
raw_native_fdr,8.0,detection_template,180,-1,190,1,180,1.0,0,0,16,174,0,0.0
raw_native_fdr,8.0,detection_template,181,-1,5,1,181,1.0,0,0,1,4,0,0.0
raw_native_fdr,8.0,detection_template,182,-1,30837,1,182,1.0,0,0,3584,27253,1,0.0004950387002811947
raw_native_fdr,8.0,detection_template,183,-1,3119,1,183,1.0,0,0,371,2748,1,0.0
raw_native_fdr,8.0,detection_template,184,-1,6239,1,184,1.0,0,0,771,5468,1,0.0
raw_native_fdr,8.0,detection_template,185,-1,249,1,185,1.0,0,0,46,203,0,0.0
raw_native_fdr,8.0,detection_template,186,-1,148,1,186,1.0,0,0,18,130,0,0.0
raw_native_fdr,8.0,detection_template,187,-1,485,1,187,1.0,0,0,65,420,1,0.0
raw_native_fdr,8.0,detection_template,188,-1,585,1,188,1.0,0,0,78,507,0,0.0
raw_native_fdr,8.0,detection_template,189,-1,2685,1,189,1.0,0,0,315,2370,1,0.0
raw_native_fdr,8.0,detection_template,190,-1,159,1,190,1.0,0,0,16,143,1,0.0
raw_native_fdr,8.0,detection_template,191,-1,246,1,191,1.0,0,0,23,223,1,0.0
raw_native_fdr,8.0,detection_template,192,-1,114,1,192,1.0,0,0,16,98,0,0.0
raw_native_fdr,8.0,detection_template,193,-1,507,1,193,1.0,0,0,49,458,1,0.0
raw_native_fdr,8.0,detection_template,194,-1,80,1,194,1.0,0,0,7,73,0,0.0
raw_native_fdr,8.0,detection_template,195,-1,1713,1,195,1.0,0,0,209,1504,1,0.0
raw_native_fdr,8.0,detection_template,196,-1,761,1,196,1.0,0,0,102,659,1,0.0
raw_native_fdr,8.0,detection_template,197,-1,93,1,197,1.0,0,0,16,77,0,0.0
raw_native_fdr,8.0,detection_template,198,-1,350,1,198,1.0,0,0,41,309,1,0.0
raw_native_fdr,8.0,detection_template,199,-1,56,1,199,1.0,0,0,9,47,0,0.0
raw_native_fdr,8.0,detection_template,200,-1,18,1,200,1.0,0,0,2,16,0,0.0
raw_native_fdr,8.0,detection_template,201,-1,19907,1,201,1.0,0,0,2351,17556,1,0.0
raw_native_fdr,8.0,detection_template,202,-1,584,1,202,1.0,0,0,76,508,1,0.0
raw_native_fdr,8.0,detection_template,203,-1,366,1,203,1.0,0,0,44,322,0,0.0
raw_native_fdr,8.0,detection_template,204,-1,104,1,204,1.0,0,0,15,89,0,0.0
raw_native_fdr,8.0,detection_template,205,-1,345,1,205,1.0,0,0,40,305,1,0.0
raw_native_fdr,8.0,detection_template,206,-1,5169,1,206,1.0,0,0,620,4549,1,0.07432969215080168
raw_native_fdr,8.0,detection_template,207,-1,332,1,207,1.0,0,0,38,294,1,0.0
raw_native_fdr,8.0,detection_template,208,-1,49,1,208,1.0,0,0,7,42,0,0.0
raw_native_fdr,8.0,detection_template,209,-1,575,1,209,1.0,0,0,71,504,1,0.0
raw_native_fdr,8.0,detection_template,210,-1,6000,1,210,1.0,0,0,698,5302,1,0.027232045402705775
raw_native_fdr,8.0,detection_template,211,-1,579,1,211,1.0,0,0,72,507,1,0.0
raw_native_fdr,8.0,detection_template,212,-1,10331,1,212,1.0,0,0,1192,9139,1,0.0
raw_native_fdr,8.0,detection_template,213,-1,28040,1,213,1.0,0,0,3167,24873,1,0.0
raw_native_fdr,8.0,detection_template,214,-1,1076,1,214,1.0,0,0,135,941,1,0.0
raw_native_fdr,8.0,detection_template,215,-1,2156,1,215,1.0,0,0,226,1930,1,0.08810572686923433
raw_native_fdr,8.0,detection_template,216,-1,523,1,216,1.0,0,0,56,467,1,0.0
raw_native_fdr,8.0,detection_template,217,-1,4329,1,217,1.0,0,0,545,3784,1,0.0
raw_native_fdr,8.0,detection_template,218,-1,116,1,218,1.0,0,0,13,103,0,0.0
raw_native_fdr,8.0,detection_template,219,-1,758,1,219,1.0,0,0,102,656,1,0.0
raw_native_fdr,8.0,detection_template,220,-1,828,1,220,1.0,0,0,98,730,1,0.0
raw_native_fdr,8.0,detection_template,221,-1,73,1,221,1.0,0,0,7,66,0,0.0
raw_native_fdr,8.0,detection_template,222,-1,2209,1,222,1.0,0,0,261,1948,1,0.10483193276863406
raw_native_fdr,8.0,detection_template,223,-1,259,1,223,1.0,0,0,31,228,1,0.0
raw_native_fdr,8.0,detection_template,224,-1,2874,1,224,1.0,0,0,338,2536,1,0.0
raw_native_fdr,8.0,detection_template,225,-1,2206,1,225,1.0,0,0,259,1947,0,0.2620087336058718
raw_native_fdr,8.0,detection_template,226,-1,4981,1,226,1.0,0,0,583,4398,1,0.0
raw_native_fdr,8.0,detection_template,227,-1,371,1,227,1.0,0,0,36,335,0,0.0
raw_native_fdr,8.0,detection_template,228,-1,15112,1,228,1.0,0,0,1790,13322,1,0.0043976768981680075
raw_native_fdr,8.0,detection_template,229,-1,5321,1,229,1.0,0,0,663,4658,1,0.0
raw_native_fdr,8.0,detection_template,230,-1,15290,1,230,1.0,0,0,1842,13448,1,0.014655288153740148
raw_native_fdr,8.0,detection_template,231,-1,1232,1,231,1.0,0,0,136,1096,1,0.0
raw_native_fdr,8.0,detection_template,232,-1,812,1,232,1.0,0,0,112,700,1,0.0
raw_native_fdr,8.0,detection_template,233,-1,2186,1,233,1.0,0,0,237,1949,1,0.0
raw_native_fdr,8.0,detection_template,234,-1,666,1,234,1.0,0,0,76,590,0,0.0
raw_native_fdr,8.0,detection_template,235,-1,387,1,235,1.0,0,0,43,344,1,0.0
raw_native_fdr,8.0,detection_template,236,-1,93,1,236,1.0,0,0,13,80,0,0.0
raw_native_fdr,8.0,detection_template,237,-1,583,1,237,1.0,0,0,69,514,1,0.0
raw_native_fdr,8.0,detection_template,238,-1,31,1,238,1.0,0,0,4,27,0,0.0
raw_native_fdr,8.0,detection_template,239,-1,2226,1,239,1.0,0,0,253,1973,1,0.0
raw_native_fdr,8.0,detection_template,240,-1,716,1,240,1.0,0,0,81,635,1,0.0
raw_native_fdr,8.0,detection_template,241,-1,395,1,241,1.0,0,0,56,339,1,0.0
raw_native_fdr,8.0,detection_template,242,-1,795,1,242,1.0,0,0,99,696,0,0.0
raw_native_fdr,8.0,detection_template,243,-1,581,1,243,1.0,0,0,65,516,0,0.0
raw_native_fdr,8.0,detection_template,244,-1,10258,1,244,1.0,0,0,1213,9045,1,0.01711042913102192
raw_native_fdr,8.0,detection_template,245,-1,453,1,245,1.0,0,0,45,408,1,0.0
raw_native_fdr,8.0,detection_template,246,-1,218,1,246,1.0,0,0,23,195,0,0.0
raw_native_fdr,8.0,detection_template,247,-1,240,1,247,1.0,0,0,25,215,1,0.0
raw_native_fdr,8.0,detection_template,248,-1,121,1,248,1.0,0,0,12,109,0,0.0
raw_native_fdr,8.0,detection_template,249,-1,4925,1,249,1.0,0,0,603,4322,1,0.10339825941944847
raw_native_fdr,8.0,detection_template,250,-1,13454,1,250,1.0,0,0,1571,11883,1,0.0
raw_native_fdr,8.0,detection_template,251,-1,17694,1,251,1.0,0,0,2110,15584,1,0.00611785764591419
raw_native_fdr,8.0,detection_template,252,-1,25783,1,252,1.0,0,0,2937,22846,1,0.0
raw_native_fdr,8.0,detection_template,253,-1,252,1,253,1.0,0,0,30,222,1,0.0
raw_native_fdr,8.0,detection_template,254,-1,7865,1,254,1.0,0,0,935,6930,1,0.0
raw_native_fdr,8.0,detection_template,255,-1,1371,1,255,1.0,0,0,161,1210,1,0.0
raw_native_fdr,8.0,detection_template,256,-1,450,1,256,1.0,0,0,60,390,0,0.0
raw_native_fdr,8.0,detection_template,257,-1,4883,1,257,1.0,0,0,555,4328,1,0.05535014419471367
raw_native_fdr,8.0,detection_template,258,-1,977,1,258,1.0,0,0,132,845,1,0.0
raw_native_fdr,8.0,detection_template,259,-1,1056,1,259,1.0,0,0,118,938,1,0.0
raw_native_fdr,8.0,detection_template,260,-1,4955,1,260,1.0,0,0,577,4378,1,0.0
raw_native_fdr,8.0,detection_template,261,-1,801,1,261,1.0,0,0,94,707,1,0.0
raw_native_fdr,8.0,detection_template,262,-1,938,1,262,1.0,0,0,115,823,1,0.0
raw_native_fdr,8.0,detection_template,263,-1,170,1,263,1.0,0,0,17,153,0,0.0
raw_native_fdr,8.0,detection_template,264,-1,1132,1,264,1.0,0,0,146,986,1,0.0
raw_native_fdr,8.0,detection_template,265,-1,56168,1,265,1.0,0,0,6627,49541,1,0.008456844575671005
raw_native_fdr,8.0,detection_template,266,-1,29823,1,266,1.0,0,0,3616,26207,1,0.0
raw_native_fdr,8.0,detection_template,267,-1,12053,1,267,1.0,0,0,1382,10671,1,0.0
raw_native_fdr,8.0,detection_template,268,-1,1072,1,268,1.0,0,0,138,934,1,0.0
raw_native_fdr,8.0,detection_template,269,-1,9688,1,269,1.0,0,0,1134,8554,1,0.0
raw_native_fdr,8.0,detection_template,270,-1,537,1,270,1.0,0,0,57,480,1,0.0
raw_native_fdr,8.0,detection_template,271,-1,777,1,271,1.0,0,0,84,693,1,0.0
raw_native_fdr,8.0,detection_template,272,-1,259,1,272,1.0,0,0,27,232,1,0.0
raw_native_fdr,8.0,detection_template,273,-1,923,1,273,1.0,0,0,117,806,1,0.0
raw_native_fdr,8.0,detection_template,274,-1,5920,1,274,1.0,0,0,628,5292,1,0.0
raw_native_fdr,8.0,detection_template,275,-1,3956,1,275,1.0,0,0,480,3476,1,0.0
raw_native_fdr,8.0,detection_template,276,-1,697,1,276,1.0,0,0,87,610,1,0.0
raw_native_fdr,8.0,detection_template,277,-1,1292,1,277,1.0,0,0,145,1147,0,0.42553191486840053
raw_native_fdr,8.0,detection_template,278,-1,14137,1,278,1.0,0,0,1635,12502,1,0.004980735830940401
raw_native_fdr,8.0,detection_template,279,-1,16698,1,279,1.0,0,0,1905,14793,1,0.005837486254020162
raw_native_fdr,8.0,detection_template,280,-1,6704,1,280,1.0,0,0,775,5929,1,0.0
raw_native_fdr,8.0,detection_template,281,-1,6470,1,281,1.0,0,0,793,5677,1,0.0105412142457053
raw_native_fdr,8.0,detection_template,282,-1,1202,1,282,1.0,0,0,126,1076,1,0.0
raw_native_fdr,8.0,detection_template,283,-1,4471,1,283,1.0,0,0,517,3954,1,0.0
raw_native_fdr,8.0,detection_template,284,-1,1184,1,284,1.0,0,0,127,1057,1,0.0
raw_native_fdr,8.0,detection_template,285,-1,340,1,285,1.0,0,0,48,292,1,0.0
raw_native_fdr,8.0,detection_template,286,-1,1340,1,286,1.0,0,0,145,1195,1,0.0
raw_native_fdr,8.0,detection_template,287,-1,3304,1,287,1.0,0,0,401,2903,1,0.07568633398538165
raw_native_fdr,8.0,detection_template,288,-1,718,1,288,1.0,0,0,90,628,1,0.0
raw_native_fdr,8.0,detection_template,289,-1,1199,1,289,1.0,0,0,124,1075,1,0.0
raw_native_fdr,8.0,detection_template,290,-1,2170,1,290,1.0,0,0,259,1911,1,0.0
raw_native_fdr,8.0,detection_template,291,-1,5982,1,291,1.0,0,0,649,5333,1,0.0
raw_native_fdr,8.0,detection_template,292,-1,1292,1,292,1.0,0,0,147,1145,1,0.0
raw_native_fdr,8.0,detection_template,293,-1,30501,1,293,1.0,0,0,3526,26975,1,0.0
raw_native_fdr,8.0,detection_template,294,-1,24176,1,294,1.0,0,0,2852,21324,1,0.0
raw_native_fdr,8.0,detection_template,295,-1,26339,1,295,1.0,0,0,3073,23266,1,0.0
raw_native_fdr,8.0,detection_template,296,-1,8,1,296,1.0,0,0,2,6,0,0.0
raw_native_fdr,8.0,detection_template,297,-1,3476,1,297,1.0,0,0,395,3081,1,0.0
raw_native_fdr,8.0,detection_template,298,-1,572,1,298,1.0,0,0,78,494,0,0.9411764705276039
raw_native_fdr,8.0,detection_template,299,-1,1364,1,299,1.0,0,0,145,1219,1,0.0
raw_native_fdr,8.0,detection_template,300,-1,69,1,300,1.0,0,0,11,58,0,0.0
raw_native_fdr,8.0,detection_template,301,-1,5517,1,301,1.0,0,0,653,4864,1,0.029075865281620903
raw_native_fdr,8.0,detection_template,302,-1,184,1,302,1.0,0,0,15,169,0,0.0
raw_native_fdr,8.0,detection_template,303,-1,482,1,303,1.0,0,0,65,417,1,0.0
raw_native_fdr,8.0,detection_template,304,-1,1198,1,304,1.0,0,0,145,1053,1,0.0
raw_native_fdr,8.0,detection_template,305,-1,2015,1,305,1.0,0,0,248,1767,0,0.21969474610003953
raw_native_fdr,8.0,detection_template,306,-1,821,1,306,1.0,0,0,94,727,0,0.25033444814863354
raw_native_fdr,8.0,detection_template,307,-1,27462,1,307,1.0,0,0,3289,24173,1,0.0013275760694659207
raw_native_fdr,8.0,detection_template,308,-1,11800,1,308,1.0,0,0,1408,10392,1,0.0
raw_native_fdr,8.0,detection_template,309,-1,97,1,309,1.0,0,0,11,86,0,0.0
raw_native_fdr,8.0,detection_template,310,-1,303,1,310,1.0,0,0,34,269,0,0.0
raw_native_fdr,8.0,detection_template,311,-1,2920,1,311,1.0,0,0,320,2600,1,0.0
raw_native_fdr,8.0,detection_template,312,-1,4084,1,312,1.0,0,0,462,3622,1,0.0
raw_native_fdr,8.0,detection_template,313,-1,487,1,313,1.0,0,0,57,430,1,0.0
raw_native_fdr,8.0,detection_template,314,-1,217,1,314,1.0,0,0,26,191,0,0.0
raw_native_fdr,8.0,detection_template,315,-1,29,1,315,1.0,0,0,3,26,0,0.0
raw_native_fdr,8.0,detection_template,316,-1,3575,1,316,1.0,0,0,418,3157,1,0.0
raw_native_fdr,8.0,detection_template,317,-1,2717,1,317,1.0,0,0,298,2419,1,0.0
raw_native_fdr,8.0,detection_template,318,-1,843,1,318,1.0,0,0,108,735,1,0.0
raw_native_fdr,8.0,detection_template,319,-1,8066,1,319,1.0,0,0,934,7132,1,0.0
raw_native_fdr,8.0,detection_template,320,-1,24425,1,320,1.0,0,0,2943,21482,1,0.003830785233838975
raw_native_fdr,8.0,detection_template,321,-1,4,1,321,1.0,0,0,0,4,0,0.0
raw_native_fdr,8.0,detection_template,322,-1,3522,1,322,1.0,0,0,388,3134,1,0.0
raw_native_fdr,8.0,detection_template,323,-1,1,1,323,1.0,0,0,0,1,0,0.0
raw_native_fdr,8.0,detection_template,324,-1,36,1,324,1.0,0,0,1,35,0,0.0
raw_native_fdr,8.0,detection_template,325,-1,101,1,325,1.0,0,0,9,92,0,0.0
raw_native_fdr,8.0,detection_template,326,-1,21583,1,326,1.0,0,0,2492,19091,1,0.0
raw_native_fdr,8.0,detection_template,327,-1,1,1,327,1.0,0,0,0,1,0,0.0
raw_native_fdr,8.0,detection_template,328,-1,1,1,328,1.0,0,0,0,1,0,0.0
raw_native_fdr,8.0,detection_template,329,-1,4,1,329,1.0,0,0,0,4,0,0.0
raw_native_fdr,8.0,detection_template,330,-1,8,1,330,1.0,0,0,0,8,0,0.0
raw_native_fdr,8.0,detection_template,332,-1,57,1,332,1.0,0,0,6,51,0,0.0
raw_native_fdr,8.0,detection_template,334,-1,81,1,334,1.0,0,0,13,68,1,0.0
raw_native_fdr,8.0,detection_template,336,-1,55,1,336,1.0,0,0,8,47,0,0.0
raw_native_fdr,8.0,detection_template,339,-1,4,1,339,1.0,0,0,4,0,0,0.0
raw_native_fdr,8.0,detection_template,340,-1,81,1,340,1.0,0,0,10,71,0,0.0
raw_native_fdr,8.0,detection_template,341,-1,1,1,341,1.0,0,0,0,1,0,0.0
raw_native_fdr,8.0,detection_template,342,-1,16,1,342,1.0,0,0,3,13,0,0.0
raw_native_fdr,8.0,detection_template,343,-1,2,1,343,1.0,0,0,0,2,0,0.0
raw_native_fdr,8.0,detection_template,344,-1,424,1,344,1.0,0,0,50,374,1,0.0
raw_native_fdr,8.0,detection_template,346,-1,210,1,346,1.0,0,0,27,183,1,0.0
raw_native_fdr,8.0,detection_template,347,-1,30,1,347,1.0,0,0,5,25,0,0.0
raw_native_fdr,8.0,detection_template,348,-1,30,1,348,1.0,0,0,4,26,0,0.0
raw_native_fdr,8.0,detection_template,349,-1,518,1,349,1.0,0,0,57,461,1,0.0
raw_native_fdr,8.0,detection_template,350,-1,438,1,350,1.0,0,0,65,373,1,0.0
raw_native_fdr,8.0,detection_template,352,-1,606,1,352,1.0,0,0,78,528,1,0.0
raw_native_fdr,8.0,detection_template,353,-1,1809,1,353,1.0,0,0,208,1601,1,0.0
raw_native_fdr,8.0,detection_template,354,-1,5,1,354,1.0,0,0,2,3,0,0.0
raw_native_fdr,8.0,detection_template,356,-1,40,1,356,1.0,0,0,3,37,0,0.0
raw_native_fdr,8.0,detection_template,357,-1,29,1,357,1.0,0,0,3,26,0,0.0
raw_native_fdr,8.0,detection_template,358,-1,30,1,358,1.0,0,0,3,27,0,0.0
raw_native_fdr,8.0,detection_template,359,-1,610,1,359,1.0,0,0,90,520,1,0.0
raw_native_fdr,8.0,detection_template,360,-1,92,1,360,1.0,0,0,7,85,0,0.0
raw_native_fdr,8.0,detection_template,361,-1,53,1,361,1.0,0,0,8,45,0,0.0
raw_native_fdr,8.0,detection_template,362,-1,168,1,362,1.0,0,0,24,144,1,0.0
raw_native_fdr,8.0,detection_template,363,-1,2133,1,363,1.0,0,0,229,1904,1,0.0
raw_native_fdr,8.0,detection_template,364,-1,7304,1,364,1.0,0,0,803,6501,1,0.0066411136835661765
raw_native_fdr,8.0,detection_template,365,-1,1,1,365,1.0,0,0,0,1,0,0.0
raw_native_fdr,8.0,detection_template,367,-1,406,1,367,1.0,0,0,46,360,1,0.0
raw_native_fdr,8.0,detection_template,368,-1,123,1,368,1.0,0,0,16,107,0,0.0
raw_native_fdr,8.0,detection_template,370,-1,74,1,370,1.0,0,0,12,62,0,0.0
raw_native_fdr,8.0,detection_template,371,-1,22,1,371,1.0,0,0,3,19,0,0.0
raw_native_fdr,8.0,detection_template,372,-1,1,1,372,1.0,0,0,0,1,0,0.0
raw_native_fdr,8.0,detection_template,373,-1,25,1,373,1.0,0,0,6,19,0,0.0
raw_native_fdr,8.0,detection_template,374,-1,2,1,374,1.0,0,0,0,2,0,0.0
raw_native_fdr,8.0,detection_template,375,-1,6,1,375,1.0,0,0,2,4,0,0.0
raw_native_fdr,8.0,detection_template,376,-1,249,1,376,1.0,0,0,39,210,1,0.0
raw_native_fdr,8.0,detection_template,377,-1,80,1,377,1.0,0,0,11,69,0,0.0
raw_native_fdr,8.0,detection_template,378,-1,1778,1,378,1.0,0,0,190,1588,1,0.0
raw_native_fdr,8.0,detection_template,379,-1,23,1,379,1.0,0,0,2,21,0,0.0
raw_native_fdr,8.0,detection_template,381,-1,1850,1,381,1.0,0,0,213,1637,1,0.0
raw_native_fdr,8.0,detection_template,382,-1,159,1,382,1.0,0,0,18,141,1,0.0
raw_native_fdr,8.0,detection_template,383,-1,45,1,383,1.0,0,0,4,41,0,0.0
raw_native_fdr,8.0,detection_template,384,-1,450,1,384,1.0,0,0,52,398,1,0.0
raw_native_fdr,8.0,detection_template,385,-1,49,1,385,1.0,0,0,8,41,0,0.0
raw_native_fdr,8.0,detection_template,386,-1,25,1,386,1.0,0,0,6,19,0,0.0
raw_native_fdr,8.0,detection_template,387,-1,7,1,387,1.0,0,0,2,5,0,0.0
raw_native_fdr,8.0,detection_template,388,-1,8,1,388,1.0,0,0,0,8,0,0.0
raw_native_fdr,8.0,detection_template,390,-1,683,1,390,1.0,0,0,73,610,1,0.0
raw_native_fdr,8.0,detection_template,391,-1,16,1,391,1.0,0,0,1,15,0,0.0
raw_native_fdr,8.0,detection_template,392,-1,209,1,392,1.0,0,0,16,193,1,0.0
raw_native_fdr,8.0,detection_template,393,-1,13,1,393,1.0,0,0,1,12,0,0.0
raw_native_fdr,8.0,detection_template,394,-1,15,1,394,1.0,0,0,1,14,0,0.0
raw_native_fdr,8.0,detection_template,396,-1,231,1,396,1.0,0,0,32,199,1,0.0
raw_native_fdr,8.0,detection_template,397,-1,277,1,397,1.0,0,0,24,253,1,0.0
raw_native_fdr,8.0,detection_template,398,-1,3890,1,398,1.0,0,0,471,3419,1,0.06711198780215431
raw_native_fdr,8.0,detection_template,399,-1,27284,1,399,1.0,0,0,3292,23992,1,0.0
raw_native_fdr,8.0,detection_template,400,-1,1,1,400,1.0,0,0,0,1,0,0.0
raw_native_fdr,8.0,detection_template,401,-1,16,1,401,1.0,0,0,1,15,0,0.0
raw_native_fdr,8.0,detection_template,402,-1,702,1,402,1.0,0,0,69,633,1,0.0
raw_native_fdr,8.0,detection_template,403,-1,48,1,403,1.0,0,0,7,41,0,0.0
raw_native_fdr,8.0,detection_template,404,-1,221,1,404,1.0,0,0,29,192,1,0.0
raw_native_fdr,8.0,detection_template,405,-1,5368,1,405,1.0,0,0,642,4726,1,0.0
raw_native_fdr,8.0,detection_template,406,-1,94,1,406,1.0,0,0,13,81,0,0.0
raw_native_fdr,8.0,detection_template,408,-1,258,1,408,1.0,0,0,29,229,1,0.0
raw_native_fdr,8.0,detection_template,409,-1,51,1,409,1.0,0,0,4,47,0,0.0
raw_native_fdr,8.0,detection_template,410,-1,521,1,410,1.0,0,0,65,456,1,0.0
raw_native_fdr,8.0,detection_template,411,-1,2826,1,411,1.0,0,0,350,2476,1,0.02328288707727331
raw_native_fdr,8.0,detection_template,412,-1,3344,1,412,1.0,0,0,384,2960,1,0.0
raw_native_fdr,8.0,detection_template,413,-1,154,1,413,1.0,0,0,18,136,1,0.0
raw_native_fdr,8.0,detection_template,414,-1,34,1,414,1.0,0,0,3,31,0,0.0
raw_native_fdr,8.0,detection_template,415,-1,1452,1,415,1.0,0,0,184,1268,1,0.0
raw_native_fdr,8.0,detection_template,416,-1,218,1,416,1.0,0,0,25,193,1,0.0
raw_native_fdr,8.0,detection_template,417,-1,86,1,417,1.0,0,0,10,76,0,0.0
raw_native_fdr,8.0,detection_template,419,-1,513,1,419,1.0,0,0,68,445,1,0.0
raw_native_fdr,8.0,detection_template,420,-1,61,1,420,1.0,0,0,8,53,0,0.0
raw_native_fdr,8.0,detection_template,421,-1,11,1,421,1.0,0,0,3,8,0,0.0
raw_native_fdr,8.0,detection_template,422,-1,886,1,422,1.0,0,0,109,777,1,0.0
raw_native_fdr,8.0,detection_template,423,-1,43,1,423,1.0,0,0,3,40,0,0.0
raw_native_fdr,8.0,detection_template,424,-1,40,1,424,1.0,0,0,2,38,0,0.0
raw_native_fdr,8.0,detection_template,425,-1,11086,1,425,1.0,0,0,1311,9775,1,0.0
raw_native_fdr,8.0,detection_template,426,-1,341,1,426,1.0,0,0,37,304,1,0.0
raw_native_fdr,8.0,detection_template,427,-1,1408,1,427,1.0,0,0,173,1235,1,0.0
raw_native_fdr,8.0,detection_template,428,-1,43,1,428,1.0,0,0,3,40,0,0.0
raw_native_fdr,8.0,detection_template,429,-1,642,1,429,1.0,0,0,78,564,1,0.0
raw_native_fdr,8.0,detection_template,430,-1,13395,1,430,1.0,0,0,1558,11837,0,0.25640247104537667
raw_native_fdr,8.0,detection_template,431,-1,1,1,431,1.0,0,0,0,1,0,0.0
raw_native_fdr,8.0,detection_template,432,-1,1025,1,432,1.0,0,0,138,887,1,0.0
raw_native_fdr,8.0,detection_template,433,-1,57,1,433,1.0,0,0,9,48,0,0.0
raw_native_fdr,8.0,detection_template,434,-1,421,1,434,1.0,0,0,46,375,1,0.0
raw_native_fdr,8.0,detection_template,435,-1,300,1,435,1.0,0,0,35,265,1,0.0
raw_native_fdr,8.0,detection_template,436,-1,134,1,436,1.0,0,0,18,116,0,0.0
raw_native_fdr,8.0,detection_template,437,-1,306,1,437,1.0,0,0,39,267,1,0.0
raw_native_fdr,8.0,detection_template,438,-1,6193,1,438,1.0,0,0,741,5452,1,0.0
raw_native_fdr,8.0,detection_template,439,-1,11143,1,439,1.0,0,0,1293,9850,1,0.002772545685646949
raw_native_fdr,8.0,detection_template,440,-1,1277,1,440,1.0,0,0,159,1118,1,0.0
raw_native_fdr,8.0,detection_template,441,-1,3751,1,441,1.0,0,0,465,3286,1,0.0
raw_native_fdr,8.0,detection_template,442,-1,36,1,442,1.0,0,0,4,32,0,0.0
raw_native_fdr,8.0,detection_template,443,-1,104,1,443,1.0,0,0,18,86,1,0.0
raw_native_fdr,8.0,detection_template,444,-1,2529,1,444,1.0,0,0,302,2227,1,0.03584229390543029
raw_native_fdr,8.0,detection_template,445,-1,4523,1,445,1.0,0,0,502,4021,1,0.0
raw_native_fdr,8.0,detection_template,446,-1,11668,1,446,1.0,0,0,1340,10328,1,0.011611030478190149
raw_native_fdr,8.0,detection_template,447,-1,1052,1,447,1.0,0,0,121,931,1,0.0
raw_native_fdr,8.0,detection_template,448,-1,1,1,448,1.0,0,0,1,0,0,0.0
raw_native_fdr,8.0,detection_template,449,-1,630,1,449,1.0,0,0,76,554,1,0.0
raw_native_fdr,8.0,detection_template,450,-1,159,1,450,1.0,0,0,20,139,0,0.0
raw_native_fdr,8.0,detection_template,451,-1,667,1,451,1.0,0,0,75,592,1,0.0
raw_native_fdr,8.0,detection_template,452,-1,243,1,452,1.0,0,0,35,208,1,0.0
raw_native_fdr,8.0,detection_template,453,-1,2669,1,453,1.0,0,0,320,2349,1,0.0
raw_native_fdr,8.0,detection_template,454,-1,8178,1,454,1.0,0,0,977,7201,1,0.035664191969324126
raw_native_fdr,8.0,detection_template,455,-1,947,1,455,1.0,0,0,110,837,1,0.17183195591399147
raw_native_fdr,8.0,detection_template,456,-1,11156,1,456,1.0,0,0,1340,9816,1,0.0037505402202331495
raw_native_fdr,8.0,detection_template,457,-1,5289,1,457,1.0,0,0,617,4672,1,0.0
raw_native_fdr,8.0,detection_template,458,-1,2090,1,458,1.0,0,0,248,1842,1,0.0
raw_native_fdr,8.0,detection_template,459,-1,135,1,459,1.0,0,0,19,116,0,0.0
raw_native_fdr,8.0,detection_template,460,-1,574,1,460,1.0,0,0,74,500,1,0.0
raw_native_fdr,8.0,detection_template,461,-1,140,1,461,1.0,0,0,17,123,0,0.0
raw_native_fdr,8.0,detection_template,462,-1,1587,1,462,1.0,0,0,176,1411,1,0.0
raw_native_fdr,8.0,detection_template,463,-1,1173,1,463,1.0,0,0,152,1021,1,0.0
raw_native_fdr,8.0,detection_template,464,-1,311,1,464,1.0,0,0,45,266,0,0.0
raw_native_fdr,8.0,detection_template,465,-1,9583,1,465,1.0,0,0,1123,8460,1,0.0
raw_native_fdr,8.0,detection_template,466,-1,9306,1,466,1.0,0,0,1087,8219,1,0.0
raw_native_fdr,8.0,detection_template,467,-1,2,1,467,1.0,0,0,1,1,0,0.0
raw_native_fdr,8.0,detection_template,468,-1,213,1,468,1.0,0,0,24,189,1,0.0
raw_native_fdr,8.0,detection_template,469,-1,28,1,469,1.0,0,0,5,23,0,1384273214285.7139
raw_native_fdr,8.0,detection_template,470,-1,224,1,470,1.0,0,0,33,191,1,0.0
raw_native_fdr,8.0,detection_template,471,-1,925,1,471,1.0,0,0,99,826,1,0.0
raw_native_fdr,8.0,detection_template,472,-1,383,1,472,1.0,0,0,69,314,1,0.0
raw_native_fdr,8.0,detection_template,473,-1,945,1,473,1.0,0,0,132,813,0,0.7324770641699985
raw_native_fdr,8.0,detection_template,474,-1,338,1,474,1.0,0,0,48,290,1,0.0
raw_native_fdr,8.0,detection_template,475,-1,337,1,475,1.0,0,0,48,289,0,0.0
raw_native_fdr,8.0,detection_template,476,-1,13,1,476,1.0,0,0,4,9,0,0.0
raw_native_fdr,8.0,detection_template,477,-1,2374,1,477,1.0,0,0,283,2091,1,0.0
raw_native_fdr,8.0,detection_template,478,-1,757,1,478,1.0,0,0,80,677,1,0.0
raw_native_fdr,8.0,detection_template,479,-1,2662,1,479,1.0,0,0,320,2342,1,0.0
raw_native_fdr,8.0,detection_template,480,-1,935,1,480,1.0,0,0,119,816,1,0.0
raw_native_fdr,8.0,detection_template,481,-1,128,1,481,1.0,0,0,21,107,0,0.0
raw_native_fdr,8.0,detection_template,482,-1,677,1,482,1.0,0,0,86,591,1,0.0
raw_native_fdr,8.0,detection_template,483,-1,2034,1,483,1.0,0,0,263,1771,0,0.40287769783369737
raw_native_fdr,8.0,detection_template,484,-1,126,1,484,1.0,0,0,30,96,1,0.0
raw_native_fdr,8.0,detection_template,485,-1,2340,1,485,1.0,0,0,270,2070,1,0.0
raw_native_fdr,8.0,detection_template,486,-1,3288,1,486,1.0,0,0,397,2891,1,0.0
raw_native_fdr,8.0,detection_template,487,-1,612,1,487,1.0,0,0,84,528,1,0.0
raw_native_fdr,8.0,detection_template,488,-1,1093,1,488,1.0,0,0,163,930,1,0.0
raw_native_fdr,8.0,detection_template,489,-1,585,1,489,1.0,0,0,397,188,0,0.0
raw_native_fdr,8.0,detection_template,490,-1,3428,1,490,1.0,0,0,405,3023,1,0.0
raw_native_fdr,8.0,detection_template,491,-1,47,1,491,1.0,0,0,4,43,0,0.0
raw_native_fdr,8.0,detection_template,492,-1,4,1,492,1.0,0,0,0,4,0,0.0
raw_native_fdr,8.0,detection_template,493,-1,741,1,493,1.0,0,0,94,647,1,0.0
raw_native_fdr,8.0,detection_template,494,-1,1623,1,494,1.0,0,0,200,1423,1,0.0
raw_native_fdr,8.0,detection_template,495,-1,454,1,495,1.0,0,0,49,405,1,0.0
raw_native_fdr,8.0,detection_template,496,-1,4882,1,496,1.0,0,0,523,4359,1,0.0
raw_native_fdr,8.0,detection_template,497,-1,516,1,497,1.0,0,0,72,444,1,0.0
raw_native_fdr,8.0,detection_template,498,-1,212,1,498,1.0,0,0,22,190,1,0.0
raw_native_fdr,8.0,detection_template,499,-1,1726,1,499,1.0,0,0,194,1532,1,0.0
raw_native_fdr,8.0,detection_template,500,-1,858,1,500,1.0,0,0,121,737,1,0.0
raw_native_fdr,8.0,detection_template,501,-1,2,1,501,1.0,0,0,0,2,0,0.0
raw_native_fdr,8.0,detection_template,502,-1,70,1,502,1.0,0,0,3,67,0,0.0
raw_native_fdr,8.0,detection_template,503,-1,902,1,503,1.0,0,0,114,788,1,0.0
raw_native_fdr,8.0,detection_template,504,-1,4375,1,504,1.0,0,0,484,3891,1,0.0
raw_native_fdr,8.0,detection_template,505,-1,459,1,505,1.0,0,0,54,405,1,0.0
raw_native_fdr,8.0,detection_template,506,-1,620,1,506,1.0,0,0,67,553,1,0.0
raw_native_fdr,8.0,detection_template,507,-1,681,1,507,1.0,0,0,79,602,1,0.0
raw_native_fdr,8.0,detection_template,508,-1,11113,1,508,1.0,0,0,1307,9806,1,0.0
raw_native_fdr,8.0,detection_template,509,-1,4,1,509,1.0,0,0,1,3,0,0.0
raw_native_fdr,8.0,detection_template,510,-1,312,1,510,1.0,0,0,39,273,1,0.0
raw_native_fdr,8.0,detection_template,511,-1,230,1,511,1.0,0,0,29,201,1,0.0
raw_native_fdr,8.0,detection_template,512,-1,110,1,512,1.0,0,0,23,87,1,0.0
raw_native_fdr,8.0,detection_template,513,-1,74,1,513,1.0,0,0,5,69,0,0.0
raw_native_fdr,8.0,detection_template,514,-1,681,1,514,1.0,0,0,84,597,1,0.0
raw_native_fdr,8.0,detection_template,515,-1,192,1,515,1.0,0,0,16,176,0,0.0
raw_native_fdr,8.0,detection_template,516,-1,112,1,516,1.0,0,0,12,100,0,0.0
raw_native_fdr,8.0,detection_template,517,-1,914,1,517,1.0,0,0,104,810,1,0.0
raw_native_fdr,8.0,detection_template,518,-1,5,1,518,1.0,0,0,1,4,0,0.0
raw_native_fdr,8.0,detection_template,519,-1,6786,1,519,1.0,0,0,833,5953,1,0.031249999998125954
raw_native_fdr,8.0,detection_template,520,-1,189,1,520,1.0,0,0,21,168,0,0.0
raw_native_fdr,8.0,detection_template,521,-1,8743,1,521,1.0,0,0,1082,7661,1,0.021123785381771412
raw_native_fdr,8.0,detection_template,522,-1,4,1,522,1.0,0,0,0,4,0,0.0
raw_native_fdr,8.0,detection_template,523,-1,267,1,523,1.0,0,0,29,238,0,0.0
raw_native_fdr,8.0,detection_template,524,-1,365,1,524,1.0,0,0,39,326,1,0.16260162601536768
raw_native_fdr,8.0,detection_template,525,-1,223,1,525,1.0,0,0,25,198,1,0.0
raw_native_fdr,8.0,detection_template,526,-1,85,1,526,1.0,0,0,12,73,0,0.0
raw_native_fdr,8.0,detection_template,527,-1,470,1,527,1.0,0,0,55,415,1,0.0
raw_native_fdr,8.0,detection_template,528,-1,423,1,528,1.0,0,0,61,362,1,0.0
raw_native_fdr,8.0,detection_template,529,-1,132,1,529,1.0,0,0,16,116,1,0.0
raw_native_fdr,8.0,detection_template,530,-1,10544,1,530,1.0,0,0,1274,9270,1,0.0
raw_native_fdr,8.0,detection_template,531,-1,9,1,531,1.0,0,0,2,7,0,0.0
raw_native_fdr,8.0,detection_template,532,-1,702,1,532,1.0,0,0,71,631,1,0.0
raw_native_fdr,8.0,detection_template,533,-1,61,1,533,1.0,0,0,5,56,0,0.0
raw_native_fdr,8.0,detection_template,534,-1,250,1,534,1.0,0,0,29,221,0,0.0
raw_native_fdr,8.0,detection_template,535,-1,10195,1,535,1.0,0,0,1236,8959,1,0.0
raw_native_fdr,8.0,detection_template,536,-1,50,1,536,1.0,0,0,4,46,0,0.0
raw_native_fdr,8.0,detection_template,537,-1,224,1,537,1.0,0,0,26,198,1,0.0
raw_native_fdr,8.0,detection_template,538,-1,495,1,538,1.0,0,0,55,440,1,0.17699115044114455
raw_native_fdr,8.0,detection_template,539,-1,54,1,539,1.0,0,0,3,51,0,0.0
raw_native_fdr,8.0,detection_template,540,-1,295,1,540,1.0,0,0,34,261,1,0.0
raw_native_fdr,8.0,detection_template,541,-1,63,1,541,1.0,0,0,5,58,0,0.0
raw_native_fdr,8.0,detection_template,542,-1,681,1,542,1.0,0,0,84,597,1,0.0
raw_native_fdr,8.0,detection_template,543,-1,45,1,543,1.0,0,0,5,40,0,0.0
raw_native_fdr,8.0,detection_template,544,-1,4353,1,544,1.0,0,0,475,3878,1,0.03559985759976401
raw_native_fdr,8.0,detection_template,545,-1,167,1,545,1.0,0,0,20,147,1,0.0
raw_native_fdr,8.0,detection_template,546,-1,435,1,546,1.0,0,0,71,364,0,0.21857923497040294
raw_native_fdr,8.0,detection_template,547,-1,510,1,547,1.0,0,0,54,456,1,0.0
raw_native_fdr,8.0,detection_template,548,-1,2,1,548,1.0,0,0,0,2,0,0.0
raw_native_fdr,8.0,detection_template,549,-1,68,1,549,1.0,0,0,6,62,0,0.0
raw_native_fdr,8.0,detection_template,550,-1,164,1,550,1.0,0,0,21,143,0,0.0
raw_native_fdr,8.0,detection_template,551,-1,3060,1,551,1.0,0,0,373,2687,1,0.012870012869495623
raw_native_fdr,8.0,detection_template,552,-1,1050,1,552,1.0,0,0,135,915,1,0.17857142856554198
raw_native_fdr,8.0,detection_template,553,-1,2922,1,553,1.0,0,0,346,2576,1,0.0
raw_native_fdr,8.0,detection_template,554,-1,10,1,554,1.0,0,0,2,8,0,0.0
raw_native_fdr,8.0,detection_template,555,-1,160,1,555,1.0,0,0,29,131,1,0.0
raw_native_fdr,8.0,detection_template,556,-1,279,1,556,1.0,0,0,37,242,1,0.0
raw_native_fdr,8.0,detection_template,557,-1,738,1,557,1.0,0,0,80,658,1,0.09009009008971895
raw_native_fdr,8.0,detection_template,558,-1,62,1,558,1.0,0,0,10,52,0,0.0
raw_native_fdr,8.0,detection_template,559,-1,2127,1,559,1.0,0,0,280,1847,1,0.0
raw_native_fdr,8.0,detection_template,560,-1,49,1,560,1.0,0,0,3,46,0,0.0
raw_native_fdr,8.0,detection_template,561,-1,4,1,561,1.0,0,0,1,3,0,0.0
raw_native_fdr,8.0,detection_template,563,-1,7,1,563,1.0,0,0,1,6,0,0.0
raw_native_fdr,8.0,detection_template,564,-1,4,1,564,1.0,0,0,1,3,0,0.0
raw_native_fdr,8.0,detection_template,565,-1,13,1,565,1.0,0,0,0,13,0,0.0
raw_native_fdr,8.0,detection_template,566,-1,8,1,566,1.0,0,0,0,8,0,0.0
raw_native_fdr,8.0,detection_template,567,-1,120,1,567,1.0,0,0,9,111,0,2.4999999999962146
raw_native_fdr,8.0,detection_template,568,-1,41,1,568,1.0,0,0,2,39,0,0.7407407407375598
raw_native_fdr,8.0,detection_template,569,-1,2,1,569,1.0,0,0,0,2,0,0.0
raw_native_fdr,8.0,detection_template,570,-1,76,1,570,1.0,0,0,6,70,1,0.0
raw_native_fdr,8.0,detection_template,571,-1,29,1,571,1.0,0,0,3,26,0,1.9999999999970022
raw_native_fdr,8.0,detection_template,572,-1,39,1,572,1.0,0,0,6,33,0,0.0
raw_native_fdr,8.0,detection_template,573,-1,14,1,573,1.0,0,0,1,13,0,0.0
raw_native_fdr,8.0,detection_template,574,-1,38,1,574,1.0,0,0,5,33,0,0.0
raw_native_fdr,8.0,detection_template,575,-1,64,1,575,1.0,0,0,8,56,0,0.0
raw_native_fdr,8.0,detection_template,576,-1,51,1,576,1.0,0,0,1,50,0,0.0
raw_native_fdr,8.0,detection_template,577,-1,132,1,577,1.0,0,0,17,115,1,0.0
raw_native_fdr,8.0,detection_template,579,-1,77,1,579,1.0,0,0,15,62,0,0.0
raw_native_fdr,8.0,detection_template,580,-1,56,1,580,1.0,0,0,14,42,0,0.0
raw_native_fdr,8.0,detection_template,581,-1,19,1,581,1.0,0,0,2,17,0,0.0
raw_native_fdr,8.0,detection_template,582,-1,105,1,582,1.0,0,0,12,93,0,4.444444444425888
raw_native_fdr,8.0,detection_template,583,-1,12,1,583,1.0,0,0,1,11,0,0.0
raw_native_fdr,8.0,detection_template,584,-1,32,1,584,1.0,0,0,5,27,0,0.0
raw_native_fdr,8.0,detection_template,585,-1,7,1,585,1.0,0,0,0,7,0,0.0
raw_native_fdr,8.0,detection_template,586,-1,85,1,586,1.0,0,0,11,74,1,0.0
raw_native_fdr,8.0,final_clustering,0,-1,386,2,6,0.9974093264248705,0,0,36,350,0,0.0
raw_native_fdr,8.0,final_clustering,1,-1,2530,6,4,0.8837944664031621,0,0,270,2260,1,0.0
raw_native_fdr,8.0,final_clustering,2,-1,1955,3,10,0.99846547314578,0,0,201,1754,1,0.1864801864746425
raw_native_fdr,8.0,final_clustering,3,-1,4676,6,5,0.9612917023096664,0,0,534,4142,1,0.0
raw_native_fdr,8.0,final_clustering,4,-1,1384,1,8,1.0,0,0,147,1237,1,0.0
raw_native_fdr,8.0,final_clustering,5,-1,6620,3,18,0.9990936555891239,0,0,791,5829,1,0.0
raw_native_fdr,8.0,final_clustering,6,-1,727,3,14,0.9105914718019257,0,0,93,634,1,0.0
raw_native_fdr,8.0,final_clustering,7,-1,5188,4,15,0.9990362374710872,0,0,593,4595,1,0.0
raw_native_fdr,8.0,final_clustering,8,-1,4633,3,16,0.9730196417008418,0,0,513,4120,1,0.022624434388224604
raw_native_fdr,8.0,final_clustering,9,-1,299,3,12,0.9163879598662207,0,0,43,256,1,0.0
raw_native_fdr,8.0,final_clustering,10,-1,3176,4,3,0.9222292191435768,0,0,363,2813,1,0.04756242568179837
raw_native_fdr,8.0,final_clustering,11,-1,256,2,22,0.9765625,0,0,33,223,1,0.0
raw_native_fdr,8.0,final_clustering,12,-1,258,4,24,0.7015503875968992,0,0,33,225,1,0.0
raw_native_fdr,8.0,final_clustering,13,-1,3844,2,21,0.9966181061394381,0,0,468,3376,1,0.0
raw_native_fdr,8.0,final_clustering,14,-1,10496,2,23,0.9992378048780488,0,0,1256,9240,1,0.0
raw_native_fdr,8.0,final_clustering,15,-1,479,1,32,1.0,0,0,62,417,1,0.0
raw_native_fdr,8.0,final_clustering,16,-1,3414,3,29,0.9595782073813708,0,0,400,3014,1,0.0
raw_native_fdr,8.0,final_clustering,17,-1,1249,4,30,0.9599679743795037,0,0,144,1105,1,0.0
raw_native_fdr,8.0,final_clustering,18,-1,3272,4,31,0.9514058679706602,0,0,392,2880,1,0.0
raw_native_fdr,8.0,final_clustering,19,-1,716,4,33,0.7318435754189944,0,0,89,627,1,0.0
raw_native_fdr,8.0,final_clustering,20,-1,357,1,35,1.0,0,0,34,323,1,0.0
raw_native_fdr,8.0,final_clustering,21,-1,4816,4,36,0.9931478405315615,0,0,602,4214,1,0.0
raw_native_fdr,8.0,final_clustering,22,-1,18993,3,40,0.9966829884694361,0,0,2188,16805,1,0.0
raw_native_fdr,8.0,final_clustering,23,-1,6599,4,26,0.9993938475526595,0,0,770,5829,1,0.0
raw_native_fdr,8.0,final_clustering,24,-1,3920,4,39,0.997704081632653,0,0,486,3434,1,0.006416426050531484
raw_native_fdr,8.0,final_clustering,25,-1,2797,2,37,0.9996424740793708,0,0,316,2481,1,0.0
raw_native_fdr,8.0,final_clustering,26,-1,2663,2,45,0.9954938039804732,0,0,322,2341,1,0.061255742723653195
raw_native_fdr,8.0,final_clustering,27,-1,11311,4,42,0.9827601449916011,0,0,1376,9935,1,0.0029102550109597974
raw_native_fdr,8.0,final_clustering,28,-1,422,4,44,0.8483412322274881,0,0,47,375,1,0.0
raw_native_fdr,8.0,final_clustering,29,-1,141,2,43,0.9929078014184397,0,0,18,123,0,0.0
raw_native_fdr,8.0,final_clustering,30,-1,2528,3,48,0.9980221518987342,0,0,324,2204,1,0.0
raw_native_fdr,8.0,final_clustering,31,-1,607,1,47,1.0,0,0,77,530,1,0.0
raw_native_fdr,8.0,final_clustering,32,-1,170,1,50,1.0,0,0,16,154,0,0.0
raw_native_fdr,8.0,final_clustering,33,-1,1532,3,53,0.9908616187989556,0,0,195,1337,1,0.0
raw_native_fdr,8.0,final_clustering,34,-1,1277,4,51,0.9937353171495693,0,0,154,1123,1,0.1574803149572283
raw_native_fdr,8.0,final_clustering,35,-1,2203,4,56,0.9854743531547889,0,0,288,1915,1,0.0
raw_native_fdr,8.0,final_clustering,36,-1,1468,2,55,0.9952316076294278,0,0,162,1306,1,0.0
raw_native_fdr,8.0,final_clustering,37,-1,393,2,52,0.926208651399491,0,0,64,329,1,0.0
raw_native_fdr,8.0,final_clustering,38,-1,227,1,57,1.0,0,0,25,202,0,0.0
raw_native_fdr,8.0,final_clustering,39,-1,7293,3,63,0.9986288221582339,0,0,849,6444,1,0.019157088121791437
raw_native_fdr,8.0,final_clustering,40,-1,1308,3,60,0.9915902140672783,0,0,144,1164,1,0.0
raw_native_fdr,8.0,final_clustering,41,-1,4201,2,66,0.9969054986907879,0,0,473,3728,1,0.08468595624207159
raw_native_fdr,8.0,final_clustering,42,-1,844,1,68,1.0,0,0,108,736,0,0.6451612902731378
raw_native_fdr,8.0,final_clustering,43,-1,6375,1,69,1.0,0,0,766,5609,1,0.0
raw_native_fdr,8.0,final_clustering,44,-1,11220,5,65,0.979144385026738,0,0,1306,9914,1,0.0
raw_native_fdr,8.0,final_clustering,45,-1,265,1,71,1.0,0,0,37,228,1,0.0
raw_native_fdr,8.0,final_clustering,46,-1,438,2,64,0.997716894977169,0,0,43,395,1,0.0
raw_native_fdr,8.0,final_clustering,47,-1,4928,3,70,0.9995941558441559,0,0,586,4342,0,0.876863334505963
raw_native_fdr,8.0,final_clustering,48,-1,4090,2,74,0.9975550122249389,0,0,478,3612,1,0.0
raw_native_fdr,8.0,final_clustering,49,-1,8905,3,73,0.9996631106120157,0,0,1035,7870,1,0.005566379070209934
raw_native_fdr,8.0,final_clustering,50,-1,1167,2,76,0.5184233076263924,0,0,129,1038,1,0.0
raw_native_fdr,8.0,final_clustering,51,-1,1696,5,80,0.9652122641509434,0,0,203,1493,1,0.0
raw_native_fdr,8.0,final_clustering,52,-1,116,2,75,0.6810344827586207,0,0,11,105,0,0.0
raw_native_fdr,8.0,final_clustering,53,-1,137,3,81,0.9635036496350365,0,0,17,120,1,0.0
raw_native_fdr,8.0,final_clustering,54,-1,1041,2,79,0.9500480307396734,0,0,133,908,1,0.0
raw_native_fdr,8.0,final_clustering,55,-1,996,1,83,1.0,0,0,125,871,0,0.5860805860590309
raw_native_fdr,8.0,final_clustering,56,-1,752,1,86,1.0,0,0,81,671,1,0.0
raw_native_fdr,8.0,final_clustering,57,-1,361,2,86,0.9861495844875346,0,0,41,320,1,0.0
raw_native_fdr,8.0,final_clustering,58,-1,2785,4,92,0.8825852782764811,0,0,336,2449,0,0.25702811244445734
raw_native_fdr,8.0,final_clustering,59,-1,81,1,93,1.0,0,0,8,73,0,0.0
raw_native_fdr,8.0,final_clustering,60,-1,648,3,88,0.8780864197530864,0,0,86,562,0,0.48780487804042516
raw_native_fdr,8.0,final_clustering,61,-1,102,2,85,0.9901960784313726,0,0,9,93,1,0.0
raw_native_fdr,8.0,final_clustering,62,-1,4880,5,91,0.8956967213114754,0,0,546,4334,0,0.27491408933636163
raw_native_fdr,8.0,final_clustering,63,-1,259,2,90,0.9845559845559846,0,0,30,229,0,3.9999999999537206
raw_native_fdr,8.0,final_clustering,64,-1,248,4,89,0.8790322580645161,0,0,30,218,0,0.0
raw_native_fdr,8.0,final_clustering,65,-1,110,2,97,0.9454545454545454,0,0,17,93,1,0.0
raw_native_fdr,8.0,final_clustering,66,-1,3,2,100,0.6666666666666666,0,0,1,2,0,0.0
raw_native_fdr,8.0,final_clustering,67,-1,45,1,102,1.0,0,0,9,36,0,0.0
raw_native_fdr,8.0,final_clustering,68,-1,99,2,106,0.8787878787878788,0,0,18,81,1,0.0
raw_native_fdr,8.0,final_clustering,69,-1,181,4,113,0.9668508287292817,0,0,23,158,1,0.0
raw_native_fdr,8.0,final_clustering,70,793,13168,3,112,0.9996962332928311,13161,7,13162,6,1,0.0
raw_native_fdr,8.0,final_clustering,71,-1,160,3,115,0.5875,0,0,13,147,0,0.0
raw_native_fdr,8.0,final_clustering,72,-1,18,2,119,0.5555555555555556,0,0,4,14,0,0.0
raw_native_fdr,8.0,final_clustering,73,2143,17773,4,124,0.9992122883024813,17759,14,17759,14,1,0.0
raw_native_fdr,8.0,final_clustering,74,-1,33,3,122,0.8484848484848485,0,0,3,30,0,0.0
raw_native_fdr,8.0,final_clustering,75,-1,12232,3,128,0.9857750163505559,0,0,1393,10839,1,0.0566263748199667
raw_native_fdr,8.0,final_clustering,76,-1,1078,5,131,0.8534322820037106,0,0,139,939,0,0.4102564102319269
raw_native_fdr,8.0,final_clustering,77,-1,287,4,134,0.47735191637630664,0,0,34,253,0,0.0
raw_native_fdr,8.0,final_clustering,78,-1,1028,2,137,0.9892996108949417,0,0,138,890,1,0.0
raw_native_fdr,8.0,final_clustering,79,-1,237,1,136,1.0,0,0,33,204,1,0.0
raw_native_fdr,8.0,final_clustering,80,-1,432,2,142,0.9884259259259259,0,0,60,372,0,1.2499999999507738
raw_native_fdr,8.0,final_clustering,81,-1,161,2,139,0.6956521739130435,0,0,22,139,0,0.0
raw_native_fdr,8.0,final_clustering,82,-1,529,2,141,0.998109640831758,0,0,510,19,1,0.0
raw_native_fdr,8.0,final_clustering,83,-1,1754,1,145,1.0,0,0,216,1538,1,0.0961538461514744
raw_native_fdr,8.0,final_clustering,84,-1,409,2,148,0.9682151589242054,0,0,42,367,0,0.5555555555379771
raw_native_fdr,8.0,final_clustering,85,-1,467,2,147,0.9978586723768736,0,0,88,379,0,0.0
raw_native_fdr,8.0,final_clustering,86,-1,627,3,144,0.9936204146730463,0,0,107,520,0,0.0
raw_native_fdr,8.0,final_clustering,87,-1,422,2,149,0.976303317535545,0,0,246,176,1,0.0
raw_native_fdr,8.0,final_clustering,88,-1,143,2,143,0.993006993006993,0,0,17,126,0,0.0
raw_native_fdr,8.0,final_clustering,89,-1,251,3,150,0.7569721115537849,0,0,37,214,0,0.0
raw_native_fdr,8.0,final_clustering,90,-1,52,2,154,0.75,0,0,3,49,0,0.0
raw_native_fdr,8.0,final_clustering,91,-1,146,4,157,0.3835616438356164,0,0,22,124,1,0.0
raw_native_fdr,8.0,final_clustering,92,-1,2,2,161,0.5,0,0,1,1,0,0.0
raw_native_fdr,8.0,final_clustering,93,-1,113,3,165,0.9557522123893806,0,0,18,95,1,0.0
raw_native_fdr,8.0,final_clustering,94,-1,347,4,166,0.8097982708933718,0,0,83,264,1,0.0
raw_native_fdr,8.0,final_clustering,95,-1,622,3,171,0.8070739549839229,0,0,66,556,0,0.0
raw_native_fdr,8.0,final_clustering,96,-1,122,1,176,1.0,0,0,9,113,0,0.0
raw_native_fdr,8.0,final_clustering,97,-1,8168,1,174,1.0,0,0,904,7264,1,0.0
raw_native_fdr,8.0,final_clustering,98,-1,6369,6,184,0.9795886324383734,0,0,795,5574,1,0.0
raw_native_fdr,8.0,final_clustering,99,-1,3131,4,183,0.996167358671351,0,0,372,2759,1,0.0
raw_native_fdr,8.0,final_clustering,100,-1,388,3,175,0.6108247422680413,0,0,45,343,0,0.0
raw_native_fdr,8.0,final_clustering,101,-1,215,1,185,1.0,0,0,36,179,0,0.0
raw_native_fdr,8.0,final_clustering,102,-1,189,1,180,1.0,0,0,16,173,0,0.0
raw_native_fdr,8.0,final_clustering,103,-1,283,4,191,0.8621908127208481,0,0,29,254,1,0.0
raw_native_fdr,8.0,final_clustering,104,-1,922,5,196,0.8253796095444685,0,0,118,804,1,0.0
raw_native_fdr,8.0,final_clustering,105,-1,183,4,178,0.6229508196721312,0,0,28,155,0,0.0
raw_native_fdr,8.0,final_clustering,106,-1,597,2,188,0.9798994974874372,0,0,78,519,0,0.0
raw_native_fdr,8.0,final_clustering,107,-1,513,3,193,0.9883040935672515,0,0,49,464,1,0.0
raw_native_fdr,8.0,final_clustering,108,-1,31160,7,182,0.9896341463414634,0,0,3621,27539,1,0.011625852571318127
raw_native_fdr,8.0,final_clustering,109,-1,456,1,187,1.0,0,0,62,394,1,0.0
raw_native_fdr,8.0,final_clustering,110,-1,2951,4,189,0.9095221958658082,0,0,351,2600,1,0.1914811972238204
raw_native_fdr,8.0,final_clustering,111,-1,5159,3,206,0.9994184919558053,0,0,617,4542,1,0.06225671224328133
raw_native_fdr,8.0,final_clustering,112,-1,589,3,211,0.967741935483871,0,0,74,515,1,0.0
raw_native_fdr,8.0,final_clustering,113,-1,562,1,202,1.0,0,0,72,490,1,0.0
raw_native_fdr,8.0,final_clustering,114,-1,2116,5,195,0.8090737240075614,0,0,258,1858,1,0.0
raw_native_fdr,8.0,final_clustering,115,-1,362,2,207,0.9171270718232044,0,0,44,318,1,0.0
raw_native_fdr,8.0,final_clustering,116,-1,10447,4,212,0.9888963338757538,0,0,1210,9237,1,0.0
raw_native_fdr,8.0,final_clustering,117,-1,19917,5,201,0.9994979163528643,0,0,2351,17566,1,0.002914889888147145
raw_native_fdr,8.0,final_clustering,118,-1,28057,4,213,0.9993940906012759,0,0,3170,24887,1,0.0013949067731371019
raw_native_fdr,8.0,final_clustering,119,-1,4195,6,217,0.9709177592371872,0,0,516,3679,1,0.0
raw_native_fdr,8.0,final_clustering,120,-1,177,2,203,0.9943502824858758,0,0,24,153,0,0.0
raw_native_fdr,8.0,final_clustering,121,-1,517,3,216,0.9961315280464217,0,0,54,463,1,0.0
raw_native_fdr,8.0,final_clustering,122,-1,103,3,203,0.7475728155339806,0,0,15,88,0,0.0
raw_native_fdr,8.0,final_clustering,123,-1,744,3,220,0.989247311827957,0,0,89,655,1,0.0
raw_native_fdr,8.0,final_clustering,124,-1,262,3,217,0.9351145038167938,0,0,41,221,1,0.0
raw_native_fdr,8.0,final_clustering,125,-1,13492,5,250,0.9965164541950786,0,0,1578,11914,1,0.0
raw_native_fdr,8.0,final_clustering,126,-1,1315,4,214,0.8068441064638783,0,0,153,1162,1,0.0
raw_native_fdr,8.0,final_clustering,127,-1,3066,7,224,0.9266144814090019,0,0,365,2701,1,0.0
raw_native_fdr,8.0,final_clustering,128,-1,2330,5,215,0.9244635193133047,0,0,247,2083,0,0.26666666665745825
raw_native_fdr,8.0,final_clustering,129,-1,875,3,219,0.8662857142857143,0,0,115,760,1,0.0
raw_native_fdr,8.0,final_clustering,130,-1,6577,4,210,0.9121179869241295,0,0,769,5808,1,0.024040082861528596
raw_native_fdr,8.0,final_clustering,131,-1,5320,3,229,0.999624060150376,0,0,663,4657,1,0.0
raw_native_fdr,8.0,final_clustering,132,-1,4979,1,226,1.0,0,0,583,4396,1,0.0
raw_native_fdr,8.0,final_clustering,133,-1,15220,6,228,0.9913272010512484,0,0,1795,13425,1,0.002162476056572484
raw_native_fdr,8.0,final_clustering,134,-1,575,2,231,0.9982608695652174,0,0,62,513,1,0.0
raw_native_fdr,8.0,final_clustering,135,-1,534,3,237,0.9943820224719101,0,0,64,470,1,0.0
raw_native_fdr,8.0,final_clustering,136,-1,2453,11,233,0.8858540562576437,0,0,269,2184,1,0.0
raw_native_fdr,8.0,final_clustering,137,-1,10032,7,244,0.9791666666666666,0,0,1193,8839,1,0.026674506867096905
raw_native_fdr,8.0,final_clustering,138,-1,264,1,245,1.0,0,0,28,236,0,0.0
raw_native_fdr,8.0,final_clustering,139,-1,617,3,234,0.9902755267423015,0,0,72,545,0,0.0
raw_native_fdr,8.0,final_clustering,140,-1,2864,6,225,0.7353351955307262,0,0,335,2529,0,0.41792294804382674
raw_native_fdr,8.0,final_clustering,141,-1,201,3,246,0.9900497512437811,0,0,21,180,0,0.0
raw_native_fdr,8.0,final_clustering,142,-1,545,4,231,0.9926605504587156,0,0,59,486,1,0.0
raw_native_fdr,8.0,final_clustering,143,-1,482,8,242,0.6224066390041494,0,0,60,422,0,0.0
raw_native_fdr,8.0,final_clustering,144,-1,26033,12,252,0.99039680405639,0,0,2962,23071,1,0.001230391407393488
raw_native_fdr,8.0,final_clustering,145,-1,304,4,242,0.930921052631579,0,0,37,267,0,0.0
raw_native_fdr,8.0,final_clustering,146,-1,133,3,242,0.7894736842105263,0,0,13,120,0,0.0
raw_native_fdr,8.0,final_clustering,147,-1,354,5,241,0.9067796610169492,0,0,51,303,1,0.0
raw_native_fdr,8.0,final_clustering,148,-1,760,6,232,0.9644736842105263,0,0,106,654,1,0.0
raw_native_fdr,8.0,final_clustering,149,-1,15449,6,230,0.9842060974820377,0,0,1863,13586,1,0.004082367281826359
raw_native_fdr,8.0,final_clustering,150,-1,20149,7,251,0.8757754727281751,0,0,2390,17759,1,0.00472739330169189
raw_native_fdr,8.0,final_clustering,151,-1,56400,18,265,0.9957269503546099,0,0,6650,49750,1,0.00838713875589137
raw_native_fdr,8.0,final_clustering,152,-1,8990,7,254,0.8730812013348165,0,0,1058,7932,1,0.010021488963635753
raw_native_fdr,8.0,final_clustering,153,-1,985,4,264,0.9888324873096447,0,0,129,856,1,0.0
raw_native_fdr,8.0,final_clustering,154,-1,382,1,235,1.0,0,0,41,341,1,0.0
raw_native_fdr,8.0,final_clustering,155,-1,1304,4,255,0.9394171779141104,0,0,152,1152,1,0.0
raw_native_fdr,8.0,final_clustering,156,-1,2219,4,239,0.9936908517350158,0,0,253,1966,1,0.0
raw_native_fdr,8.0,final_clustering,157,-1,4941,5,249,0.9872495446265938,0,0,608,4333,1,0.10193659093777184
raw_native_fdr,8.0,final_clustering,158,-1,12230,6,267,0.9841373671300082,0,0,1404,10826,1,0.0
raw_native_fdr,8.0,final_clustering,159,-1,30538,5,266,0.9765210557338398,0,0,3694,26844,1,0.0
raw_native_fdr,8.0,final_clustering,160,-1,3141,7,275,0.8739255014326648,0,0,365,2776,1,0.04907975459924467
raw_native_fdr,8.0,final_clustering,161,-1,1362,9,277,0.8259911894273128,0,0,156,1206,1,0.1234567901163806
raw_native_fdr,8.0,final_clustering,162,-1,342,3,276,0.9824561403508771,0,0,50,292,1,0.0
raw_native_fdr,8.0,final_clustering,163,-1,1065,7,268,0.9342723004694836,0,0,136,929,1,0.0
raw_native_fdr,8.0,final_clustering,164,-1,722,5,273,0.9584487534626038,0,0,91,631,1,0.0
raw_native_fdr,8.0,final_clustering,165,-1,821,5,261,0.9171741778319124,0,0,96,725,1,0.0
raw_native_fdr,8.0,final_clustering,166,-1,1521,7,258,0.559500328731098,0,0,214,1307,0,0.7554882664097465
raw_native_fdr,8.0,final_clustering,167,-1,9894,12,269,0.978370729735193,0,0,1156,8738,1,0.018288436868709963
raw_native_fdr,8.0,final_clustering,168,-1,5517,9,260,0.8952329164400943,0,0,638,4879,1,0.05271497992463605
raw_native_fdr,8.0,final_clustering,169,-1,18349,9,279,0.9083328791759769,0,0,2115,16234,1,0.014666692792033822
raw_native_fdr,8.0,final_clustering,170,-1,4965,8,257,0.981067472306143,0,0,565,4400,1,0.03593806265489057
raw_native_fdr,8.0,final_clustering,171,-1,178,2,272,0.9887640449438202,0,0,15,163,0,0.0
raw_native_fdr,8.0,final_clustering,172,-1,6362,11,274,0.9302106255894372,0,0,674,5688,1,0.03812264438911216
raw_native_fdr,8.0,final_clustering,173,-1,690,4,271,0.972463768115942,0,0,73,617,1,0.0
raw_native_fdr,8.0,final_clustering,174,-1,14283,12,278,0.989498004620878,0,0,1655,12628,1,0.009790072590905679
raw_native_fdr,8.0,final_clustering,175,-1,4473,4,283,0.9991057455846188,0,0,519,3954,1,0.0
raw_native_fdr,8.0,final_clustering,176,-1,1233,3,292,0.991889699918897,0,0,144,1089,1,0.0
raw_native_fdr,8.0,final_clustering,177,-1,1030,3,289,0.9912621359223301,0,0,110,920,1,0.0
raw_native_fdr,8.0,final_clustering,178,-1,30501,1,293,1.0,0,0,3526,26975,1,0.0
raw_native_fdr,8.0,final_clustering,179,-1,6790,5,281,0.9499263622974963,0,0,826,5964,1,0.039022482890520294
raw_native_fdr,8.0,final_clustering,180,-1,527,3,288,0.9886148007590133,0,0,67,460,1,0.0
raw_native_fdr,8.0,final_clustering,181,-1,1030,1,284,1.0,0,0,107,923,1,0.0
raw_native_fdr,8.0,final_clustering,182,-1,3396,5,287,0.9437573616018846,0,0,406,2990,1,0.07079646017217113
raw_native_fdr,8.0,final_clustering,183,-1,24188,5,294,0.9995038862245742,0,0,2854,21334,1,0.0
raw_native_fdr,8.0,final_clustering,184,-1,26486,2,295,0.9944498980593521,0,0,3091,23395,1,0.0
raw_native_fdr,8.0,final_clustering,185,-1,3449,5,297,0.9988402435488547,0,0,392,3057,1,0.0
raw_native_fdr,8.0,final_clustering,186,-1,477,3,303,0.9769392033542977,0,0,65,412,1,0.0
raw_native_fdr,8.0,final_clustering,187,-1,153,2,282,0.9934640522875817,0,0,9,144,0,0.0
raw_native_fdr,8.0,final_clustering,188,-1,5990,4,291,0.9984974958263773,0,0,650,5340,1,0.0
raw_native_fdr,8.0,final_clustering,189,-1,1204,3,304,0.9858803986710963,0,0,148,1056,1,0.0
raw_native_fdr,8.0,final_clustering,190,-1,1309,3,299,0.9961802902979373,0,0,139,1170,1,0.0
raw_native_fdr,8.0,final_clustering,191,-1,32,2,285,0.96875,0,0,4,28,0,0.0
raw_native_fdr,8.0,final_clustering,192,-1,1330,4,286,0.9917293233082707,0,0,146,1184,1,0.0
raw_native_fdr,8.0,final_clustering,193,-1,2322,5,290,0.9237726098191215,0,0,274,2048,1,0.0
raw_native_fdr,8.0,final_clustering,194,-1,6991,6,280,0.9583750536403948,0,0,814,6177,1,0.01911877394487074
raw_native_fdr,8.0,final_clustering,195,-1,1006,1,282,1.0,0,0,114,892,1,0.0
raw_native_fdr,8.0,final_clustering,196,-1,2607,5,305,0.7686996547756041,0,0,326,2281,0,0.4720015134064372
raw_native_fdr,8.0,final_clustering,197,-1,5623,5,301,0.9768806686821981,0,0,660,4963,1,0.028201650274833245
raw_native_fdr,8.0,final_clustering,198,-1,27592,10,307,0.9951797622499275,0,0,3307,24285,1,0.002630379032654975
raw_native_fdr,8.0,final_clustering,199,-1,21735,7,326,0.9929606625258799,0,0,2506,19229,1,0.0
raw_native_fdr,8.0,final_clustering,200,-1,3475,5,311,0.8310791366906475,0,0,383,3092,0,0.21490094744745267
raw_native_fdr,8.0,final_clustering,201,-1,4089,3,312,0.9980435314257765,0,0,463,3626,1,0.0
raw_native_fdr,8.0,final_clustering,202,-1,874,4,318,0.9130434782608695,0,0,111,763,1,0.0
raw_native_fdr,8.0,final_clustering,203,-1,782,3,306,0.9936061381074168,0,0,90,692,1,0.14642018778665333
raw_native_fdr,8.0,final_clustering,204,-1,2611,3,317,0.9992340099578706,0,0,289,2322,1,0.0
raw_native_fdr,8.0,final_clustering,205,-1,162,2,314,0.9382716049382716,0,0,23,139,0,0.0
raw_native_fdr,8.0,final_clustering,206,-1,3595,3,316,0.9933240611961057,0,0,420,3175,1,0.0
raw_native_fdr,8.0,final_clustering,207,-1,8067,2,319,0.9998760381802405,0,0,934,7133,1,0.0
raw_native_fdr,8.0,final_clustering,208,-1,12127,4,308,0.9729529149830956,0,0,1443,10684,1,0.0
raw_native_fdr,8.0,final_clustering,209,-1,24421,4,320,0.999181032717743,0,0,2943,21478,1,0.0019159736139043742
raw_native_fdr,8.0,final_clustering,210,-1,72,2,325,0.9861111111111112,0,0,7,65,0,0.0
raw_native_fdr,8.0,final_clustering,211,-1,3621,5,322,0.9726594863297432,0,0,394,3227,1,0.04281345565577342
raw_native_fdr,8.0,final_clustering,212,-1,14,4,330,0.5714285714285714,0,0,0,14,0,0.0
raw_native_fdr,8.0,final_clustering,213,-1,193,3,334,0.41968911917098445,0,0,27,166,1,0.0
raw_native_fdr,8.0,final_clustering,214,-1,4,1,339,1.0,0,0,4,0,0,0.0
raw_native_fdr,8.0,final_clustering,215,-1,524,5,344,0.8091603053435115,0,0,63,461,1,0.0
raw_native_fdr,8.0,final_clustering,216,-1,788,4,349,0.6573604060913706,0,0,93,695,1,0.0
raw_native_fdr,8.0,final_clustering,217,-1,1809,1,353,1.0,0,0,208,1601,1,0.0
raw_native_fdr,8.0,final_clustering,218,-1,557,4,350,0.7863554757630161,0,0,76,481,1,0.0
raw_native_fdr,8.0,final_clustering,219,-1,119,3,370,0.5546218487394958,0,0,17,102,0,0.0
raw_native_fdr,8.0,final_clustering,220,-1,173,3,362,0.953757225433526,0,0,26,147,1,0.0
raw_native_fdr,8.0,final_clustering,221,-1,607,2,352,0.9967051070840197,0,0,78,529,1,0.0
raw_native_fdr,8.0,final_clustering,222,-1,2127,2,363,0.999529854254819,0,0,228,1899,1,0.0
raw_native_fdr,8.0,final_clustering,223,-1,7359,6,364,0.992526158445441,0,0,809,6550,1,0.019651858851438983
raw_native_fdr,8.0,final_clustering,224,-1,150,5,368,0.82,0,0,19,131,0,0.0
raw_native_fdr,8.0,final_clustering,225,-1,156,1,376,1.0,0,0,28,128,1,0.0
raw_native_fdr,8.0,final_clustering,226,-1,550,4,367,0.7381818181818182,0,0,65,485,1,0.0
raw_native_fdr,8.0,final_clustering,227,-1,1819,5,378,0.977460142935679,0,0,199,1620,1,0.0
raw_native_fdr,8.0,final_clustering,228,-1,658,4,359,0.9270516717325228,0,0,95,563,1,0.0
raw_native_fdr,8.0,final_clustering,229,-1,766,8,384,0.587467362924282,0,0,92,674,1,0.0
raw_native_fdr,8.0,final_clustering,230,-1,3943,4,398,0.9860512300278975,0,0,473,3470,1,0.06512093265682589
raw_native_fdr,8.0,final_clustering,231,-1,260,1,397,1.0,0,0,24,236,1,0.0
raw_native_fdr,8.0,final_clustering,232,-1,248,4,396,0.9193548387096774,0,0,33,215,0,0.0
raw_native_fdr,8.0,final_clustering,233,-1,691,2,390,0.9884225759768451,0,0,73,618,1,0.0
raw_native_fdr,8.0,final_clustering,234,-1,27300,3,399,0.9994139194139194,0,0,3293,24007,1,0.0
raw_native_fdr,8.0,final_clustering,235,-1,213,4,392,0.9530516431924883,0,0,17,196,1,0.0
raw_native_fdr,8.0,final_clustering,236,-1,1813,3,381,0.9983452840595698,0,0,211,1602,1,0.0
raw_native_fdr,8.0,final_clustering,237,-1,5490,4,405,0.9777777777777777,0,0,658,4832,1,0.0
raw_native_fdr,8.0,final_clustering,238,-1,751,3,402,0.9347536617842876,0,0,76,675,1,0.0
raw_native_fdr,8.0,final_clustering,239,-1,209,1,404,1.0,0,0,27,182,1,0.0
raw_native_fdr,8.0,final_clustering,240,-1,3146,5,411,0.898283534647171,0,0,384,2762,1,0.15180265654171948
raw_native_fdr,8.0,final_clustering,241,-1,725,4,410,0.7186206896551725,0,0,88,637,1,0.0
raw_native_fdr,8.0,final_clustering,242,-1,3379,2,412,0.9896419058893163,0,0,387,2992,1,0.0
raw_native_fdr,8.0,final_clustering,243,-1,1476,2,415,0.983739837398374,0,0,188,1288,1,0.0
raw_native_fdr,8.0,final_clustering,244,-1,1411,3,427,0.997165131112686,0,0,173,1238,1,0.0
raw_native_fdr,8.0,final_clustering,245,-1,85,2,420,0.7058823529411765,0,0,10,75,0,0.0
raw_native_fdr,8.0,final_clustering,246,-1,208,1,416,1.0,0,0,23,185,1,0.0
raw_native_fdr,8.0,final_clustering,247,-1,223,1,426,1.0,0,0,23,200,1,0.0
raw_native_fdr,8.0,final_clustering,248,-1,945,7,422,0.9375661375661376,0,0,116,829,1,0.0
raw_native_fdr,8.0,final_clustering,249,-1,538,5,419,0.9516728624535316,0,0,69,469,1,0.0
raw_native_fdr,8.0,final_clustering,250,-1,11240,4,425,0.9862989323843416,0,0,1328,9912,1,0.0
raw_native_fdr,8.0,final_clustering,251,-1,5938,3,430,0.9957898282249916,0,0,697,5241,1,0.0
raw_native_fdr,8.0,final_clustering,252,-1,2837,4,438,0.9954176947479733,0,0,338,2499,1,0.0
raw_native_fdr,8.0,final_clustering,253,-1,7686,4,430,0.9734582357533177,0,0,891,6795,1,0.0
raw_native_fdr,8.0,final_clustering,254,-1,939,1,432,1.0,0,0,128,811,1,0.0
raw_native_fdr,8.0,final_clustering,255,-1,3333,2,438,0.9996999699969997,0,0,396,2937,1,0.0
raw_native_fdr,8.0,final_clustering,256,-1,330,4,435,0.9090909090909091,0,0,40,290,1,0.0
raw_native_fdr,8.0,final_clustering,257,-1,729,6,429,0.8641975308641975,0,0,93,636,0,0.2965530903223332
raw_native_fdr,8.0,final_clustering,258,-1,422,2,434,0.9976303317535545,0,0,46,376,1,0.0
raw_native_fdr,8.0,final_clustering,259,-1,11439,2,439,0.973249409913454,0,0,1329,10110,1,0.0025497169250024406
raw_native_fdr,8.0,final_clustering,260,-1,2631,2,453,0.9992398327632079,0,0,317,2314,1,0.0
raw_native_fdr,8.0,final_clustering,261,-1,113,1,459,1.0,0,0,16,97,0,0.0
raw_native_fdr,8.0,final_clustering,262,-1,8128,5,454,0.984498031496063,0,0,961,7167,1,0.0
raw_native_fdr,8.0,final_clustering,263,-1,4567,4,445,0.976571053207795,0,0,506,4061,1,0.0
raw_native_fdr,8.0,final_clustering,264,-1,389,4,449,0.4961439588688946,0,0,56,333,1,0.0
raw_native_fdr,8.0,final_clustering,265,-1,11804,6,446,0.9797526262283972,0,0,1363,10441,1,0.013646055436199187
raw_native_fdr,8.0,final_clustering,266,-1,133,2,450,0.9924812030075187,0,0,19,114,0,0.0
raw_native_fdr,8.0,final_clustering,267,-1,959,6,455,0.8508863399374348,0,0,116,843,1,0.0
raw_native_fdr,8.0,final_clustering,268,-1,2731,5,444,0.9216404247528378,0,0,332,2399,1,0.0
raw_native_fdr,8.0,final_clustering,269,-1,653,3,451,0.9923430321592649,0,0,71,582,1,0.0
raw_native_fdr,8.0,final_clustering,270,-1,1622,3,440,0.7262638717632552,0,0,197,1425,1,0.0
raw_native_fdr,8.0,final_clustering,271,-1,11222,3,456,0.9940295847442524,0,0,1346,9876,1,0.005565366097939533
raw_native_fdr,8.0,final_clustering,272,-1,241,1,464,1.0,0,0,39,202,0,0.0
raw_native_fdr,8.0,final_clustering,273,-1,1221,6,463,0.9516789516789517,0,0,160,1061,1,0.09523809523355431
raw_native_fdr,8.0,final_clustering,274,-1,539,4,460,0.9944341372912802,0,0,71,468,1,0.0
raw_native_fdr,8.0,final_clustering,275,-1,5295,2,457,0.9986779981114259,0,0,619,4676,1,0.0
raw_native_fdr,8.0,final_clustering,276,-1,2121,3,458,0.9820839226779821,0,0,248,1873,1,0.0
raw_native_fdr,8.0,final_clustering,277,-1,1100,3,447,0.9363636363636364,0,0,128,972,1,0.0
raw_native_fdr,8.0,final_clustering,278,-1,1622,5,462,0.9765721331689272,0,0,182,1440,1,0.0
raw_native_fdr,8.0,final_clustering,279,-1,3774,5,441,0.9915209326974033,0,0,464,3310,1,0.0
raw_native_fdr,8.0,final_clustering,280,-1,9292,2,466,0.9995695221696083,0,0,1084,8208,1,0.0
raw_native_fdr,8.0,final_clustering,281,-1,9585,2,465,0.9997913406364111,0,0,1124,8461,1,0.0
raw_native_fdr,8.0,final_clustering,282,-1,639,3,487,0.9280125195618153,0,0,91,548,1,0.0
raw_native_fdr,8.0,final_clustering,283,-1,668,5,482,0.9865269461077845,0,0,85,583,1,0.0
raw_native_fdr,8.0,final_clustering,284,-1,310,2,472,0.9903225806451613,0,0,51,259,1,0.0
raw_native_fdr,8.0,final_clustering,285,-1,248,4,468,0.6129032258064516,0,0,32,216,1,0.0
raw_native_fdr,8.0,final_clustering,286,-1,1081,6,488,0.969472710453284,0,0,156,925,1,0.0
raw_native_fdr,8.0,final_clustering,287,-1,2575,12,477,0.9176699029126214,0,0,322,2253,1,0.0
raw_native_fdr,8.0,final_clustering,288,-1,644,3,479,0.9860248447204969,0,0,76,568,1,0.0
raw_native_fdr,8.0,final_clustering,289,-1,602,4,483,0.9867109634551495,0,0,76,526,1,0.0
raw_native_fdr,8.0,final_clustering,290,-1,1298,2,483,0.9992295839753467,0,0,175,1123,1,0.0
raw_native_fdr,8.0,final_clustering,291,-1,245,3,486,0.7061224489795919,0,0,32,213,1,0.0
raw_native_fdr,8.0,final_clustering,292,-1,278,5,474,0.9676258992805755,0,0,43,235,1,0.0
raw_native_fdr,8.0,final_clustering,293,-1,1017,6,480,0.9105211406096362,0,0,137,880,1,0.0
raw_native_fdr,8.0,final_clustering,294,-1,142,3,483,0.9647887323943662,0,0,14,128,0,0.0
raw_native_fdr,8.0,final_clustering,295,-1,1001,4,471,0.9000999000999002,0,0,106,895,1,0.1959167648116402
raw_native_fdr,8.0,final_clustering,296,-1,583,7,489,0.9777015437392796,0,0,394,189,0,0.0
raw_native_fdr,8.0,final_clustering,297,-1,2022,2,479,0.9995054401582592,0,0,244,1778,1,0.0
raw_native_fdr,8.0,final_clustering,298,-1,3166,6,486,0.9823120656980417,0,0,383,2783,1,0.0
raw_native_fdr,8.0,final_clustering,299,-1,2335,3,485,0.9991434689507495,0,0,269,2066,1,0.0
raw_native_fdr,8.0,final_clustering,300,-1,1730,3,499,0.9976878612716763,0,0,195,1535,1,0.0
raw_native_fdr,8.0,final_clustering,301,-1,505,3,495,0.899009900990099,0,0,53,452,1,0.0
raw_native_fdr,8.0,final_clustering,302,-1,882,2,500,0.9625850340136054,0,0,124,758,1,0.0
raw_native_fdr,8.0,final_clustering,303,-1,183,1,498,1.0,0,0,15,168,1,0.0
raw_native_fdr,8.0,final_clustering,304,-1,789,3,478,0.9531051964512041,0,0,89,700,1,0.0
raw_native_fdr,8.0,final_clustering,305,-1,1679,4,494,0.9660512209648601,0,0,209,1470,1,0.0
raw_native_fdr,8.0,final_clustering,306,-1,454,2,497,0.9955947136563876,0,0,61,393,1,0.0
raw_native_fdr,8.0,final_clustering,307,-1,1403,6,473,0.6635780470420527,0,0,205,1198,0,0.9184345635301471
raw_native_fdr,8.0,final_clustering,308,-1,683,2,493,0.9985358711566618,0,0,83,600,1,0.0
raw_native_fdr,8.0,final_clustering,309,-1,4920,4,496,0.9920731707317073,0,0,535,4385,1,0.0
raw_native_fdr,8.0,final_clustering,310,-1,622,2,506,0.9967845659163987,0,0,68,554,1,0.0
raw_native_fdr,8.0,final_clustering,311,-1,439,1,505,1.0,0,0,52,387,1,0.0
raw_native_fdr,8.0,final_clustering,312,-1,4400,3,504,0.9943181818181818,0,0,487,3913,1,0.0
raw_native_fdr,8.0,final_clustering,313,-1,899,1,503,1.0,0,0,113,786,1,0.0
raw_native_fdr,8.0,final_clustering,314,-1,3449,2,490,0.993621339518701,0,0,405,3044,1,0.0
raw_native_fdr,8.0,final_clustering,315,-1,24,1,502,1.0,0,0,0,24,0,0.0
raw_native_fdr,8.0,final_clustering,316,-1,11136,4,508,0.9979346264367817,0,0,1309,9827,1,0.0
raw_native_fdr,8.0,final_clustering,317,-1,223,2,511,0.9865470852017937,0,0,28,195,1,0.0
raw_native_fdr,8.0,final_clustering,318,-1,192,2,515,0.9947916666666666,0,0,16,176,0,0.0
raw_native_fdr,8.0,final_clustering,319,-1,688,3,507,0.9898255813953488,0,0,79,609,1,0.0
raw_native_fdr,8.0,final_clustering,320,-1,792,3,514,0.8535353535353535,0,0,97,695,1,0.0
raw_native_fdr,8.0,final_clustering,321,-1,427,4,510,0.7306791569086651,0,0,63,364,1,0.16326530612036175
raw_native_fdr,8.0,final_clustering,322,-1,77,1,521,1.0,0,0,12,65,1,0.0
raw_native_fdr,8.0,final_clustering,323,-1,969,4,517,0.9401444788441693,0,0,109,860,0,0.3921568627210126
raw_native_fdr,8.0,final_clustering,324,-1,8811,2,521,0.9835432981500397,0,0,1086,7725,1,0.04769310523459244
raw_native_fdr,8.0,final_clustering,325,-1,6854,5,519,0.9900787861103005,0,0,839,6015,1,0.06111535522934625
raw_native_fdr,8.0,final_clustering,326,-1,35,3,528,0.9428571428571428,0,0,6,29,0,0.0
raw_native_fdr,8.0,final_clustering,327,-1,332,1,528,1.0,0,0,49,283,1,0.0
raw_native_fdr,8.0,final_clustering,328,-1,541,5,527,0.866913123844732,0,0,63,478,1,0.0
raw_native_fdr,8.0,final_clustering,329,-1,213,5,529,0.5821596244131455,0,0,27,186,0,0.0
raw_native_fdr,8.0,final_clustering,330,-1,217,2,525,0.9815668202764977,0,0,24,193,1,0.0
raw_native_fdr,8.0,final_clustering,331,-1,266,1,523,1.0,0,0,29,237,0,0.0
raw_native_fdr,8.0,final_clustering,332,-1,217,3,537,0.967741935483871,0,0,24,193,1,0.0
raw_native_fdr,8.0,final_clustering,333,-1,384,4,524,0.921875,0,0,38,346,0,0.2222222222210002
raw_native_fdr,8.0,final_clustering,334,-1,981,5,542,0.6941896024464832,0,0,120,861,1,0.0
raw_native_fdr,8.0,final_clustering,335,-1,572,6,538,0.8304195804195804,0,0,65,507,0,0.294117647056415
raw_native_fdr,8.0,final_clustering,336,-1,10199,3,535,0.999607804686734,0,0,1236,8963,1,0.0
raw_native_fdr,8.0,final_clustering,337,-1,10566,4,530,0.9979178497066061,0,0,1276,9290,1,0.005847525765501157
raw_native_fdr,8.0,final_clustering,338,-1,610,5,547,0.8344262295081967,0,0,68,542,1,0.13888888888648637
raw_native_fdr,8.0,final_clustering,339,-1,430,2,546,0.9790697674418605,0,0,69,361,1,0.0
raw_native_fdr,8.0,final_clustering,340,-1,127,4,541,0.3700787401574803,0,0,8,119,0,0.0
raw_native_fdr,8.0,final_clustering,341,-1,310,5,540,0.8193548387096774,0,0,42,268,1,0.0
raw_native_fdr,8.0,final_clustering,342,-1,765,8,532,0.9032679738562092,0,0,77,688,0,0.28571428571026614
raw_native_fdr,8.0,final_clustering,343,-1,79,2,545,0.9873417721518988,0,0,7,72,0,0.0
raw_native_fdr,8.0,final_clustering,344,-1,4328,3,544,0.990988909426987,0,0,468,3860,1,0.014219694276255423
raw_native_fdr,8.0,final_clustering,345,-1,266,1,557,1.0,0,0,30,236,1,0.0
raw_native_fdr,8.0,final_clustering,346,-1,308,1,557,1.0,0,0,34,274,1,0.0
raw_native_fdr,8.0,final_clustering,347,-1,173,2,550,0.9479768786127167,0,0,23,150,0,0.0
raw_native_fdr,8.0,final_clustering,348,-1,161,1,557,1.0,0,0,16,145,1,0.0
raw_native_fdr,8.0,final_clustering,349,-1,2949,6,553,0.9908443540183113,0,0,352,2597,1,0.0
raw_native_fdr,8.0,final_clustering,350,-1,2406,3,559,0.8840399002493765,0,0,317,2089,1,0.0
raw_native_fdr,8.0,final_clustering,351,-1,3116,5,551,0.9817073170731707,0,0,384,2732,1,0.03745318351908517
raw_native_fdr,8.0,final_clustering,352,-1,160,2,555,0.99375,0,0,28,132,1,0.0
raw_native_fdr,8.0,final_clustering,353,-1,1033,1,552,1.0,0,0,129,904,1,0.0
raw_native_fdr,8.0,final_clustering,354,-1,53,2,560,0.9245283018867925,0,0,4,49,0,0.0
raw_native_fdr,8.0,final_clustering,355,-1,11,2,563,0.6363636363636364,0,0,2,9,0,0.0
raw_native_fdr,8.0,final_clustering,356,-1,13,1,565,1.0,0,0,0,13,0,0.0
raw_native_fdr,8.0,final_clustering,357,-1,8,1,566,1.0,0,0,0,8,0,0.0
raw_native_fdr,8.0,final_clustering,358,-1,120,1,567,1.0,0,0,9,111,0,2.4999999999962146
raw_native_fdr,8.0,final_clustering,359,-1,43,2,568,0.9534883720930233,0,0,2,41,0,0.7407407407372417
raw_native_fdr,8.0,final_clustering,360,-1,76,1,570,1.0,0,0,6,70,1,0.0
raw_native_fdr,8.0,final_clustering,361,-1,120,4,572,0.325,0,0,15,105,0,8.333333333231371
raw_native_fdr,8.0,final_clustering,362,-1,64,1,575,1.0,0,0,8,56,0,0.0
raw_native_fdr,8.0,final_clustering,363,-1,183,2,577,0.7213114754098361,0,0,18,165,0,1.7142857142581955
raw_native_fdr,8.0,final_clustering,364,-1,133,2,579,0.5789473684210527,0,0,28,105,1,0.0
raw_native_fdr,8.0,final_clustering,365,-1,19,1,581,1.0,0,0,2,17,0,0.0
raw_native_fdr,8.0,final_clustering,366,-1,105,1,582,1.0,0,0,12,93,0,4.444444444425888
raw_native_fdr,8.0,final_clustering,367,-1,12,1,583,1.0,0,0,1,11,0,0.0
raw_native_fdr,8.0,final_clustering,368,-1,32,1,584,1.0,0,0,5,27,0,0.0
raw_native_fdr,8.0,final_clustering,369,-1,92,2,586,0.9239130434782609,0,0,11,81,1,0.0
raw_native_fdr,8.0,cluster_merging,0,-1,386,2,6,0.9974093264248705,0,0,36,350,0,0.0
raw_native_fdr,8.0,cluster_merging,1,-1,2530,6,4,0.8837944664031621,0,0,270,2260,1,0.0
raw_native_fdr,8.0,cluster_merging,2,-1,1955,3,10,0.99846547314578,0,0,201,1754,1,0.1864801864746425
raw_native_fdr,8.0,cluster_merging,3,-1,4676,6,5,0.9612917023096664,0,0,534,4142,1,0.0
raw_native_fdr,8.0,cluster_merging,4,-1,1384,1,8,1.0,0,0,147,1237,1,0.0
raw_native_fdr,8.0,cluster_merging,5,-1,6620,3,18,0.9990936555891239,0,0,791,5829,1,0.0
raw_native_fdr,8.0,cluster_merging,6,-1,727,3,14,0.9105914718019257,0,0,93,634,1,0.0
raw_native_fdr,8.0,cluster_merging,7,-1,5188,4,15,0.9990362374710872,0,0,593,4595,1,0.0
raw_native_fdr,8.0,cluster_merging,8,-1,4633,3,16,0.9730196417008418,0,0,513,4120,1,0.022624434388224604
raw_native_fdr,8.0,cluster_merging,9,-1,299,3,12,0.9163879598662207,0,0,43,256,1,0.0
raw_native_fdr,8.0,cluster_merging,10,-1,3176,4,3,0.9222292191435768,0,0,363,2813,1,0.04756242568179837
raw_native_fdr,8.0,cluster_merging,11,-1,258,4,24,0.7015503875968992,0,0,33,225,1,0.0
raw_native_fdr,8.0,cluster_merging,12,-1,3844,2,21,0.9966181061394381,0,0,468,3376,1,0.0
raw_native_fdr,8.0,cluster_merging,13,-1,10752,2,23,0.9760044642857143,0,0,1289,9463,1,0.0
raw_native_fdr,8.0,cluster_merging,14,-1,479,1,32,1.0,0,0,62,417,1,0.0
raw_native_fdr,8.0,cluster_merging,15,-1,3414,3,29,0.9595782073813708,0,0,400,3014,1,0.0
raw_native_fdr,8.0,cluster_merging,16,-1,1249,4,30,0.9599679743795037,0,0,144,1105,1,0.0
raw_native_fdr,8.0,cluster_merging,17,-1,3272,4,31,0.9514058679706602,0,0,392,2880,1,0.0
raw_native_fdr,8.0,cluster_merging,18,-1,716,4,33,0.7318435754189944,0,0,89,627,1,0.0
raw_native_fdr,8.0,cluster_merging,19,-1,357,1,35,1.0,0,0,34,323,1,0.0
raw_native_fdr,8.0,cluster_merging,20,-1,4816,4,36,0.9931478405315615,0,0,602,4214,1,0.0
raw_native_fdr,8.0,cluster_merging,21,-1,18993,3,40,0.9966829884694361,0,0,2188,16805,1,0.0
raw_native_fdr,8.0,cluster_merging,22,-1,6599,4,26,0.9993938475526595,0,0,770,5829,1,0.0
raw_native_fdr,8.0,cluster_merging,23,-1,3920,4,39,0.997704081632653,0,0,486,3434,1,0.006416426050531484
raw_native_fdr,8.0,cluster_merging,24,-1,2797,2,37,0.9996424740793708,0,0,316,2481,1,0.0
raw_native_fdr,8.0,cluster_merging,25,-1,2663,2,45,0.9954938039804732,0,0,322,2341,1,0.061255742723653195
raw_native_fdr,8.0,cluster_merging,26,-1,11311,4,42,0.9827601449916011,0,0,1376,9935,1,0.0029102550109597974
raw_native_fdr,8.0,cluster_merging,27,-1,422,4,44,0.8483412322274881,0,0,47,375,1,0.0
raw_native_fdr,8.0,cluster_merging,28,-1,141,2,43,0.9929078014184397,0,0,18,123,0,0.0
raw_native_fdr,8.0,cluster_merging,29,-1,2528,3,48,0.9980221518987342,0,0,324,2204,1,0.0
raw_native_fdr,8.0,cluster_merging,30,-1,607,1,47,1.0,0,0,77,530,1,0.0
raw_native_fdr,8.0,cluster_merging,31,-1,170,1,50,1.0,0,0,16,154,0,0.0
raw_native_fdr,8.0,cluster_merging,32,-1,1532,3,53,0.9908616187989556,0,0,195,1337,1,0.0
raw_native_fdr,8.0,cluster_merging,33,-1,1277,4,51,0.9937353171495693,0,0,154,1123,1,0.1574803149572283
raw_native_fdr,8.0,cluster_merging,34,-1,2203,4,56,0.9854743531547889,0,0,288,1915,1,0.0
raw_native_fdr,8.0,cluster_merging,35,-1,1468,2,55,0.9952316076294278,0,0,162,1306,1,0.0
raw_native_fdr,8.0,cluster_merging,36,-1,393,2,52,0.926208651399491,0,0,64,329,1,0.0
raw_native_fdr,8.0,cluster_merging,37,-1,7520,4,63,0.9684840425531915,0,0,878,6642,1,0.01845018450104232
raw_native_fdr,8.0,cluster_merging,38,-1,1308,3,60,0.9915902140672783,0,0,144,1164,1,0.0
raw_native_fdr,8.0,cluster_merging,39,-1,4201,2,66,0.9969054986907879,0,0,473,3728,1,0.08468595624207159
raw_native_fdr,8.0,cluster_merging,40,-1,844,1,68,1.0,0,0,108,736,0,0.6451612902731378
raw_native_fdr,8.0,cluster_merging,41,-1,6375,1,69,1.0,0,0,766,5609,1,0.0
raw_native_fdr,8.0,cluster_merging,42,-1,11220,5,65,0.979144385026738,0,0,1306,9914,1,0.0
raw_native_fdr,8.0,cluster_merging,43,-1,265,1,71,1.0,0,0,37,228,1,0.0
raw_native_fdr,8.0,cluster_merging,44,-1,438,2,64,0.997716894977169,0,0,43,395,1,0.0
raw_native_fdr,8.0,cluster_merging,45,-1,4928,3,70,0.9995941558441559,0,0,586,4342,0,0.876863334505963
raw_native_fdr,8.0,cluster_merging,46,-1,4090,2,74,0.9975550122249389,0,0,478,3612,1,0.0
raw_native_fdr,8.0,cluster_merging,47,-1,8905,3,73,0.9996631106120157,0,0,1035,7870,1,0.005566379070209934
raw_native_fdr,8.0,cluster_merging,48,-1,1167,2,76,0.5184233076263924,0,0,129,1038,1,0.0
raw_native_fdr,8.0,cluster_merging,49,-1,1696,5,80,0.9652122641509434,0,0,203,1493,1,0.0
raw_native_fdr,8.0,cluster_merging,50,-1,116,2,75,0.6810344827586207,0,0,11,105,0,0.0
raw_native_fdr,8.0,cluster_merging,51,-1,137,3,81,0.9635036496350365,0,0,17,120,1,0.0
raw_native_fdr,8.0,cluster_merging,52,-1,1041,2,79,0.9500480307396734,0,0,133,908,1,0.0
raw_native_fdr,8.0,cluster_merging,53,-1,996,1,83,1.0,0,0,125,871,0,0.5860805860590309
raw_native_fdr,8.0,cluster_merging,54,-1,752,1,86,1.0,0,0,81,671,1,0.0
raw_native_fdr,8.0,cluster_merging,55,-1,361,2,86,0.9861495844875346,0,0,41,320,1,0.0
raw_native_fdr,8.0,cluster_merging,56,-1,2785,4,92,0.8825852782764811,0,0,336,2449,0,0.25702811244445734
raw_native_fdr,8.0,cluster_merging,57,-1,81,1,93,1.0,0,0,8,73,0,0.0
raw_native_fdr,8.0,cluster_merging,58,-1,648,3,88,0.8780864197530864,0,0,86,562,0,0.48780487804042516
raw_native_fdr,8.0,cluster_merging,59,-1,102,2,85,0.9901960784313726,0,0,9,93,1,0.0
raw_native_fdr,8.0,cluster_merging,60,-1,4880,5,91,0.8956967213114754,0,0,546,4334,0,0.27491408933636163
raw_native_fdr,8.0,cluster_merging,61,-1,259,2,90,0.9845559845559846,0,0,30,229,0,3.9999999999537206
raw_native_fdr,8.0,cluster_merging,62,-1,248,4,89,0.8790322580645161,0,0,30,218,0,0.0
raw_native_fdr,8.0,cluster_merging,63,-1,110,2,97,0.9454545454545454,0,0,17,93,1,0.0
raw_native_fdr,8.0,cluster_merging,64,-1,3,2,100,0.6666666666666666,0,0,1,2,0,0.0
raw_native_fdr,8.0,cluster_merging,65,-1,45,1,102,1.0,0,0,9,36,0,0.0
raw_native_fdr,8.0,cluster_merging,66,-1,99,2,106,0.8787878787878788,0,0,18,81,1,0.0
raw_native_fdr,8.0,cluster_merging,67,-1,181,4,113,0.9668508287292817,0,0,23,158,1,0.0
raw_native_fdr,8.0,cluster_merging,68,793,13168,3,112,0.9996962332928311,13161,7,13162,6,1,0.0
raw_native_fdr,8.0,cluster_merging,69,-1,160,3,115,0.5875,0,0,13,147,0,0.0
raw_native_fdr,8.0,cluster_merging,70,-1,18,2,119,0.5555555555555556,0,0,4,14,0,0.0
raw_native_fdr,8.0,cluster_merging,71,2143,17773,4,124,0.9992122883024813,17759,14,17759,14,1,0.0
raw_native_fdr,8.0,cluster_merging,72,-1,33,3,122,0.8484848484848485,0,0,3,30,0,0.0
raw_native_fdr,8.0,cluster_merging,73,-1,12232,3,128,0.9857750163505559,0,0,1393,10839,1,0.0566263748199667
raw_native_fdr,8.0,cluster_merging,74,-1,1078,5,131,0.8534322820037106,0,0,139,939,0,0.4102564102319269
raw_native_fdr,8.0,cluster_merging,75,-1,287,4,134,0.47735191637630664,0,0,34,253,0,0.0
raw_native_fdr,8.0,cluster_merging,76,-1,1028,2,137,0.9892996108949417,0,0,138,890,1,0.0
raw_native_fdr,8.0,cluster_merging,77,-1,237,1,136,1.0,0,0,33,204,1,0.0
raw_native_fdr,8.0,cluster_merging,78,-1,432,2,142,0.9884259259259259,0,0,60,372,0,1.2499999999507738
raw_native_fdr,8.0,cluster_merging,79,-1,161,2,139,0.6956521739130435,0,0,22,139,0,0.0
raw_native_fdr,8.0,cluster_merging,80,-1,529,2,141,0.998109640831758,0,0,510,19,1,0.0
raw_native_fdr,8.0,cluster_merging,81,-1,1754,1,145,1.0,0,0,216,1538,1,0.0961538461514744
raw_native_fdr,8.0,cluster_merging,82,-1,409,2,148,0.9682151589242054,0,0,42,367,0,0.5555555555379771
raw_native_fdr,8.0,cluster_merging,83,-1,467,2,147,0.9978586723768736,0,0,88,379,0,0.0
raw_native_fdr,8.0,cluster_merging,84,-1,627,3,144,0.9936204146730463,0,0,107,520,0,0.0
raw_native_fdr,8.0,cluster_merging,85,-1,422,2,149,0.976303317535545,0,0,246,176,1,0.0
raw_native_fdr,8.0,cluster_merging,86,-1,143,2,143,0.993006993006993,0,0,17,126,0,0.0
raw_native_fdr,8.0,cluster_merging,87,-1,251,3,150,0.7569721115537849,0,0,37,214,0,0.0
raw_native_fdr,8.0,cluster_merging,88,-1,52,2,154,0.75,0,0,3,49,0,0.0
raw_native_fdr,8.0,cluster_merging,89,-1,146,4,157,0.3835616438356164,0,0,22,124,1,0.0
raw_native_fdr,8.0,cluster_merging,90,-1,2,2,161,0.5,0,0,1,1,0,0.0
raw_native_fdr,8.0,cluster_merging,91,-1,113,3,165,0.9557522123893806,0,0,18,95,1,0.0
raw_native_fdr,8.0,cluster_merging,92,-1,347,4,166,0.8097982708933718,0,0,83,264,1,0.0
raw_native_fdr,8.0,cluster_merging,93,-1,622,3,171,0.8070739549839229,0,0,66,556,0,0.0
raw_native_fdr,8.0,cluster_merging,94,-1,122,1,176,1.0,0,0,9,113,0,0.0
raw_native_fdr,8.0,cluster_merging,95,-1,8168,1,174,1.0,0,0,904,7264,1,0.0
raw_native_fdr,8.0,cluster_merging,96,-1,6369,6,184,0.9795886324383734,0,0,795,5574,1,0.0
raw_native_fdr,8.0,cluster_merging,97,-1,3131,4,183,0.996167358671351,0,0,372,2759,1,0.0
raw_native_fdr,8.0,cluster_merging,98,-1,388,3,175,0.6108247422680413,0,0,45,343,0,0.0
raw_native_fdr,8.0,cluster_merging,99,-1,215,1,185,1.0,0,0,36,179,0,0.0
raw_native_fdr,8.0,cluster_merging,100,-1,189,1,180,1.0,0,0,16,173,0,0.0
raw_native_fdr,8.0,cluster_merging,101,-1,283,4,191,0.8621908127208481,0,0,29,254,1,0.0
raw_native_fdr,8.0,cluster_merging,102,-1,922,5,196,0.8253796095444685,0,0,118,804,1,0.0
raw_native_fdr,8.0,cluster_merging,103,-1,183,4,178,0.6229508196721312,0,0,28,155,0,0.0
raw_native_fdr,8.0,cluster_merging,104,-1,31160,7,182,0.9896341463414634,0,0,3621,27539,1,0.011625852571318127
raw_native_fdr,8.0,cluster_merging,105,-1,4650,11,189,0.5772043010752688,0,0,556,4094,1,0.15932311620821546
raw_native_fdr,8.0,cluster_merging,106,-1,5159,3,206,0.9994184919558053,0,0,617,4542,1,0.06225671224328133
raw_native_fdr,8.0,cluster_merging,107,-1,2116,5,195,0.8090737240075614,0,0,258,1858,1,0.0
raw_native_fdr,8.0,cluster_merging,108,-1,362,2,207,0.9171270718232044,0,0,44,318,1,0.0
raw_native_fdr,8.0,cluster_merging,109,-1,10447,4,212,0.9888963338757538,0,0,1210,9237,1,0.0
raw_native_fdr,8.0,cluster_merging,110,-1,20373,6,201,0.9771265891130417,0,0,2413,17960,1,0.01208317966139204
raw_native_fdr,8.0,cluster_merging,111,-1,28057,4,213,0.9993940906012759,0,0,3170,24887,1,0.0013949067731371019
raw_native_fdr,8.0,cluster_merging,112,-1,4457,6,217,0.96881310298407,0,0,557,3900,1,0.0
raw_native_fdr,8.0,cluster_merging,113,-1,517,3,216,0.9961315280464217,0,0,54,463,1,0.0
raw_native_fdr,8.0,cluster_merging,114,-1,744,3,220,0.989247311827957,0,0,89,655,1,0.0
raw_native_fdr,8.0,cluster_merging,115,-1,13492,5,250,0.9965164541950786,0,0,1578,11914,1,0.0
raw_native_fdr,8.0,cluster_merging,116,-1,1315,4,214,0.8068441064638783,0,0,153,1162,1,0.0
raw_native_fdr,8.0,cluster_merging,117,-1,3066,7,224,0.9266144814090019,0,0,365,2701,1,0.0
raw_native_fdr,8.0,cluster_merging,118,-1,2330,5,215,0.9244635193133047,0,0,247,2083,0,0.26666666665745825
raw_native_fdr,8.0,cluster_merging,119,-1,6577,4,210,0.9121179869241295,0,0,769,5808,1,0.024040082861528596
raw_native_fdr,8.0,cluster_merging,120,-1,11174,6,229,0.47592625738321104,0,0,1357,9817,1,0.0
raw_native_fdr,8.0,cluster_merging,121,-1,16062,7,228,0.9393599800772009,0,0,1905,14157,1,0.0019634074363874135
raw_native_fdr,8.0,cluster_merging,122,-1,2453,11,233,0.8858540562576437,0,0,269,2184,1,0.0
raw_native_fdr,8.0,cluster_merging,123,-1,10032,7,244,0.9791666666666666,0,0,1193,8839,1,0.026674506867096905
raw_native_fdr,8.0,cluster_merging,124,-1,617,3,234,0.9902755267423015,0,0,72,545,0,0.0
raw_native_fdr,8.0,cluster_merging,125,-1,2864,6,225,0.7353351955307262,0,0,335,2529,0,0.41792294804382674
raw_native_fdr,8.0,cluster_merging,126,-1,26415,13,252,0.9760742002650009,0,0,3002,23413,1,0.0035899022306693615
raw_native_fdr,8.0,cluster_merging,127,-1,15449,6,230,0.9842060974820377,0,0,1863,13586,1,0.004082367281826359
raw_native_fdr,8.0,cluster_merging,128,-1,20149,7,251,0.8757754727281751,0,0,2390,17759,1,0.00472739330169189
raw_native_fdr,8.0,cluster_merging,129,-1,59231,19,265,0.9482027992098732,0,0,7016,52215,1,0.010105643868346188
raw_native_fdr,8.0,cluster_merging,130,-1,8990,7,254,0.8730812013348165,0,0,1058,7932,1,0.010021488963635753
raw_native_fdr,8.0,cluster_merging,131,-1,985,4,264,0.9888324873096447,0,0,129,856,1,0.0
raw_native_fdr,8.0,cluster_merging,132,-1,3724,9,239,0.5934479054779807,0,0,423,3301,1,0.0
raw_native_fdr,8.0,cluster_merging,133,-1,4941,5,249,0.9872495446265938,0,0,608,4333,1,0.10193659093777184
raw_native_fdr,8.0,cluster_merging,134,-1,12230,6,267,0.9841373671300082,0,0,1404,10826,1,0.0
raw_native_fdr,8.0,cluster_merging,135,-1,31658,9,266,0.9419735927727588,0,0,3812,27846,1,0.001056218779011045
raw_native_fdr,8.0,cluster_merging,136,-1,1362,9,277,0.8259911894273128,0,0,156,1206,1,0.1234567901163806
raw_native_fdr,8.0,cluster_merging,137,-1,1065,7,268,0.9342723004694836,0,0,136,929,1,0.0
raw_native_fdr,8.0,cluster_merging,138,-1,722,5,273,0.9584487534626038,0,0,91,631,1,0.0
raw_native_fdr,8.0,cluster_merging,139,-1,1521,7,258,0.559500328731098,0,0,214,1307,0,0.7554882664097465
raw_native_fdr,8.0,cluster_merging,140,-1,10715,13,269,0.9034064395706953,0,0,1252,9463,1,0.055113761869050655
raw_native_fdr,8.0,cluster_merging,141,-1,5517,9,260,0.8952329164400943,0,0,638,4879,1,0.05271497992463605
raw_native_fdr,8.0,cluster_merging,142,-1,22180,10,279,0.7527502254283138,0,0,2550,19630,1,0.051824014520338864
raw_native_fdr,8.0,cluster_merging,143,-1,5307,9,257,0.9178443565102694,0,0,615,4692,1,0.06298119398751918
raw_native_fdr,8.0,cluster_merging,144,-1,178,2,272,0.9887640449438202,0,0,15,163,0,0.0
raw_native_fdr,8.0,cluster_merging,145,-1,6362,11,274,0.9302106255894372,0,0,674,5688,1,0.03812264438911216
raw_native_fdr,8.0,cluster_merging,146,-1,14283,12,278,0.989498004620878,0,0,1655,12628,1,0.009790072590905679
raw_native_fdr,8.0,cluster_merging,147,-1,4473,4,283,0.9991057455846188,0,0,519,3954,1,0.0
raw_native_fdr,8.0,cluster_merging,148,-1,1030,3,289,0.9912621359223301,0,0,110,920,1,0.0
raw_native_fdr,8.0,cluster_merging,149,-1,30501,1,293,1.0,0,0,3526,26975,1,0.0
raw_native_fdr,8.0,cluster_merging,150,-1,6790,5,281,0.9499263622974963,0,0,826,5964,1,0.039022482890520294
raw_native_fdr,8.0,cluster_merging,151,-1,1030,1,284,1.0,0,0,107,923,1,0.0
raw_native_fdr,8.0,cluster_merging,152,-1,3396,5,287,0.9437573616018846,0,0,406,2990,1,0.07079646017217113
raw_native_fdr,8.0,cluster_merging,153,-1,29120,15,294,0.8302197802197803,0,0,3374,25746,1,0.0
raw_native_fdr,8.0,cluster_merging,154,-1,26486,2,295,0.9944498980593521,0,0,3091,23395,1,0.0
raw_native_fdr,8.0,cluster_merging,155,-1,477,3,303,0.9769392033542977,0,0,65,412,1,0.0
raw_native_fdr,8.0,cluster_merging,156,-1,6517,7,291,0.9177535675924505,0,0,716,5801,1,0.016863406407087837
raw_native_fdr,8.0,cluster_merging,157,-1,1204,3,304,0.9858803986710963,0,0,148,1056,1,0.0
raw_native_fdr,8.0,cluster_merging,158,-1,1309,3,299,0.9961802902979373,0,0,139,1170,1,0.0
raw_native_fdr,8.0,cluster_merging,159,-1,32,2,285,0.96875,0,0,4,28,0,0.0
raw_native_fdr,8.0,cluster_merging,160,-1,2322,5,290,0.9237726098191215,0,0,274,2048,1,0.0
raw_native_fdr,8.0,cluster_merging,161,-1,6991,6,280,0.9583750536403948,0,0,814,6177,1,0.01911877394487074
raw_native_fdr,8.0,cluster_merging,162,-1,2607,5,305,0.7686996547756041,0,0,326,2281,0,0.4720015134064372
raw_native_fdr,8.0,cluster_merging,163,-1,5623,5,301,0.9768806686821981,0,0,660,4963,1,0.028201650274833245
raw_native_fdr,8.0,cluster_merging,164,-1,28825,13,307,0.9526105810928014,0,0,3447,25378,1,0.0035949109314008035
raw_native_fdr,8.0,cluster_merging,165,-1,21735,7,326,0.9929606625258799,0,0,2506,19229,1,0.0
raw_native_fdr,8.0,cluster_merging,166,-1,3475,5,311,0.8310791366906475,0,0,383,3092,0,0.21490094744745267
raw_native_fdr,8.0,cluster_merging,167,-1,874,4,318,0.9130434782608695,0,0,111,763,1,0.0
raw_native_fdr,8.0,cluster_merging,168,-1,2611,3,317,0.9992340099578706,0,0,289,2322,1,0.0
raw_native_fdr,8.0,cluster_merging,169,-1,162,2,314,0.9382716049382716,0,0,23,139,0,0.0
raw_native_fdr,8.0,cluster_merging,170,-1,3595,3,316,0.9933240611961057,0,0,420,3175,1,0.0
raw_native_fdr,8.0,cluster_merging,171,-1,12156,5,319,0.6635406383678841,0,0,1400,10756,1,0.0
raw_native_fdr,8.0,cluster_merging,172,-1,13915,5,308,0.8480057491915199,0,0,1647,12268,1,0.02243326776981538
raw_native_fdr,8.0,cluster_merging,173,-1,24421,4,320,0.999181032717743,0,0,2943,21478,1,0.0019159736139043742
raw_native_fdr,8.0,cluster_merging,174,-1,72,2,325,0.9861111111111112,0,0,7,65,0,0.0
raw_native_fdr,8.0,cluster_merging,175,-1,3621,5,322,0.9726594863297432,0,0,394,3227,1,0.04281345565577342
raw_native_fdr,8.0,cluster_merging,176,-1,14,4,330,0.5714285714285714,0,0,0,14,0,0.0
raw_native_fdr,8.0,cluster_merging,177,-1,193,3,334,0.41968911917098445,0,0,27,166,1,0.0
raw_native_fdr,8.0,cluster_merging,178,-1,4,1,339,1.0,0,0,4,0,0,0.0
raw_native_fdr,8.0,cluster_merging,179,-1,524,5,344,0.8091603053435115,0,0,63,461,1,0.0
raw_native_fdr,8.0,cluster_merging,180,-1,788,4,349,0.6573604060913706,0,0,93,695,1,0.0
raw_native_fdr,8.0,cluster_merging,181,-1,1809,1,353,1.0,0,0,208,1601,1,0.0
raw_native_fdr,8.0,cluster_merging,182,-1,557,4,350,0.7863554757630161,0,0,76,481,1,0.0
raw_native_fdr,8.0,cluster_merging,183,-1,119,3,370,0.5546218487394958,0,0,17,102,0,0.0
raw_native_fdr,8.0,cluster_merging,184,-1,173,3,362,0.953757225433526,0,0,26,147,1,0.0
raw_native_fdr,8.0,cluster_merging,185,-1,607,2,352,0.9967051070840197,0,0,78,529,1,0.0
raw_native_fdr,8.0,cluster_merging,186,-1,2127,2,363,0.999529854254819,0,0,228,1899,1,0.0
raw_native_fdr,8.0,cluster_merging,187,-1,7359,6,364,0.992526158445441,0,0,809,6550,1,0.019651858851438983
raw_native_fdr,8.0,cluster_merging,188,-1,150,5,368,0.82,0,0,19,131,0,0.0
raw_native_fdr,8.0,cluster_merging,189,-1,156,1,376,1.0,0,0,28,128,1,0.0
raw_native_fdr,8.0,cluster_merging,190,-1,2369,8,378,0.7505276487969608,0,0,269,2100,1,0.0
raw_native_fdr,8.0,cluster_merging,191,-1,658,4,359,0.9270516717325228,0,0,95,563,1,0.0
raw_native_fdr,8.0,cluster_merging,192,-1,766,8,384,0.587467362924282,0,0,92,674,1,0.0
raw_native_fdr,8.0,cluster_merging,193,-1,3943,4,398,0.9860512300278975,0,0,473,3470,1,0.06512093265682589
raw_native_fdr,8.0,cluster_merging,194,-1,260,1,397,1.0,0,0,24,236,1,0.0
raw_native_fdr,8.0,cluster_merging,195,-1,248,4,396,0.9193548387096774,0,0,33,215,0,0.0
raw_native_fdr,8.0,cluster_merging,196,-1,691,2,390,0.9884225759768451,0,0,73,618,1,0.0
raw_native_fdr,8.0,cluster_merging,197,-1,27300,3,399,0.9994139194139194,0,0,3293,24007,1,0.0
raw_native_fdr,8.0,cluster_merging,198,-1,213,4,392,0.9530516431924883,0,0,17,196,1,0.0
raw_native_fdr,8.0,cluster_merging,199,-1,1813,3,381,0.9983452840595698,0,0,211,1602,1,0.0
raw_native_fdr,8.0,cluster_merging,200,-1,5490,4,405,0.9777777777777777,0,0,658,4832,1,0.0
raw_native_fdr,8.0,cluster_merging,201,-1,751,3,402,0.9347536617842876,0,0,76,675,1,0.0
raw_native_fdr,8.0,cluster_merging,202,-1,209,1,404,1.0,0,0,27,182,1,0.0
raw_native_fdr,8.0,cluster_merging,203,-1,3146,5,411,0.898283534647171,0,0,384,2762,1,0.15180265654171948
raw_native_fdr,8.0,cluster_merging,204,-1,725,4,410,0.7186206896551725,0,0,88,637,1,0.0
raw_native_fdr,8.0,cluster_merging,205,-1,3379,2,412,0.9896419058893163,0,0,387,2992,1,0.0
raw_native_fdr,8.0,cluster_merging,206,-1,1476,2,415,0.983739837398374,0,0,188,1288,1,0.0
raw_native_fdr,8.0,cluster_merging,207,-1,1949,6,427,0.7219086711133915,0,0,242,1707,1,0.0
raw_native_fdr,8.0,cluster_merging,208,-1,85,2,420,0.7058823529411765,0,0,10,75,0,0.0
raw_native_fdr,8.0,cluster_merging,209,-1,208,1,416,1.0,0,0,23,185,1,0.0
raw_native_fdr,8.0,cluster_merging,210,-1,945,7,422,0.9375661375661376,0,0,116,829,1,0.0
raw_native_fdr,8.0,cluster_merging,211,-1,11463,4,425,0.9671115763761668,0,0,1350,10113,1,0.0
raw_native_fdr,8.0,cluster_merging,212,-1,5938,3,430,0.9957898282249916,0,0,697,5241,1,0.0
raw_native_fdr,8.0,cluster_merging,213,-1,7686,4,430,0.9734582357533177,0,0,891,6795,1,0.0
raw_native_fdr,8.0,cluster_merging,214,-1,939,1,432,1.0,0,0,128,811,1,0.0
raw_native_fdr,8.0,cluster_merging,215,-1,6170,4,438,0.9977309562398703,0,0,734,5436,1,0.0
raw_native_fdr,8.0,cluster_merging,216,-1,3782,9,453,0.695134849286092,0,0,456,3326,1,0.10771721531958155
raw_native_fdr,8.0,cluster_merging,217,-1,11439,2,439,0.973249409913454,0,0,1329,10110,1,0.0025497169250024406
raw_native_fdr,8.0,cluster_merging,218,-1,8128,5,454,0.984498031496063,0,0,961,7167,1,0.0
raw_native_fdr,8.0,cluster_merging,219,-1,4567,4,445,0.976571053207795,0,0,506,4061,1,0.0
raw_native_fdr,8.0,cluster_merging,220,-1,389,4,449,0.4961439588688946,0,0,56,333,1,0.0
raw_native_fdr,8.0,cluster_merging,221,-1,12375,11,446,0.9345454545454546,0,0,1441,10934,1,0.03121748178772925
raw_native_fdr,8.0,cluster_merging,222,-1,133,2,450,0.9924812030075187,0,0,19,114,0,0.0
raw_native_fdr,8.0,cluster_merging,223,-1,959,6,455,0.8508863399374348,0,0,116,843,1,0.0
raw_native_fdr,8.0,cluster_merging,224,-1,2731,5,444,0.9216404247528378,0,0,332,2399,1,0.0
raw_native_fdr,8.0,cluster_merging,225,-1,653,3,451,0.9923430321592649,0,0,71,582,1,0.0
raw_native_fdr,8.0,cluster_merging,226,-1,1622,3,440,0.7262638717632552,0,0,197,1425,1,0.0
raw_native_fdr,8.0,cluster_merging,227,-1,11335,4,456,0.984119982355536,0,0,1362,9973,1,0.010909289656246416
raw_native_fdr,8.0,cluster_merging,228,-1,1221,6,463,0.9516789516789517,0,0,160,1061,1,0.09523809523355431
raw_native_fdr,8.0,cluster_merging,229,-1,539,4,460,0.9944341372912802,0,0,71,468,1,0.0
raw_native_fdr,8.0,cluster_merging,230,-1,5295,2,457,0.9986779981114259,0,0,619,4676,1,0.0
raw_native_fdr,8.0,cluster_merging,231,-1,2121,3,458,0.9820839226779821,0,0,248,1873,1,0.0
raw_native_fdr,8.0,cluster_merging,232,-1,1100,3,447,0.9363636363636364,0,0,128,972,1,0.0
raw_native_fdr,8.0,cluster_merging,233,-1,1622,5,462,0.9765721331689272,0,0,182,1440,1,0.0
raw_native_fdr,8.0,cluster_merging,234,-1,3774,5,441,0.9915209326974033,0,0,464,3310,1,0.0
raw_native_fdr,8.0,cluster_merging,235,-1,9292,2,466,0.9995695221696083,0,0,1084,8208,1,0.0
raw_native_fdr,8.0,cluster_merging,236,-1,9585,2,465,0.9997913406364111,0,0,1124,8461,1,0.0
raw_native_fdr,8.0,cluster_merging,237,-1,639,3,487,0.9280125195618153,0,0,91,548,1,0.0
raw_native_fdr,8.0,cluster_merging,238,-1,668,5,482,0.9865269461077845,0,0,85,583,1,0.0
raw_native_fdr,8.0,cluster_merging,239,-1,310,2,472,0.9903225806451613,0,0,51,259,1,0.0
raw_native_fdr,8.0,cluster_merging,240,-1,248,4,468,0.6129032258064516,0,0,32,216,1,0.0
raw_native_fdr,8.0,cluster_merging,241,-1,1081,6,488,0.969472710453284,0,0,156,925,1,0.0
raw_native_fdr,8.0,cluster_merging,242,-1,3873,12,477,0.6101213529563646,0,0,497,3376,1,0.0
raw_native_fdr,8.0,cluster_merging,243,-1,602,4,483,0.9867109634551495,0,0,76,526,1,0.0
raw_native_fdr,8.0,cluster_merging,244,-1,245,3,486,0.7061224489795919,0,0,32,213,1,0.0
raw_native_fdr,8.0,cluster_merging,245,-1,278,5,474,0.9676258992805755,0,0,43,235,1,0.0
raw_native_fdr,8.0,cluster_merging,246,-1,1017,6,480,0.9105211406096362,0,0,137,880,1,0.0
raw_native_fdr,8.0,cluster_merging,247,-1,142,3,483,0.9647887323943662,0,0,14,128,0,0.0
raw_native_fdr,8.0,cluster_merging,248,-1,1001,4,471,0.9000999000999002,0,0,106,895,1,0.1959167648116402
raw_native_fdr,8.0,cluster_merging,249,-1,583,7,489,0.9777015437392796,0,0,394,189,0,0.0
raw_native_fdr,8.0,cluster_merging,250,-1,2666,3,479,0.9962490622655664,0,0,320,2346,1,0.0
raw_native_fdr,8.0,cluster_merging,251,-1,3166,6,486,0.9823120656980417,0,0,383,2783,1,0.0
raw_native_fdr,8.0,cluster_merging,252,-1,2335,3,485,0.9991434689507495,0,0,269,2066,1,0.0
raw_native_fdr,8.0,cluster_merging,253,-1,1730,3,499,0.9976878612716763,0,0,195,1535,1,0.0
raw_native_fdr,8.0,cluster_merging,254,-1,505,3,495,0.899009900990099,0,0,53,452,1,0.0
raw_native_fdr,8.0,cluster_merging,255,-1,882,2,500,0.9625850340136054,0,0,124,758,1,0.0
raw_native_fdr,8.0,cluster_merging,256,-1,183,1,498,1.0,0,0,15,168,1,0.0
raw_native_fdr,8.0,cluster_merging,257,-1,789,3,478,0.9531051964512041,0,0,89,700,1,0.0
raw_native_fdr,8.0,cluster_merging,258,-1,1679,4,494,0.9660512209648601,0,0,209,1470,1,0.0
raw_native_fdr,8.0,cluster_merging,259,-1,454,2,497,0.9955947136563876,0,0,61,393,1,0.0
raw_native_fdr,8.0,cluster_merging,260,-1,1403,6,473,0.6635780470420527,0,0,205,1198,0,0.9184345635301471
raw_native_fdr,8.0,cluster_merging,261,-1,683,2,493,0.9985358711566618,0,0,83,600,1,0.0
raw_native_fdr,8.0,cluster_merging,262,-1,4920,4,496,0.9920731707317073,0,0,535,4385,1,0.0
raw_native_fdr,8.0,cluster_merging,263,-1,622,2,506,0.9967845659163987,0,0,68,554,1,0.0
raw_native_fdr,8.0,cluster_merging,264,-1,4400,3,504,0.9943181818181818,0,0,487,3913,1,0.0
raw_native_fdr,8.0,cluster_merging,265,-1,899,1,503,1.0,0,0,113,786,1,0.0
raw_native_fdr,8.0,cluster_merging,266,-1,3449,2,490,0.993621339518701,0,0,405,3044,1,0.0
raw_native_fdr,8.0,cluster_merging,267,-1,24,1,502,1.0,0,0,0,24,0,0.0
raw_native_fdr,8.0,cluster_merging,268,-1,11575,4,508,0.9600863930885529,0,0,1358,10217,1,0.0006427664668687771
raw_native_fdr,8.0,cluster_merging,269,-1,223,2,511,0.9865470852017937,0,0,28,195,1,0.0
raw_native_fdr,8.0,cluster_merging,270,-1,192,2,515,0.9947916666666666,0,0,16,176,0,0.0
raw_native_fdr,8.0,cluster_merging,271,-1,688,3,507,0.9898255813953488,0,0,79,609,1,0.0
raw_native_fdr,8.0,cluster_merging,272,-1,792,3,514,0.8535353535353535,0,0,97,695,1,0.0
raw_native_fdr,8.0,cluster_merging,273,-1,427,4,510,0.7306791569086651,0,0,63,364,1,0.16326530612036175
raw_native_fdr,8.0,cluster_merging,274,-1,77,1,521,1.0,0,0,12,65,1,0.0
raw_native_fdr,8.0,cluster_merging,275,-1,969,4,517,0.9401444788441693,0,0,109,860,0,0.3921568627210126
raw_native_fdr,8.0,cluster_merging,276,-1,8811,2,521,0.9835432981500397,0,0,1086,7725,1,0.04769310523459244
raw_native_fdr,8.0,cluster_merging,277,-1,6854,5,519,0.9900787861103005,0,0,839,6015,1,0.06111535522934625
raw_native_fdr,8.0,cluster_merging,278,-1,35,3,528,0.9428571428571428,0,0,6,29,0,0.0
raw_native_fdr,8.0,cluster_merging,279,-1,332,1,528,1.0,0,0,49,283,1,0.0
raw_native_fdr,8.0,cluster_merging,280,-1,541,5,527,0.866913123844732,0,0,63,478,1,0.0
raw_native_fdr,8.0,cluster_merging,281,-1,213,5,529,0.5821596244131455,0,0,27,186,0,0.0
raw_native_fdr,8.0,cluster_merging,282,-1,217,2,525,0.9815668202764977,0,0,24,193,1,0.0
raw_native_fdr,8.0,cluster_merging,283,-1,266,1,523,1.0,0,0,29,237,0,0.0
raw_native_fdr,8.0,cluster_merging,284,-1,217,3,537,0.967741935483871,0,0,24,193,1,0.0
raw_native_fdr,8.0,cluster_merging,285,-1,384,4,524,0.921875,0,0,38,346,0,0.2222222222210002
raw_native_fdr,8.0,cluster_merging,286,-1,981,5,542,0.6941896024464832,0,0,120,861,1,0.0
raw_native_fdr,8.0,cluster_merging,287,-1,572,6,538,0.8304195804195804,0,0,65,507,0,0.294117647056415
raw_native_fdr,8.0,cluster_merging,288,-1,10199,3,535,0.999607804686734,0,0,1236,8963,1,0.0
raw_native_fdr,8.0,cluster_merging,289,-1,10566,4,530,0.9979178497066061,0,0,1276,9290,1,0.005847525765501157
raw_native_fdr,8.0,cluster_merging,290,-1,610,5,547,0.8344262295081967,0,0,68,542,1,0.13888888888648637
raw_native_fdr,8.0,cluster_merging,291,-1,430,2,546,0.9790697674418605,0,0,69,361,1,0.0
raw_native_fdr,8.0,cluster_merging,292,-1,127,4,541,0.3700787401574803,0,0,8,119,0,0.0
raw_native_fdr,8.0,cluster_merging,293,-1,310,5,540,0.8193548387096774,0,0,42,268,1,0.0
raw_native_fdr,8.0,cluster_merging,294,-1,765,8,532,0.9032679738562092,0,0,77,688,0,0.28571428571026614
raw_native_fdr,8.0,cluster_merging,295,-1,79,2,545,0.9873417721518988,0,0,7,72,0,0.0
raw_native_fdr,8.0,cluster_merging,296,-1,4328,3,544,0.990988909426987,0,0,468,3860,1,0.014219694276255423
raw_native_fdr,8.0,cluster_merging,297,-1,266,1,557,1.0,0,0,30,236,1,0.0
raw_native_fdr,8.0,cluster_merging,298,-1,469,1,557,1.0,0,0,50,419,1,0.0
raw_native_fdr,8.0,cluster_merging,299,-1,2949,6,553,0.9908443540183113,0,0,352,2597,1,0.0
raw_native_fdr,8.0,cluster_merging,300,-1,2406,3,559,0.8840399002493765,0,0,317,2089,1,0.0
raw_native_fdr,8.0,cluster_merging,301,-1,3289,7,551,0.9300699300699301,0,0,413,2876,1,0.044150110373517897
raw_native_fdr,8.0,cluster_merging,302,-1,160,2,555,0.99375,0,0,28,132,1,0.0
raw_native_fdr,8.0,cluster_merging,303,-1,1033,1,552,1.0,0,0,129,904,1,0.0
raw_native_fdr,8.0,cluster_merging,304,-1,53,2,560,0.9245283018867925,0,0,4,49,0,0.0
raw_native_fdr,8.0,cluster_merging,305,-1,11,2,563,0.6363636363636364,0,0,2,9,0,0.0
raw_native_fdr,8.0,cluster_merging,306,-1,13,1,565,1.0,0,0,0,13,0,0.0
raw_native_fdr,8.0,cluster_merging,307,-1,8,1,566,1.0,0,0,0,8,0,0.0
raw_native_fdr,8.0,cluster_merging,308,-1,120,1,567,1.0,0,0,9,111,0,2.4999999999962146
raw_native_fdr,8.0,cluster_merging,309,-1,43,2,568,0.9534883720930233,0,0,2,41,0,0.7407407407372417
raw_native_fdr,8.0,cluster_merging,310,-1,76,1,570,1.0,0,0,6,70,1,0.0
raw_native_fdr,8.0,cluster_merging,311,-1,120,4,572,0.325,0,0,15,105,0,8.333333333231371
raw_native_fdr,8.0,cluster_merging,312,-1,64,1,575,1.0,0,0,8,56,0,0.0
raw_native_fdr,8.0,cluster_merging,313,-1,183,2,577,0.7213114754098361,0,0,18,165,0,1.7142857142581955
raw_native_fdr,8.0,cluster_merging,314,-1,133,2,579,0.5789473684210527,0,0,28,105,1,0.0
raw_native_fdr,8.0,cluster_merging,315,-1,19,1,581,1.0,0,0,2,17,0,0.0
raw_native_fdr,8.0,cluster_merging,316,-1,105,1,582,1.0,0,0,12,93,0,4.444444444425888
raw_native_fdr,8.0,cluster_merging,317,-1,12,1,583,1.0,0,0,1,11,0,0.0
raw_native_fdr,8.0,cluster_merging,318,-1,32,1,584,1.0,0,0,5,27,0,0.0
raw_native_fdr,8.0,cluster_merging,319,-1,92,2,586,0.9239130434782609,0,0,11,81,1,0.0
raw_native_fdr,8.0,duplicate_removal,0,-1,386,2,6,0.9974093264248705,0,0,36,350,0,0.0
raw_native_fdr,8.0,duplicate_removal,1,-1,2530,6,4,0.8837944664031621,0,0,270,2260,1,0.0
raw_native_fdr,8.0,duplicate_removal,2,-1,1955,3,10,0.99846547314578,0,0,201,1754,1,0.1864801864746425
raw_native_fdr,8.0,duplicate_removal,3,-1,4676,6,5,0.9612917023096664,0,0,534,4142,1,0.0
raw_native_fdr,8.0,duplicate_removal,4,-1,1384,1,8,1.0,0,0,147,1237,1,0.0
raw_native_fdr,8.0,duplicate_removal,5,-1,6620,3,18,0.9990936555891239,0,0,791,5829,1,0.0
raw_native_fdr,8.0,duplicate_removal,6,-1,727,3,14,0.9105914718019257,0,0,93,634,1,0.0
raw_native_fdr,8.0,duplicate_removal,7,-1,5188,4,15,0.9990362374710872,0,0,593,4595,1,0.0
raw_native_fdr,8.0,duplicate_removal,8,-1,4633,3,16,0.9730196417008418,0,0,513,4120,1,0.022624434388224604
raw_native_fdr,8.0,duplicate_removal,9,-1,299,3,12,0.9163879598662207,0,0,43,256,1,0.0
raw_native_fdr,8.0,duplicate_removal,10,-1,3176,4,3,0.9222292191435768,0,0,363,2813,1,0.04756242568179837
raw_native_fdr,8.0,duplicate_removal,11,-1,258,4,24,0.7015503875968992,0,0,33,225,1,0.0
raw_native_fdr,8.0,duplicate_removal,12,-1,3844,2,21,0.9966181061394381,0,0,468,3376,1,0.0
raw_native_fdr,8.0,duplicate_removal,13,-1,10751,2,23,0.976002232350479,0,0,1289,9462,1,0.0
raw_native_fdr,8.0,duplicate_removal,14,-1,479,1,32,1.0,0,0,62,417,1,0.0
raw_native_fdr,8.0,duplicate_removal,15,-1,3414,3,29,0.9595782073813708,0,0,400,3014,1,0.0
raw_native_fdr,8.0,duplicate_removal,16,-1,1248,4,30,0.9599358974358975,0,0,144,1104,1,0.0
raw_native_fdr,8.0,duplicate_removal,17,-1,3271,4,31,0.9516967288291043,0,0,392,2879,1,0.0
raw_native_fdr,8.0,duplicate_removal,18,-1,716,4,33,0.7318435754189944,0,0,89,627,1,0.0
raw_native_fdr,8.0,duplicate_removal,19,-1,357,1,35,1.0,0,0,34,323,1,0.0
raw_native_fdr,8.0,duplicate_removal,20,-1,4816,4,36,0.9931478405315615,0,0,602,4214,1,0.0
raw_native_fdr,8.0,duplicate_removal,21,-1,18990,3,40,0.9966824644549763,0,0,2188,16802,1,0.0
raw_native_fdr,8.0,duplicate_removal,22,-1,6597,4,26,0.9993936637865697,0,0,770,5827,1,0.0
raw_native_fdr,8.0,duplicate_removal,23,-1,3920,4,39,0.997704081632653,0,0,486,3434,1,0.006416426050531484
raw_native_fdr,8.0,duplicate_removal,24,-1,2797,2,37,0.9996424740793708,0,0,316,2481,1,0.0
raw_native_fdr,8.0,duplicate_removal,25,-1,2663,2,45,0.9954938039804732,0,0,322,2341,1,0.061255742723653195
raw_native_fdr,8.0,duplicate_removal,26,-1,11308,4,42,0.9827555712769721,0,0,1376,9932,1,0.0029118439250299857
raw_native_fdr,8.0,duplicate_removal,27,-1,422,4,44,0.8483412322274881,0,0,47,375,1,0.0
raw_native_fdr,8.0,duplicate_removal,28,-1,141,2,43,0.9929078014184397,0,0,18,123,0,0.0
raw_native_fdr,8.0,duplicate_removal,29,-1,2528,3,48,0.9980221518987342,0,0,324,2204,1,0.0
raw_native_fdr,8.0,duplicate_removal,30,-1,607,1,47,1.0,0,0,77,530,1,0.0
raw_native_fdr,8.0,duplicate_removal,31,-1,170,1,50,1.0,0,0,16,154,0,0.0
raw_native_fdr,8.0,duplicate_removal,32,-1,1532,3,53,0.9908616187989556,0,0,195,1337,1,0.0
raw_native_fdr,8.0,duplicate_removal,33,-1,1277,4,51,0.9937353171495693,0,0,154,1123,1,0.1574803149572283
raw_native_fdr,8.0,duplicate_removal,34,-1,2203,4,56,0.9854743531547889,0,0,288,1915,1,0.0
raw_native_fdr,8.0,duplicate_removal,35,-1,1468,2,55,0.9952316076294278,0,0,162,1306,1,0.0
raw_native_fdr,8.0,duplicate_removal,36,-1,393,2,52,0.926208651399491,0,0,64,329,1,0.0
raw_native_fdr,8.0,duplicate_removal,37,-1,7520,4,63,0.9684840425531915,0,0,878,6642,1,0.01845018450104232
raw_native_fdr,8.0,duplicate_removal,38,-1,1308,3,60,0.9915902140672783,0,0,144,1164,1,0.0
raw_native_fdr,8.0,duplicate_removal,39,-1,4200,2,66,0.996904761904762,0,0,473,3727,1,0.08468595624207326
raw_native_fdr,8.0,duplicate_removal,40,-1,844,1,68,1.0,0,0,108,736,0,0.6451612902731378
raw_native_fdr,8.0,duplicate_removal,41,-1,6375,1,69,1.0,0,0,766,5609,1,0.0
raw_native_fdr,8.0,duplicate_removal,42,-1,11219,5,65,0.9792316605758089,0,0,1306,9913,1,0.0
raw_native_fdr,8.0,duplicate_removal,43,-1,265,1,71,1.0,0,0,37,228,1,0.0
raw_native_fdr,8.0,duplicate_removal,44,-1,438,2,64,0.997716894977169,0,0,43,395,1,0.0
raw_native_fdr,8.0,duplicate_removal,45,-1,4919,3,70,0.9995934132953852,0,0,586,4333,0,0.8647561587948995
raw_native_fdr,8.0,duplicate_removal,46,-1,4090,2,74,0.9975550122249389,0,0,478,3612,1,0.0
raw_native_fdr,8.0,duplicate_removal,47,-1,8905,3,73,0.9996631106120157,0,0,1035,7870,1,0.005566379070209934
raw_native_fdr,8.0,duplicate_removal,48,-1,1167,2,76,0.5184233076263924,0,0,129,1038,1,0.0
raw_native_fdr,8.0,duplicate_removal,49,-1,1696,5,80,0.9652122641509434,0,0,203,1493,1,0.0
raw_native_fdr,8.0,duplicate_removal,50,-1,116,2,75,0.6810344827586207,0,0,11,105,0,0.0
raw_native_fdr,8.0,duplicate_removal,51,-1,137,3,81,0.9635036496350365,0,0,17,120,1,0.0
raw_native_fdr,8.0,duplicate_removal,52,-1,1041,2,79,0.9500480307396734,0,0,133,908,1,0.0
raw_native_fdr,8.0,duplicate_removal,53,-1,996,1,83,1.0,0,0,125,871,0,0.5860805860590309
raw_native_fdr,8.0,duplicate_removal,54,-1,752,1,86,1.0,0,0,81,671,1,0.0
raw_native_fdr,8.0,duplicate_removal,55,-1,361,2,86,0.9861495844875346,0,0,41,320,1,0.0
raw_native_fdr,8.0,duplicate_removal,56,-1,2785,4,92,0.8825852782764811,0,0,336,2449,0,0.25702811244445734
raw_native_fdr,8.0,duplicate_removal,57,-1,81,1,93,1.0,0,0,8,73,0,0.0
raw_native_fdr,8.0,duplicate_removal,58,-1,648,3,88,0.8780864197530864,0,0,86,562,0,0.48780487804042516
raw_native_fdr,8.0,duplicate_removal,59,-1,102,2,85,0.9901960784313726,0,0,9,93,1,0.0
raw_native_fdr,8.0,duplicate_removal,60,-1,4879,5,91,0.895675343308055,0,0,546,4333,0,0.27491408933636596
raw_native_fdr,8.0,duplicate_removal,61,-1,259,2,90,0.9845559845559846,0,0,30,229,0,3.9999999999537206
raw_native_fdr,8.0,duplicate_removal,62,-1,248,4,89,0.8790322580645161,0,0,30,218,0,0.0
raw_native_fdr,8.0,duplicate_removal,63,-1,110,2,97,0.9454545454545454,0,0,17,93,1,0.0
raw_native_fdr,8.0,duplicate_removal,64,-1,3,2,100,0.6666666666666666,0,0,1,2,0,0.0
raw_native_fdr,8.0,duplicate_removal,65,-1,45,1,102,1.0,0,0,9,36,0,0.0
raw_native_fdr,8.0,duplicate_removal,66,-1,99,2,106,0.8787878787878788,0,0,18,81,1,0.0
raw_native_fdr,8.0,duplicate_removal,67,-1,181,4,113,0.9668508287292817,0,0,23,158,1,0.0
raw_native_fdr,8.0,duplicate_removal,68,793,13165,3,112,0.9996961640714015,13161,4,13162,3,1,0.0
raw_native_fdr,8.0,duplicate_removal,69,-1,160,3,115,0.5875,0,0,13,147,0,0.0
raw_native_fdr,8.0,duplicate_removal,70,-1,18,2,119,0.5555555555555556,0,0,4,14,0,0.0
raw_native_fdr,8.0,duplicate_removal,71,2143,17773,4,124,0.9992122883024813,17759,14,17759,14,1,0.0
raw_native_fdr,8.0,duplicate_removal,72,-1,33,3,122,0.8484848484848485,0,0,3,30,0,0.0
raw_native_fdr,8.0,duplicate_removal,73,-1,12232,3,128,0.9857750163505559,0,0,1393,10839,1,0.0566263748199667
raw_native_fdr,8.0,duplicate_removal,74,-1,1078,5,131,0.8534322820037106,0,0,139,939,0,0.4102564102319269
raw_native_fdr,8.0,duplicate_removal,75,-1,287,4,134,0.47735191637630664,0,0,34,253,0,0.0
raw_native_fdr,8.0,duplicate_removal,76,-1,1028,2,137,0.9892996108949417,0,0,138,890,1,0.0
raw_native_fdr,8.0,duplicate_removal,77,-1,237,1,136,1.0,0,0,33,204,1,0.0
raw_native_fdr,8.0,duplicate_removal,78,-1,432,2,142,0.9884259259259259,0,0,60,372,0,1.2499999999507738
raw_native_fdr,8.0,duplicate_removal,79,-1,161,2,139,0.6956521739130435,0,0,22,139,0,0.0
raw_native_fdr,8.0,duplicate_removal,80,-1,529,2,141,0.998109640831758,0,0,510,19,1,0.0
raw_native_fdr,8.0,duplicate_removal,81,-1,1753,1,145,1.0,0,0,216,1537,1,0.09615384615147712
raw_native_fdr,8.0,duplicate_removal,82,-1,409,2,148,0.9682151589242054,0,0,42,367,0,0.5555555555379771
raw_native_fdr,8.0,duplicate_removal,83,-1,467,2,147,0.9978586723768736,0,0,88,379,0,0.0
raw_native_fdr,8.0,duplicate_removal,84,-1,627,3,144,0.9936204146730463,0,0,107,520,0,0.0
raw_native_fdr,8.0,duplicate_removal,85,-1,422,2,149,0.976303317535545,0,0,246,176,1,0.0
raw_native_fdr,8.0,duplicate_removal,86,-1,143,2,143,0.993006993006993,0,0,17,126,0,0.0
raw_native_fdr,8.0,duplicate_removal,87,-1,251,3,150,0.7569721115537849,0,0,37,214,0,0.0
raw_native_fdr,8.0,duplicate_removal,88,-1,52,2,154,0.75,0,0,3,49,0,0.0
raw_native_fdr,8.0,duplicate_removal,89,-1,145,4,157,0.3793103448275862,0,0,22,123,1,0.0
raw_native_fdr,8.0,duplicate_removal,90,-1,2,2,161,0.5,0,0,1,1,0,0.0
raw_native_fdr,8.0,duplicate_removal,91,-1,113,3,165,0.9557522123893806,0,0,18,95,1,0.0
raw_native_fdr,8.0,duplicate_removal,92,-1,347,4,166,0.8097982708933718,0,0,83,264,1,0.0
raw_native_fdr,8.0,duplicate_removal,93,-1,622,3,171,0.8070739549839229,0,0,66,556,0,0.0
raw_native_fdr,8.0,duplicate_removal,94,-1,122,1,176,1.0,0,0,9,113,0,0.0
raw_native_fdr,8.0,duplicate_removal,95,-1,8168,1,174,1.0,0,0,904,7264,1,0.0
raw_native_fdr,8.0,duplicate_removal,96,-1,6369,6,184,0.9795886324383734,0,0,795,5574,1,0.0
raw_native_fdr,8.0,duplicate_removal,97,-1,3131,4,183,0.996167358671351,0,0,372,2759,1,0.0
raw_native_fdr,8.0,duplicate_removal,98,-1,388,3,175,0.6108247422680413,0,0,45,343,0,0.0
raw_native_fdr,8.0,duplicate_removal,99,-1,215,1,185,1.0,0,0,36,179,0,0.0
raw_native_fdr,8.0,duplicate_removal,100,-1,189,1,180,1.0,0,0,16,173,0,0.0
raw_native_fdr,8.0,duplicate_removal,101,-1,283,4,191,0.8621908127208481,0,0,29,254,1,0.0
raw_native_fdr,8.0,duplicate_removal,102,-1,922,5,196,0.8253796095444685,0,0,118,804,1,0.0
raw_native_fdr,8.0,duplicate_removal,103,-1,183,4,178,0.6229508196721312,0,0,28,155,0,0.0
raw_native_fdr,8.0,duplicate_removal,104,-1,31155,7,182,0.9896324827475526,0,0,3621,27534,1,0.011629239340408803
raw_native_fdr,8.0,duplicate_removal,105,-1,4650,11,189,0.5772043010752688,0,0,556,4094,1,0.15932311620821546
raw_native_fdr,8.0,duplicate_removal,106,-1,5159,3,206,0.9994184919558053,0,0,617,4542,1,0.06225671224328133
raw_native_fdr,8.0,duplicate_removal,107,-1,2116,5,195,0.8090737240075614,0,0,258,1858,1,0.0
raw_native_fdr,8.0,duplicate_removal,108,-1,362,2,207,0.9171270718232044,0,0,44,318,1,0.0
raw_native_fdr,8.0,duplicate_removal,109,-1,10447,4,212,0.9888963338757538,0,0,1210,9237,1,0.0
raw_native_fdr,8.0,duplicate_removal,110,-1,20365,6,201,0.9774613307144611,0,0,2413,17952,1,0.01209331633030995
raw_native_fdr,8.0,duplicate_removal,111,-1,28056,4,213,0.9993940690048474,0,0,3170,24886,1,0.0013950861653144475
raw_native_fdr,8.0,duplicate_removal,112,-1,4457,6,217,0.96881310298407,0,0,557,3900,1,0.0
raw_native_fdr,8.0,duplicate_removal,113,-1,517,3,216,0.9961315280464217,0,0,54,463,1,0.0
raw_native_fdr,8.0,duplicate_removal,114,-1,744,3,220,0.989247311827957,0,0,89,655,1,0.0
raw_native_fdr,8.0,duplicate_removal,115,-1,13492,5,250,0.9965164541950786,0,0,1578,11914,1,0.0
raw_native_fdr,8.0,duplicate_removal,116,-1,1314,4,214,0.8074581430745814,0,0,153,1161,1,0.0
raw_native_fdr,8.0,duplicate_removal,117,-1,3066,7,224,0.9266144814090019,0,0,365,2701,1,0.0
raw_native_fdr,8.0,duplicate_removal,118,-1,2330,5,215,0.9244635193133047,0,0,247,2083,0,0.26666666665745825
raw_native_fdr,8.0,duplicate_removal,119,-1,6577,4,210,0.9121179869241295,0,0,769,5808,1,0.024040082861528596
raw_native_fdr,8.0,duplicate_removal,120,-1,11172,6,229,0.475921947726459,0,0,1357,9815,1,0.0
raw_native_fdr,8.0,duplicate_removal,121,-1,16057,7,228,0.9394656536090179,0,0,1905,14152,1,0.0019647061601131563
raw_native_fdr,8.0,duplicate_removal,122,-1,2453,11,233,0.8858540562576437,0,0,269,2184,1,0.0
raw_native_fdr,8.0,duplicate_removal,123,-1,10032,7,244,0.9791666666666666,0,0,1193,8839,1,0.026674506867096905
raw_native_fdr,8.0,duplicate_removal,124,-1,617,3,234,0.9902755267423015,0,0,72,545,0,0.0
raw_native_fdr,8.0,duplicate_removal,125,-1,2863,6,225,0.7352427523576668,0,0,335,2528,0,0.41862416104387096
raw_native_fdr,8.0,duplicate_removal,126,-1,26412,13,252,0.9761472058155384,0,0,3002,23410,1,0.003590608292448256
raw_native_fdr,8.0,duplicate_removal,127,-1,15448,6,230,0.9842698083894356,0,0,1863,13585,1,0.004082968538718493
raw_native_fdr,8.0,duplicate_removal,128,-1,20149,7,251,0.8757754727281751,0,0,2390,17759,1,0.00472739330169189
raw_native_fdr,8.0,duplicate_removal,129,-1,59226,19,265,0.9482321953196231,0,0,7016,52210,1,0.010107189402624015
raw_native_fdr,8.0,duplicate_removal,130,-1,8990,7,254,0.8730812013348165,0,0,1058,7932,1,0.010021488963635753
raw_native_fdr,8.0,duplicate_removal,131,-1,985,4,264,0.9888324873096447,0,0,129,856,1,0.0
raw_native_fdr,8.0,duplicate_removal,132,-1,3724,9,239,0.5934479054779807,0,0,423,3301,1,0.0
raw_native_fdr,8.0,duplicate_removal,133,-1,4941,5,249,0.9872495446265938,0,0,608,4333,1,0.10193659093777184
raw_native_fdr,8.0,duplicate_removal,134,-1,12229,6,267,0.9841360699975468,0,0,1404,10825,1,0.0
raw_native_fdr,8.0,duplicate_removal,135,-1,31650,9,266,0.9421169036334913,0,0,3812,27838,1,0.0010569122910130079
raw_native_fdr,8.0,duplicate_removal,136,-1,1362,9,277,0.8259911894273128,0,0,156,1206,1,0.1234567901163806
raw_native_fdr,8.0,duplicate_removal,137,-1,1065,7,268,0.9342723004694836,0,0,136,929,1,0.0
raw_native_fdr,8.0,duplicate_removal,138,-1,722,5,273,0.9584487534626038,0,0,91,631,1,0.0
raw_native_fdr,8.0,duplicate_removal,139,-1,1521,7,258,0.559500328731098,0,0,214,1307,0,0.7554882664097465
raw_native_fdr,8.0,duplicate_removal,140,-1,10714,13,269,0.9033974239313048,0,0,1252,9462,1,0.05511897998700872
raw_native_fdr,8.0,duplicate_removal,141,-1,5516,9,260,0.8953952139231327,0,0,638,4878,1,0.0527205493889713
raw_native_fdr,8.0,duplicate_removal,142,-1,22178,10,279,0.75272792857787,0,0,2550,19628,1,0.05183119180941626
raw_native_fdr,8.0,duplicate_removal,143,-1,5307,9,257,0.9178443565102694,0,0,615,4692,1,0.06298119398751918
raw_native_fdr,8.0,duplicate_removal,144,-1,178,2,272,0.9887640449438202,0,0,15,163,0,0.0
raw_native_fdr,8.0,duplicate_removal,145,-1,6361,11,274,0.9303568621285961,0,0,674,5687,1,0.038134297938446554
raw_native_fdr,8.0,duplicate_removal,146,-1,14282,12,278,0.9894972692900154,0,0,1655,12627,1,0.009791417301934002
raw_native_fdr,8.0,duplicate_removal,147,-1,4473,4,283,0.9991057455846188,0,0,519,3954,1,0.0
raw_native_fdr,8.0,duplicate_removal,148,-1,1030,3,289,0.9912621359223301,0,0,110,920,1,0.0
raw_native_fdr,8.0,duplicate_removal,149,-1,30495,1,293,1.0,0,0,3526,26969,1,0.0
raw_native_fdr,8.0,duplicate_removal,150,-1,6790,5,281,0.9499263622974963,0,0,826,5964,1,0.039022482890520294
raw_native_fdr,8.0,duplicate_removal,151,-1,1030,1,284,1.0,0,0,107,923,1,0.0
raw_native_fdr,8.0,duplicate_removal,152,-1,3396,5,287,0.9437573616018846,0,0,406,2990,1,0.07079646017217113
raw_native_fdr,8.0,duplicate_removal,153,-1,29118,15,294,0.8302081186894704,0,0,3374,25744,1,0.0
raw_native_fdr,8.0,duplicate_removal,154,-1,26486,2,295,0.9944498980593521,0,0,3091,23395,1,0.0
raw_native_fdr,8.0,duplicate_removal,155,-1,477,3,303,0.9769392033542977,0,0,65,412,1,0.0
raw_native_fdr,8.0,duplicate_removal,156,-1,6516,7,291,0.9178944137507673,0,0,716,5800,1,0.016863406407088142
raw_native_fdr,8.0,duplicate_removal,157,-1,1204,3,304,0.9858803986710963,0,0,148,1056,1,0.0
raw_native_fdr,8.0,duplicate_removal,158,-1,1309,3,299,0.9961802902979373,0,0,139,1170,1,0.0
raw_native_fdr,8.0,duplicate_removal,159,-1,32,2,285,0.96875,0,0,4,28,0,0.0
raw_native_fdr,8.0,duplicate_removal,160,-1,2322,5,290,0.9237726098191215,0,0,274,2048,1,0.0
raw_native_fdr,8.0,duplicate_removal,161,-1,6990,6,280,0.9583690987124464,0,0,814,6176,1,0.01912170447429229
raw_native_fdr,8.0,duplicate_removal,162,-1,2607,5,305,0.7686996547756041,0,0,326,2281,0,0.4720015134064372
raw_native_fdr,8.0,duplicate_removal,163,-1,5622,5,301,0.9768765563856279,0,0,660,4962,1,0.028211216641955004
raw_native_fdr,8.0,duplicate_removal,164,-1,28825,13,307,0.9526105810928014,0,0,3447,25378,1,0.0035949109314008035
raw_native_fdr,8.0,duplicate_removal,165,-1,21735,7,326,0.9929606625258799,0,0,2506,19229,1,0.0
raw_native_fdr,8.0,duplicate_removal,166,-1,3475,5,311,0.8310791366906475,0,0,383,3092,0,0.21490094744745267
raw_native_fdr,8.0,duplicate_removal,167,-1,874,4,318,0.9130434782608695,0,0,111,763,1,0.0
raw_native_fdr,8.0,duplicate_removal,168,-1,2611,3,317,0.9992340099578706,0,0,289,2322,1,0.0
raw_native_fdr,8.0,duplicate_removal,169,-1,162,2,314,0.9382716049382716,0,0,23,139,0,0.0
raw_native_fdr,8.0,duplicate_removal,170,-1,3595,3,316,0.9933240611961057,0,0,420,3175,1,0.0
raw_native_fdr,8.0,duplicate_removal,171,-1,12155,5,319,0.6635952283011106,0,0,1400,10755,1,0.0
raw_native_fdr,8.0,duplicate_removal,172,-1,13914,5,308,0.8479948253557568,0,0,1647,12267,1,0.022437302575560848
raw_native_fdr,8.0,duplicate_removal,173,-1,24419,4,320,0.9991809656415087,0,0,2942,21477,1,0.0019162679240270176
raw_native_fdr,8.0,duplicate_removal,174,-1,72,2,325,0.9861111111111112,0,0,7,65,0,0.0
raw_native_fdr,8.0,duplicate_removal,175,-1,3621,5,322,0.9726594863297432,0,0,394,3227,1,0.04281345565577342
raw_native_fdr,8.0,duplicate_removal,176,-1,14,4,330,0.5714285714285714,0,0,0,14,0,0.0
raw_native_fdr,8.0,duplicate_removal,177,-1,191,3,334,0.42408376963350786,0,0,27,164,1,0.0
raw_native_fdr,8.0,duplicate_removal,178,-1,4,1,339,1.0,0,0,4,0,0,0.0
raw_native_fdr,8.0,duplicate_removal,179,-1,524,5,344,0.8091603053435115,0,0,63,461,1,0.0
raw_native_fdr,8.0,duplicate_removal,180,-1,788,4,349,0.6573604060913706,0,0,93,695,1,0.0
raw_native_fdr,8.0,duplicate_removal,181,-1,1809,1,353,1.0,0,0,208,1601,1,0.0
raw_native_fdr,8.0,duplicate_removal,182,-1,557,4,350,0.7863554757630161,0,0,76,481,1,0.0
raw_native_fdr,8.0,duplicate_removal,183,-1,119,3,370,0.5546218487394958,0,0,17,102,0,0.0
raw_native_fdr,8.0,duplicate_removal,184,-1,173,3,362,0.953757225433526,0,0,26,147,1,0.0
raw_native_fdr,8.0,duplicate_removal,185,-1,606,2,352,0.9966996699669967,0,0,78,528,1,0.0
raw_native_fdr,8.0,duplicate_removal,186,-1,2127,2,363,0.999529854254819,0,0,228,1899,1,0.0
raw_native_fdr,8.0,duplicate_removal,187,-1,7359,6,364,0.992526158445441,0,0,809,6550,1,0.019651858851438983
raw_native_fdr,8.0,duplicate_removal,188,-1,150,5,368,0.82,0,0,19,131,0,0.0
raw_native_fdr,8.0,duplicate_removal,189,-1,156,1,376,1.0,0,0,28,128,1,0.0
raw_native_fdr,8.0,duplicate_removal,190,-1,2369,8,378,0.7505276487969608,0,0,269,2100,1,0.0
raw_native_fdr,8.0,duplicate_removal,191,-1,658,4,359,0.9270516717325228,0,0,95,563,1,0.0
raw_native_fdr,8.0,duplicate_removal,192,-1,766,8,384,0.587467362924282,0,0,92,674,1,0.0
raw_native_fdr,8.0,duplicate_removal,193,-1,3943,4,398,0.9860512300278975,0,0,473,3470,1,0.06512093265682589
raw_native_fdr,8.0,duplicate_removal,194,-1,260,1,397,1.0,0,0,24,236,1,0.0
raw_native_fdr,8.0,duplicate_removal,195,-1,248,4,396,0.9193548387096774,0,0,33,215,0,0.0
raw_native_fdr,8.0,duplicate_removal,196,-1,691,2,390,0.9884225759768451,0,0,73,618,1,0.0
raw_native_fdr,8.0,duplicate_removal,197,-1,27294,3,399,0.9994137905766836,0,0,3293,24001,1,0.0
raw_native_fdr,8.0,duplicate_removal,198,-1,213,4,392,0.9530516431924883,0,0,17,196,1,0.0
raw_native_fdr,8.0,duplicate_removal,199,-1,1813,3,381,0.9983452840595698,0,0,211,1602,1,0.0
raw_native_fdr,8.0,duplicate_removal,200,-1,5489,4,405,0.9777737292767353,0,0,658,4831,1,0.0
raw_native_fdr,8.0,duplicate_removal,201,-1,751,3,402,0.9347536617842876,0,0,76,675,1,0.0
raw_native_fdr,8.0,duplicate_removal,202,-1,209,1,404,1.0,0,0,27,182,1,0.0
raw_native_fdr,8.0,duplicate_removal,203,-1,3146,5,411,0.898283534647171,0,0,384,2762,1,0.15180265654171948
raw_native_fdr,8.0,duplicate_removal,204,-1,725,4,410,0.7186206896551725,0,0,88,637,1,0.0
raw_native_fdr,8.0,duplicate_removal,205,-1,3379,2,412,0.9896419058893163,0,0,387,2992,1,0.0
raw_native_fdr,8.0,duplicate_removal,206,-1,1476,2,415,0.983739837398374,0,0,188,1288,1,0.0
raw_native_fdr,8.0,duplicate_removal,207,-1,1949,6,427,0.7219086711133915,0,0,242,1707,1,0.0
raw_native_fdr,8.0,duplicate_removal,208,-1,85,2,420,0.7058823529411765,0,0,10,75,0,0.0
raw_native_fdr,8.0,duplicate_removal,209,-1,208,1,416,1.0,0,0,23,185,1,0.0
raw_native_fdr,8.0,duplicate_removal,210,-1,945,7,422,0.9375661375661376,0,0,116,829,1,0.0
raw_native_fdr,8.0,duplicate_removal,211,-1,11461,4,425,0.967105837186982,0,0,1350,10111,1,0.0
raw_native_fdr,8.0,duplicate_removal,212,-1,5936,3,430,0.995788409703504,0,0,697,5239,1,0.0
raw_native_fdr,8.0,duplicate_removal,213,-1,7685,4,430,0.9734547820429408,0,0,891,6794,1,0.0
raw_native_fdr,8.0,duplicate_removal,214,-1,939,1,432,1.0,0,0,128,811,1,0.0
raw_native_fdr,8.0,duplicate_removal,215,-1,6170,4,438,0.9977309562398703,0,0,734,5436,1,0.0
raw_native_fdr,8.0,duplicate_removal,216,-1,3782,9,453,0.695134849286092,0,0,456,3326,1,0.10771721531958155
raw_native_fdr,8.0,duplicate_removal,217,-1,11435,2,439,0.9732400524704854,0,0,1329,10106,1,0.0025506552984031136
raw_native_fdr,8.0,duplicate_removal,218,-1,8127,5,454,0.9844961240310077,0,0,961,7166,1,0.0
raw_native_fdr,8.0,duplicate_removal,219,-1,4567,4,445,0.976571053207795,0,0,506,4061,1,0.0
raw_native_fdr,8.0,duplicate_removal,220,-1,389,4,449,0.4961439588688946,0,0,56,333,1,0.0
raw_native_fdr,8.0,duplicate_removal,221,-1,12372,11,446,0.934610410604591,0,0,1441,10931,1,0.031233732428951326
raw_native_fdr,8.0,duplicate_removal,222,-1,133,2,450,0.9924812030075187,0,0,19,114,0,0.0
raw_native_fdr,8.0,duplicate_removal,223,-1,959,6,455,0.8508863399374348,0,0,116,843,1,0.0
raw_native_fdr,8.0,duplicate_removal,224,-1,2730,5,444,0.9216117216117216,0,0,332,2398,1,0.0
raw_native_fdr,8.0,duplicate_removal,225,-1,653,3,451,0.9923430321592649,0,0,71,582,1,0.0
raw_native_fdr,8.0,duplicate_removal,226,-1,1622,3,440,0.7262638717632552,0,0,197,1425,1,0.0
raw_native_fdr,8.0,duplicate_removal,227,-1,11333,4,456,0.9841171799170564,0,0,1362,9971,1,0.01091207289187636
raw_native_fdr,8.0,duplicate_removal,228,-1,1221,6,463,0.9516789516789517,0,0,160,1061,1,0.09523809523355431
raw_native_fdr,8.0,duplicate_removal,229,-1,539,4,460,0.9944341372912802,0,0,71,468,1,0.0
raw_native_fdr,8.0,duplicate_removal,230,-1,5295,2,457,0.9986779981114259,0,0,619,4676,1,0.0
raw_native_fdr,8.0,duplicate_removal,231,-1,2121,3,458,0.9820839226779821,0,0,248,1873,1,0.0
raw_native_fdr,8.0,duplicate_removal,232,-1,1100,3,447,0.9363636363636364,0,0,128,972,1,0.0
raw_native_fdr,8.0,duplicate_removal,233,-1,1622,5,462,0.9765721331689272,0,0,182,1440,1,0.0
raw_native_fdr,8.0,duplicate_removal,234,-1,3773,5,441,0.991783726477604,0,0,464,3309,1,0.0
raw_native_fdr,8.0,duplicate_removal,235,-1,9292,2,466,0.9995695221696083,0,0,1084,8208,1,0.0
raw_native_fdr,8.0,duplicate_removal,236,-1,9585,2,465,0.9997913406364111,0,0,1124,8461,1,0.0
raw_native_fdr,8.0,duplicate_removal,237,-1,639,3,487,0.9280125195618153,0,0,91,548,1,0.0
raw_native_fdr,8.0,duplicate_removal,238,-1,668,5,482,0.9865269461077845,0,0,85,583,1,0.0
raw_native_fdr,8.0,duplicate_removal,239,-1,310,2,472,0.9903225806451613,0,0,51,259,1,0.0
raw_native_fdr,8.0,duplicate_removal,240,-1,248,4,468,0.6129032258064516,0,0,32,216,1,0.0
raw_native_fdr,8.0,duplicate_removal,241,-1,1081,6,488,0.969472710453284,0,0,156,925,1,0.0
raw_native_fdr,8.0,duplicate_removal,242,-1,3873,12,477,0.6101213529563646,0,0,497,3376,1,0.0
raw_native_fdr,8.0,duplicate_removal,243,-1,601,4,483,0.9866888519134775,0,0,76,525,1,0.0
raw_native_fdr,8.0,duplicate_removal,244,-1,245,3,486,0.7061224489795919,0,0,32,213,1,0.0
raw_native_fdr,8.0,duplicate_removal,245,-1,278,5,474,0.9676258992805755,0,0,43,235,1,0.0
raw_native_fdr,8.0,duplicate_removal,246,-1,1017,6,480,0.9105211406096362,0,0,137,880,1,0.0
raw_native_fdr,8.0,duplicate_removal,247,-1,142,3,483,0.9647887323943662,0,0,14,128,0,0.0
raw_native_fdr,8.0,duplicate_removal,248,-1,1001,4,471,0.9000999000999002,0,0,106,895,1,0.1959167648116402
raw_native_fdr,8.0,duplicate_removal,249,-1,583,7,489,0.9777015437392796,0,0,394,189,0,0.0
raw_native_fdr,8.0,duplicate_removal,250,-1,2666,3,479,0.9962490622655664,0,0,320,2346,1,0.0
raw_native_fdr,8.0,duplicate_removal,251,-1,3166,6,486,0.9823120656980417,0,0,383,2783,1,0.0
raw_native_fdr,8.0,duplicate_removal,252,-1,2335,3,485,0.9991434689507495,0,0,269,2066,1,0.0
raw_native_fdr,8.0,duplicate_removal,253,-1,1730,3,499,0.9976878612716763,0,0,195,1535,1,0.0
raw_native_fdr,8.0,duplicate_removal,254,-1,505,3,495,0.899009900990099,0,0,53,452,1,0.0
raw_native_fdr,8.0,duplicate_removal,255,-1,882,2,500,0.9625850340136054,0,0,124,758,1,0.0
raw_native_fdr,8.0,duplicate_removal,256,-1,183,1,498,1.0,0,0,15,168,1,0.0
raw_native_fdr,8.0,duplicate_removal,257,-1,789,3,478,0.9531051964512041,0,0,89,700,1,0.0
raw_native_fdr,8.0,duplicate_removal,258,-1,1679,4,494,0.9660512209648601,0,0,209,1470,1,0.0
raw_native_fdr,8.0,duplicate_removal,259,-1,454,2,497,0.9955947136563876,0,0,61,393,1,0.0
raw_native_fdr,8.0,duplicate_removal,260,-1,1403,6,473,0.6635780470420527,0,0,205,1198,0,0.9184345635301471
raw_native_fdr,8.0,duplicate_removal,261,-1,683,2,493,0.9985358711566618,0,0,83,600,1,0.0
raw_native_fdr,8.0,duplicate_removal,262,-1,4920,4,496,0.9920731707317073,0,0,535,4385,1,0.0
raw_native_fdr,8.0,duplicate_removal,263,-1,622,2,506,0.9967845659163987,0,0,68,554,1,0.0
raw_native_fdr,8.0,duplicate_removal,264,-1,4400,3,504,0.9943181818181818,0,0,487,3913,1,0.0
raw_native_fdr,8.0,duplicate_removal,265,-1,899,1,503,1.0,0,0,113,786,1,0.0
raw_native_fdr,8.0,duplicate_removal,266,-1,3449,2,490,0.993621339518701,0,0,405,3044,1,0.0
raw_native_fdr,8.0,duplicate_removal,267,-1,24,1,502,1.0,0,0,0,24,0,0.0
raw_native_fdr,8.0,duplicate_removal,268,-1,11572,4,508,0.9601624611130315,0,0,1358,10214,1,0.0006430661393477844
raw_native_fdr,8.0,duplicate_removal,269,-1,223,2,511,0.9865470852017937,0,0,28,195,1,0.0
raw_native_fdr,8.0,duplicate_removal,270,-1,192,2,515,0.9947916666666666,0,0,16,176,0,0.0
raw_native_fdr,8.0,duplicate_removal,271,-1,688,3,507,0.9898255813953488,0,0,79,609,1,0.0
raw_native_fdr,8.0,duplicate_removal,272,-1,792,3,514,0.8535353535353535,0,0,97,695,1,0.0
raw_native_fdr,8.0,duplicate_removal,273,-1,427,4,510,0.7306791569086651,0,0,63,364,1,0.16326530612036175
raw_native_fdr,8.0,duplicate_removal,274,-1,77,1,521,1.0,0,0,12,65,1,0.0
raw_native_fdr,8.0,duplicate_removal,275,-1,969,4,517,0.9401444788441693,0,0,109,860,0,0.3921568627210126
raw_native_fdr,8.0,duplicate_removal,276,-1,8811,2,521,0.9835432981500397,0,0,1086,7725,1,0.04769310523459244
raw_native_fdr,8.0,duplicate_removal,277,-1,6852,5,519,0.9900758902510216,0,0,839,6013,1,0.061232300034602276
raw_native_fdr,8.0,duplicate_removal,278,-1,35,3,528,0.9428571428571428,0,0,6,29,0,0.0
raw_native_fdr,8.0,duplicate_removal,279,-1,332,1,528,1.0,0,0,49,283,1,0.0
raw_native_fdr,8.0,duplicate_removal,280,-1,541,5,527,0.866913123844732,0,0,63,478,1,0.0
raw_native_fdr,8.0,duplicate_removal,281,-1,213,5,529,0.5821596244131455,0,0,27,186,0,0.0
raw_native_fdr,8.0,duplicate_removal,282,-1,217,2,525,0.9815668202764977,0,0,24,193,1,0.0
raw_native_fdr,8.0,duplicate_removal,283,-1,266,1,523,1.0,0,0,29,237,0,0.0
raw_native_fdr,8.0,duplicate_removal,284,-1,217,3,537,0.967741935483871,0,0,24,193,1,0.0
raw_native_fdr,8.0,duplicate_removal,285,-1,384,4,524,0.921875,0,0,38,346,0,0.2222222222210002
raw_native_fdr,8.0,duplicate_removal,286,-1,981,5,542,0.6941896024464832,0,0,120,861,1,0.0
raw_native_fdr,8.0,duplicate_removal,287,-1,572,6,538,0.8304195804195804,0,0,65,507,0,0.294117647056415
raw_native_fdr,8.0,duplicate_removal,288,-1,10198,3,535,0.9996077662286723,0,0,1236,8962,1,0.0
raw_native_fdr,8.0,duplicate_removal,289,-1,10565,4,530,0.9979176526265973,0,0,1276,9289,1,0.005848380729426234
raw_native_fdr,8.0,duplicate_removal,290,-1,610,5,547,0.8344262295081967,0,0,68,542,1,0.13888888888648637
raw_native_fdr,8.0,duplicate_removal,291,-1,430,2,546,0.9790697674418605,0,0,69,361,1,0.0
raw_native_fdr,8.0,duplicate_removal,292,-1,127,4,541,0.3700787401574803,0,0,8,119,0,0.0
raw_native_fdr,8.0,duplicate_removal,293,-1,310,5,540,0.8193548387096774,0,0,42,268,1,0.0
raw_native_fdr,8.0,duplicate_removal,294,-1,765,8,532,0.9032679738562092,0,0,77,688,0,0.28571428571026614
raw_native_fdr,8.0,duplicate_removal,295,-1,79,2,545,0.9873417721518988,0,0,7,72,0,0.0
raw_native_fdr,8.0,duplicate_removal,296,-1,4326,3,544,0.9909847434119279,0,0,468,3858,1,0.014255167497899178
raw_native_fdr,8.0,duplicate_removal,297,-1,266,1,557,1.0,0,0,30,236,1,0.0
raw_native_fdr,8.0,duplicate_removal,298,-1,469,1,557,1.0,0,0,50,419,1,0.0
raw_native_fdr,8.0,duplicate_removal,299,-1,2949,6,553,0.9908443540183113,0,0,352,2597,1,0.0
raw_native_fdr,8.0,duplicate_removal,300,-1,2405,3,559,0.883991683991684,0,0,317,2088,1,0.0
raw_native_fdr,8.0,duplicate_removal,301,-1,3289,7,551,0.9300699300699301,0,0,413,2876,1,0.044150110373517897
raw_native_fdr,8.0,duplicate_removal,302,-1,160,2,555,0.99375,0,0,28,132,1,0.0
raw_native_fdr,8.0,duplicate_removal,303,-1,1033,1,552,1.0,0,0,129,904,1,0.0
raw_native_fdr,8.0,duplicate_removal,304,-1,53,2,560,0.9245283018867925,0,0,4,49,0,0.0
raw_native_fdr,8.0,duplicate_removal,305,-1,11,2,563,0.6363636363636364,0,0,2,9,0,0.0
raw_native_fdr,8.0,duplicate_removal,306,-1,13,1,565,1.0,0,0,0,13,0,0.0
raw_native_fdr,8.0,duplicate_removal,307,-1,8,1,566,1.0,0,0,0,8,0,0.0
raw_native_fdr,8.0,duplicate_removal,308,-1,119,1,567,1.0,0,0,9,110,0,2.580645161286356
raw_native_fdr,8.0,duplicate_removal,309,-1,37,2,568,0.972972972972973,0,0,2,35,0,0.74074074073815
raw_native_fdr,8.0,duplicate_removal,310,-1,76,1,570,1.0,0,0,6,70,1,0.0
raw_native_fdr,8.0,duplicate_removal,311,-1,120,4,572,0.325,0,0,15,105,0,8.333333333231371
raw_native_fdr,8.0,duplicate_removal,312,-1,64,1,575,1.0,0,0,8,56,0,0.0
raw_native_fdr,8.0,duplicate_removal,313,-1,183,2,577,0.7213114754098361,0,0,18,165,0,1.7142857142581955
raw_native_fdr,8.0,duplicate_removal,314,-1,126,2,579,0.5634920634920635,0,0,28,98,1,0.0
raw_native_fdr,8.0,duplicate_removal,315,-1,19,1,581,1.0,0,0,2,17,0,0.0
raw_native_fdr,8.0,duplicate_removal,316,-1,105,1,582,1.0,0,0,12,93,0,4.444444444425888
raw_native_fdr,8.0,duplicate_removal,317,-1,12,1,583,1.0,0,0,1,11,0,0.0
raw_native_fdr,8.0,duplicate_removal,318,-1,32,1,584,1.0,0,0,5,27,0,0.0
raw_native_fdr,8.0,duplicate_removal,319,-1,92,2,586,0.9239130434782609,0,0,11,81,1,0.0
denoised_native_fdr,8.0,detection_template,0,-1,2,1,0,1.0,0,0,0,2,0,0.0
denoised_native_fdr,8.0,detection_template,1,-1,2636,1,1,1.0,0,0,312,2324,1,0.0
denoised_native_fdr,8.0,detection_template,2,-1,3104,1,2,1.0,0,0,357,2747,1,0.0
denoised_native_fdr,8.0,detection_template,3,-1,1395,1,3,1.0,0,0,147,1248,1,0.0
denoised_native_fdr,8.0,detection_template,4,-1,283,1,4,1.0,0,0,31,252,0,0.9523809523440743
denoised_native_fdr,8.0,detection_template,5,-1,1168,1,5,1.0,0,0,104,1064,1,0.0
denoised_native_fdr,8.0,detection_template,6,-1,570,1,6,1.0,0,0,63,507,0,0.3252032520238869
denoised_native_fdr,8.0,detection_template,7,-1,91,1,7,1.0,0,0,7,84,1,0.0
denoised_native_fdr,8.0,detection_template,8,-1,2505,1,8,1.0,0,0,280,2225,1,0.1187824795787139
denoised_native_fdr,8.0,detection_template,11,-1,5200,1,11,1.0,0,0,607,4593,1,0.0
denoised_native_fdr,8.0,detection_template,12,-1,135,1,12,1.0,0,0,18,117,1,0.0
denoised_native_fdr,8.0,detection_template,13,-1,20,1,13,1.0,0,0,2,18,0,0.0
denoised_native_fdr,8.0,detection_template,14,-1,223,1,14,1.0,0,0,23,200,1,0.0
denoised_native_fdr,8.0,detection_template,15,-1,1,1,15,1.0,0,0,0,1,0,0.0
denoised_native_fdr,8.0,detection_template,16,-1,402,1,16,1.0,0,0,48,354,1,0.0
denoised_native_fdr,8.0,detection_template,17,-1,4811,1,17,1.0,0,0,549,4262,1,0.0
denoised_native_fdr,8.0,detection_template,18,-1,6560,1,18,1.0,0,0,765,5795,1,0.0
denoised_native_fdr,8.0,detection_template,19,-1,3830,1,19,1.0,0,0,466,3364,1,0.011764705882013598
denoised_native_fdr,8.0,detection_template,20,-1,49,1,20,1.0,0,0,6,43,0,0.0
denoised_native_fdr,8.0,detection_template,21,-1,4,1,21,1.0,0,0,0,4,0,0.0
denoised_native_fdr,8.0,detection_template,22,-1,186,1,22,1.0,0,0,23,163,0,0.0
denoised_native_fdr,8.0,detection_template,23,-1,94,1,23,1.0,0,0,10,84,1,0.0
denoised_native_fdr,8.0,detection_template,24,-1,10564,1,24,1.0,0,0,1263,9301,1,0.0
denoised_native_fdr,8.0,detection_template,25,-1,3514,1,25,1.0,0,0,418,3096,1,0.0
denoised_native_fdr,8.0,detection_template,26,-1,4867,1,26,1.0,0,0,543,4324,1,0.0
denoised_native_fdr,8.0,detection_template,27,-1,2206,1,27,1.0,0,0,258,1948,1,0.0
denoised_native_fdr,8.0,detection_template,28,-1,596,1,28,1.0,0,0,74,522,0,0.3333333333267031
denoised_native_fdr,8.0,detection_template,29,-1,170,1,29,1.0,0,0,18,152,1,0.0
denoised_native_fdr,8.0,detection_template,31,-1,3220,1,31,1.0,0,0,405,2815,1,0.0
denoised_native_fdr,8.0,detection_template,32,-1,12,1,32,1.0,0,0,1,11,0,0.0
denoised_native_fdr,8.0,detection_template,33,-1,2775,1,33,1.0,0,0,310,2465,1,0.0
denoised_native_fdr,8.0,detection_template,34,-1,18110,1,34,1.0,0,0,2083,16027,1,0.0
denoised_native_fdr,8.0,detection_template,35,-1,311,1,35,1.0,0,0,26,285,0,0.952380952358496
denoised_native_fdr,8.0,detection_template,36,-1,29,1,36,1.0,0,0,5,24,0,0.0
denoised_native_fdr,8.0,detection_template,37,-1,4846,1,37,1.0,0,0,614,4232,1,0.0
denoised_native_fdr,8.0,detection_template,38,-1,171,1,38,1.0,0,0,22,149,1,0.0
denoised_native_fdr,8.0,detection_template,39,-1,83,1,39,1.0,0,0,10,73,0,0.0
denoised_native_fdr,8.0,detection_template,40,-1,1,1,40,1.0,0,0,0,1,0,0.0
denoised_native_fdr,8.0,detection_template,41,-1,11586,1,41,1.0,0,0,1393,10193,1,0.005578217062110186
denoised_native_fdr,8.0,detection_template,43,-1,1,1,43,1.0,0,0,0,1,0,0.0
denoised_native_fdr,8.0,detection_template,44,-1,2130,1,44,1.0,0,0,237,1893,1,0.0
denoised_native_fdr,8.0,detection_template,45,-1,213,1,45,1.0,0,0,21,192,1,0.0
denoised_native_fdr,8.0,detection_template,46,-1,21,1,46,1.0,0,0,5,16,0,0.0
denoised_native_fdr,8.0,detection_template,48,-1,2488,1,48,1.0,0,0,299,2189,1,0.0
denoised_native_fdr,8.0,detection_template,49,-1,83,1,49,1.0,0,0,10,73,0,0.0
denoised_native_fdr,8.0,detection_template,50,-1,563,1,50,1.0,0,0,61,502,1,0.0
denoised_native_fdr,8.0,detection_template,52,-1,99,1,52,1.0,0,0,15,84,1,0.0
denoised_native_fdr,8.0,detection_template,53,-1,765,1,53,1.0,0,0,97,668,1,0.0
denoised_native_fdr,8.0,detection_template,54,-1,1938,1,54,1.0,0,0,210,1728,0,0.2653399668269534
denoised_native_fdr,8.0,detection_template,55,-1,685,1,55,1.0,0,0,95,590,1,0.0
denoised_native_fdr,8.0,detection_template,56,-1,1440,1,56,1.0,0,0,192,1248,0,0.7969924811819198
denoised_native_fdr,8.0,detection_template,57,-1,2605,1,57,1.0,0,0,316,2289,1,0.0
denoised_native_fdr,8.0,detection_template,58,-1,23,1,58,1.0,0,0,5,18,0,0.0
denoised_native_fdr,8.0,detection_template,59,-1,5,1,59,1.0,0,0,1,4,0,0.0
denoised_native_fdr,8.0,detection_template,60,-1,1470,1,60,1.0,0,0,158,1312,1,0.0
denoised_native_fdr,8.0,detection_template,61,-1,30,1,61,1.0,0,0,3,27,0,0.0
denoised_native_fdr,8.0,detection_template,62,-1,292,1,62,1.0,0,0,26,266,0,0.5714285714167885
denoised_native_fdr,8.0,detection_template,64,-1,997,1,64,1.0,0,0,123,874,1,0.0
denoised_native_fdr,8.0,detection_template,65,-1,195,1,65,1.0,0,0,21,174,1,0.0
denoised_native_fdr,8.0,detection_template,66,-1,361,1,66,1.0,0,0,43,318,1,0.0
denoised_native_fdr,8.0,detection_template,67,-1,4,1,67,1.0,0,0,0,4,0,0.0
denoised_native_fdr,8.0,detection_template,68,-1,12148,1,68,1.0,0,0,1440,10708,1,0.0
denoised_native_fdr,8.0,detection_template,69,-1,4214,1,69,1.0,0,0,512,3702,1,0.11389521639705993
denoised_native_fdr,8.0,detection_template,70,-1,6913,1,70,1.0,0,0,822,6091,1,0.03665521191160485
denoised_native_fdr,8.0,detection_template,74,-1,711,1,74,1.0,0,0,89,622,1,0.0
denoised_native_fdr,8.0,detection_template,75,-1,7959,1,75,1.0,0,0,943,7016,1,0.0
denoised_native_fdr,8.0,detection_template,76,-1,31,1,76,1.0,0,0,4,27,0,0.0
denoised_native_fdr,8.0,detection_template,77,-1,533,1,77,1.0,0,0,70,463,0,0.4761904761528781
denoised_native_fdr,8.0,detection_template,78,-1,362,1,78,1.0,0,0,42,320,0,2.2222222220594894
denoised_native_fdr,8.0,detection_template,79,-1,2920,1,79,1.0,0,0,331,2589,0,1.0466439134365564
denoised_native_fdr,8.0,detection_template,80,-1,3327,1,80,1.0,0,0,397,2930,0,0.4466501240285559
denoised_native_fdr,8.0,detection_template,81,-1,548,1,81,1.0,0,0,61,487,0,0.6666666666572115
denoised_native_fdr,8.0,detection_template,82,-1,5141,1,82,1.0,0,0,591,4550,1,0.08146639510957221
denoised_native_fdr,8.0,detection_template,83,-1,11122,1,83,1.0,0,0,1306,9816,1,0.0
denoised_native_fdr,8.0,detection_template,84,-1,147,1,84,1.0,0,0,19,128,1,0.0
denoised_native_fdr,8.0,detection_template,86,-1,431,1,86,1.0,0,0,64,367,1,0.0
denoised_native_fdr,8.0,detection_template,87,-1,1128,1,87,1.0,0,0,142,986,1,0.0
denoised_native_fdr,8.0,detection_template,88,-1,2045,1,88,1.0,0,0,236,1809,1,0.0
denoised_native_fdr,8.0,detection_template,90,-1,109,1,90,1.0,0,0,11,98,1,0.0
denoised_native_fdr,8.0,detection_template,91,-1,348,1,91,1.0,0,0,36,312,0,0.7999999999869958
denoised_native_fdr,8.0,detection_template,92,-1,1,1,92,1.0,0,0,0,1,0,0.0
denoised_native_fdr,8.0,detection_template,93,-1,2,1,93,1.0,0,0,1,1,0,0.0
denoised_native_fdr,8.0,detection_template,94,-1,1879,1,94,1.0,0,0,224,1655,0,0.4868154158098153
denoised_native_fdr,8.0,detection_template,95,-1,1,1,95,1.0,0,0,0,1,0,0.0
denoised_native_fdr,8.0,detection_template,96,-1,933,1,96,1.0,0,0,102,831,0,0.4395604395533355
denoised_native_fdr,8.0,detection_template,97,-1,1,1,97,1.0,0,0,0,1,0,0.0
denoised_native_fdr,8.0,detection_template,98,-1,2888,1,98,1.0,0,0,363,2525,1,0.12598425196574375
denoised_native_fdr,8.0,detection_template,99,-1,231,1,99,1.0,0,0,26,205,0,0.0
denoised_native_fdr,8.0,detection_template,100,-1,705,1,100,1.0,0,0,99,606,0,1.034482758605878
denoised_native_fdr,8.0,detection_template,101,-1,757,1,101,1.0,0,0,74,683,0,2.0618556700623336
denoised_native_fdr,8.0,detection_template,102,-1,1,1,102,1.0,0,0,0,1,0,0.0
denoised_native_fdr,8.0,detection_template,103,-1,4711,1,103,1.0,0,0,530,4181,0,0.31800113570497773
denoised_native_fdr,8.0,detection_template,105,-1,36,1,105,1.0,0,0,1,35,0,0.0
denoised_native_fdr,8.0,detection_template,107,-1,5,1,107,1.0,0,0,0,5,0,0.0
denoised_native_fdr,8.0,detection_template,108,-1,1,1,108,1.0,0,0,0,1,0,0.0
denoised_native_fdr,8.0,detection_template,110,-1,161,1,110,1.0,0,0,18,143,1,0.0
denoised_native_fdr,8.0,detection_template,111,-1,153,1,111,1.0,0,0,15,138,1,0.0
denoised_native_fdr,8.0,detection_template,112,-1,28,1,112,1.0,0,0,3,25,0,0.0
denoised_native_fdr,8.0,detection_template,115,-1,1,1,115,1.0,0,0,0,1,0,0.0
denoised_native_fdr,8.0,detection_template,117,-1,109,1,117,1.0,0,0,11,98,0,0.0
denoised_native_fdr,8.0,detection_template,120,-1,35,1,120,1.0,0,0,6,29,0,0.0
denoised_native_fdr,8.0,detection_template,121,-1,73,1,121,1.0,0,0,8,65,0,0.0
denoised_native_fdr,8.0,detection_template,122,-1,69,1,122,1.0,0,0,8,61,0,0.0
denoised_native_fdr,8.0,detection_template,125,-1,3,1,125,1.0,0,0,0,3,0,0.0
denoised_native_fdr,8.0,detection_template,132,-1,1,1,132,1.0,0,0,0,1,0,0.0
denoised_native_fdr,8.0,detection_template,133,-1,2,1,133,1.0,0,0,0,2,0,0.0
denoised_native_fdr,8.0,detection_template,135,-1,1,1,135,1.0,0,0,0,1,0,0.0
denoised_native_fdr,8.0,detection_template,138,793,17196,1,138,1.0,17193,3,17193,3,1,0.0
denoised_native_fdr,8.0,detection_template,140,-1,1,1,140,1.0,0,0,0,1,0,0.0
denoised_native_fdr,8.0,detection_template,141,-1,1,1,141,1.0,0,0,0,1,0,0.0
denoised_native_fdr,8.0,detection_template,143,-1,2890,1,143,1.0,0,0,344,2546,1,0.0
denoised_native_fdr,8.0,detection_template,144,-1,3254,1,144,1.0,0,0,359,2895,1,0.0
denoised_native_fdr,8.0,detection_template,145,-1,171,1,145,1.0,0,0,18,153,0,0.0
denoised_native_fdr,8.0,detection_template,146,-1,321,1,146,1.0,0,0,39,282,0,0.0
denoised_native_fdr,8.0,detection_template,149,-1,64,1,149,1.0,0,0,9,55,0,0.0
denoised_native_fdr,8.0,detection_template,150,-1,26,1,150,1.0,0,0,6,20,0,0.0
denoised_native_fdr,8.0,detection_template,152,2143,17889,1,152,1.0,17889,0,17889,0,1,0.0
denoised_native_fdr,8.0,detection_template,154,-1,2,1,154,1.0,0,0,0,2,0,0.0
denoised_native_fdr,8.0,detection_template,155,-1,12483,1,155,1.0,0,0,1421,11062,1,0.0
denoised_native_fdr,8.0,detection_template,157,-1,1070,1,157,1.0,0,0,146,924,0,0.4975074775436378
denoised_native_fdr,8.0,detection_template,158,-1,2476,1,158,1.0,0,0,305,2171,1,0.02097872698068302
denoised_native_fdr,8.0,detection_template,160,-1,241,1,160,1.0,0,0,34,207,1,0.0
denoised_native_fdr,8.0,detection_template,162,-1,39,1,162,1.0,0,0,5,34,0,0.0
denoised_native_fdr,8.0,detection_template,163,-1,29,1,163,1.0,0,0,6,23,0,0.0
denoised_native_fdr,8.0,detection_template,164,-1,1,1,164,1.0,0,0,0,1,0,0.0
denoised_native_fdr,8.0,detection_template,165,-1,939,1,165,1.0,0,0,928,11,1,0.0
denoised_native_fdr,8.0,detection_template,167,-1,1,1,167,1.0,0,0,0,1,0,0.0
denoised_native_fdr,8.0,detection_template,168,-1,263,1,168,1.0,0,0,32,231,0,0.7999999999812039
denoised_native_fdr,8.0,detection_template,169,-1,2855,1,169,1.0,0,0,333,2522,1,0.0
denoised_native_fdr,8.0,detection_template,170,-1,447,1,170,1.0,0,0,40,407,1,0.0
denoised_native_fdr,8.0,detection_template,171,-1,56,1,171,1.0,0,0,6,50,0,0.0
denoised_native_fdr,8.0,detection_template,172,-1,2,1,172,1.0,0,0,0,2,0,0.0
denoised_native_fdr,8.0,detection_template,173,-1,1870,1,173,1.0,0,0,234,1636,0,0.21929824560842603
denoised_native_fdr,8.0,detection_template,174,-1,126,1,174,1.0,0,0,87,39,1,0.0
denoised_native_fdr,8.0,detection_template,175,-1,2927,1,175,1.0,0,0,371,2556,0,0.2564102563945744
denoised_native_fdr,8.0,detection_template,176,-1,370,1,176,1.0,0,0,45,325,0,2.399999999887584
denoised_native_fdr,8.0,detection_template,177,-1,1,1,177,1.0,0,0,0,1,0,0.0
denoised_native_fdr,8.0,detection_template,178,-1,2,1,178,1.0,0,0,0,2,0,0.0
denoised_native_fdr,8.0,detection_template,179,-1,30,1,179,1.0,0,0,6,24,0,0.0
denoised_native_fdr,8.0,detection_template,180,-1,3,1,180,1.0,0,0,0,3,0,0.0
denoised_native_fdr,8.0,detection_template,181,-1,1,1,181,1.0,0,0,0,1,0,0.0
denoised_native_fdr,8.0,detection_template,182,-1,1,1,182,1.0,0,0,0,1,0,0.0
denoised_native_fdr,8.0,detection_template,183,-1,1,1,183,1.0,0,0,0,1,0,0.0
denoised_native_fdr,8.0,detection_template,184,-1,14,1,184,1.0,0,0,1,13,0,0.0
denoised_native_fdr,8.0,detection_template,188,-1,7,1,188,1.0,0,0,1,6,0,0.0
denoised_native_fdr,8.0,detection_template,189,-1,1,1,189,1.0,0,0,0,1,0,0.0
denoised_native_fdr,8.0,detection_template,190,-1,298,1,190,1.0,0,0,297,1,1,0.0
denoised_native_fdr,8.0,detection_template,192,-1,527,1,192,1.0,0,0,55,472,0,0.0
denoised_native_fdr,8.0,detection_template,194,-1,12,1,194,1.0,0,0,2,10,0,0.0
denoised_native_fdr,8.0,detection_template,195,-1,59,1,195,1.0,0,0,5,54,0,0.0
denoised_native_fdr,8.0,detection_template,196,-1,1495,1,196,1.0,0,0,197,1298,1,0.0
denoised_native_fdr,8.0,detection_template,197,-1,8479,1,197,1.0,0,0,962,7517,1,0.0
denoised_native_fdr,8.0,detection_template,198,-1,107,1,198,1.0,0,0,11,96,0,0.0
denoised_native_fdr,8.0,detection_template,199,-1,333,1,199,1.0,0,0,37,296,0,0.0
denoised_native_fdr,8.0,detection_template,201,-1,974,1,201,1.0,0,0,117,857,1,0.0
denoised_native_fdr,8.0,detection_template,202,-1,38,1,202,1.0,0,0,6,32,0,0.0
denoised_native_fdr,8.0,detection_template,203,-1,86,1,203,1.0,0,0,13,73,0,0.0
denoised_native_fdr,8.0,detection_template,204,-1,9,1,204,1.0,0,0,1,8,0,0.0
denoised_native_fdr,8.0,detection_template,205,-1,54,1,205,1.0,0,0,5,49,0,0.0
denoised_native_fdr,8.0,detection_template,206,-1,73,1,206,1.0,0,0,5,68,0,0.0
denoised_native_fdr,8.0,detection_template,207,-1,249,1,207,1.0,0,0,30,219,1,0.0
denoised_native_fdr,8.0,detection_template,208,-1,3737,1,208,1.0,0,0,473,3264,1,0.0
denoised_native_fdr,8.0,detection_template,209,-1,425,1,209,1.0,0,0,60,365,0,0.0
denoised_native_fdr,8.0,detection_template,210,-1,29520,1,210,1.0,0,0,3418,26102,1,0.0
denoised_native_fdr,8.0,detection_template,211,-1,6459,1,211,1.0,0,0,756,5703,1,0.0
denoised_native_fdr,8.0,detection_template,212,-1,1981,1,212,1.0,0,0,237,1744,1,0.0
denoised_native_fdr,8.0,detection_template,213,-1,6972,1,213,1.0,0,0,770,6202,1,0.0
denoised_native_fdr,8.0,detection_template,214,-1,135,1,214,1.0,0,0,22,113,1,0.0
denoised_native_fdr,8.0,detection_template,215,-1,178,1,215,1.0,0,0,24,154,1,0.0
denoised_native_fdr,8.0,detection_template,216,-1,52,1,216,1.0,0,0,3,49,0,0.0
denoised_native_fdr,8.0,detection_template,217,-1,55,1,217,1.0,0,0,6,49,0,0.0
denoised_native_fdr,8.0,detection_template,218,-1,21,1,218,1.0,0,0,1,20,0,0.0
denoised_native_fdr,8.0,detection_template,219,-1,192,1,219,1.0,0,0,20,172,0,0.0
denoised_native_fdr,8.0,detection_template,220,-1,13,1,220,1.0,0,0,1,12,0,0.0
denoised_native_fdr,8.0,detection_template,221,-1,754,1,221,1.0,0,0,104,650,1,0.0
denoised_native_fdr,8.0,detection_template,222,-1,13042,1,222,1.0,0,0,1574,11468,1,0.0
denoised_native_fdr,8.0,detection_template,223,-1,739,1,223,1.0,0,0,73,666,0,0.0
denoised_native_fdr,8.0,detection_template,224,-1,4,1,224,1.0,0,0,0,4,0,0.0
denoised_native_fdr,8.0,detection_template,225,-1,1538,1,225,1.0,0,0,203,1335,1,0.0
denoised_native_fdr,8.0,detection_template,226,-1,124,1,226,1.0,0,0,24,100,0,0.0
denoised_native_fdr,8.0,detection_template,227,-1,26122,1,227,1.0,0,0,2944,23178,1,0.0032050664454241107
denoised_native_fdr,8.0,detection_template,228,-1,91,1,228,1.0,0,0,10,81,1,0.0
denoised_native_fdr,8.0,detection_template,229,-1,241,1,229,1.0,0,0,28,213,0,0.0
denoised_native_fdr,8.0,detection_template,230,-1,191,1,230,1.0,0,0,19,172,1,0.0
denoised_native_fdr,8.0,detection_template,231,-1,241,1,231,1.0,0,0,29,212,0,0.0
denoised_native_fdr,8.0,detection_template,232,-1,29,1,232,1.0,0,0,4,25,0,0.0
denoised_native_fdr,8.0,detection_template,233,-1,224,1,233,1.0,0,0,25,199,0,0.0
denoised_native_fdr,8.0,detection_template,234,-1,109,1,234,1.0,0,0,15,94,0,0.0
denoised_native_fdr,8.0,detection_template,235,-1,4887,1,235,1.0,0,0,579,4308,1,0.013920660602919696
denoised_native_fdr,8.0,detection_template,236,-1,417,1,236,1.0,0,0,37,380,1,0.0
denoised_native_fdr,8.0,detection_template,237,-1,5567,1,237,1.0,0,0,652,4915,1,0.010760339844704883
denoised_native_fdr,8.0,detection_template,238,-1,3909,1,238,1.0,0,0,461,3448,1,0.0
denoised_native_fdr,8.0,detection_template,239,-1,265,1,239,1.0,0,0,27,238,0,0.0
denoised_native_fdr,8.0,detection_template,240,-1,7,1,240,1.0,0,0,1,6,0,0.0
denoised_native_fdr,8.0,detection_template,241,-1,846,1,241,1.0,0,0,118,728,1,0.0
denoised_native_fdr,8.0,detection_template,242,-1,128,1,242,1.0,0,0,9,119,0,12.47499999890172
denoised_native_fdr,8.0,detection_template,243,-1,1802,1,243,1.0,0,0,200,1602,1,0.0
denoised_native_fdr,8.0,detection_template,244,-1,35,1,244,1.0,0,0,1,34,0,0.0
denoised_native_fdr,8.0,detection_template,245,-1,48,1,245,1.0,0,0,4,44,0,0.0
denoised_native_fdr,8.0,detection_template,246,-1,14527,1,246,1.0,0,0,1728,12799,1,0.009159324522022812
denoised_native_fdr,8.0,detection_template,247,-1,36,1,247,1.0,0,0,6,30,0,0.0
denoised_native_fdr,8.0,detection_template,248,-1,575,1,248,1.0,0,0,78,497,1,0.0
denoised_native_fdr,8.0,detection_template,249,-1,112,1,249,1.0,0,0,18,94,0,0.0
denoised_native_fdr,8.0,detection_template,250,-1,3626,1,250,1.0,0,0,413,3213,1,0.0
denoised_native_fdr,8.0,detection_template,251,-1,83,1,251,1.0,0,0,13,70,0,0.0
denoised_native_fdr,8.0,detection_template,252,-1,1543,1,252,1.0,0,0,181,1362,1,0.1325717321927814
denoised_native_fdr,8.0,detection_template,253,-1,1061,1,253,1.0,0,0,111,950,1,0.0
denoised_native_fdr,8.0,detection_template,254,-1,114,1,254,1.0,0,0,14,100,0,0.0
denoised_native_fdr,8.0,detection_template,255,-1,499,1,255,1.0,0,0,54,445,0,0.30878712869677233
denoised_native_fdr,8.0,detection_template,256,-1,157,1,256,1.0,0,0,22,135,0,0.0
denoised_native_fdr,8.0,detection_template,257,-1,5481,1,257,1.0,0,0,639,4842,1,0.0
denoised_native_fdr,8.0,detection_template,258,-1,13206,1,258,1.0,0,0,1546,11660,1,0.0
denoised_native_fdr,8.0,detection_template,259,-1,4619,1,259,1.0,0,0,574,4045,1,0.0
denoised_native_fdr,8.0,detection_template,260,-1,12828,1,260,1.0,0,0,1515,11313,1,0.0
denoised_native_fdr,8.0,detection_template,261,-1,979,1,261,1.0,0,0,120,859,1,0.0
denoised_native_fdr,8.0,detection_template,262,-1,94,1,262,1.0,0,0,8,86,0,0.0
denoised_native_fdr,8.0,detection_template,263,-1,8562,1,263,1.0,0,0,1056,7506,1,0.0
denoised_native_fdr,8.0,detection_template,264,-1,193,1,264,1.0,0,0,20,173,1,0.0
denoised_native_fdr,8.0,detection_template,265,-1,24,1,265,1.0,0,0,2,22,0,0.0
denoised_native_fdr,8.0,detection_template,266,-1,8131,1,266,1.0,0,0,985,7146,1,0.0
denoised_native_fdr,8.0,detection_template,267,-1,171,1,267,1.0,0,0,21,150,0,0.0
denoised_native_fdr,8.0,detection_template,268,-1,495,1,268,1.0,0,0,49,446,0,0.0
denoised_native_fdr,8.0,detection_template,269,-1,463,1,269,1.0,0,0,52,411,0,0.0
denoised_native_fdr,8.0,detection_template,270,-1,1262,1,270,1.0,0,0,150,1112,1,0.0
denoised_native_fdr,8.0,detection_template,271,-1,11,1,271,1.0,0,0,3,8,0,0.0
denoised_native_fdr,8.0,detection_template,272,-1,10,1,272,1.0,0,0,1,9,0,0.0
denoised_native_fdr,8.0,detection_template,273,-1,1407,1,273,1.0,0,0,158,1249,0,0.2469074715385886
denoised_native_fdr,8.0,detection_template,274,-1,2992,1,274,1.0,0,0,353,2639,1,0.0
denoised_native_fdr,8.0,detection_template,275,-1,3658,1,275,1.0,0,0,434,3224,1,0.07755672986918036
denoised_native_fdr,8.0,detection_template,276,-1,13697,1,276,1.0,0,0,1581,12116,1,0.0
denoised_native_fdr,8.0,detection_template,277,-1,335,1,277,1.0,0,0,34,301,1,0.0
denoised_native_fdr,8.0,detection_template,278,-1,1487,1,278,1.0,0,0,156,1331,1,0.0
denoised_native_fdr,8.0,detection_template,279,-1,113,1,279,1.0,0,0,10,103,0,0.0
denoised_native_fdr,8.0,detection_template,280,-1,9,1,280,1.0,0,0,0,9,0,0.0
denoised_native_fdr,8.0,detection_template,281,-1,168,1,281,1.0,0,0,15,153,0,0.0
denoised_native_fdr,8.0,detection_template,283,-1,219,1,283,1.0,0,0,28,191,0,0.0
denoised_native_fdr,8.0,detection_template,284,-1,364,1,284,1.0,0,0,39,325,0,0.0
denoised_native_fdr,8.0,detection_template,286,-1,227,1,286,1.0,0,0,39,188,0,0.0
denoised_native_fdr,8.0,detection_template,287,-1,1,1,287,1.0,0,0,0,1,0,0.0
denoised_native_fdr,8.0,detection_template,288,-1,9,1,288,1.0,0,0,1,8,0,0.0
denoised_native_fdr,8.0,detection_template,289,-1,3,1,289,1.0,0,0,0,3,0,0.0
denoised_native_fdr,8.0,detection_template,290,-1,1851,1,290,1.0,0,0,204,1647,1,0.0
denoised_native_fdr,8.0,detection_template,291,-1,14515,1,291,1.0,0,0,1687,12828,1,0.009980751407747042
denoised_native_fdr,8.0,detection_template,292,-1,1926,1,292,1.0,0,0,198,1728,1,0.0
denoised_native_fdr,8.0,detection_template,293,-1,19492,1,293,1.0,0,0,2346,17146,1,0.0
denoised_native_fdr,8.0,detection_template,294,-1,11442,1,294,1.0,0,0,1331,10111,1,0.008466667797035799
denoised_native_fdr,8.0,detection_template,295,-1,3010,1,295,1.0,0,0,306,2704,1,0.0
denoised_native_fdr,8.0,detection_template,296,-1,4,1,296,1.0,0,0,0,4,0,0.0
denoised_native_fdr,8.0,detection_template,297,-1,557,1,297,1.0,0,0,60,497,1,0.0
denoised_native_fdr,8.0,detection_template,298,-1,1603,1,298,1.0,0,0,176,1427,1,0.0
denoised_native_fdr,8.0,detection_template,299,-1,151,1,299,1.0,0,0,19,132,0,0.0
denoised_native_fdr,8.0,detection_template,300,-1,194,1,300,1.0,0,0,30,164,0,0.0
denoised_native_fdr,8.0,detection_template,301,-1,309,1,301,1.0,0,0,45,264,0,0.0
denoised_native_fdr,8.0,detection_template,302,-1,11230,1,302,1.0,0,0,1286,9944,1,0.010818310912001115
denoised_native_fdr,8.0,detection_template,303,-1,283,1,303,1.0,0,0,39,244,0,0.0
denoised_native_fdr,8.0,detection_template,304,-1,47,1,304,1.0,0,0,3,44,0,0.0
denoised_native_fdr,8.0,detection_template,305,-1,219,1,305,1.0,0,0,22,197,0,0.0
denoised_native_fdr,8.0,detection_template,306,-1,2615,1,306,1.0,0,0,302,2313,1,0.0
denoised_native_fdr,8.0,detection_template,307,-1,5054,1,307,1.0,0,0,586,4468,1,0.0
denoised_native_fdr,8.0,detection_template,308,-1,227,1,308,1.0,0,0,28,199,1,0.0
denoised_native_fdr,8.0,detection_template,309,-1,2991,1,309,1.0,0,0,344,2647,1,0.0
denoised_native_fdr,8.0,detection_template,310,-1,701,1,310,1.0,0,0,84,617,1,0.0
denoised_native_fdr,8.0,detection_template,311,-1,2067,1,311,1.0,0,0,237,1830,1,0.0
denoised_native_fdr,8.0,detection_template,312,-1,199,1,312,1.0,0,0,22,177,0,0.0
denoised_native_fdr,8.0,detection_template,313,-1,217,1,313,1.0,0,0,30,187,0,0.0
denoised_native_fdr,8.0,detection_template,314,-1,203,1,314,1.0,0,0,25,178,1,0.0
denoised_native_fdr,8.0,detection_template,315,-1,3974,1,315,1.0,0,0,456,3518,1,0.0
denoised_native_fdr,8.0,detection_template,316,-1,244,1,316,1.0,0,0,33,211,0,0.0
denoised_native_fdr,8.0,detection_template,317,-1,1943,1,317,1.0,0,0,237,1706,1,0.0
denoised_native_fdr,8.0,detection_template,318,-1,300,1,318,1.0,0,0,44,256,0,1.9999999998461122
denoised_native_fdr,8.0,detection_template,319,-1,74,1,319,1.0,0,0,7,67,0,0.0
denoised_native_fdr,8.0,detection_template,320,-1,203,1,320,1.0,0,0,23,180,1,0.0
denoised_native_fdr,8.0,detection_template,321,-1,324,1,321,1.0,0,0,37,287,1,0.0
denoised_native_fdr,8.0,detection_template,322,-1,4811,1,322,1.0,0,0,512,4299,1,0.0
denoised_native_fdr,8.0,detection_template,323,-1,2680,1,323,1.0,0,0,327,2353,1,0.0
denoised_native_fdr,8.0,detection_template,324,-1,1386,1,324,1.0,0,0,152,1234,0,0.21895568230903362
denoised_native_fdr,8.0,detection_template,325,-1,8246,1,325,1.0,0,0,955,7291,1,0.0
denoised_native_fdr,8.0,detection_template,326,-1,24305,1,326,1.0,0,0,2804,21501,1,0.0
denoised_native_fdr,8.0,detection_template,327,-1,29415,1,327,1.0,0,0,3409,26006,1,0.0
denoised_native_fdr,8.0,detection_template,328,-1,106,1,328,1.0,0,0,12,94,0,0.0
denoised_native_fdr,8.0,detection_template,329,-1,10850,1,329,1.0,0,0,1302,9548,1,0.007004393536946941
denoised_native_fdr,8.0,detection_template,330,-1,907,1,330,1.0,0,0,111,796,1,0.0
denoised_native_fdr,8.0,detection_template,331,-1,245,1,331,1.0,0,0,32,213,0,0.0
denoised_native_fdr,8.0,detection_template,332,-1,12,1,332,1.0,0,0,2,10,0,0.0
denoised_native_fdr,8.0,detection_template,333,-1,2180,1,333,1.0,0,0,249,1931,1,0.0
denoised_native_fdr,8.0,detection_template,334,-1,206,1,334,1.0,0,0,34,172,1,0.0
denoised_native_fdr,8.0,detection_template,335,-1,4381,1,335,1.0,0,0,516,3865,1,0.0
denoised_native_fdr,8.0,detection_template,336,-1,92,1,336,1.0,0,0,9,83,0,0.0
denoised_native_fdr,8.0,detection_template,337,-1,54,1,337,1.0,0,0,6,48,0,0.0
denoised_native_fdr,8.0,detection_template,338,-1,10834,1,338,1.0,0,0,1281,9553,1,0.007741955502758617
denoised_native_fdr,8.0,detection_template,339,-1,10069,1,339,1.0,0,0,1184,8885,1,0.0
denoised_native_fdr,8.0,detection_template,340,-1,630,1,340,1.0,0,0,81,549,0,0.5086646279152176
denoised_native_fdr,8.0,detection_template,341,-1,2607,1,341,1.0,0,0,295,2312,1,0.0
denoised_native_fdr,8.0,detection_template,342,-1,22822,1,342,1.0,0,0,2732,20090,1,0.0010922574486982278
denoised_native_fdr,8.0,detection_template,343,-1,1529,1,343,1.0,0,0,168,1361,1,0.0
denoised_native_fdr,8.0,detection_template,344,-1,17,1,344,1.0,0,0,1,16,0,0.0
denoised_native_fdr,8.0,detection_template,345,-1,1764,1,345,1.0,0,0,217,1547,1,0.0
denoised_native_fdr,8.0,detection_template,346,-1,8465,1,346,1.0,0,0,987,7478,1,0.0
denoised_native_fdr,8.0,detection_template,347,-1,364,1,347,1.0,0,0,45,319,0,0.6930555555289004
denoised_native_fdr,8.0,detection_template,348,-1,4909,1,348,1.0,0,0,531,4378,1,0.0
denoised_native_fdr,8.0,detection_template,349,-1,55,1,349,1.0,0,0,11,44,0,0.0
denoised_native_fdr,8.0,detection_template,350,-1,6955,1,350,1.0,0,0,820,6135,1,0.00498753117196825
denoised_native_fdr,8.0,detection_template,351,-1,1128,1,351,1.0,0,0,128,1000,1,0.0
denoised_native_fdr,8.0,detection_template,353,-1,1,1,353,1.0,0,0,0,1,0,0.0
denoised_native_fdr,8.0,detection_template,354,-1,26,1,354,1.0,0,0,5,21,0,0.0
denoised_native_fdr,8.0,detection_template,357,-1,161,1,357,1.0,0,0,18,143,0,0.9999999999935798
denoised_native_fdr,8.0,detection_template,358,-1,3,1,358,1.0,0,0,1,2,0,0.0
denoised_native_fdr,8.0,detection_template,359,-1,1,1,359,1.0,0,0,0,1,0,0.0
denoised_native_fdr,8.0,detection_template,361,-1,5,1,361,1.0,0,0,4,1,0,0.0
denoised_native_fdr,8.0,detection_template,362,-1,532,1,362,1.0,0,0,532,0,1,0.0
denoised_native_fdr,8.0,detection_template,365,-1,2497,1,365,1.0,0,0,290,2207,1,0.0
denoised_native_fdr,8.0,detection_template,366,-1,23,1,366,1.0,0,0,3,20,0,0.0
denoised_native_fdr,8.0,detection_template,367,-1,1,1,367,1.0,0,0,0,1,0,0.0
denoised_native_fdr,8.0,detection_template,368,-1,220,1,368,1.0,0,0,28,192,1,0.0
denoised_native_fdr,8.0,detection_template,370,-1,183,1,370,1.0,0,0,20,163,1,0.0
denoised_native_fdr,8.0,detection_template,371,-1,2194,1,371,1.0,0,0,290,1904,1,0.0
denoised_native_fdr,8.0,detection_template,372,-1,478,1,372,1.0,0,0,49,429,1,0.0
denoised_native_fdr,8.0,detection_template,373,-1,2056,1,373,1.0,0,0,255,1801,1,0.0
denoised_native_fdr,8.0,detection_template,374,-1,84,1,374,1.0,0,0,10,74,0,0.0
denoised_native_fdr,8.0,detection_template,376,-1,162,1,376,1.0,0,0,20,142,1,0.0
denoised_native_fdr,8.0,detection_template,377,-1,326,1,377,1.0,0,0,49,277,0,0.0
denoised_native_fdr,8.0,detection_template,378,-1,1,1,378,1.0,0,0,0,1,0,0.0
denoised_native_fdr,8.0,detection_template,379,-1,50,1,379,1.0,0,0,7,43,0,0.0
denoised_native_fdr,8.0,detection_template,380,-1,512,1,380,1.0,0,0,64,448,1,0.0
denoised_native_fdr,8.0,detection_template,382,-1,15,1,382,1.0,0,0,4,11,0,0.0
denoised_native_fdr,8.0,detection_template,383,-1,1876,1,383,1.0,0,0,215,1661,1,0.0
denoised_native_fdr,8.0,detection_template,384,-1,761,1,384,1.0,0,0,103,658,1,0.0
denoised_native_fdr,8.0,detection_template,385,-1,2107,1,385,1.0,0,0,227,1880,1,0.0
denoised_native_fdr,8.0,detection_template,387,-1,6607,1,387,1.0,0,0,727,5880,1,0.01401941365591423
denoised_native_fdr,8.0,detection_template,388,-1,431,1,388,1.0,0,0,60,371,0,0.317430025435734
denoised_native_fdr,8.0,detection_template,389,-1,193,1,389,1.0,0,0,36,157,1,0.0
denoised_native_fdr,8.0,detection_template,390,-1,577,1,390,1.0,0,0,59,518,1,0.0
denoised_native_fdr,8.0,detection_template,391,-1,7,1,391,1.0,0,0,1,6,0,0.0
denoised_native_fdr,8.0,detection_template,392,-1,2070,1,392,1.0,0,0,232,1838,1,0.0
denoised_native_fdr,8.0,detection_template,393,-1,454,1,393,1.0,0,0,46,408,1,0.0
denoised_native_fdr,8.0,detection_template,394,-1,54,1,394,1.0,0,0,6,48,0,0.0
denoised_native_fdr,8.0,detection_template,395,-1,4558,1,395,1.0,0,0,544,4014,1,0.08627844248740144
denoised_native_fdr,8.0,detection_template,396,-1,705,1,396,1.0,0,0,79,626,1,0.0
denoised_native_fdr,8.0,detection_template,397,-1,156,1,397,1.0,0,0,18,138,1,0.0
denoised_native_fdr,8.0,detection_template,399,-1,44,1,399,1.0,0,0,2,42,0,0.0
denoised_native_fdr,8.0,detection_template,401,-1,1,1,401,1.0,0,0,0,1,0,0.0
denoised_native_fdr,8.0,detection_template,402,-1,53,1,402,1.0,0,0,8,45,0,0.0
denoised_native_fdr,8.0,detection_template,403,-1,442,1,403,1.0,0,0,61,381,1,0.0
denoised_native_fdr,8.0,detection_template,404,-1,15,1,404,1.0,0,0,3,12,0,0.0
denoised_native_fdr,8.0,detection_template,405,-1,876,1,405,1.0,0,0,125,751,1,0.0
denoised_native_fdr,8.0,detection_template,406,-1,2,1,406,1.0,0,0,0,2,0,0.0
denoised_native_fdr,8.0,detection_template,407,-1,26339,1,407,1.0,0,0,3172,23167,1,0.0
denoised_native_fdr,8.0,detection_template,408,-1,63,1,408,1.0,0,0,10,53,1,0.0
denoised_native_fdr,8.0,detection_template,409,-1,255,1,409,1.0,0,0,21,234,1,0.0
denoised_native_fdr,8.0,detection_template,410,-1,1859,1,410,1.0,0,0,216,1643,1,0.0
denoised_native_fdr,8.0,detection_template,411,-1,176,1,411,1.0,0,0,22,154,1,0.0
denoised_native_fdr,8.0,detection_template,412,-1,1467,1,412,1.0,0,0,178,1289,1,0.0
denoised_native_fdr,8.0,detection_template,413,-1,22,1,413,1.0,0,0,3,19,0,0.0
denoised_native_fdr,8.0,detection_template,414,-1,1534,1,414,1.0,0,0,188,1346,1,0.0
denoised_native_fdr,8.0,detection_template,415,-1,1,1,415,1.0,0,0,0,1,0,0.0
denoised_native_fdr,8.0,detection_template,416,-1,68,1,416,1.0,0,0,7,61,0,0.0
denoised_native_fdr,8.0,detection_template,417,-1,1179,1,417,1.0,0,0,111,1068,1,0.0
denoised_native_fdr,8.0,detection_template,418,-1,3249,1,418,1.0,0,0,412,2837,1,0.0
denoised_native_fdr,8.0,detection_template,419,-1,7790,1,419,1.0,0,0,943,6847,1,0.004886886690581158
denoised_native_fdr,8.0,detection_template,421,-1,66,1,421,1.0,0,0,9,57,0,0.0
denoised_native_fdr,8.0,detection_template,424,-1,206,1,424,1.0,0,0,20,186,1,0.0
denoised_native_fdr,8.0,detection_template,425,-1,59,1,425,1.0,0,0,8,51,0,0.0
denoised_native_fdr,8.0,detection_template,426,-1,3,1,426,1.0,0,0,0,3,0,0.0
denoised_native_fdr,8.0,detection_template,427,-1,3379,1,427,1.0,0,0,387,2992,1,0.012729591835962787
denoised_native_fdr,8.0,detection_template,428,-1,1572,1,428,1.0,0,0,181,1391,1,0.0
denoised_native_fdr,8.0,detection_template,429,-1,1551,1,429,1.0,0,0,171,1380,1,0.15503875968506656
denoised_native_fdr,8.0,detection_template,430,-1,235,1,430,1.0,0,0,23,212,0,0.0
denoised_native_fdr,8.0,detection_template,431,-1,460,1,431,1.0,0,0,61,399,1,0.0
denoised_native_fdr,8.0,detection_template,432,-1,194,1,432,1.0,0,0,19,175,1,0.0
denoised_native_fdr,8.0,detection_template,433,-1,549,1,433,1.0,0,0,74,475,1,0.0
denoised_native_fdr,8.0,detection_template,434,-1,66,1,434,1.0,0,0,12,54,0,0.0
denoised_native_fdr,8.0,detection_template,435,-1,3,1,435,1.0,0,0,0,3,0,0.0
denoised_native_fdr,8.0,detection_template,436,-1,384,1,436,1.0,0,0,42,342,1,0.0
denoised_native_fdr,8.0,detection_template,440,-1,1392,1,440,1.0,0,0,172,1220,1,0.0
denoised_native_fdr,8.0,detection_template,441,-1,10971,1,441,1.0,0,0,1306,9665,1,0.0
denoised_native_fdr,8.0,detection_template,442,-1,18,1,442,1.0,0,0,1,17,0,0.0
denoised_native_fdr,8.0,detection_template,444,-1,4,1,444,1.0,0,0,0,4,0,0.0
denoised_native_fdr,8.0,detection_template,445,-1,428,1,445,1.0,0,0,49,379,1,0.0
denoised_native_fdr,8.0,detection_template,446,-1,9,1,446,1.0,0,0,0,9,0,0.0
denoised_native_fdr,8.0,detection_template,447,-1,945,1,447,1.0,0,0,131,814,1,0.0
denoised_native_fdr,8.0,detection_template,448,-1,360,1,448,1.0,0,0,48,312,1,0.0
denoised_native_fdr,8.0,detection_template,449,-1,412,1,449,1.0,0,0,50,362,1,0.0
denoised_native_fdr,8.0,detection_template,451,-1,361,1,451,1.0,0,0,56,305,1,0.0
denoised_native_fdr,8.0,detection_template,452,-1,1,1,452,1.0,0,0,1,0,0,0.0
denoised_native_fdr,8.0,detection_template,453,-1,12000,1,453,1.0,0,0,1370,10630,0,0.2642062935335415
denoised_native_fdr,8.0,detection_template,454,-1,6136,1,454,1.0,0,0,733,5403,1,0.0
denoised_native_fdr,8.0,detection_template,455,-1,11292,1,455,1.0,0,0,1318,9974,1,0.0026064927261539215
denoised_native_fdr,8.0,detection_template,456,-1,8557,1,456,1.0,0,0,981,7576,1,0.0
denoised_native_fdr,8.0,detection_template,457,-1,2733,1,457,1.0,0,0,337,2396,1,0.05100511072983916
denoised_native_fdr,8.0,detection_template,458,-1,8216,1,458,1.0,0,0,971,7245,1,0.013042000992221338
denoised_native_fdr,8.0,detection_template,459,-1,663,1,459,1.0,0,0,74,589,1,0.0
denoised_native_fdr,8.0,detection_template,460,-1,649,1,460,1.0,0,0,68,581,1,0.0
denoised_native_fdr,8.0,detection_template,461,-1,3725,1,461,1.0,0,0,464,3261,1,0.0
denoised_native_fdr,8.0,detection_template,462,-1,658,1,462,1.0,0,0,74,584,1,0.0
denoised_native_fdr,8.0,detection_template,463,-1,31,1,463,1.0,0,0,2,29,0,0.0
denoised_native_fdr,8.0,detection_template,464,-1,1439,1,464,1.0,0,0,172,1267,1,0.0
denoised_native_fdr,8.0,detection_template,465,-1,2732,1,465,1.0,0,0,325,2407,1,0.021141649048066542
denoised_native_fdr,8.0,detection_template,466,-1,4483,1,466,1.0,0,0,495,3988,1,0.05016083634620343
denoised_native_fdr,8.0,detection_template,468,-1,115,1,468,1.0,0,0,8,107,0,0.0
denoised_native_fdr,8.0,detection_template,469,-1,275,1,469,1.0,0,0,41,234,1,0.0
denoised_native_fdr,8.0,detection_template,470,-1,208,1,470,1.0,0,0,14,194,1,0.0
denoised_native_fdr,8.0,detection_template,472,-1,570,1,472,1.0,0,0,70,500,1,0.0
denoised_native_fdr,8.0,detection_template,473,-1,41,1,473,1.0,0,0,7,34,0,0.0
denoised_native_fdr,8.0,detection_template,474,-1,1326,1,474,1.0,0,0,145,1181,1,0.0
denoised_native_fdr,8.0,detection_template,475,-1,213,1,475,1.0,0,0,29,184,1,0.0
denoised_native_fdr,8.0,detection_template,476,-1,22,1,476,1.0,0,0,3,19,0,0.0
denoised_native_fdr,8.0,detection_template,477,-1,3,1,477,1.0,0,0,0,3,0,0.0
denoised_native_fdr,8.0,detection_template,478,-1,41,1,478,1.0,0,0,7,34,0,0.0
denoised_native_fdr,8.0,detection_template,479,-1,102,1,479,1.0,0,0,10,92,0,0.0
denoised_native_fdr,8.0,detection_template,480,-1,57,1,480,1.0,0,0,8,49,0,0.0
denoised_native_fdr,8.0,detection_template,481,-1,1347,1,481,1.0,0,0,163,1184,1,0.0
denoised_native_fdr,8.0,detection_template,482,-1,5250,1,482,1.0,0,0,617,4633,1,0.0
denoised_native_fdr,8.0,detection_template,483,-1,11168,1,483,1.0,0,0,1348,9820,1,0.0
denoised_native_fdr,8.0,detection_template,484,-1,9139,1,484,1.0,0,0,1056,8083,1,0.0
denoised_native_fdr,8.0,detection_template,485,-1,9324,1,485,1.0,0,0,1101,8223,1,0.0
denoised_native_fdr,8.0,detection_template,486,-1,2024,1,486,1.0,0,0,263,1761,0,0.34965034964196606
denoised_native_fdr,8.0,detection_template,487,-1,663,1,487,1.0,0,0,84,579,1,0.0
denoised_native_fdr,8.0,detection_template,488,-1,1412,1,488,1.0,0,0,183,1229,1,0.0
denoised_native_fdr,8.0,detection_template,489,-1,417,1,489,1.0,0,0,78,339,0,0.37294469356025634
denoised_native_fdr,8.0,detection_template,490,-1,72,1,490,1.0,0,0,14,58,0,0.0
denoised_native_fdr,8.0,detection_template,491,-1,424,1,491,1.0,0,0,71,353,1,0.0
denoised_native_fdr,8.0,detection_template,492,-1,106,1,492,1.0,0,0,18,88,0,0.0
denoised_native_fdr,8.0,detection_template,493,-1,363,1,493,1.0,0,0,67,296,1,0.0
denoised_native_fdr,8.0,detection_template,494,-1,3202,1,494,1.0,0,0,388,2814,1,0.07722067470859932
denoised_native_fdr,8.0,detection_template,495,-1,772,1,495,1.0,0,0,83,689,1,0.0
denoised_native_fdr,8.0,detection_template,496,-1,519,1,496,1.0,0,0,60,459,1,0.0
denoised_native_fdr,8.0,detection_template,497,-1,44,1,497,1.0,0,0,4,40,0,0.0
denoised_native_fdr,8.0,detection_template,498,-1,2825,1,498,1.0,0,0,333,2492,1,0.0
denoised_native_fdr,8.0,detection_template,499,-1,448,1,499,1.0,0,0,55,393,1,0.0
denoised_native_fdr,8.0,detection_template,500,-1,446,1,500,1.0,0,0,51,395,1,0.0
denoised_native_fdr,8.0,detection_template,501,-1,2327,1,501,1.0,0,0,271,2056,1,0.0
denoised_native_fdr,8.0,detection_template,502,-1,700,1,502,1.0,0,0,82,618,0,0.39473684209663495
denoised_native_fdr,8.0,detection_template,503,-1,57,1,503,1.0,0,0,5,52,0,0.0
denoised_native_fdr,8.0,detection_template,504,-1,1106,1,504,1.0,0,0,762,344,1,0.0
denoised_native_fdr,8.0,detection_template,506,-1,772,1,506,1.0,0,0,105,667,1,0.0
denoised_native_fdr,8.0,detection_template,507,-1,735,1,507,1.0,0,0,90,645,1,0.0
denoised_native_fdr,8.0,detection_template,508,-1,5424,1,508,1.0,0,0,617,4807,1,0.018205034657256345
denoised_native_fdr,8.0,detection_template,509,-1,526,1,509,1.0,0,0,64,462,1,0.0
denoised_native_fdr,8.0,detection_template,510,-1,2188,1,510,1.0,0,0,261,1927,1,0.14306151644716394
denoised_native_fdr,8.0,detection_template,512,-1,354,1,512,1.0,0,0,42,312,1,0.0
denoised_native_fdr,8.0,detection_template,513,-1,456,1,513,1.0,0,0,66,390,1,0.0
denoised_native_fdr,8.0,detection_template,514,-1,2,1,514,1.0,0,0,1,1,0,0.0
denoised_native_fdr,8.0,detection_template,515,-1,2005,1,515,1.0,0,0,233,1772,1,0.0
denoised_native_fdr,8.0,detection_template,516,-1,6364,1,516,1.0,0,0,748,5616,1,0.0
denoised_native_fdr,8.0,detection_template,517,-1,31,1,517,1.0,0,0,3,28,0,0.0
denoised_native_fdr,8.0,detection_template,518,-1,900,1,518,1.0,0,0,112,788,1,0.0
denoised_native_fdr,8.0,detection_template,519,-1,11661,1,519,1.0,0,0,1363,10298,1,0.0
denoised_native_fdr,8.0,detection_template,520,-1,4452,1,520,1.0,0,0,497,3955,1,0.0
denoised_native_fdr,8.0,detection_template,521,-1,636,1,521,1.0,0,0,71,565,1,0.0
denoised_native_fdr,8.0,detection_template,522,-1,312,1,522,1.0,0,0,36,276,1,0.0
denoised_native_fdr,8.0,detection_template,523,-1,939,1,523,1.0,0,0,110,829,0,0.6504065040493988
denoised_native_fdr,8.0,detection_template,524,-1,60,1,524,1.0,0,0,8,52,1,0.0
denoised_native_fdr,8.0,detection_template,525,-1,9,1,525,1.0,0,0,2,7,0,0.0
denoised_native_fdr,8.0,detection_template,526,-1,62,1,526,1.0,0,0,13,49,0,0.0
denoised_native_fdr,8.0,detection_template,527,-1,276,1,527,1.0,0,0,37,239,1,0.0
denoised_native_fdr,8.0,detection_template,528,-1,125,1,528,1.0,0,0,11,114,1,0.0
denoised_native_fdr,8.0,detection_template,529,-1,9056,1,529,1.0,0,0,1132,7924,1,0.05134189031177655
denoised_native_fdr,8.0,detection_template,530,-1,258,1,530,1.0,0,0,26,232,1,0.0
denoised_native_fdr,8.0,detection_template,531,-1,185,1,531,1.0,0,0,33,152,0,0.38095238095024664
denoised_native_fdr,8.0,detection_template,532,-1,676,1,532,1.0,0,0,91,585,1,0.0
denoised_native_fdr,8.0,detection_template,533,-1,332,1,533,1.0,0,0,40,292,1,0.0
denoised_native_fdr,8.0,detection_template,534,-1,228,1,534,1.0,0,0,27,201,1,0.0
denoised_native_fdr,8.0,detection_template,535,-1,8733,1,535,1.0,0,0,1085,7648,1,0.0
denoised_native_fdr,8.0,detection_template,537,-1,24,1,537,1.0,0,0,2,22,0,0.0
denoised_native_fdr,8.0,detection_template,538,-1,342,1,538,1.0,0,0,49,293,1,0.0
denoised_native_fdr,8.0,detection_template,539,-1,1163,1,539,1.0,0,0,129,1034,1,0.0
denoised_native_fdr,8.0,detection_template,540,-1,312,1,540,1.0,0,0,27,285,0,0.45283018867643554
denoised_native_fdr,8.0,detection_template,541,-1,17,1,541,1.0,0,0,1,16,0,0.0
denoised_native_fdr,8.0,detection_template,542,-1,10485,1,542,1.0,0,0,1272,9213,1,0.0
denoised_native_fdr,8.0,detection_template,543,-1,361,1,543,1.0,0,0,35,326,1,0.0
denoised_native_fdr,8.0,detection_template,544,-1,4,1,544,1.0,0,0,0,4,0,0.0
denoised_native_fdr,8.0,detection_template,545,-1,225,1,545,1.0,0,0,27,198,0,0.0
denoised_native_fdr,8.0,detection_template,546,-1,4,1,546,1.0,0,0,2,2,0,0.0
denoised_native_fdr,8.0,detection_template,547,-1,231,1,547,1.0,0,0,25,206,1,0.0
denoised_native_fdr,8.0,detection_template,548,-1,4594,1,548,1.0,0,0,509,4085,1,0.12252488786500132
denoised_native_fdr,8.0,detection_template,549,-1,10103,1,549,1.0,0,0,1218,8885,1,0.0
denoised_native_fdr,8.0,detection_template,550,-1,222,1,550,1.0,0,0,24,198,1,0.0
denoised_native_fdr,8.0,detection_template,551,-1,1,1,551,1.0,0,0,0,1,0,0.0
denoised_native_fdr,8.0,detection_template,552,-1,100,1,552,1.0,0,0,12,88,0,0.0
denoised_native_fdr,8.0,detection_template,553,-1,4,1,553,1.0,0,0,0,4,0,0.0
denoised_native_fdr,8.0,detection_template,554,-1,4424,1,554,1.0,0,0,475,3949,1,0.021030494216370967
denoised_native_fdr,8.0,detection_template,555,-1,66,1,555,1.0,0,0,4,62,0,0.0
denoised_native_fdr,8.0,detection_template,556,-1,777,1,556,1.0,0,0,91,686,1,0.0
denoised_native_fdr,8.0,detection_template,557,-1,107,1,557,1.0,0,0,9,98,1,0.0
denoised_native_fdr,8.0,detection_template,559,-1,138,1,559,1.0,0,0,19,119,1,0.0
denoised_native_fdr,8.0,detection_template,560,-1,532,1,560,1.0,0,0,66,466,1,0.0
denoised_native_fdr,8.0,detection_template,561,-1,463,1,561,1.0,0,0,67,396,1,0.0
denoised_native_fdr,8.0,detection_template,562,-1,164,1,562,1.0,0,0,15,149,0,0.0
denoised_native_fdr,8.0,detection_template,564,-1,3,1,564,1.0,0,0,1,2,0,0.0
denoised_native_fdr,8.0,detection_template,565,-1,962,1,565,1.0,0,0,138,824,1,0.0
denoised_native_fdr,8.0,detection_template,566,-1,1060,1,566,1.0,0,0,139,921,1,0.0
denoised_native_fdr,8.0,detection_template,567,-1,3665,1,567,1.0,0,0,487,3178,1,0.0
denoised_native_fdr,8.0,detection_template,568,-1,731,1,568,1.0,0,0,80,651,1,0.0
denoised_native_fdr,8.0,detection_template,569,-1,4769,1,569,1.0,0,0,558,4211,1,0.0
denoised_native_fdr,8.0,detection_template,570,-1,4582,1,570,1.0,0,0,530,4052,1,0.0064391500319055306
denoised_native_fdr,8.0,detection_template,571,-1,24,1,571,1.0,0,0,1,23,0,0.0
denoised_native_fdr,8.0,detection_template,573,-1,168,1,573,1.0,0,0,25,143,1,0.0
denoised_native_fdr,8.0,detection_template,574,-1,90,1,574,1.0,0,0,7,83,1,0.0
denoised_native_fdr,8.0,detection_template,576,-1,1,1,576,1.0,0,0,0,1,0,0.0
denoised_native_fdr,8.0,detection_template,577,-1,21,1,577,1.0,0,0,4,17,0,0.0
denoised_native_fdr,8.0,detection_template,578,-1,103,1,578,1.0,0,0,10,93,0,0.0
denoised_native_fdr,8.0,detection_template,579,-1,24,1,579,1.0,0,0,3,21,0,0.0
denoised_native_fdr,8.0,detection_template,580,-1,4,1,580,1.0,0,0,2,2,0,0.0
denoised_native_fdr,8.0,detection_template,583,-1,15,1,583,1.0,0,0,2,13,0,0.0
denoised_native_fdr,8.0,detection_template,584,-1,5,1,584,1.0,0,0,0,5,0,0.0
denoised_native_fdr,8.0,detection_template,585,-1,46,1,585,1.0,0,0,4,42,1,0.0
denoised_native_fdr,8.0,detection_template,586,-1,22,1,586,1.0,0,0,0,22,0,0.0
denoised_native_fdr,8.0,detection_template,587,-1,10,1,587,1.0,0,0,0,10,0,0.0
denoised_native_fdr,8.0,detection_template,588,-1,12,1,588,1.0,0,0,1,11,0,0.0
denoised_native_fdr,8.0,detection_template,589,-1,55,1,589,1.0,0,0,4,51,1,0.0
denoised_native_fdr,8.0,detection_template,590,-1,30,1,590,1.0,0,0,0,30,0,0.0
denoised_native_fdr,8.0,detection_template,591,-1,1,1,591,1.0,0,0,0,1,0,0.0
denoised_native_fdr,8.0,detection_template,592,-1,1,1,592,1.0,0,0,0,1,0,0.0
denoised_native_fdr,8.0,detection_template,593,-1,2,1,593,1.0,0,0,0,2,0,0.0
denoised_native_fdr,8.0,detection_template,594,-1,6,1,594,1.0,0,0,0,6,0,0.0
denoised_native_fdr,8.0,detection_template,595,-1,10,1,595,1.0,0,0,2,8,0,0.0
denoised_native_fdr,8.0,detection_template,597,-1,1,1,597,1.0,0,0,0,1,0,0.0
denoised_native_fdr,8.0,detection_template,601,-1,933,1,601,1.0,0,0,98,835,1,0.0
denoised_native_fdr,8.0,detection_template,602,-1,970,1,602,1.0,0,0,122,848,1,0.0
denoised_native_fdr,8.0,detection_template,604,-1,9,1,604,1.0,0,0,5,4,0,0.0
denoised_native_fdr,8.0,detection_template,605,-1,1,1,605,1.0,0,0,0,1,0,0.0
denoised_native_fdr,8.0,detection_template,606,-1,7,1,606,1.0,0,0,1,6,0,0.0
denoised_native_fdr,8.0,detection_template,607,-1,4,1,607,1.0,0,0,1,3,0,0.0
denoised_native_fdr,8.0,detection_template,611,-1,352,1,611,1.0,0,0,50,302,0,0.0
denoised_native_fdr,8.0,detection_template,612,-1,377,1,612,1.0,0,0,57,320,0,0.9999999999760647
denoised_native_fdr,8.0,detection_template,614,-1,116,1,614,1.0,0,0,20,96,1,0.0
denoised_native_fdr,8.0,detection_template,619,-1,1,1,619,1.0,0,0,0,1,0,0.0
denoised_native_fdr,8.0,detection_template,620,-1,2,1,620,1.0,0,0,0,2,0,0.0
denoised_native_fdr,8.0,detection_template,622,-1,2,1,622,1.0,0,0,0,2,0,0.0
denoised_native_fdr,8.0,detection_template,623,-1,6,1,623,1.0,0,0,2,4,0,0.0
denoised_native_fdr,8.0,detection_template,624,-1,5,1,624,1.0,0,0,0,5,0,0.0
denoised_native_fdr,8.0,detection_template,625,-1,8,1,625,1.0,0,0,2,6,0,0.0
denoised_native_fdr,8.0,detection_template,626,-1,7,1,626,1.0,0,0,3,4,0,0.0
denoised_native_fdr,8.0,detection_template,628,-1,2,1,628,1.0,0,0,1,1,0,0.0
denoised_native_fdr,8.0,detection_template,632,-1,1,1,632,1.0,0,0,0,1,0,0.0
denoised_native_fdr,8.0,detection_template,633,-1,1,1,633,1.0,0,0,0,1,0,0.0
denoised_native_fdr,8.0,final_clustering,0,-1,1169,2,5,0.9991445680068435,0,0,104,1065,1,0.0
denoised_native_fdr,8.0,final_clustering,1,-1,496,4,6,0.8306451612903226,0,0,48,448,0,0.3603603603519716
denoised_native_fdr,8.0,final_clustering,2,-1,2830,4,8,0.8851590106007067,0,0,317,2513,1,0.15981735159084945
denoised_native_fdr,8.0,final_clustering,3,-1,2760,5,1,0.9539855072463768,0,0,328,2432,1,0.0
denoised_native_fdr,8.0,final_clustering,4,-1,1395,1,3,1.0,0,0,147,1248,1,0.0
denoised_native_fdr,8.0,final_clustering,5,-1,6571,4,18,0.9981737939430833,0,0,765,5806,1,0.0
denoised_native_fdr,8.0,final_clustering,6,-1,3179,4,2,0.976407675369613,0,0,364,2815,1,0.0
denoised_native_fdr,8.0,final_clustering,7,-1,5032,4,17,0.956081081081081,0,0,572,4460,1,0.04075394803696379
denoised_native_fdr,8.0,final_clustering,8,-1,5208,4,11,0.9984639016897081,0,0,608,4600,1,0.0
denoised_native_fdr,8.0,final_clustering,9,-1,124,1,12,1.0,0,0,17,107,1,0.0
denoised_native_fdr,8.0,final_clustering,10,-1,341,2,16,0.9706744868035191,0,0,43,298,1,0.0
denoised_native_fdr,8.0,final_clustering,11,-1,172,1,24,1.0,0,0,23,149,1,0.0
denoised_native_fdr,8.0,final_clustering,12,-1,3824,1,19,1.0,0,0,466,3358,1,0.0
denoised_native_fdr,8.0,final_clustering,13,-1,291,5,22,0.6391752577319587,0,0,33,258,1,0.0
denoised_native_fdr,8.0,final_clustering,14,-1,10392,1,24,1.0,0,0,1240,9152,1,0.0
denoised_native_fdr,8.0,final_clustering,15,-1,2342,4,27,0.9415029888983775,0,0,274,2068,1,0.0
denoised_native_fdr,8.0,final_clustering,16,-1,156,1,29,1.0,0,0,17,139,1,0.0
denoised_native_fdr,8.0,final_clustering,17,-1,782,3,28,0.6074168797953964,0,0,85,697,0,0.366972477057303
denoised_native_fdr,8.0,final_clustering,18,-1,3566,3,25,0.9854178351093662,0,0,424,3142,1,0.0
denoised_native_fdr,8.0,final_clustering,19,-1,18275,4,34,0.9908618331053352,0,0,2102,16173,1,0.006975933030591395
denoised_native_fdr,8.0,final_clustering,20,-1,3265,5,31,0.9846860643185299,0,0,413,2852,1,0.0
denoised_native_fdr,8.0,final_clustering,21,-1,4869,4,26,0.9991784760731156,0,0,545,4324,1,0.0
denoised_native_fdr,8.0,final_clustering,22,-1,4852,4,37,0.9967023907666942,0,0,613,4239,1,0.0
denoised_native_fdr,8.0,final_clustering,23,-1,2769,2,33,0.997110870350307,0,0,310,2459,1,0.0
denoised_native_fdr,8.0,final_clustering,24,-1,209,1,45,1.0,0,0,21,188,1,0.0
denoised_native_fdr,8.0,final_clustering,25,-1,2131,2,44,0.999530736743313,0,0,237,1894,1,0.0
denoised_native_fdr,8.0,final_clustering,26,-1,11674,4,41,0.9924618811033065,0,0,1403,10271,1,0.012364760432187412
denoised_native_fdr,8.0,final_clustering,27,-1,2509,3,48,0.9916301315265046,0,0,304,2205,1,0.0
denoised_native_fdr,8.0,final_clustering,28,-1,563,2,50,0.9982238010657194,0,0,61,502,1,0.0
denoised_native_fdr,8.0,final_clustering,29,-1,1450,3,56,0.9903448275862069,0,0,193,1257,0,0.8208955223662011
denoised_native_fdr,8.0,final_clustering,30,-1,1946,4,54,0.9958890030832477,0,0,210,1736,0,0.2644628099117957
denoised_native_fdr,8.0,final_clustering,31,-1,721,3,55,0.9500693481276006,0,0,102,619,1,0.0
denoised_native_fdr,8.0,final_clustering,32,-1,128,2,49,0.5546875,0,0,17,111,0,0.0
denoised_native_fdr,8.0,final_clustering,33,-1,3441,7,57,0.7570473699505957,0,0,423,3018,1,0.02711864406706779
denoised_native_fdr,8.0,final_clustering,34,-1,1467,1,60,1.0,0,0,158,1309,1,0.0
denoised_native_fdr,8.0,final_clustering,35,-1,282,1,62,1.0,0,0,25,257,0,0.6153846153718698
denoised_native_fdr,8.0,final_clustering,36,-1,366,3,66,0.9863387978142076,0,0,44,322,1,0.0
denoised_native_fdr,8.0,final_clustering,37,-1,6917,2,70,0.9991325719242447,0,0,823,6094,1,0.0366468163064933
denoised_native_fdr,8.0,final_clustering,38,-1,986,1,64,1.0,0,0,120,866,1,0.0
denoised_native_fdr,8.0,final_clustering,39,-1,4220,3,69,0.9971563981042654,0,0,513,3707,1,0.11344299489123368
denoised_native_fdr,8.0,final_clustering,40,-1,12360,4,68,0.9828478964401295,0,0,1466,10894,1,0.00458347656670859
denoised_native_fdr,8.0,final_clustering,41,-1,549,2,81,0.9981785063752276,0,0,61,488,0,0.657534246566111
denoised_native_fdr,8.0,final_clustering,42,-1,726,4,74,0.9752066115702479,0,0,89,637,1,0.0
denoised_native_fdr,8.0,final_clustering,43,-1,7958,1,75,1.0,0,0,943,7015,1,0.0
denoised_native_fdr,8.0,final_clustering,44,-1,361,1,78,1.0,0,0,41,320,0,2.222222222060387
denoised_native_fdr,8.0,final_clustering,45,-1,520,1,77,1.0,0,0,68,452,1,0.0
denoised_native_fdr,8.0,final_clustering,46,-1,6260,3,80,0.5314696485623003,0,0,730,5530,0,0.8101512932363205
denoised_native_fdr,8.0,final_clustering,47,-1,4098,2,82,0.9997559785261103,0,0,478,3620,1,0.0
denoised_native_fdr,8.0,final_clustering,48,-1,11267,2,83,0.9871305582675068,0,0,1325,9942,1,0.003710230961731731
denoised_native_fdr,8.0,final_clustering,49,-1,1476,3,82,0.7073170731707317,0,0,177,1299,0,0.2263723825665316
denoised_native_fdr,8.0,final_clustering,50,-1,2062,3,88,0.9917555771096024,0,0,238,1824,1,0.0
denoised_native_fdr,8.0,final_clustering,51,-1,361,2,91,0.8919667590027701,0,0,38,323,0,0.6249999999914588
denoised_native_fdr,8.0,final_clustering,52,-1,109,1,90,1.0,0,0,11,98,1,0.0
denoised_native_fdr,8.0,final_clustering,53,-1,1098,2,87,0.9845173041894353,0,0,138,960,1,0.0
denoised_native_fdr,8.0,final_clustering,54,-1,1495,1,94,1.0,0,0,175,1320,0,0.3458213256409489
denoised_native_fdr,8.0,final_clustering,55,-1,387,3,94,0.9922480620155039,0,0,50,337,1,0.0
denoised_native_fdr,8.0,final_clustering,56,-1,934,2,96,0.9989293361884368,0,0,102,832,0,0.6557377049074703
denoised_native_fdr,8.0,final_clustering,57,-1,3085,7,98,0.9348460291734197,0,0,378,2707,0,0.46997389032968573
denoised_native_fdr,8.0,final_clustering,58,-1,6245,7,103,0.7540432345876701,0,0,711,5534,0,1.1359807460534934
denoised_native_fdr,8.0,final_clustering,59,-1,195,4,110,0.8256410256410256,0,0,21,174,1,0.0
denoised_native_fdr,8.0,final_clustering,60,-1,263,3,111,0.5817490494296578,0,0,26,237,1,0.0
denoised_native_fdr,8.0,final_clustering,61,-1,180,4,121,0.40555555555555556,0,0,22,158,1,0.0
denoised_native_fdr,8.0,final_clustering,62,-1,3,2,133,0.6666666666666666,0,0,0,3,0,0.0
denoised_native_fdr,8.0,final_clustering,63,-1,1,1,135,1.0,0,0,0,1,0,0.0
denoised_native_fdr,8.0,final_clustering,64,793,17198,3,138,0.9998837074078382,17193,5,17193,5,1,0.0
denoised_native_fdr,8.0,final_clustering,65,-1,171,1,145,1.0,0,0,18,153,0,0.0
denoised_native_fdr,8.0,final_clustering,66,-1,3254,1,144,1.0,0,0,359,2895,1,0.0
denoised_native_fdr,8.0,final_clustering,67,-1,2891,2,143,0.9996540989277066,0,0,344,2547,1,0.0
denoised_native_fdr,8.0,final_clustering,68,-1,320,1,146,1.0,0,0,39,281,0,0.0
denoised_native_fdr,8.0,final_clustering,69,-1,90,2,149,0.7111111111111111,0,0,15,75,0,0.0
denoised_native_fdr,8.0,final_clustering,70,2143,17891,2,152,0.9998882119501425,17889,2,17889,2,1,0.0
denoised_native_fdr,8.0,final_clustering,71,-1,12483,1,155,1.0,0,0,1421,11062,1,0.0
denoised_native_fdr,8.0,final_clustering,72,-1,2476,1,158,1.0,0,0,305,2171,1,0.02097872698068302
denoised_native_fdr,8.0,final_clustering,73,-1,1109,2,157,0.9648331830477908,0,0,151,958,0,0.9302325580951057
denoised_native_fdr,8.0,final_clustering,74,-1,231,1,160,1.0,0,0,32,199,1,0.0
denoised_native_fdr,8.0,final_clustering,75,-1,987,6,165,0.9513677811550152,0,0,937,50,1,0.0
denoised_native_fdr,8.0,final_clustering,76,-1,256,2,168,0.97265625,0,0,31,225,0,0.7999999999821911
denoised_native_fdr,8.0,final_clustering,77,-1,378,4,170,0.9708994708994709,0,0,40,338,1,0.0
denoised_native_fdr,8.0,final_clustering,78,-1,123,1,173,1.0,0,0,16,107,0,0.0
denoised_native_fdr,8.0,final_clustering,79,-1,2937,3,169,0.972080354102826,0,0,337,2600,1,0.0
denoised_native_fdr,8.0,final_clustering,80,-1,2930,3,175,0.9989761092150171,0,0,373,2557,0,0.25586353942998175
denoised_native_fdr,8.0,final_clustering,81,-1,126,2,174,0.9841269841269841,0,0,85,41,1,0.0
denoised_native_fdr,8.0,final_clustering,82,-1,1739,1,173,1.0,0,0,217,1522,1,0.1913875598039943
denoised_native_fdr,8.0,final_clustering,83,-1,365,2,176,0.9945205479452055,0,0,42,323,0,1.4999999999316262
denoised_native_fdr,8.0,final_clustering,84,-1,88,3,171,0.6363636363636364,0,0,12,76,0,0.0
denoised_native_fdr,8.0,final_clustering,85,-1,4,2,180,0.75,0,0,0,4,0,0.0
denoised_native_fdr,8.0,final_clustering,86,-1,16,3,184,0.875,0,0,1,15,0,0.0
denoised_native_fdr,8.0,final_clustering,87,-1,7,1,188,1.0,0,0,1,6,0,0.0
denoised_native_fdr,8.0,final_clustering,88,-1,299,2,190,0.9966555183946488,0,0,297,2,1,0.0
denoised_native_fdr,8.0,final_clustering,89,-1,539,2,192,0.9777365491651205,0,0,57,482,0,0.0
denoised_native_fdr,8.0,final_clustering,90,-1,1516,3,196,0.9861477572559367,0,0,198,1318,1,0.0
denoised_native_fdr,8.0,final_clustering,91,-1,87,1,198,1.0,0,0,10,77,0,0.0
denoised_native_fdr,8.0,final_clustering,92,-1,391,2,199,0.8516624040920716,0,0,42,349,1,0.0
denoised_native_fdr,8.0,final_clustering,93,-1,394,2,209,0.9974619289340102,0,0,56,338,0,0.0
denoised_native_fdr,8.0,final_clustering,94,-1,6598,5,211,0.9789330100030312,0,0,773,5825,1,0.011350737797487487
denoised_native_fdr,8.0,final_clustering,95,-1,3866,5,208,0.9666321779617175,0,0,486,3380,1,0.0
denoised_native_fdr,8.0,final_clustering,96,-1,8493,2,197,0.9983515836571294,0,0,965,7528,1,0.0
denoised_native_fdr,8.0,final_clustering,97,-1,1993,2,212,0.9939789262418465,0,0,237,1756,1,0.08751315327447187
denoised_native_fdr,8.0,final_clustering,98,-1,761,4,221,0.9816031537450722,0,0,106,655,1,0.0
denoised_native_fdr,8.0,final_clustering,99,-1,30,1,216,1.0,0,0,0,30,0,0.0
denoised_native_fdr,8.0,final_clustering,100,-1,6987,5,213,0.9978531558608845,0,0,771,6216,1,0.0
denoised_native_fdr,8.0,final_clustering,101,-1,158,5,214,0.8037974683544303,0,0,23,135,1,0.0
denoised_native_fdr,8.0,final_clustering,102,-1,191,1,219,1.0,0,0,20,171,0,0.0
denoised_native_fdr,8.0,final_clustering,103,-1,742,2,223,0.9946091644204852,0,0,74,668,0,0.0
denoised_native_fdr,8.0,final_clustering,104,-1,979,2,201,0.9948927477017364,0,0,117,862,1,0.0
denoised_native_fdr,8.0,final_clustering,105,-1,29948,4,210,0.9857085615066115,0,0,3472,26476,1,0.010481431691331373
denoised_native_fdr,8.0,final_clustering,106,-1,3889,7,250,0.9310876832090512,0,0,441,3448,1,0.0
denoised_native_fdr,8.0,final_clustering,107,-1,3892,3,238,0.9994861253854059,0,0,460,3432,1,0.0
denoised_native_fdr,8.0,final_clustering,108,-1,341,5,230,0.4750733137829912,0,0,41,300,1,0.0
denoised_native_fdr,8.0,final_clustering,109,-1,13046,5,222,0.999693392610762,0,0,1574,11472,1,0.0
denoised_native_fdr,8.0,final_clustering,110,-1,26149,3,227,0.9989674557344449,0,0,2947,23202,1,0.00479755411225565
denoised_native_fdr,8.0,final_clustering,111,-1,1534,4,225,0.9967405475880052,0,0,203,1331,1,0.0
denoised_native_fdr,8.0,final_clustering,112,-1,431,2,236,0.9350348027842227,0,0,40,391,1,0.0
denoised_native_fdr,8.0,final_clustering,113,-1,4962,6,235,0.9848851269649335,0,0,584,4378,1,0.027104834327656608
denoised_native_fdr,8.0,final_clustering,114,-1,159,4,256,0.9748427672955975,0,0,22,137,0,0.0
denoised_native_fdr,8.0,final_clustering,115,-1,231,3,231,0.9264069264069265,0,0,29,202,0,0.0
denoised_native_fdr,8.0,final_clustering,116,-1,154,3,229,0.9805194805194806,0,0,20,134,0,0.0
denoised_native_fdr,8.0,final_clustering,117,-1,8197,6,266,0.9919482737586922,0,0,998,7199,1,0.013090241342166898
denoised_native_fdr,8.0,final_clustering,118,-1,1712,9,252,0.8860981308411215,0,0,206,1506,0,0.31383647797131003
denoised_native_fdr,8.0,final_clustering,119,-1,452,7,239,0.5,0,0,63,389,0,0.0
denoised_native_fdr,8.0,final_clustering,120,-1,1888,8,243,0.9528601694915254,0,0,205,1683,1,0.0
denoised_native_fdr,8.0,final_clustering,121,-1,1135,3,253,0.93215859030837,0,0,116,1019,0,0.24999999999326578
denoised_native_fdr,8.0,final_clustering,122,-1,575,1,248,1.0,0,0,78,497,1,0.0
denoised_native_fdr,8.0,final_clustering,123,-1,849,2,241,0.944640753828033,0,0,117,732,1,0.0
denoised_native_fdr,8.0,final_clustering,124,-1,1649,3,257,0.9721043056397817,0,0,179,1470,1,0.0
denoised_native_fdr,8.0,final_clustering,125,-1,5565,3,237,0.9982030548068284,0,0,652,4913,1,0.010749213733971334
denoised_native_fdr,8.0,final_clustering,126,-1,3878,1,257,1.0,0,0,465,3413,1,0.0
denoised_native_fdr,8.0,final_clustering,127,-1,4627,2,259,0.9974065269072834,0,0,576,4051,1,0.0
denoised_native_fdr,8.0,final_clustering,128,-1,13316,7,258,0.9911384800240313,0,0,1553,11763,1,0.005462088290549322
denoised_native_fdr,8.0,final_clustering,129,-1,394,1,261,1.0,0,0,45,349,0,0.0
denoised_native_fdr,8.0,final_clustering,130,-1,1533,5,270,0.822570123939987,0,0,180,1353,1,0.0
denoised_native_fdr,8.0,final_clustering,131,-1,241,2,276,0.995850622406639,0,0,30,211,1,0.0
denoised_native_fdr,8.0,final_clustering,132,-1,542,4,255,0.7435424354243543,0,0,56,486,0,0.24581280787127383
denoised_native_fdr,8.0,final_clustering,133,-1,13642,12,276,0.9864389385720569,0,0,1572,12070,1,0.0030463794480887468
denoised_native_fdr,8.0,final_clustering,134,-1,510,2,261,0.9137254901960784,0,0,63,447,1,0.0
denoised_native_fdr,8.0,final_clustering,135,-1,17630,8,246,0.8231990924560408,0,0,2098,15532,1,0.00772445820371605
denoised_native_fdr,8.0,final_clustering,136,-1,434,3,268,0.9861751152073732,0,0,44,390,0,0.0
denoised_native_fdr,8.0,final_clustering,137,-1,3412,6,275,0.9765533411488863,0,0,408,3004,1,0.04359220756344033
denoised_native_fdr,8.0,final_clustering,138,-1,13137,6,260,0.9744995052142803,0,0,1544,11593,1,0.005840492520401699
denoised_native_fdr,8.0,final_clustering,139,-1,195,1,286,1.0,0,0,35,160,0,0.0
denoised_native_fdr,8.0,final_clustering,140,-1,212,2,283,0.9905660377358491,0,0,27,185,0,0.0
denoised_native_fdr,8.0,final_clustering,141,-1,14562,7,291,0.9967724213706909,0,0,1692,12870,1,0.01138668469529545
denoised_native_fdr,8.0,final_clustering,142,-1,1624,8,273,0.8405172413793104,0,0,180,1444,1,0.1822498173775818
denoised_native_fdr,8.0,final_clustering,143,-1,725,8,269,0.6027586206896551,0,0,72,653,1,0.0
denoised_native_fdr,8.0,final_clustering,144,-1,11835,5,294,0.9667089142374313,0,0,1375,10460,1,0.035475614954789916
denoised_native_fdr,8.0,final_clustering,145,-1,28175,5,293,0.6917834960070985,0,0,3415,24760,1,0.0012731962838946253
denoised_native_fdr,8.0,final_clustering,146,-1,3246,6,295,0.9272951324707333,0,0,334,2912,1,0.0
denoised_native_fdr,8.0,final_clustering,147,-1,1944,3,290,0.9449588477366255,0,0,215,1729,1,0.09957098672581076
denoised_native_fdr,8.0,final_clustering,148,-1,3166,6,309,0.9440934933670246,0,0,372,2794,1,0.045508435930777975
denoised_native_fdr,8.0,final_clustering,149,-1,13501,9,302,0.8317902377601659,0,0,1546,11955,1,0.038934490182144524
denoised_native_fdr,8.0,final_clustering,150,-1,2553,5,306,0.9851155503329416,0,0,289,2264,1,0.0
denoised_native_fdr,8.0,final_clustering,151,-1,1536,5,278,0.9661458333333334,0,0,159,1377,1,0.0
denoised_native_fdr,8.0,final_clustering,152,-1,125,2,303,0.992,0,0,17,108,1,0.0
denoised_native_fdr,8.0,final_clustering,153,-1,572,3,297,0.833916083916084,0,0,63,509,0,0.0
denoised_native_fdr,8.0,final_clustering,154,-1,1963,5,292,0.9648497198166073,0,0,204,1759,1,0.16127989656841346
denoised_native_fdr,8.0,final_clustering,155,-1,5153,8,307,0.9759363477585873,0,0,605,4548,1,0.0
denoised_native_fdr,8.0,final_clustering,156,-1,1280,5,324,0.9625,0,0,139,1141,0,0.23048498844528223
denoised_native_fdr,8.0,final_clustering,157,-1,142,1,314,1.0,0,0,21,121,0,0.0
denoised_native_fdr,8.0,final_clustering,158,-1,209,2,313,0.9282296650717703,0,0,26,183,0,0.0
denoised_native_fdr,8.0,final_clustering,159,-1,3004,5,323,0.8908122503328895,0,0,366,2638,1,0.0
denoised_native_fdr,8.0,final_clustering,160,-1,3978,2,315,0.9989944695827049,0,0,456,3522,1,0.0
denoised_native_fdr,8.0,final_clustering,161,-1,218,2,318,0.9954128440366973,0,0,31,187,0,0.0
denoised_native_fdr,8.0,final_clustering,162,-1,145,2,316,0.993103448275862,0,0,22,123,0,0.0
denoised_native_fdr,8.0,final_clustering,163,-1,8284,3,325,0.9954128440366973,0,0,958,7326,1,0.0
denoised_native_fdr,8.0,final_clustering,164,-1,24668,4,326,0.9852845792119345,0,0,2847,21821,1,0.01085655853521773
denoised_native_fdr,8.0,final_clustering,165,-1,29444,3,327,0.9990150794728977,0,0,3413,26031,1,0.0
denoised_native_fdr,8.0,final_clustering,166,-1,2186,7,311,0.9441903019213175,0,0,252,1934,1,0.13576999818119503
denoised_native_fdr,8.0,final_clustering,167,-1,190,1,334,1.0,0,0,31,159,1,0.0
denoised_native_fdr,8.0,final_clustering,168,-1,4127,1,335,1.0,0,0,495,3632,1,0.0
denoised_native_fdr,8.0,final_clustering,169,-1,329,2,335,0.7629179331306991,0,0,29,300,1,0.0
denoised_native_fdr,8.0,final_clustering,170,-1,1944,3,317,0.9989711934156379,0,0,237,1707,1,0.0
denoised_native_fdr,8.0,final_clustering,171,-1,275,3,321,0.9890909090909091,0,0,31,244,1,0.0
denoised_native_fdr,8.0,final_clustering,172,-1,703,5,310,0.9900426742532006,0,0,82,621,1,0.0
denoised_native_fdr,8.0,final_clustering,173,-1,2248,7,333,0.9661921708185054,0,0,257,1991,1,0.0
denoised_native_fdr,8.0,final_clustering,174,-1,677,4,340,0.8537666174298375,0,0,87,590,0,0.45371885795999306
denoised_native_fdr,8.0,final_clustering,175,-1,4819,4,322,0.9983399045445113,0,0,513,4306,1,0.0
denoised_native_fdr,8.0,final_clustering,176,-1,11021,8,329,0.9772252971599673,0,0,1325,9696,1,0.033869544557504384
denoised_native_fdr,8.0,final_clustering,177,-1,10899,5,338,0.9940361501055143,0,0,1290,9609,1,0.015351484386239614
denoised_native_fdr,8.0,final_clustering,178,-1,91,1,330,1.0,0,0,7,84,0,0.0
denoised_native_fdr,8.0,final_clustering,179,-1,23644,3,342,0.9650651328032481,0,0,2836,20808,1,0.0020300809996330535
denoised_native_fdr,8.0,final_clustering,180,-1,2128,2,345,0.8289473684210527,0,0,262,1866,0,0.34071400701047994
denoised_native_fdr,8.0,final_clustering,181,-1,1522,3,343,0.9967148488830486,0,0,168,1354,1,0.0
denoised_native_fdr,8.0,final_clustering,182,-1,2611,3,341,0.9969360398314822,0,0,296,2315,1,0.0
denoised_native_fdr,8.0,final_clustering,183,-1,8466,2,346,0.9998818804630286,0,0,987,7479,1,0.0
denoised_native_fdr,8.0,final_clustering,184,-1,10174,4,339,0.9896795753882446,0,0,1193,8981,1,0.0
denoised_native_fdr,8.0,final_clustering,185,-1,4978,5,348,0.9861390116512656,0,0,543,4435,1,0.021210782146814825
denoised_native_fdr,8.0,final_clustering,186,-1,6994,3,350,0.9944237918215614,0,0,823,6171,1,0.00989364333395571
denoised_native_fdr,8.0,final_clustering,187,-1,1102,1,351,1.0,0,0,128,974,1,0.0
denoised_native_fdr,8.0,final_clustering,188,-1,165,3,357,0.9757575757575757,0,0,19,146,0,0.9999999999932568
denoised_native_fdr,8.0,final_clustering,189,-1,537,2,362,0.9906890130353817,0,0,536,1,1,0.0
denoised_native_fdr,8.0,final_clustering,190,-1,2521,3,365,0.9904799682665609,0,0,293,2228,1,0.01604492579180737
denoised_native_fdr,8.0,final_clustering,191,-1,2234,3,373,0.9194270367054611,0,0,279,1955,1,0.0
denoised_native_fdr,8.0,final_clustering,192,-1,604,4,372,0.75,0,0,63,541,1,0.0
denoised_native_fdr,8.0,final_clustering,193,-1,1876,1,383,1.0,0,0,215,1661,1,0.0
denoised_native_fdr,8.0,final_clustering,194,-1,496,2,377,0.657258064516129,0,0,69,427,0,0.43010752687568965
denoised_native_fdr,8.0,final_clustering,195,-1,369,2,388,0.986449864498645,0,0,53,316,0,0.6422136421969131
denoised_native_fdr,8.0,final_clustering,196,-1,512,1,380,1.0,0,0,64,448,1,0.0
denoised_native_fdr,8.0,final_clustering,197,-1,166,2,376,0.9759036144578314,0,0,21,145,1,0.0
denoised_native_fdr,8.0,final_clustering,198,-1,2103,1,385,1.0,0,0,226,1877,1,0.0
denoised_native_fdr,8.0,final_clustering,199,-1,2224,5,371,0.9865107913669064,0,0,294,1930,1,0.0
denoised_native_fdr,8.0,final_clustering,200,-1,6668,2,387,0.9901019796040792,0,0,734,5934,1,0.020686510238027873
denoised_native_fdr,8.0,final_clustering,201,-1,818,3,384,0.9303178484107579,0,0,111,707,1,0.0
denoised_native_fdr,8.0,final_clustering,202,-1,824,3,390,0.7002427184466019,0,0,101,723,1,0.0
denoised_native_fdr,8.0,final_clustering,203,-1,155,3,397,0.9419354838709677,0,0,16,139,1,0.0
denoised_native_fdr,8.0,final_clustering,204,-1,469,4,393,0.9466950959488273,0,0,49,420,0,0.26315789473328094
denoised_native_fdr,8.0,final_clustering,205,-1,447,5,403,0.9865771812080537,0,0,62,385,1,0.0
denoised_native_fdr,8.0,final_clustering,206,-1,36,1,402,1.0,0,0,6,30,0,0.0
denoised_native_fdr,8.0,final_clustering,207,-1,2084,2,392,0.9932821497120922,0,0,235,1849,1,0.0
denoised_native_fdr,8.0,final_clustering,208,-1,1129,3,405,0.7723649247121346,0,0,147,982,1,0.0
denoised_native_fdr,8.0,final_clustering,209,-1,64,2,408,0.984375,0,0,10,54,1,0.0
denoised_native_fdr,8.0,final_clustering,210,-1,1800,2,410,0.9994444444444445,0,0,208,1592,1,0.0
denoised_native_fdr,8.0,final_clustering,211,-1,26374,4,407,0.9986729354667475,0,0,3175,23199,1,0.0
denoised_native_fdr,8.0,final_clustering,212,-1,756,6,396,0.9285714285714286,0,0,84,672,1,0.0
denoised_native_fdr,8.0,final_clustering,213,-1,114,2,411,0.9649122807017544,0,0,16,98,1,0.0
denoised_native_fdr,8.0,final_clustering,214,-1,1490,4,412,0.9845637583892617,0,0,180,1310,1,0.0
denoised_native_fdr,8.0,final_clustering,215,-1,4639,4,395,0.9825393403750808,0,0,552,4087,1,0.08331663660758129
denoised_native_fdr,8.0,final_clustering,216,-1,1601,3,414,0.9581511555277952,0,0,197,1404,1,0.0
denoised_native_fdr,8.0,final_clustering,217,-1,1153,1,417,1.0,0,0,108,1045,1,0.0
denoised_native_fdr,8.0,final_clustering,218,-1,7816,2,419,0.9966734902763562,0,0,946,6870,1,0.004870288313017639
denoised_native_fdr,8.0,final_clustering,219,-1,236,4,430,0.9194915254237288,0,0,22,214,0,0.0
denoised_native_fdr,8.0,final_clustering,220,-1,1581,2,428,0.9943074003795066,0,0,182,1399,1,0.0
denoised_native_fdr,8.0,final_clustering,221,-1,3402,3,427,0.9888300999412111,0,0,392,3010,1,0.0420245915419928
denoised_native_fdr,8.0,final_clustering,222,-1,205,2,424,0.9902439024390244,0,0,20,185,1,0.0
denoised_native_fdr,8.0,final_clustering,223,-1,4895,6,418,0.6637385086823289,0,0,593,4302,0,0.2471169686903534
denoised_native_fdr,8.0,final_clustering,224,-1,1396,3,440,0.997134670487106,0,0,173,1223,1,0.0
denoised_native_fdr,8.0,final_clustering,225,-1,485,6,431,0.9463917525773196,0,0,64,421,1,0.0
denoised_native_fdr,8.0,final_clustering,226,-1,11203,5,441,0.9792019994644292,0,0,1333,9870,1,0.0
denoised_native_fdr,8.0,final_clustering,227,-1,238,4,432,0.726890756302521,0,0,29,209,0,0.33333333332780857
denoised_native_fdr,8.0,final_clustering,228,-1,157,2,436,0.9936305732484076,0,0,15,142,1,0.0
denoised_native_fdr,8.0,final_clustering,229,-1,561,3,433,0.9768270944741533,0,0,73,488,1,0.0
denoised_native_fdr,8.0,final_clustering,230,-1,431,2,445,0.9930394431554525,0,0,50,381,1,0.0
denoised_native_fdr,8.0,final_clustering,231,-1,5953,3,453,0.9946245590458592,0,0,702,5251,1,0.013660753393553212
denoised_native_fdr,8.0,final_clustering,232,-1,2915,2,454,0.9996569468267581,0,0,358,2557,1,0.0
denoised_native_fdr,8.0,final_clustering,233,-1,11294,2,455,0.9998229148220295,0,0,1320,9974,1,0.002605512826321102
denoised_native_fdr,8.0,final_clustering,234,-1,6431,3,453,0.944487638003421,0,0,726,5705,1,0.04735019214871684
denoised_native_fdr,8.0,final_clustering,235,-1,425,5,449,0.9670588235294117,0,0,53,372,1,0.0
denoised_native_fdr,8.0,final_clustering,236,-1,356,1,448,1.0,0,0,47,309,1,0.0
denoised_native_fdr,8.0,final_clustering,237,-1,920,2,447,0.9945652173913043,0,0,127,793,1,0.0
denoised_native_fdr,8.0,final_clustering,238,-1,3214,1,454,1.0,0,0,373,2841,1,0.0
denoised_native_fdr,8.0,final_clustering,239,-1,8174,4,458,0.985686322485931,0,0,967,7207,1,0.013128469572035931
denoised_native_fdr,8.0,final_clustering,240,-1,8754,5,456,0.969842357779301,0,0,1003,7751,1,0.0
denoised_native_fdr,8.0,final_clustering,241,-1,2713,5,465,0.9904165130851456,0,0,325,2388,1,0.023837902263899577
denoised_native_fdr,8.0,final_clustering,242,-1,344,2,462,0.997093023255814,0,0,35,309,1,0.0
denoised_native_fdr,8.0,final_clustering,243,-1,1621,2,464,0.7951881554595929,0,0,197,1424,1,0.0
denoised_native_fdr,8.0,final_clustering,244,-1,2621,3,457,0.9973292636398321,0,0,322,2299,1,0.011118538323854446
denoised_native_fdr,8.0,final_clustering,245,-1,173,1,470,1.0,0,0,11,162,1,0.0
denoised_native_fdr,8.0,final_clustering,246,-1,778,6,460,0.7904884318766067,0,0,78,700,1,0.0
denoised_native_fdr,8.0,final_clustering,247,-1,300,1,462,1.0,0,0,36,264,1,0.0
denoised_native_fdr,8.0,final_clustering,248,-1,481,2,459,0.6881496881496881,0,0,49,432,1,0.0
denoised_native_fdr,8.0,final_clustering,249,-1,4503,5,466,0.9835665112147457,0,0,496,4007,1,0.0
denoised_native_fdr,8.0,final_clustering,250,-1,263,3,469,0.9657794676806084,0,0,35,228,1,0.0
denoised_native_fdr,8.0,final_clustering,251,-1,1396,4,481,0.9634670487106017,0,0,170,1226,1,0.0
denoised_native_fdr,8.0,final_clustering,252,-1,568,5,472,0.9876760563380281,0,0,68,500,1,0.0
denoised_native_fdr,8.0,final_clustering,253,-1,1445,5,474,0.9155709342560554,0,0,158,1287,1,0.0
denoised_native_fdr,8.0,final_clustering,254,-1,3754,5,461,0.9906766116142781,0,0,471,3283,1,0.0
denoised_native_fdr,8.0,final_clustering,255,-1,5253,3,482,0.9990481629545022,0,0,617,4636,1,0.0
denoised_native_fdr,8.0,final_clustering,256,-1,11278,6,483,0.9902464976059585,0,0,1365,9913,1,0.009099031745443551
denoised_native_fdr,8.0,final_clustering,257,-1,9140,2,484,0.999890590809628,0,0,1056,8084,1,0.0
denoised_native_fdr,8.0,final_clustering,258,-1,9288,1,485,1.0,0,0,1097,8191,1,0.0
denoised_native_fdr,8.0,final_clustering,259,-1,797,3,504,0.9924717691342535,0,0,709,88,1,0.0
denoised_native_fdr,8.0,final_clustering,260,-1,342,2,493,0.9970760233918129,0,0,63,279,1,0.0
denoised_native_fdr,8.0,final_clustering,261,-1,660,4,487,0.9878787878787879,0,0,84,576,1,0.0
denoised_native_fdr,8.0,final_clustering,262,-1,35,1,485,1.0,0,0,4,31,0,0.0
denoised_native_fdr,8.0,final_clustering,263,-1,374,3,491,0.9893048128342246,0,0,59,315,1,0.0
denoised_native_fdr,8.0,final_clustering,264,-1,823,3,495,0.9234507897934386,0,0,91,732,1,0.0
denoised_native_fdr,8.0,final_clustering,265,-1,1123,3,486,0.9848619768477292,0,0,153,970,1,0.0
denoised_native_fdr,8.0,final_clustering,266,-1,222,3,486,0.5765765765765766,0,0,26,196,1,0.0
denoised_native_fdr,8.0,final_clustering,267,-1,315,2,504,0.9936507936507937,0,0,57,258,0,0.0
denoised_native_fdr,8.0,final_clustering,268,-1,1530,9,488,0.9222222222222223,0,0,201,1329,1,0.0
denoised_native_fdr,8.0,final_clustering,269,-1,252,1,499,1.0,0,0,29,223,1,0.0
denoised_native_fdr,8.0,final_clustering,270,-1,947,4,486,0.8331573389651531,0,0,115,832,1,0.0
denoised_native_fdr,8.0,final_clustering,271,-1,490,2,500,0.9061224489795918,0,0,60,430,1,0.0
denoised_native_fdr,8.0,final_clustering,272,-1,198,1,475,1.0,0,0,26,172,1,0.0
denoised_native_fdr,8.0,final_clustering,273,-1,3134,6,494,0.9894703254626676,0,0,379,2755,1,0.0
denoised_native_fdr,8.0,final_clustering,274,-1,674,6,502,0.9614243323442137,0,0,75,599,0,0.5333333333223815
denoised_native_fdr,8.0,final_clustering,275,-1,2321,3,501,0.999138302455838,0,0,271,2050,1,0.0
denoised_native_fdr,8.0,final_clustering,276,-1,2008,3,515,0.9985059760956175,0,0,233,1775,1,0.0
denoised_native_fdr,8.0,final_clustering,277,-1,5508,6,508,0.9845679012345679,0,0,634,4874,1,0.05314164003783229
denoised_native_fdr,8.0,final_clustering,278,-1,363,4,512,0.9614325068870524,0,0,46,317,1,0.0
denoised_native_fdr,8.0,final_clustering,279,-1,120,1,498,1.0,0,0,11,109,0,0.0
denoised_native_fdr,8.0,final_clustering,280,-1,644,2,506,0.968944099378882,0,0,90,554,1,0.0
denoised_native_fdr,8.0,final_clustering,281,-1,564,5,489,0.7056737588652482,0,0,101,463,0,0.997999999966721
denoised_native_fdr,8.0,final_clustering,282,-1,2116,2,498,0.999054820415879,0,0,245,1871,1,0.0
denoised_native_fdr,8.0,final_clustering,283,-1,675,2,507,0.9985185185185185,0,0,81,594,1,0.0
denoised_native_fdr,8.0,final_clustering,284,-1,504,3,496,0.9861111111111112,0,0,62,442,1,0.0
denoised_native_fdr,8.0,final_clustering,285,-1,2238,3,510,0.9772117962466488,0,0,269,1969,1,0.13888888888404677
denoised_native_fdr,8.0,final_clustering,286,-1,683,3,509,0.7408491947291361,0,0,82,601,1,0.0
denoised_native_fdr,8.0,final_clustering,287,-1,418,1,513,1.0,0,0,56,362,1,0.0
denoised_native_fdr,8.0,final_clustering,288,-1,591,2,498,0.9949238578680203,0,0,75,516,1,0.0
denoised_native_fdr,8.0,final_clustering,289,-1,643,3,521,0.9875583203732504,0,0,72,571,1,0.0
denoised_native_fdr,8.0,final_clustering,290,-1,6366,2,516,0.9996858309770656,0,0,748,5618,1,0.0
denoised_native_fdr,8.0,final_clustering,291,-1,301,2,522,0.9966777408637874,0,0,35,266,1,0.0
denoised_native_fdr,8.0,final_clustering,292,-1,894,1,518,1.0,0,0,111,783,1,0.0
denoised_native_fdr,8.0,final_clustering,293,-1,11670,2,519,0.9992287917737789,0,0,1364,10306,1,0.0
denoised_native_fdr,8.0,final_clustering,294,-1,4511,3,520,0.9869208601197074,0,0,505,4006,1,0.0
denoised_native_fdr,8.0,final_clustering,295,-1,966,3,523,0.9699792960662525,0,0,111,855,0,0.606060606046232
denoised_native_fdr,8.0,final_clustering,296,-1,706,5,532,0.953257790368272,0,0,94,612,1,0.0
denoised_native_fdr,8.0,final_clustering,297,-1,236,2,527,0.9957627118644068,0,0,35,201,1,0.0
denoised_native_fdr,8.0,final_clustering,298,-1,332,1,533,1.0,0,0,40,292,1,0.0
denoised_native_fdr,8.0,final_clustering,299,-1,74,1,528,1.0,0,0,5,69,1,0.0
denoised_native_fdr,8.0,final_clustering,300,-1,185,1,531,1.0,0,0,33,152,0,0.38095238095024664
denoised_native_fdr,8.0,final_clustering,301,-1,105,3,526,0.5904761904761905,0,0,19,86,0,0.0
denoised_native_fdr,8.0,final_clustering,302,-1,258,1,530,1.0,0,0,26,232,1,0.0
denoised_native_fdr,8.0,final_clustering,303,-1,168,1,534,1.0,0,0,23,145,1,0.0
denoised_native_fdr,8.0,final_clustering,304,-1,9056,1,529,1.0,0,0,1132,7924,1,0.05134189031177655
denoised_native_fdr,8.0,final_clustering,305,-1,8793,2,535,0.9931763903104742,0,0,1089,7704,1,0.014395886889078226
denoised_native_fdr,8.0,final_clustering,306,-1,329,2,538,0.9787234042553191,0,0,47,282,1,0.0
denoised_native_fdr,8.0,final_clustering,307,-1,1227,6,539,0.9470252648736757,0,0,133,1094,1,0.09685230024093713
denoised_native_fdr,8.0,final_clustering,308,-1,207,4,545,0.9516908212560387,0,0,26,181,0,0.0
denoised_native_fdr,8.0,final_clustering,309,-1,120,3,543,0.9583333333333334,0,0,15,105,1,0.0
denoised_native_fdr,8.0,final_clustering,310,-1,236,3,543,0.9830508474576272,0,0,21,215,1,0.0
denoised_native_fdr,8.0,final_clustering,311,-1,10107,2,549,0.9996042346888295,0,0,1218,8889,1,0.0
denoised_native_fdr,8.0,final_clustering,312,-1,4493,5,554,0.9846427776541287,0,0,481,4012,1,0.020862308761922903
denoised_native_fdr,8.0,final_clustering,313,-1,212,1,550,1.0,0,0,23,189,1,0.0
denoised_native_fdr,8.0,final_clustering,314,-1,433,4,540,0.7159353348729792,0,0,37,396,0,0.8130081300750405
denoised_native_fdr,8.0,final_clustering,315,-1,173,1,547,1.0,0,0,20,153,0,0.0
denoised_native_fdr,8.0,final_clustering,316,-1,10488,3,542,0.9997139588100686,0,0,1272,9216,1,0.002934487565029914
denoised_native_fdr,8.0,final_clustering,317,-1,126,1,559,1.0,0,0,19,107,1,0.0
denoised_native_fdr,8.0,final_clustering,318,-1,261,3,548,0.9042145593869731,0,0,35,226,1,0.0
denoised_native_fdr,8.0,final_clustering,319,-1,17,2,552,0.8235294117647058,0,0,1,16,0,0.0
denoised_native_fdr,8.0,final_clustering,320,-1,455,3,561,0.9868131868131869,0,0,66,389,1,0.0
denoised_native_fdr,8.0,final_clustering,321,-1,916,7,556,0.8427947598253275,0,0,106,810,1,0.0641025641019861
denoised_native_fdr,8.0,final_clustering,322,-1,579,4,560,0.918825561312608,0,0,72,507,1,0.0
denoised_native_fdr,8.0,final_clustering,323,-1,125,2,562,0.992,0,0,9,116,0,0.0
denoised_native_fdr,8.0,final_clustering,324,-1,4362,3,548,0.9919761577258138,0,0,479,3883,1,0.014015416958341083
denoised_native_fdr,8.0,final_clustering,325,-1,462,1,568,1.0,0,0,51,411,1,0.0
denoised_native_fdr,8.0,final_clustering,326,-1,245,1,568,1.0,0,0,27,218,1,0.0
denoised_native_fdr,8.0,final_clustering,327,-1,3664,1,567,1.0,0,0,487,3177,1,0.0
denoised_native_fdr,8.0,final_clustering,328,-1,987,3,565,0.9746707193515705,0,0,141,846,1,0.0
denoised_native_fdr,8.0,final_clustering,329,-1,4588,4,570,0.9986922406277245,0,0,530,4058,1,0.006422607578387458
denoised_native_fdr,8.0,final_clustering,330,-1,1028,1,566,1.0,0,0,130,898,1,0.0
denoised_native_fdr,8.0,final_clustering,331,-1,4819,4,569,0.9896244034031957,0,0,567,4252,1,0.0
denoised_native_fdr,8.0,final_clustering,332,-1,259,3,573,0.6486486486486487,0,0,32,227,1,0.0
denoised_native_fdr,8.0,final_clustering,333,-1,152,4,578,0.6776315789473685,0,0,19,133,1,0.0
denoised_native_fdr,8.0,final_clustering,334,-1,20,2,583,0.75,0,0,2,18,0,0.0
denoised_native_fdr,8.0,final_clustering,335,-1,68,2,585,0.6764705882352942,0,0,4,64,1,0.0
denoised_native_fdr,8.0,final_clustering,336,-1,107,4,589,0.514018691588785,0,0,4,103,1,0.12012012011955082
denoised_native_fdr,8.0,final_clustering,337,-1,20,5,595,0.5,0,0,2,18,0,0.0
denoised_native_fdr,8.0,final_clustering,338,-1,1,1,597,1.0,0,0,0,1,0,0.0
denoised_native_fdr,8.0,final_clustering,339,-1,978,2,602,0.9918200408997955,0,0,126,852,1,0.0
denoised_native_fdr,8.0,final_clustering,340,-1,934,2,601,0.9989293361884368,0,0,99,835,1,0.0
denoised_native_fdr,8.0,final_clustering,341,-1,8,2,606,0.875,0,0,1,7,0,0.0
denoised_native_fdr,8.0,final_clustering,342,-1,4,1,607,1.0,0,0,1,3,0,0.0
denoised_native_fdr,8.0,final_clustering,343,-1,845,3,612,0.4461538461538462,0,0,127,718,0,0.9767441860192708
denoised_native_fdr,8.0,final_clustering,344,-1,3,2,620,0.6666666666666666,0,0,0,3,0,0.0
denoised_native_fdr,8.0,final_clustering,345,-1,8,2,623,0.75,0,0,2,6,0,0.0
denoised_native_fdr,8.0,final_clustering,346,-1,13,2,625,0.6153846153846154,0,0,2,11,0,0.0
denoised_native_fdr,8.0,final_clustering,347,-1,7,1,626,1.0,0,0,3,4,0,0.0
denoised_native_fdr,8.0,final_clustering,348,-1,2,1,628,1.0,0,0,1,1,0,0.0
denoised_native_fdr,8.0,final_clustering,349,-1,2,2,632,0.5,0,0,0,2,0,0.0
denoised_native_fdr,8.0,cluster_merging,0,-1,1169,2,5,0.9991445680068435,0,0,104,1065,1,0.0
denoised_native_fdr,8.0,cluster_merging,1,-1,2830,4,8,0.8851590106007067,0,0,317,2513,1,0.15981735159084945
denoised_native_fdr,8.0,cluster_merging,2,-1,3256,5,1,0.808968058968059,0,0,376,2880,1,0.10084033613144462
denoised_native_fdr,8.0,cluster_merging,3,-1,1395,1,3,1.0,0,0,147,1248,1,0.0
denoised_native_fdr,8.0,cluster_merging,4,-1,6571,4,18,0.9981737939430833,0,0,765,5806,1,0.0
denoised_native_fdr,8.0,cluster_merging,5,-1,3179,4,2,0.976407675369613,0,0,364,2815,1,0.0
denoised_native_fdr,8.0,cluster_merging,6,-1,5032,4,17,0.956081081081081,0,0,572,4460,1,0.04075394803696379
denoised_native_fdr,8.0,cluster_merging,7,-1,5208,4,11,0.9984639016897081,0,0,608,4600,1,0.0
denoised_native_fdr,8.0,cluster_merging,8,-1,124,1,12,1.0,0,0,17,107,1,0.0
denoised_native_fdr,8.0,cluster_merging,9,-1,341,2,16,0.9706744868035191,0,0,43,298,1,0.0
denoised_native_fdr,8.0,cluster_merging,10,-1,3824,1,19,1.0,0,0,466,3358,1,0.0
denoised_native_fdr,8.0,cluster_merging,11,-1,291,5,22,0.6391752577319587,0,0,33,258,1,0.0
denoised_native_fdr,8.0,cluster_merging,12,-1,10564,1,24,1.0,0,0,1263,9301,1,0.0
denoised_native_fdr,8.0,cluster_merging,13,-1,2342,4,27,0.9415029888983775,0,0,274,2068,1,0.0
denoised_native_fdr,8.0,cluster_merging,14,-1,156,1,29,1.0,0,0,17,139,1,0.0
denoised_native_fdr,8.0,cluster_merging,15,-1,782,3,28,0.6074168797953964,0,0,85,697,0,0.366972477057303
denoised_native_fdr,8.0,cluster_merging,16,-1,3566,3,25,0.9854178351093662,0,0,424,3142,1,0.0
denoised_native_fdr,8.0,cluster_merging,17,-1,18275,4,34,0.9908618331053352,0,0,2102,16173,1,0.006975933030591395
denoised_native_fdr,8.0,cluster_merging,18,-1,3265,5,31,0.9846860643185299,0,0,413,2852,1,0.0
denoised_native_fdr,8.0,cluster_merging,19,-1,4869,4,26,0.9991784760731156,0,0,545,4324,1,0.0
denoised_native_fdr,8.0,cluster_merging,20,-1,4852,4,37,0.9967023907666942,0,0,613,4239,1,0.0
denoised_native_fdr,8.0,cluster_merging,21,-1,2769,2,33,0.997110870350307,0,0,310,2459,1,0.0
denoised_native_fdr,8.0,cluster_merging,22,-1,209,1,45,1.0,0,0,21,188,1,0.0
denoised_native_fdr,8.0,cluster_merging,23,-1,2131,2,44,0.999530736743313,0,0,237,1894,1,0.0
denoised_native_fdr,8.0,cluster_merging,24,-1,11674,4,41,0.9924618811033065,0,0,1403,10271,1,0.012364760432187412
denoised_native_fdr,8.0,cluster_merging,25,-1,2509,3,48,0.9916301315265046,0,0,304,2205,1,0.0
denoised_native_fdr,8.0,cluster_merging,26,-1,563,2,50,0.9982238010657194,0,0,61,502,1,0.0
denoised_native_fdr,8.0,cluster_merging,27,-1,1450,3,56,0.9903448275862069,0,0,193,1257,0,0.8208955223662011
denoised_native_fdr,8.0,cluster_merging,28,-1,1946,4,54,0.9958890030832477,0,0,210,1736,0,0.2644628099117957
denoised_native_fdr,8.0,cluster_merging,29,-1,721,3,55,0.9500693481276006,0,0,102,619,1,0.0
denoised_native_fdr,8.0,cluster_merging,30,-1,128,2,49,0.5546875,0,0,17,111,0,0.0
denoised_native_fdr,8.0,cluster_merging,31,-1,3441,7,57,0.7570473699505957,0,0,423,3018,1,0.02711864406706779
denoised_native_fdr,8.0,cluster_merging,32,-1,1467,1,60,1.0,0,0,158,1309,1,0.0
denoised_native_fdr,8.0,cluster_merging,33,-1,7199,3,70,0.9599944436727323,0,0,850,6349,1,0.051601806061293685
denoised_native_fdr,8.0,cluster_merging,34,-1,986,1,64,1.0,0,0,120,866,1,0.0
denoised_native_fdr,8.0,cluster_merging,35,-1,4220,3,69,0.9971563981042654,0,0,513,3707,1,0.11344299489123368
denoised_native_fdr,8.0,cluster_merging,36,-1,12360,4,68,0.9828478964401295,0,0,1466,10894,1,0.00458347656670859
denoised_native_fdr,8.0,cluster_merging,37,-1,549,2,81,0.9981785063752276,0,0,61,488,0,0.657534246566111
denoised_native_fdr,8.0,cluster_merging,38,-1,1092,7,74,0.6483516483516484,0,0,134,958,1,0.0
denoised_native_fdr,8.0,cluster_merging,39,-1,7958,1,75,1.0,0,0,943,7015,1,0.0
denoised_native_fdr,8.0,cluster_merging,40,-1,361,1,78,1.0,0,0,41,320,0,2.222222222060387
denoised_native_fdr,8.0,cluster_merging,41,-1,520,1,77,1.0,0,0,68,452,1,0.0
denoised_native_fdr,8.0,cluster_merging,42,-1,6260,3,80,0.5314696485623003,0,0,730,5530,0,0.8101512932363205
denoised_native_fdr,8.0,cluster_merging,43,-1,4098,2,82,0.9997559785261103,0,0,478,3620,1,0.0
denoised_native_fdr,8.0,cluster_merging,44,-1,11267,2,83,0.9871305582675068,0,0,1325,9942,1,0.003710230961731731
denoised_native_fdr,8.0,cluster_merging,45,-1,1476,3,82,0.7073170731707317,0,0,177,1299,0,0.2263723825665316
denoised_native_fdr,8.0,cluster_merging,46,-1,2062,3,88,0.9917555771096024,0,0,238,1824,1,0.0
denoised_native_fdr,8.0,cluster_merging,47,-1,361,2,91,0.8919667590027701,0,0,38,323,0,0.6249999999914588
denoised_native_fdr,8.0,cluster_merging,48,-1,109,1,90,1.0,0,0,11,98,1,0.0
denoised_native_fdr,8.0,cluster_merging,49,-1,1098,2,87,0.9845173041894353,0,0,138,960,1,0.0
denoised_native_fdr,8.0,cluster_merging,50,-1,1495,1,94,1.0,0,0,175,1320,0,0.3458213256409489
denoised_native_fdr,8.0,cluster_merging,51,-1,387,3,94,0.9922480620155039,0,0,50,337,1,0.0
denoised_native_fdr,8.0,cluster_merging,52,-1,934,2,96,0.9989293361884368,0,0,102,832,0,0.6557377049074703
denoised_native_fdr,8.0,cluster_merging,53,-1,3085,7,98,0.9348460291734197,0,0,378,2707,0,0.46997389032968573
denoised_native_fdr,8.0,cluster_merging,54,-1,6245,7,103,0.7540432345876701,0,0,711,5534,0,1.1359807460534934
denoised_native_fdr,8.0,cluster_merging,55,-1,195,4,110,0.8256410256410256,0,0,21,174,1,0.0
denoised_native_fdr,8.0,cluster_merging,56,-1,263,3,111,0.5817490494296578,0,0,26,237,1,0.0
denoised_native_fdr,8.0,cluster_merging,57,-1,180,4,121,0.40555555555555556,0,0,22,158,1,0.0
denoised_native_fdr,8.0,cluster_merging,58,-1,3,2,133,0.6666666666666666,0,0,0,3,0,0.0
denoised_native_fdr,8.0,cluster_merging,59,-1,1,1,135,1.0,0,0,0,1,0,0.0
denoised_native_fdr,8.0,cluster_merging,60,793,17198,3,138,0.9998837074078382,17193,5,17193,5,1,0.0
denoised_native_fdr,8.0,cluster_merging,61,-1,171,1,145,1.0,0,0,18,153,0,0.0
denoised_native_fdr,8.0,cluster_merging,62,-1,3254,1,144,1.0,0,0,359,2895,1,0.0
denoised_native_fdr,8.0,cluster_merging,63,-1,2891,2,143,0.9996540989277066,0,0,344,2547,1,0.0
denoised_native_fdr,8.0,cluster_merging,64,-1,320,1,146,1.0,0,0,39,281,0,0.0
denoised_native_fdr,8.0,cluster_merging,65,-1,90,2,149,0.7111111111111111,0,0,15,75,0,0.0
denoised_native_fdr,8.0,cluster_merging,66,2143,17891,2,152,0.9998882119501425,17889,2,17889,2,1,0.0
denoised_native_fdr,8.0,cluster_merging,67,-1,12483,1,155,1.0,0,0,1421,11062,1,0.0
denoised_native_fdr,8.0,cluster_merging,68,-1,2476,1,158,1.0,0,0,305,2171,1,0.02097872698068302
denoised_native_fdr,8.0,cluster_merging,69,-1,1109,2,157,0.9648331830477908,0,0,151,958,0,0.9302325580951057
denoised_native_fdr,8.0,cluster_merging,70,-1,231,1,160,1.0,0,0,32,199,1,0.0
denoised_native_fdr,8.0,cluster_merging,71,-1,987,6,165,0.9513677811550152,0,0,937,50,1,0.0
denoised_native_fdr,8.0,cluster_merging,72,-1,256,2,168,0.97265625,0,0,31,225,0,0.7999999999821911
denoised_native_fdr,8.0,cluster_merging,73,-1,6245,8,175,0.46869495596477184,0,0,698,5547,1,0.1017380245810699
denoised_native_fdr,8.0,cluster_merging,74,-1,123,1,173,1.0,0,0,16,107,0,0.0
denoised_native_fdr,8.0,cluster_merging,75,-1,126,2,174,0.9841269841269841,0,0,85,41,1,0.0
denoised_native_fdr,8.0,cluster_merging,76,-1,1739,1,173,1.0,0,0,217,1522,1,0.1913875598039943
denoised_native_fdr,8.0,cluster_merging,77,-1,365,2,176,0.9945205479452055,0,0,42,323,0,1.4999999999316262
denoised_native_fdr,8.0,cluster_merging,78,-1,88,3,171,0.6363636363636364,0,0,12,76,0,0.0
denoised_native_fdr,8.0,cluster_merging,79,-1,4,2,180,0.75,0,0,0,4,0,0.0
denoised_native_fdr,8.0,cluster_merging,80,-1,16,3,184,0.875,0,0,1,15,0,0.0
denoised_native_fdr,8.0,cluster_merging,81,-1,7,1,188,1.0,0,0,1,6,0,0.0
denoised_native_fdr,8.0,cluster_merging,82,-1,299,2,190,0.9966555183946488,0,0,297,2,1,0.0
denoised_native_fdr,8.0,cluster_merging,83,-1,539,2,192,0.9777365491651205,0,0,57,482,0,0.0
denoised_native_fdr,8.0,cluster_merging,84,-1,87,1,198,1.0,0,0,10,77,0,0.0
denoised_native_fdr,8.0,cluster_merging,85,-1,391,2,199,0.8516624040920716,0,0,42,349,1,0.0
denoised_native_fdr,8.0,cluster_merging,86,-1,394,2,209,0.9974619289340102,0,0,56,338,0,0.0
denoised_native_fdr,8.0,cluster_merging,87,-1,8114,8,211,0.7960315504067045,0,0,971,7143,1,0.008568980290942243
denoised_native_fdr,8.0,cluster_merging,88,-1,3866,5,208,0.9666321779617175,0,0,486,3380,1,0.0
denoised_native_fdr,8.0,cluster_merging,89,-1,8493,2,197,0.9983515836571294,0,0,965,7528,1,0.0
denoised_native_fdr,8.0,cluster_merging,90,-1,4145,8,212,0.4779252110977081,0,0,466,3679,1,0.0980353634508677
denoised_native_fdr,8.0,cluster_merging,91,-1,761,4,221,0.9816031537450722,0,0,106,655,1,0.0
denoised_native_fdr,8.0,cluster_merging,92,-1,30,1,216,1.0,0,0,0,30,0,0.0
denoised_native_fdr,8.0,cluster_merging,93,-1,158,5,214,0.8037974683544303,0,0,23,135,1,0.0
denoised_native_fdr,8.0,cluster_merging,94,-1,29948,4,210,0.9857085615066115,0,0,3472,26476,1,0.010481431691331373
denoised_native_fdr,8.0,cluster_merging,95,-1,8356,8,238,0.46780756342747726,0,0,975,7381,1,0.0
denoised_native_fdr,8.0,cluster_merging,96,-1,341,5,230,0.4750733137829912,0,0,41,300,1,0.0
denoised_native_fdr,8.0,cluster_merging,97,-1,20033,10,222,0.6510258074177607,0,0,2356,17677,1,0.0
denoised_native_fdr,8.0,cluster_merging,98,-1,26340,4,227,0.9917236142748671,0,0,2966,23374,1,0.004714619098030604
denoised_native_fdr,8.0,cluster_merging,99,-1,4962,6,235,0.9848851269649335,0,0,584,4378,1,0.027104834327656608
denoised_native_fdr,8.0,cluster_merging,100,-1,159,4,256,0.9748427672955975,0,0,22,137,0,0.0
denoised_native_fdr,8.0,cluster_merging,101,-1,8197,6,266,0.9919482737586922,0,0,998,7199,1,0.013090241342166898
denoised_native_fdr,8.0,cluster_merging,102,-1,1712,9,252,0.8860981308411215,0,0,206,1506,0,0.31383647797131003
denoised_native_fdr,8.0,cluster_merging,103,-1,452,7,239,0.5,0,0,63,389,0,0.0
denoised_native_fdr,8.0,cluster_merging,104,-1,1888,8,243,0.9528601694915254,0,0,205,1683,1,0.0
denoised_native_fdr,8.0,cluster_merging,105,-1,1135,3,253,0.93215859030837,0,0,116,1019,0,0.24999999999326578
denoised_native_fdr,8.0,cluster_merging,106,-1,5565,3,237,0.9982030548068284,0,0,652,4913,1,0.010749213733971334
denoised_native_fdr,8.0,cluster_merging,107,-1,11003,6,257,0.49813687176224664,0,0,1337,9666,1,0.0
denoised_native_fdr,8.0,cluster_merging,108,-1,15235,12,258,0.8664259927797834,0,0,1794,13441,1,0.008809872706298842
denoised_native_fdr,8.0,cluster_merging,109,-1,1533,5,270,0.822570123939987,0,0,180,1353,1,0.0
denoised_native_fdr,8.0,cluster_merging,110,-1,542,4,255,0.7435424354243543,0,0,56,486,0,0.24581280787127383
denoised_native_fdr,8.0,cluster_merging,111,-1,13642,12,276,0.9864389385720569,0,0,1572,12070,1,0.0030463794480887468
denoised_native_fdr,8.0,cluster_merging,112,-1,17630,8,246,0.8231990924560408,0,0,2098,15532,1,0.00772445820371605
denoised_native_fdr,8.0,cluster_merging,113,-1,3412,6,275,0.9765533411488863,0,0,408,3004,1,0.04359220756344033
denoised_native_fdr,8.0,cluster_merging,114,-1,13137,6,260,0.9744995052142803,0,0,1544,11593,1,0.005840492520401699
denoised_native_fdr,8.0,cluster_merging,115,-1,195,1,286,1.0,0,0,35,160,0,0.0
denoised_native_fdr,8.0,cluster_merging,116,-1,212,2,283,0.9905660377358491,0,0,27,185,0,0.0
denoised_native_fdr,8.0,cluster_merging,117,-1,14803,9,291,0.9805444842261704,0,0,1722,13081,1,0.01130782006402068
denoised_native_fdr,8.0,cluster_merging,118,-1,1624,8,273,0.8405172413793104,0,0,180,1444,1,0.1822498173775818
denoised_native_fdr,8.0,cluster_merging,119,-1,725,8,269,0.6027586206896551,0,0,72,653,1,0.0
denoised_native_fdr,8.0,cluster_merging,120,-1,11835,5,294,0.9667089142374313,0,0,1375,10460,1,0.035475614954789916
denoised_native_fdr,8.0,cluster_merging,121,-1,29513,8,293,0.6604208314979839,0,0,3563,25950,1,0.0034999696058459614
denoised_native_fdr,8.0,cluster_merging,122,-1,3246,6,295,0.9272951324707333,0,0,334,2912,1,0.0
denoised_native_fdr,8.0,cluster_merging,123,-1,1944,3,290,0.9449588477366255,0,0,215,1729,1,0.09957098672581076
denoised_native_fdr,8.0,cluster_merging,124,-1,3166,6,309,0.9440934933670246,0,0,372,2794,1,0.045508435930777975
denoised_native_fdr,8.0,cluster_merging,125,-1,13501,9,302,0.8317902377601659,0,0,1546,11955,1,0.038934490182144524
denoised_native_fdr,8.0,cluster_merging,126,-1,1536,5,278,0.9661458333333334,0,0,159,1377,1,0.0
denoised_native_fdr,8.0,cluster_merging,127,-1,125,2,303,0.992,0,0,17,108,1,0.0
denoised_native_fdr,8.0,cluster_merging,128,-1,572,3,297,0.833916083916084,0,0,63,509,0,0.0
denoised_native_fdr,8.0,cluster_merging,129,-1,1963,5,292,0.9648497198166073,0,0,204,1759,1,0.16127989656841346
denoised_native_fdr,8.0,cluster_merging,130,-1,7706,8,307,0.655722813392162,0,0,898,6808,1,0.0
denoised_native_fdr,8.0,cluster_merging,131,-1,1280,5,324,0.9625,0,0,139,1141,0,0.23048498844528223
denoised_native_fdr,8.0,cluster_merging,132,-1,3004,5,323,0.8908122503328895,0,0,366,2638,1,0.0
denoised_native_fdr,8.0,cluster_merging,133,-1,3978,2,315,0.9989944695827049,0,0,456,3522,1,0.0
denoised_native_fdr,8.0,cluster_merging,134,-1,13474,10,325,0.6119934689030726,0,0,1552,11922,1,0.001215016532923448
denoised_native_fdr,8.0,cluster_merging,135,-1,24668,4,326,0.9852845792119345,0,0,2847,21821,1,0.01085655853521773
denoised_native_fdr,8.0,cluster_merging,136,-1,29653,3,327,0.9919738306410818,0,0,3440,26213,1,0.0
denoised_native_fdr,8.0,cluster_merging,137,-1,2186,7,311,0.9441903019213175,0,0,252,1934,1,0.13576999818119503
denoised_native_fdr,8.0,cluster_merging,138,-1,190,1,334,1.0,0,0,31,159,1,0.0
denoised_native_fdr,8.0,cluster_merging,139,-1,275,3,321,0.9890909090909091,0,0,31,244,1,0.0
denoised_native_fdr,8.0,cluster_merging,140,-1,2248,7,333,0.9661921708185054,0,0,257,1991,1,0.0
denoised_native_fdr,8.0,cluster_merging,141,-1,677,4,340,0.8537666174298375,0,0,87,590,0,0.45371885795999306
denoised_native_fdr,8.0,cluster_merging,142,-1,4964,6,322,0.9691780821917808,0,0,533,4431,1,0.0
denoised_native_fdr,8.0,cluster_merging,143,-1,22249,10,329,0.48757247516742325,0,0,2624,19625,1,0.023881926750954678
denoised_native_fdr,8.0,cluster_merging,144,-1,23735,3,342,0.9613650726774805,0,0,2842,20893,1,0.002014964848969677
denoised_native_fdr,8.0,cluster_merging,145,-1,2128,2,345,0.8289473684210527,0,0,262,1866,0,0.34071400701047994
denoised_native_fdr,8.0,cluster_merging,146,-1,1522,3,343,0.9967148488830486,0,0,168,1354,1,0.0
denoised_native_fdr,8.0,cluster_merging,147,-1,11077,5,346,0.764196081971653,0,0,1272,9805,1,0.009084123718003096
denoised_native_fdr,8.0,cluster_merging,148,-1,12118,7,339,0.8309126918633438,0,0,1428,10690,1,0.0
denoised_native_fdr,8.0,cluster_merging,149,-1,4978,5,348,0.9861390116512656,0,0,543,4435,1,0.021210782146814825
denoised_native_fdr,8.0,cluster_merging,150,-1,6994,3,350,0.9944237918215614,0,0,823,6171,1,0.00989364333395571
denoised_native_fdr,8.0,cluster_merging,151,-1,1102,1,351,1.0,0,0,128,974,1,0.0
denoised_native_fdr,8.0,cluster_merging,152,-1,165,3,357,0.9757575757575757,0,0,19,146,0,0.9999999999932568
denoised_native_fdr,8.0,cluster_merging,153,-1,537,2,362,0.9906890130353817,0,0,536,1,1,0.0
denoised_native_fdr,8.0,cluster_merging,154,-1,2521,3,365,0.9904799682665609,0,0,293,2228,1,0.01604492579180737
denoised_native_fdr,8.0,cluster_merging,155,-1,604,4,372,0.75,0,0,63,541,1,0.0
denoised_native_fdr,8.0,cluster_merging,156,-1,496,2,377,0.657258064516129,0,0,69,427,0,0.43010752687568965
denoised_native_fdr,8.0,cluster_merging,157,-1,369,2,388,0.986449864498645,0,0,53,316,0,0.6422136421969131
denoised_native_fdr,8.0,cluster_merging,158,-1,512,1,380,1.0,0,0,64,448,1,0.0
denoised_native_fdr,8.0,cluster_merging,159,-1,166,2,376,0.9759036144578314,0,0,21,145,1,0.0
denoised_native_fdr,8.0,cluster_merging,160,-1,3979,2,385,0.5285247549635587,0,0,441,3538,1,0.03154574132360712
denoised_native_fdr,8.0,cluster_merging,161,-1,2224,5,371,0.9865107913669064,0,0,294,1930,1,0.0
denoised_native_fdr,8.0,cluster_merging,162,-1,8902,5,387,0.7416310941361491,0,0,1002,7900,1,0.013967809655814279
denoised_native_fdr,8.0,cluster_merging,163,-1,818,3,384,0.9303178484107579,0,0,111,707,1,0.0
denoised_native_fdr,8.0,cluster_merging,164,-1,155,3,397,0.9419354838709677,0,0,16,139,1,0.0
denoised_native_fdr,8.0,cluster_merging,165,-1,469,4,393,0.9466950959488273,0,0,49,420,0,0.26315789473328094
denoised_native_fdr,8.0,cluster_merging,166,-1,447,5,403,0.9865771812080537,0,0,62,385,1,0.0
denoised_native_fdr,8.0,cluster_merging,167,-1,36,1,402,1.0,0,0,6,30,0,0.0
denoised_native_fdr,8.0,cluster_merging,168,-1,2908,5,392,0.7118294360385145,0,0,338,2570,1,0.0
denoised_native_fdr,8.0,cluster_merging,169,-1,1129,3,405,0.7723649247121346,0,0,147,982,1,0.0
denoised_native_fdr,8.0,cluster_merging,170,-1,64,2,408,0.984375,0,0,10,54,1,0.0
denoised_native_fdr,8.0,cluster_merging,171,-1,1800,2,410,0.9994444444444445,0,0,208,1592,1,0.0
denoised_native_fdr,8.0,cluster_merging,172,-1,26374,4,407,0.9986729354667475,0,0,3175,23199,1,0.0
denoised_native_fdr,8.0,cluster_merging,173,-1,756,6,396,0.9285714285714286,0,0,84,672,1,0.0
denoised_native_fdr,8.0,cluster_merging,174,-1,114,2,411,0.9649122807017544,0,0,16,98,1,0.0
denoised_native_fdr,8.0,cluster_merging,175,-1,1490,4,412,0.9845637583892617,0,0,180,1310,1,0.0
denoised_native_fdr,8.0,cluster_merging,176,-1,4639,4,395,0.9825393403750808,0,0,552,4087,1,0.08331663660758129
denoised_native_fdr,8.0,cluster_merging,177,-1,1601,3,414,0.9581511555277952,0,0,197,1404,1,0.0
denoised_native_fdr,8.0,cluster_merging,178,-1,1153,1,417,1.0,0,0,108,1045,1,0.0
denoised_native_fdr,8.0,cluster_merging,179,-1,7816,2,419,0.9966734902763562,0,0,946,6870,1,0.004870288313017639
denoised_native_fdr,8.0,cluster_merging,180,-1,236,4,430,0.9194915254237288,0,0,22,214,0,0.0
denoised_native_fdr,8.0,cluster_merging,181,-1,1581,2,428,0.9943074003795066,0,0,182,1399,1,0.0
denoised_native_fdr,8.0,cluster_merging,182,-1,3402,3,427,0.9888300999412111,0,0,392,3010,1,0.0420245915419928
denoised_native_fdr,8.0,cluster_merging,183,-1,205,2,424,0.9902439024390244,0,0,20,185,1,0.0
denoised_native_fdr,8.0,cluster_merging,184,-1,4895,6,418,0.6637385086823289,0,0,593,4302,0,0.2471169686903534
denoised_native_fdr,8.0,cluster_merging,185,-1,1957,5,440,0.7112927950945325,0,0,246,1711,1,0.0
denoised_native_fdr,8.0,cluster_merging,186,-1,485,6,431,0.9463917525773196,0,0,64,421,1,0.0
denoised_native_fdr,8.0,cluster_merging,187,-1,11360,5,441,0.9657570422535211,0,0,1347,10013,1,0.0
denoised_native_fdr,8.0,cluster_merging,188,-1,238,4,432,0.726890756302521,0,0,29,209,0,0.33333333332780857
denoised_native_fdr,8.0,cluster_merging,189,-1,431,2,445,0.9930394431554525,0,0,50,381,1,0.0
denoised_native_fdr,8.0,cluster_merging,190,-1,5953,3,453,0.9946245590458592,0,0,702,5251,1,0.013660753393553212
denoised_native_fdr,8.0,cluster_merging,191,-1,11294,2,455,0.9998229148220295,0,0,1320,9974,1,0.002605512826321102
denoised_native_fdr,8.0,cluster_merging,192,-1,6431,3,453,0.944487638003421,0,0,726,5705,1,0.04735019214871684
denoised_native_fdr,8.0,cluster_merging,193,-1,425,5,449,0.9670588235294117,0,0,53,372,1,0.0
denoised_native_fdr,8.0,cluster_merging,194,-1,356,1,448,1.0,0,0,47,309,1,0.0
denoised_native_fdr,8.0,cluster_merging,195,-1,920,2,447,0.9945652173913043,0,0,127,793,1,0.0
denoised_native_fdr,8.0,cluster_merging,196,-1,6129,2,454,0.9998368412465328,0,0,731,5398,1,0.0
denoised_native_fdr,8.0,cluster_merging,197,-1,8174,4,458,0.985686322485931,0,0,967,7207,1,0.013128469572035931
denoised_native_fdr,8.0,cluster_merging,198,-1,8754,5,456,0.969842357779301,0,0,1003,7751,1,0.0
denoised_native_fdr,8.0,cluster_merging,199,-1,2713,5,465,0.9904165130851456,0,0,325,2388,1,0.023837902263899577
denoised_native_fdr,8.0,cluster_merging,200,-1,644,2,462,0.9984472049689441,0,0,71,573,1,0.0
denoised_native_fdr,8.0,cluster_merging,201,-1,1621,2,464,0.7951881554595929,0,0,197,1424,1,0.0
denoised_native_fdr,8.0,cluster_merging,202,-1,2621,3,457,0.9973292636398321,0,0,322,2299,1,0.011118538323854446
denoised_native_fdr,8.0,cluster_merging,203,-1,173,1,470,1.0,0,0,11,162,1,0.0
denoised_native_fdr,8.0,cluster_merging,204,-1,778,6,460,0.7904884318766067,0,0,78,700,1,0.0
denoised_native_fdr,8.0,cluster_merging,205,-1,481,2,459,0.6881496881496881,0,0,49,432,1,0.0
denoised_native_fdr,8.0,cluster_merging,206,-1,4503,5,466,0.9835665112147457,0,0,496,4007,1,0.0
denoised_native_fdr,8.0,cluster_merging,207,-1,263,3,469,0.9657794676806084,0,0,35,228,1,0.0
denoised_native_fdr,8.0,cluster_merging,208,-1,1396,4,481,0.9634670487106017,0,0,170,1226,1,0.0
denoised_native_fdr,8.0,cluster_merging,209,-1,568,5,472,0.9876760563380281,0,0,68,500,1,0.0
denoised_native_fdr,8.0,cluster_merging,210,-1,1445,5,474,0.9155709342560554,0,0,158,1287,1,0.0
denoised_native_fdr,8.0,cluster_merging,211,-1,3754,5,461,0.9906766116142781,0,0,471,3283,1,0.0
denoised_native_fdr,8.0,cluster_merging,212,-1,5253,3,482,0.9990481629545022,0,0,617,4636,1,0.0
denoised_native_fdr,8.0,cluster_merging,213,-1,11476,7,483,0.9731613802718717,0,0,1393,10083,1,0.017583114570441656
denoised_native_fdr,8.0,cluster_merging,214,-1,9175,3,484,0.9960762942779292,0,0,1060,8115,1,0.0
denoised_native_fdr,8.0,cluster_merging,215,-1,9288,1,485,1.0,0,0,1097,8191,1,0.0
denoised_native_fdr,8.0,cluster_merging,216,-1,342,2,493,0.9970760233918129,0,0,63,279,1,0.0
denoised_native_fdr,8.0,cluster_merging,217,-1,660,4,487,0.9878787878787879,0,0,84,576,1,0.0
denoised_native_fdr,8.0,cluster_merging,218,-1,374,3,491,0.9893048128342246,0,0,59,315,1,0.0
denoised_native_fdr,8.0,cluster_merging,219,-1,823,3,495,0.9234507897934386,0,0,91,732,1,0.0
denoised_native_fdr,8.0,cluster_merging,220,-1,222,3,486,0.5765765765765766,0,0,26,196,1,0.0
denoised_native_fdr,8.0,cluster_merging,221,-1,315,2,504,0.9936507936507937,0,0,57,258,0,0.0
denoised_native_fdr,8.0,cluster_merging,222,-1,2653,9,488,0.5318507350169619,0,0,350,2303,1,0.0
denoised_native_fdr,8.0,cluster_merging,223,-1,1199,4,486,0.6580483736447039,0,0,144,1055,1,0.0
denoised_native_fdr,8.0,cluster_merging,224,-1,490,2,500,0.9061224489795918,0,0,60,430,1,0.0
denoised_native_fdr,8.0,cluster_merging,225,-1,3134,6,494,0.9894703254626676,0,0,379,2755,1,0.0
denoised_native_fdr,8.0,cluster_merging,226,-1,674,6,502,0.9614243323442137,0,0,75,599,0,0.5333333333223815
denoised_native_fdr,8.0,cluster_merging,227,-1,2321,3,501,0.999138302455838,0,0,271,2050,1,0.0
denoised_native_fdr,8.0,cluster_merging,228,-1,2008,3,515,0.9985059760956175,0,0,233,1775,1,0.0
denoised_native_fdr,8.0,cluster_merging,229,-1,6305,9,508,0.860111022997621,0,0,1342,4963,1,0.12819854073516557
denoised_native_fdr,8.0,cluster_merging,230,-1,644,2,506,0.968944099378882,0,0,90,554,1,0.0
denoised_native_fdr,8.0,cluster_merging,231,-1,564,5,489,0.7056737588652482,0,0,101,463,0,0.997999999966721
denoised_native_fdr,8.0,cluster_merging,232,-1,3190,4,498,0.8855799373040752,0,0,380,2810,1,0.0
denoised_native_fdr,8.0,cluster_merging,233,-1,675,2,507,0.9985185185185185,0,0,81,594,1,0.0
denoised_native_fdr,8.0,cluster_merging,234,-1,504,3,496,0.9861111111111112,0,0,62,442,1,0.0
denoised_native_fdr,8.0,cluster_merging,235,-1,2238,3,510,0.9772117962466488,0,0,269,1969,1,0.13888888888404677
denoised_native_fdr,8.0,cluster_merging,236,-1,683,3,509,0.7408491947291361,0,0,82,601,1,0.0
denoised_native_fdr,8.0,cluster_merging,237,-1,418,1,513,1.0,0,0,56,362,1,0.0
denoised_native_fdr,8.0,cluster_merging,238,-1,643,3,521,0.9875583203732504,0,0,72,571,1,0.0
denoised_native_fdr,8.0,cluster_merging,239,-1,6366,2,516,0.9996858309770656,0,0,748,5618,1,0.0
denoised_native_fdr,8.0,cluster_merging,240,-1,301,2,522,0.9966777408637874,0,0,35,266,1,0.0
denoised_native_fdr,8.0,cluster_merging,241,-1,894,1,518,1.0,0,0,111,783,1,0.0
denoised_native_fdr,8.0,cluster_merging,242,-1,11670,2,519,0.9992287917737789,0,0,1364,10306,1,0.0
denoised_native_fdr,8.0,cluster_merging,243,-1,4511,3,520,0.9869208601197074,0,0,505,4006,1,0.0
denoised_native_fdr,8.0,cluster_merging,244,-1,966,3,523,0.9699792960662525,0,0,111,855,0,0.606060606046232
denoised_native_fdr,8.0,cluster_merging,245,-1,706,5,532,0.953257790368272,0,0,94,612,1,0.0
denoised_native_fdr,8.0,cluster_merging,246,-1,236,2,527,0.9957627118644068,0,0,35,201,1,0.0
denoised_native_fdr,8.0,cluster_merging,247,-1,332,1,533,1.0,0,0,40,292,1,0.0
denoised_native_fdr,8.0,cluster_merging,248,-1,74,1,528,1.0,0,0,5,69,1,0.0
denoised_native_fdr,8.0,cluster_merging,249,-1,185,1,531,1.0,0,0,33,152,0,0.38095238095024664
denoised_native_fdr,8.0,cluster_merging,250,-1,105,3,526,0.5904761904761905,0,0,19,86,0,0.0
denoised_native_fdr,8.0,cluster_merging,251,-1,258,1,530,1.0,0,0,26,232,1,0.0
denoised_native_fdr,8.0,cluster_merging,252,-1,168,1,534,1.0,0,0,23,145,1,0.0
denoised_native_fdr,8.0,cluster_merging,253,-1,9056,1,529,1.0,0,0,1132,7924,1,0.05134189031177655
denoised_native_fdr,8.0,cluster_merging,254,-1,8793,2,535,0.9931763903104742,0,0,1089,7704,1,0.014395886889078226
denoised_native_fdr,8.0,cluster_merging,255,-1,329,2,538,0.9787234042553191,0,0,47,282,1,0.0
denoised_native_fdr,8.0,cluster_merging,256,-1,1227,6,539,0.9470252648736757,0,0,133,1094,1,0.09685230024093713
denoised_native_fdr,8.0,cluster_merging,257,-1,207,4,545,0.9516908212560387,0,0,26,181,0,0.0
denoised_native_fdr,8.0,cluster_merging,258,-1,120,3,543,0.9583333333333334,0,0,15,105,1,0.0
denoised_native_fdr,8.0,cluster_merging,259,-1,236,3,543,0.9830508474576272,0,0,21,215,1,0.0
denoised_native_fdr,8.0,cluster_merging,260,-1,10107,2,549,0.9996042346888295,0,0,1218,8889,1,0.0
denoised_native_fdr,8.0,cluster_merging,261,-1,4493,5,554,0.9846427776541287,0,0,481,4012,1,0.020862308761922903
denoised_native_fdr,8.0,cluster_merging,262,-1,212,1,550,1.0,0,0,23,189,1,0.0
denoised_native_fdr,8.0,cluster_merging,263,-1,433,4,540,0.7159353348729792,0,0,37,396,0,0.8130081300750405
denoised_native_fdr,8.0,cluster_merging,264,-1,173,1,547,1.0,0,0,20,153,0,0.0
denoised_native_fdr,8.0,cluster_merging,265,-1,10488,3,542,0.9997139588100686,0,0,1272,9216,1,0.002934487565029914
denoised_native_fdr,8.0,cluster_merging,266,-1,126,1,559,1.0,0,0,19,107,1,0.0
denoised_native_fdr,8.0,cluster_merging,267,-1,261,3,548,0.9042145593869731,0,0,35,226,1,0.0
denoised_native_fdr,8.0,cluster_merging,268,-1,17,2,552,0.8235294117647058,0,0,1,16,0,0.0
denoised_native_fdr,8.0,cluster_merging,269,-1,455,3,561,0.9868131868131869,0,0,66,389,1,0.0
denoised_native_fdr,8.0,cluster_merging,270,-1,916,7,556,0.8427947598253275,0,0,106,810,1,0.0641025641019861
denoised_native_fdr,8.0,cluster_merging,271,-1,579,4,560,0.918825561312608,0,0,72,507,1,0.0
denoised_native_fdr,8.0,cluster_merging,272,-1,125,2,562,0.992,0,0,9,116,0,0.0
denoised_native_fdr,8.0,cluster_merging,273,-1,4362,3,548,0.9919761577258138,0,0,479,3883,1,0.014015416958341083
denoised_native_fdr,8.0,cluster_merging,274,-1,462,1,568,1.0,0,0,51,411,1,0.0
denoised_native_fdr,8.0,cluster_merging,275,-1,245,1,568,1.0,0,0,27,218,1,0.0
denoised_native_fdr,8.0,cluster_merging,276,-1,3664,1,567,1.0,0,0,487,3177,1,0.0
denoised_native_fdr,8.0,cluster_merging,277,-1,5575,5,570,0.8218834080717489,0,0,661,4914,1,0.011435105774220302
denoised_native_fdr,8.0,cluster_merging,278,-1,1028,1,566,1.0,0,0,130,898,1,0.0
denoised_native_fdr,8.0,cluster_merging,279,-1,4819,4,569,0.9896244034031957,0,0,567,4252,1,0.0
denoised_native_fdr,8.0,cluster_merging,280,-1,259,3,573,0.6486486486486487,0,0,32,227,1,0.0
denoised_native_fdr,8.0,cluster_merging,281,-1,152,4,578,0.6776315789473685,0,0,19,133,1,0.0
denoised_native_fdr,8.0,cluster_merging,282,-1,20,2,583,0.75,0,0,2,18,0,0.0
denoised_native_fdr,8.0,cluster_merging,283,-1,175,6,589,0.3142857142857143,0,0,5,170,1,0.0423280423279866
denoised_native_fdr,8.0,cluster_merging,284,-1,20,5,595,0.5,0,0,2,18,0,0.0
denoised_native_fdr,8.0,cluster_merging,285,-1,1,1,597,1.0,0,0,0,1,0,0.0
denoised_native_fdr,8.0,cluster_merging,286,-1,978,2,602,0.9918200408997955,0,0,126,852,1,0.0
denoised_native_fdr,8.0,cluster_merging,287,-1,934,2,601,0.9989293361884368,0,0,99,835,1,0.0
denoised_native_fdr,8.0,cluster_merging,288,-1,8,2,606,0.875,0,0,1,7,0,0.0
denoised_native_fdr,8.0,cluster_merging,289,-1,4,1,607,1.0,0,0,1,3,0,0.0
denoised_native_fdr,8.0,cluster_merging,290,-1,845,3,612,0.4461538461538462,0,0,127,718,0,0.9767441860192708
denoised_native_fdr,8.0,cluster_merging,291,-1,3,2,620,0.6666666666666666,0,0,0,3,0,0.0
denoised_native_fdr,8.0,cluster_merging,292,-1,8,2,623,0.75,0,0,2,6,0,0.0
denoised_native_fdr,8.0,cluster_merging,293,-1,13,2,625,0.6153846153846154,0,0,2,11,0,0.0
denoised_native_fdr,8.0,cluster_merging,294,-1,7,1,626,1.0,0,0,3,4,0,0.0
denoised_native_fdr,8.0,cluster_merging,295,-1,2,1,628,1.0,0,0,1,1,0,0.0
denoised_native_fdr,8.0,cluster_merging,296,-1,2,2,632,0.5,0,0,0,2,0,0.0
denoised_native_fdr,8.0,duplicate_removal,0,-1,1169,2,5,0.9991445680068435,0,0,104,1065,1,0.0
denoised_native_fdr,8.0,duplicate_removal,1,-1,2830,4,8,0.8851590106007067,0,0,317,2513,1,0.15981735159084945
denoised_native_fdr,8.0,duplicate_removal,2,-1,3256,5,1,0.808968058968059,0,0,376,2880,1,0.10084033613144462
denoised_native_fdr,8.0,duplicate_removal,3,-1,1395,1,3,1.0,0,0,147,1248,1,0.0
denoised_native_fdr,8.0,duplicate_removal,4,-1,6571,4,18,0.9981737939430833,0,0,765,5806,1,0.0
denoised_native_fdr,8.0,duplicate_removal,5,-1,3179,4,2,0.976407675369613,0,0,364,2815,1,0.0
denoised_native_fdr,8.0,duplicate_removal,6,-1,5032,4,17,0.956081081081081,0,0,572,4460,1,0.04075394803696379
denoised_native_fdr,8.0,duplicate_removal,7,-1,5208,4,11,0.9984639016897081,0,0,608,4600,1,0.0
denoised_native_fdr,8.0,duplicate_removal,8,-1,124,1,12,1.0,0,0,17,107,1,0.0
denoised_native_fdr,8.0,duplicate_removal,9,-1,341,2,16,0.9706744868035191,0,0,43,298,1,0.0
denoised_native_fdr,8.0,duplicate_removal,10,-1,3824,1,19,1.0,0,0,466,3358,1,0.0
denoised_native_fdr,8.0,duplicate_removal,11,-1,291,5,22,0.6391752577319587,0,0,33,258,1,0.0
denoised_native_fdr,8.0,duplicate_removal,12,-1,10563,1,24,1.0,0,0,1263,9300,1,0.0
denoised_native_fdr,8.0,duplicate_removal,13,-1,2342,4,27,0.9415029888983775,0,0,274,2068,1,0.0
denoised_native_fdr,8.0,duplicate_removal,14,-1,156,1,29,1.0,0,0,17,139,1,0.0
denoised_native_fdr,8.0,duplicate_removal,15,-1,782,3,28,0.6074168797953964,0,0,85,697,0,0.366972477057303
denoised_native_fdr,8.0,duplicate_removal,16,-1,3566,3,25,0.9854178351093662,0,0,424,3142,1,0.0
denoised_native_fdr,8.0,duplicate_removal,17,-1,18273,4,34,0.9908608329228917,0,0,2102,16171,1,0.006976338584514532
denoised_native_fdr,8.0,duplicate_removal,18,-1,3265,5,31,0.9846860643185299,0,0,413,2852,1,0.0
denoised_native_fdr,8.0,duplicate_removal,19,-1,4869,4,26,0.9991784760731156,0,0,545,4324,1,0.0
denoised_native_fdr,8.0,duplicate_removal,20,-1,4852,4,37,0.9967023907666942,0,0,613,4239,1,0.0
denoised_native_fdr,8.0,duplicate_removal,21,-1,2769,2,33,0.997110870350307,0,0,310,2459,1,0.0
denoised_native_fdr,8.0,duplicate_removal,22,-1,209,1,45,1.0,0,0,21,188,1,0.0
denoised_native_fdr,8.0,duplicate_removal,23,-1,2131,2,44,0.999530736743313,0,0,237,1894,1,0.0
denoised_native_fdr,8.0,duplicate_removal,24,-1,11672,4,41,0.9924605894448252,0,0,1403,10269,1,0.012368583796575863
denoised_native_fdr,8.0,duplicate_removal,25,-1,2509,3,48,0.9916301315265046,0,0,304,2205,1,0.0
denoised_native_fdr,8.0,duplicate_removal,26,-1,563,2,50,0.9982238010657194,0,0,61,502,1,0.0
denoised_native_fdr,8.0,duplicate_removal,27,-1,1450,3,56,0.9903448275862069,0,0,193,1257,0,0.8208955223662011
denoised_native_fdr,8.0,duplicate_removal,28,-1,1946,4,54,0.9958890030832477,0,0,210,1736,0,0.2644628099117957
denoised_native_fdr,8.0,duplicate_removal,29,-1,721,3,55,0.9500693481276006,0,0,102,619,1,0.0
denoised_native_fdr,8.0,duplicate_removal,30,-1,128,2,49,0.5546875,0,0,17,111,0,0.0
denoised_native_fdr,8.0,duplicate_removal,31,-1,3441,7,57,0.7570473699505957,0,0,423,3018,1,0.02711864406706779
denoised_native_fdr,8.0,duplicate_removal,32,-1,1467,1,60,1.0,0,0,158,1309,1,0.0
denoised_native_fdr,8.0,duplicate_removal,33,-1,7199,3,70,0.9599944436727323,0,0,850,6349,1,0.051601806061293685
denoised_native_fdr,8.0,duplicate_removal,34,-1,986,1,64,1.0,0,0,120,866,1,0.0
denoised_native_fdr,8.0,duplicate_removal,35,-1,4219,3,69,0.9973927470964684,0,0,513,3706,1,0.11350737797573453
denoised_native_fdr,8.0,duplicate_removal,36,-1,12357,4,68,0.9828437322974832,0,0,1466,10891,1,0.0045845272203629195
denoised_native_fdr,8.0,duplicate_removal,37,-1,549,2,81,0.9981785063752276,0,0,61,488,0,0.657534246566111
denoised_native_fdr,8.0,duplicate_removal,38,-1,1092,7,74,0.6483516483516484,0,0,134,958,1,0.0
denoised_native_fdr,8.0,duplicate_removal,39,-1,7958,1,75,1.0,0,0,943,7015,1,0.0
denoised_native_fdr,8.0,duplicate_removal,40,-1,361,1,78,1.0,0,0,41,320,0,2.222222222060387
denoised_native_fdr,8.0,duplicate_removal,41,-1,519,1,77,1.0,0,0,68,451,1,0.0
denoised_native_fdr,8.0,duplicate_removal,42,-1,6260,3,80,0.5314696485623003,0,0,730,5530,0,0.8101512932363205
denoised_native_fdr,8.0,duplicate_removal,43,-1,4098,2,82,0.9997559785261103,0,0,478,3620,1,0.0
denoised_native_fdr,8.0,duplicate_removal,44,-1,11265,2,83,0.9871282734132268,0,0,1325,9940,1,0.003712296983612943
denoised_native_fdr,8.0,duplicate_removal,45,-1,1476,3,82,0.7073170731707317,0,0,177,1299,0,0.2263723825665316
denoised_native_fdr,8.0,duplicate_removal,46,-1,2062,3,88,0.9917555771096024,0,0,238,1824,1,0.0
denoised_native_fdr,8.0,duplicate_removal,47,-1,361,2,91,0.8919667590027701,0,0,38,323,0,0.6249999999914588
denoised_native_fdr,8.0,duplicate_removal,48,-1,109,1,90,1.0,0,0,11,98,1,0.0
denoised_native_fdr,8.0,duplicate_removal,49,-1,1098,2,87,0.9845173041894353,0,0,138,960,1,0.0
denoised_native_fdr,8.0,duplicate_removal,50,-1,1495,1,94,1.0,0,0,175,1320,0,0.3458213256409489
denoised_native_fdr,8.0,duplicate_removal,51,-1,387,3,94,0.9922480620155039,0,0,50,337,1,0.0
denoised_native_fdr,8.0,duplicate_removal,52,-1,934,2,96,0.9989293361884368,0,0,102,832,0,0.6557377049074703
denoised_native_fdr,8.0,duplicate_removal,53,-1,3085,7,98,0.9348460291734197,0,0,378,2707,0,0.46997389032968573
denoised_native_fdr,8.0,duplicate_removal,54,-1,6243,7,103,0.7541246195739227,0,0,711,5532,0,1.1359807460535163
denoised_native_fdr,8.0,duplicate_removal,55,-1,195,4,110,0.8256410256410256,0,0,21,174,1,0.0
denoised_native_fdr,8.0,duplicate_removal,56,-1,263,3,111,0.5817490494296578,0,0,26,237,1,0.0
denoised_native_fdr,8.0,duplicate_removal,57,-1,174,4,121,0.41379310344827586,0,0,22,152,1,0.0
denoised_native_fdr,8.0,duplicate_removal,58,-1,3,2,133,0.6666666666666666,0,0,0,3,0,0.0
denoised_native_fdr,8.0,duplicate_removal,59,-1,1,1,135,1.0,0,0,0,1,0,0.0
denoised_native_fdr,8.0,duplicate_removal,60,793,17195,3,138,0.9998836871183484,17193,2,17193,2,1,0.0
denoised_native_fdr,8.0,duplicate_removal,61,-1,171,1,145,1.0,0,0,18,153,0,0.0
denoised_native_fdr,8.0,duplicate_removal,62,-1,3254,1,144,1.0,0,0,359,2895,1,0.0
denoised_native_fdr,8.0,duplicate_removal,63,-1,2891,2,143,0.9996540989277066,0,0,344,2547,1,0.0
denoised_native_fdr,8.0,duplicate_removal,64,-1,320,1,146,1.0,0,0,39,281,0,0.0
denoised_native_fdr,8.0,duplicate_removal,65,-1,90,2,149,0.7111111111111111,0,0,15,75,0,0.0
denoised_native_fdr,8.0,duplicate_removal,66,2143,17891,2,152,0.9998882119501425,17889,2,17889,2,1,0.0
denoised_native_fdr,8.0,duplicate_removal,67,-1,12483,1,155,1.0,0,0,1421,11062,1,0.0
denoised_native_fdr,8.0,duplicate_removal,68,-1,2476,1,158,1.0,0,0,305,2171,1,0.02097872698068302
denoised_native_fdr,8.0,duplicate_removal,69,-1,1108,2,157,0.9648014440433214,0,0,151,957,0,0.9531996179094986
denoised_native_fdr,8.0,duplicate_removal,70,-1,231,1,160,1.0,0,0,32,199,1,0.0
denoised_native_fdr,8.0,duplicate_removal,71,-1,987,6,165,0.9513677811550152,0,0,937,50,1,0.0
denoised_native_fdr,8.0,duplicate_removal,72,-1,256,2,168,0.97265625,0,0,31,225,0,0.7999999999821911
denoised_native_fdr,8.0,duplicate_removal,73,-1,6245,8,175,0.46869495596477184,0,0,698,5547,1,0.1017380245810699
denoised_native_fdr,8.0,duplicate_removal,74,-1,123,1,173,1.0,0,0,16,107,0,0.0
denoised_native_fdr,8.0,duplicate_removal,75,-1,126,2,174,0.9841269841269841,0,0,85,41,1,0.0
denoised_native_fdr,8.0,duplicate_removal,76,-1,1739,1,173,1.0,0,0,217,1522,1,0.1913875598039943
denoised_native_fdr,8.0,duplicate_removal,77,-1,365,2,176,0.9945205479452055,0,0,42,323,0,1.4999999999316262
denoised_native_fdr,8.0,duplicate_removal,78,-1,88,3,171,0.6363636363636364,0,0,12,76,0,0.0
denoised_native_fdr,8.0,duplicate_removal,79,-1,4,2,180,0.75,0,0,0,4,0,0.0
denoised_native_fdr,8.0,duplicate_removal,80,-1,16,3,184,0.875,0,0,1,15,0,0.0
denoised_native_fdr,8.0,duplicate_removal,81,-1,7,1,188,1.0,0,0,1,6,0,0.0
denoised_native_fdr,8.0,duplicate_removal,82,-1,299,2,190,0.9966555183946488,0,0,297,2,1,0.0
denoised_native_fdr,8.0,duplicate_removal,83,-1,539,2,192,0.9777365491651205,0,0,57,482,0,0.0
denoised_native_fdr,8.0,duplicate_removal,84,-1,87,1,198,1.0,0,0,10,77,0,0.0
denoised_native_fdr,8.0,duplicate_removal,85,-1,391,2,199,0.8516624040920716,0,0,42,349,1,0.0
denoised_native_fdr,8.0,duplicate_removal,86,-1,394,2,209,0.9974619289340102,0,0,56,338,0,0.0
denoised_native_fdr,8.0,duplicate_removal,87,-1,8113,8,211,0.7960064094662886,0,0,971,7142,1,0.008572653235773263
denoised_native_fdr,8.0,duplicate_removal,88,-1,3865,5,208,0.9666235446313066,0,0,486,3379,1,0.0
denoised_native_fdr,8.0,duplicate_removal,89,-1,8493,2,197,0.9983515836571294,0,0,965,7528,1,0.0
denoised_native_fdr,8.0,duplicate_removal,90,-1,4137,8,212,0.47884940778341795,0,0,466,3671,1,0.09865559508992307
denoised_native_fdr,8.0,duplicate_removal,91,-1,761,4,221,0.9816031537450722,0,0,106,655,1,0.0
denoised_native_fdr,8.0,duplicate_removal,92,-1,30,1,216,1.0,0,0,0,30,0,0.0
denoised_native_fdr,8.0,duplicate_removal,93,-1,158,5,214,0.8037974683544303,0,0,23,135,1,0.0
denoised_native_fdr,8.0,duplicate_removal,94,-1,29944,4,210,0.9857066524178466,0,0,3472,26472,1,0.010483721867508152
denoised_native_fdr,8.0,duplicate_removal,95,-1,8355,8,238,0.46786355475763014,0,0,975,7380,1,0.0
denoised_native_fdr,8.0,duplicate_removal,96,-1,341,5,230,0.4750733137829912,0,0,41,300,1,0.0
denoised_native_fdr,8.0,duplicate_removal,97,-1,20031,10,222,0.6510908092456692,0,0,2356,17675,1,0.0
denoised_native_fdr,8.0,duplicate_removal,98,-1,26339,4,227,0.9917612665628915,0,0,2966,23373,1,0.0047153319154703876
denoised_native_fdr,8.0,duplicate_removal,99,-1,4962,6,235,0.9848851269649335,0,0,584,4378,1,0.027104834327656608
denoised_native_fdr,8.0,duplicate_removal,100,-1,159,4,256,0.9748427672955975,0,0,22,137,0,0.0
denoised_native_fdr,8.0,duplicate_removal,101,-1,8197,6,266,0.9919482737586922,0,0,998,7199,1,0.013090241342166898
denoised_native_fdr,8.0,duplicate_removal,102,-1,1712,9,252,0.8860981308411215,0,0,206,1506,0,0.31383647797131003
denoised_native_fdr,8.0,duplicate_removal,103,-1,452,7,239,0.5,0,0,63,389,0,0.0
denoised_native_fdr,8.0,duplicate_removal,104,-1,1888,8,243,0.9528601694915254,0,0,205,1683,1,0.0
denoised_native_fdr,8.0,duplicate_removal,105,-1,1135,3,253,0.93215859030837,0,0,116,1019,0,0.24999999999326578
denoised_native_fdr,8.0,duplicate_removal,106,-1,5565,3,237,0.9982030548068284,0,0,652,4913,1,0.010749213733971334
denoised_native_fdr,8.0,duplicate_removal,107,-1,11000,6,257,0.49827272727272726,0,0,1337,9663,1,0.0
denoised_native_fdr,8.0,duplicate_removal,108,-1,15229,12,258,0.8664390307965066,0,0,1794,13435,1,0.008816877517094361
denoised_native_fdr,8.0,duplicate_removal,109,-1,1533,5,270,0.822570123939987,0,0,180,1353,1,0.0
denoised_native_fdr,8.0,duplicate_removal,110,-1,542,4,255,0.7435424354243543,0,0,56,486,0,0.24581280787127383
denoised_native_fdr,8.0,duplicate_removal,111,-1,13642,12,276,0.9864389385720569,0,0,1572,12070,1,0.0030463794480887468
denoised_native_fdr,8.0,duplicate_removal,112,-1,17630,8,246,0.8231990924560408,0,0,2098,15532,1,0.00772445820371605
denoised_native_fdr,8.0,duplicate_removal,113,-1,3412,6,275,0.9765533411488863,0,0,408,3004,1,0.04359220756344033
denoised_native_fdr,8.0,duplicate_removal,114,-1,13137,6,260,0.9744995052142803,0,0,1544,11593,1,0.005840492520401699
denoised_native_fdr,8.0,duplicate_removal,115,-1,195,1,286,1.0,0,0,35,160,0,0.0
denoised_native_fdr,8.0,duplicate_removal,116,-1,212,2,283,0.9905660377358491,0,0,27,185,0,0.0
denoised_native_fdr,8.0,duplicate_removal,117,-1,14803,9,291,0.9805444842261704,0,0,1722,13081,1,0.01130782006402068
denoised_native_fdr,8.0,duplicate_removal,118,-1,1623,8,273,0.8410351201478743,0,0,180,1443,1,0.18224981737759088
denoised_native_fdr,8.0,duplicate_removal,119,-1,725,8,269,0.6027586206896551,0,0,72,653,1,0.0
denoised_native_fdr,8.0,duplicate_removal,120,-1,11834,5,294,0.9667061010647288,0,0,1375,10459,1,0.035482341783887705
denoised_native_fdr,8.0,duplicate_removal,121,-1,29510,8,293,0.6604879701796001,0,0,3563,25947,1,0.0035006734759634997
denoised_native_fdr,8.0,duplicate_removal,122,-1,3246,6,295,0.9272951324707333,0,0,334,2912,1,0.0
denoised_native_fdr,8.0,duplicate_removal,123,-1,1944,3,290,0.9449588477366255,0,0,215,1729,1,0.09957098672581076
denoised_native_fdr,8.0,duplicate_removal,124,-1,3166,6,309,0.9440934933670246,0,0,372,2794,1,0.045508435930777975
denoised_native_fdr,8.0,duplicate_removal,125,-1,13501,9,302,0.8317902377601659,0,0,1546,11955,1,0.038934490182144524
denoised_native_fdr,8.0,duplicate_removal,126,-1,1536,5,278,0.9661458333333334,0,0,159,1377,1,0.0
denoised_native_fdr,8.0,duplicate_removal,127,-1,125,2,303,0.992,0,0,17,108,1,0.0
denoised_native_fdr,8.0,duplicate_removal,128,-1,572,3,297,0.833916083916084,0,0,63,509,0,0.0
denoised_native_fdr,8.0,duplicate_removal,129,-1,1963,5,292,0.9648497198166073,0,0,204,1759,1,0.16127989656841346
denoised_native_fdr,8.0,duplicate_removal,130,-1,7706,8,307,0.655722813392162,0,0,898,6808,1,0.0
denoised_native_fdr,8.0,duplicate_removal,131,-1,1280,5,324,0.9625,0,0,139,1141,0,0.23048498844528223
denoised_native_fdr,8.0,duplicate_removal,132,-1,3004,5,323,0.8908122503328895,0,0,366,2638,1,0.0
denoised_native_fdr,8.0,duplicate_removal,133,-1,3978,2,315,0.9989944695827049,0,0,456,3522,1,0.0
denoised_native_fdr,8.0,duplicate_removal,134,-1,13473,10,325,0.6119646700809025,0,0,1552,11921,1,0.0012151585549900973
denoised_native_fdr,8.0,duplicate_removal,135,-1,24668,4,326,0.9852845792119345,0,0,2847,21821,1,0.01085655853521773
denoised_native_fdr,8.0,duplicate_removal,136,-1,29648,3,327,0.9920062061521856,0,0,3440,26208,1,0.0
denoised_native_fdr,8.0,duplicate_removal,137,-1,2186,7,311,0.9441903019213175,0,0,252,1934,1,0.13576999818119503
denoised_native_fdr,8.0,duplicate_removal,138,-1,190,1,334,1.0,0,0,31,159,1,0.0
denoised_native_fdr,8.0,duplicate_removal,139,-1,275,3,321,0.9890909090909091,0,0,31,244,1,0.0
denoised_native_fdr,8.0,duplicate_removal,140,-1,2248,7,333,0.9661921708185054,0,0,257,1991,1,0.0
denoised_native_fdr,8.0,duplicate_removal,141,-1,677,4,340,0.8537666174298375,0,0,87,590,0,0.45371885795999306
denoised_native_fdr,8.0,duplicate_removal,142,-1,4964,6,322,0.9691780821917808,0,0,533,4431,1,0.0
denoised_native_fdr,8.0,duplicate_removal,143,-1,22249,10,329,0.48757247516742325,0,0,2624,19625,1,0.023881926750954678
denoised_native_fdr,8.0,duplicate_removal,144,-1,23733,3,342,0.9613618168794505,0,0,2841,20892,1,0.002015290359128756
denoised_native_fdr,8.0,duplicate_removal,145,-1,2128,2,345,0.8289473684210527,0,0,262,1866,0,0.34071400701047994
denoised_native_fdr,8.0,duplicate_removal,146,-1,1522,3,343,0.9967148488830486,0,0,168,1354,1,0.0
denoised_native_fdr,8.0,duplicate_removal,147,-1,11075,5,346,0.7642437923250565,0,0,1272,9803,1,0.009087763389492184
denoised_native_fdr,8.0,duplicate_removal,148,-1,12117,7,339,0.8308987373112157,0,0,1428,10689,1,0.0
denoised_native_fdr,8.0,duplicate_removal,149,-1,4978,5,348,0.9861390116512656,0,0,543,4435,1,0.021210782146814825
denoised_native_fdr,8.0,duplicate_removal,150,-1,6992,3,350,0.9945652173913043,0,0,823,6169,1,0.009907120742831529
denoised_native_fdr,8.0,duplicate_removal,151,-1,1102,1,351,1.0,0,0,128,974,1,0.0
denoised_native_fdr,8.0,duplicate_removal,152,-1,165,3,357,0.9757575757575757,0,0,19,146,0,0.9999999999932568
denoised_native_fdr,8.0,duplicate_removal,153,-1,537,2,362,0.9906890130353817,0,0,536,1,1,0.0
denoised_native_fdr,8.0,duplicate_removal,154,-1,2521,3,365,0.9904799682665609,0,0,293,2228,1,0.01604492579180737
denoised_native_fdr,8.0,duplicate_removal,155,-1,604,4,372,0.75,0,0,63,541,1,0.0
denoised_native_fdr,8.0,duplicate_removal,156,-1,496,2,377,0.657258064516129,0,0,69,427,0,0.43010752687568965
denoised_native_fdr,8.0,duplicate_removal,157,-1,369,2,388,0.986449864498645,0,0,53,316,0,0.6422136421969131
denoised_native_fdr,8.0,duplicate_removal,158,-1,511,1,380,1.0,0,0,64,447,1,0.0
denoised_native_fdr,8.0,duplicate_removal,159,-1,166,2,376,0.9759036144578314,0,0,21,145,1,0.0
denoised_native_fdr,8.0,duplicate_removal,160,-1,3979,2,385,0.5285247549635587,0,0,441,3538,1,0.03154574132360712
denoised_native_fdr,8.0,duplicate_removal,161,-1,2224,5,371,0.9865107913669064,0,0,294,1930,1,0.0
denoised_native_fdr,8.0,duplicate_removal,162,-1,8902,5,387,0.7416310941361491,0,0,1002,7900,1,0.013967809655814279
denoised_native_fdr,8.0,duplicate_removal,163,-1,818,3,384,0.9303178484107579,0,0,111,707,1,0.0
denoised_native_fdr,8.0,duplicate_removal,164,-1,155,3,397,0.9419354838709677,0,0,16,139,1,0.0
denoised_native_fdr,8.0,duplicate_removal,165,-1,469,4,393,0.9466950959488273,0,0,49,420,0,0.26315789473328094
denoised_native_fdr,8.0,duplicate_removal,166,-1,447,5,403,0.9865771812080537,0,0,62,385,1,0.0
denoised_native_fdr,8.0,duplicate_removal,167,-1,36,1,402,1.0,0,0,6,30,0,0.0
denoised_native_fdr,8.0,duplicate_removal,168,-1,2908,5,392,0.7118294360385145,0,0,338,2570,1,0.0
denoised_native_fdr,8.0,duplicate_removal,169,-1,1129,3,405,0.7723649247121346,0,0,147,982,1,0.0
denoised_native_fdr,8.0,duplicate_removal,170,-1,64,2,408,0.984375,0,0,10,54,1,0.0
denoised_native_fdr,8.0,duplicate_removal,171,-1,1800,2,410,0.9994444444444445,0,0,208,1592,1,0.0
denoised_native_fdr,8.0,duplicate_removal,172,-1,26370,4,407,0.9986727341676147,0,0,3175,23195,1,0.0
denoised_native_fdr,8.0,duplicate_removal,173,-1,756,6,396,0.9285714285714286,0,0,84,672,1,0.0
denoised_native_fdr,8.0,duplicate_removal,174,-1,114,2,411,0.9649122807017544,0,0,16,98,1,0.0
denoised_native_fdr,8.0,duplicate_removal,175,-1,1490,4,412,0.9845637583892617,0,0,180,1310,1,0.0
denoised_native_fdr,8.0,duplicate_removal,176,-1,4639,4,395,0.9825393403750808,0,0,552,4087,1,0.08331663660758129
denoised_native_fdr,8.0,duplicate_removal,177,-1,1601,3,414,0.9581511555277952,0,0,197,1404,1,0.0
denoised_native_fdr,8.0,duplicate_removal,178,-1,1153,1,417,1.0,0,0,108,1045,1,0.0
denoised_native_fdr,8.0,duplicate_removal,179,-1,7815,2,419,0.9966730646193218,0,0,946,6869,1,0.0048716196424403065
denoised_native_fdr,8.0,duplicate_removal,180,-1,236,4,430,0.9194915254237288,0,0,22,214,0,0.0
denoised_native_fdr,8.0,duplicate_removal,181,-1,1581,2,428,0.9943074003795066,0,0,182,1399,1,0.0
denoised_native_fdr,8.0,duplicate_removal,182,-1,3402,3,427,0.9888300999412111,0,0,392,3010,1,0.0420245915419928
denoised_native_fdr,8.0,duplicate_removal,183,-1,205,2,424,0.9902439024390244,0,0,20,185,1,0.0
denoised_native_fdr,8.0,duplicate_removal,184,-1,4895,6,418,0.6637385086823289,0,0,593,4302,0,0.2471169686903534
denoised_native_fdr,8.0,duplicate_removal,185,-1,1957,5,440,0.7112927950945325,0,0,246,1711,1,0.0
denoised_native_fdr,8.0,duplicate_removal,186,-1,485,6,431,0.9463917525773196,0,0,64,421,1,0.0
denoised_native_fdr,8.0,duplicate_removal,187,-1,11358,5,441,0.9657510125022011,0,0,1347,10011,1,0.0
denoised_native_fdr,8.0,duplicate_removal,188,-1,238,4,432,0.726890756302521,0,0,29,209,0,0.33333333332780857
denoised_native_fdr,8.0,duplicate_removal,189,-1,431,2,445,0.9930394431554525,0,0,50,381,1,0.0
denoised_native_fdr,8.0,duplicate_removal,190,-1,5951,3,453,0.994622752478575,0,0,702,5249,1,0.013663745891558868
denoised_native_fdr,8.0,duplicate_removal,191,-1,11290,2,455,0.999822852081488,0,0,1320,9970,1,0.0026064927261539982
denoised_native_fdr,8.0,duplicate_removal,192,-1,6431,3,453,0.944487638003421,0,0,726,5705,1,0.04735019214871684
denoised_native_fdr,8.0,duplicate_removal,193,-1,425,5,449,0.9670588235294117,0,0,53,372,1,0.0
denoised_native_fdr,8.0,duplicate_removal,194,-1,356,1,448,1.0,0,0,47,309,1,0.0
denoised_native_fdr,8.0,duplicate_removal,195,-1,920,2,447,0.9945652173913043,0,0,127,793,1,0.0
denoised_native_fdr,8.0,duplicate_removal,196,-1,6129,2,454,0.9998368412465328,0,0,731,5398,1,0.0
denoised_native_fdr,8.0,duplicate_removal,197,-1,8174,4,458,0.985686322485931,0,0,967,7207,1,0.013128469572035931
denoised_native_fdr,8.0,duplicate_removal,198,-1,8753,5,456,0.9698389123729008,0,0,1003,7750,1,0.0
denoised_native_fdr,8.0,duplicate_removal,199,-1,2712,5,465,0.9904129793510325,0,0,325,2387,1,0.023837902263900094
denoised_native_fdr,8.0,duplicate_removal,200,-1,644,2,462,0.9984472049689441,0,0,71,573,1,0.0
denoised_native_fdr,8.0,duplicate_removal,201,-1,1621,2,464,0.7951881554595929,0,0,197,1424,1,0.0
denoised_native_fdr,8.0,duplicate_removal,202,-1,2621,3,457,0.9973292636398321,0,0,322,2299,1,0.011118538323854446
denoised_native_fdr,8.0,duplicate_removal,203,-1,173,1,470,1.0,0,0,11,162,1,0.0
denoised_native_fdr,8.0,duplicate_removal,204,-1,778,6,460,0.7904884318766067,0,0,78,700,1,0.0
denoised_native_fdr,8.0,duplicate_removal,205,-1,481,2,459,0.6881496881496881,0,0,49,432,1,0.0
denoised_native_fdr,8.0,duplicate_removal,206,-1,4503,5,466,0.9835665112147457,0,0,496,4007,1,0.0
denoised_native_fdr,8.0,duplicate_removal,207,-1,263,3,469,0.9657794676806084,0,0,35,228,1,0.0
denoised_native_fdr,8.0,duplicate_removal,208,-1,1395,4,481,0.96415770609319,0,0,170,1225,1,0.0
denoised_native_fdr,8.0,duplicate_removal,209,-1,568,5,472,0.9876760563380281,0,0,68,500,1,0.0
denoised_native_fdr,8.0,duplicate_removal,210,-1,1445,5,474,0.9155709342560554,0,0,158,1287,1,0.0
denoised_native_fdr,8.0,duplicate_removal,211,-1,3753,5,461,0.9909405808686385,0,0,471,3282,1,0.0
denoised_native_fdr,8.0,duplicate_removal,212,-1,5253,3,482,0.9990481629545022,0,0,617,4636,1,0.0
denoised_native_fdr,8.0,duplicate_removal,213,-1,11474,7,483,0.9732438556736971,0,0,1393,10081,1,0.01758807253588468
denoised_native_fdr,8.0,duplicate_removal,214,-1,9175,3,484,0.9960762942779292,0,0,1060,8115,1,0.0
denoised_native_fdr,8.0,duplicate_removal,215,-1,9287,1,485,1.0,0,0,1097,8190,1,0.0
denoised_native_fdr,8.0,duplicate_removal,216,-1,342,2,493,0.9970760233918129,0,0,63,279,1,0.0
denoised_native_fdr,8.0,duplicate_removal,217,-1,660,4,487,0.9878787878787879,0,0,84,576,1,0.0
denoised_native_fdr,8.0,duplicate_removal,218,-1,374,3,491,0.9893048128342246,0,0,59,315,1,0.0
denoised_native_fdr,8.0,duplicate_removal,219,-1,823,3,495,0.9234507897934386,0,0,91,732,1,0.0
denoised_native_fdr,8.0,duplicate_removal,220,-1,222,3,486,0.5765765765765766,0,0,26,196,1,0.0
denoised_native_fdr,8.0,duplicate_removal,221,-1,315,2,504,0.9936507936507937,0,0,57,258,0,0.0
denoised_native_fdr,8.0,duplicate_removal,222,-1,2652,9,488,0.532051282051282,0,0,350,2302,1,0.0
denoised_native_fdr,8.0,duplicate_removal,223,-1,1199,4,486,0.6580483736447039,0,0,144,1055,1,0.0
denoised_native_fdr,8.0,duplicate_removal,224,-1,490,2,500,0.9061224489795918,0,0,60,430,1,0.0
denoised_native_fdr,8.0,duplicate_removal,225,-1,3134,6,494,0.9894703254626676,0,0,379,2755,1,0.0
denoised_native_fdr,8.0,duplicate_removal,226,-1,674,6,502,0.9614243323442137,0,0,75,599,0,0.5333333333223815
denoised_native_fdr,8.0,duplicate_removal,227,-1,2321,3,501,0.999138302455838,0,0,271,2050,1,0.0
denoised_native_fdr,8.0,duplicate_removal,228,-1,2008,3,515,0.9985059760956175,0,0,233,1775,1,0.0
denoised_native_fdr,8.0,duplicate_removal,229,-1,6305,9,508,0.860111022997621,0,0,1342,4963,1,0.12819854073516557
denoised_native_fdr,8.0,duplicate_removal,230,-1,644,2,506,0.968944099378882,0,0,90,554,1,0.0
denoised_native_fdr,8.0,duplicate_removal,231,-1,564,5,489,0.7056737588652482,0,0,101,463,0,0.997999999966721
denoised_native_fdr,8.0,duplicate_removal,232,-1,3185,4,498,0.8860282574568289,0,0,380,2805,1,0.0
denoised_native_fdr,8.0,duplicate_removal,233,-1,675,2,507,0.9985185185185185,0,0,81,594,1,0.0
denoised_native_fdr,8.0,duplicate_removal,234,-1,504,3,496,0.9861111111111112,0,0,62,442,1,0.0
denoised_native_fdr,8.0,duplicate_removal,235,-1,2238,3,510,0.9772117962466488,0,0,269,1969,1,0.13888888888404677
denoised_native_fdr,8.0,duplicate_removal,236,-1,683,3,509,0.7408491947291361,0,0,82,601,1,0.0
denoised_native_fdr,8.0,duplicate_removal,237,-1,418,1,513,1.0,0,0,56,362,1,0.0
denoised_native_fdr,8.0,duplicate_removal,238,-1,643,3,521,0.9875583203732504,0,0,72,571,1,0.0
denoised_native_fdr,8.0,duplicate_removal,239,-1,6366,2,516,0.9996858309770656,0,0,748,5618,1,0.0
denoised_native_fdr,8.0,duplicate_removal,240,-1,301,2,522,0.9966777408637874,0,0,35,266,1,0.0
denoised_native_fdr,8.0,duplicate_removal,241,-1,894,1,518,1.0,0,0,111,783,1,0.0
denoised_native_fdr,8.0,duplicate_removal,242,-1,11668,2,519,0.9992286595817621,0,0,1364,10304,1,0.0
denoised_native_fdr,8.0,duplicate_removal,243,-1,4511,3,520,0.9869208601197074,0,0,505,4006,1,0.0
denoised_native_fdr,8.0,duplicate_removal,244,-1,966,3,523,0.9699792960662525,0,0,111,855,0,0.606060606046232
denoised_native_fdr,8.0,duplicate_removal,245,-1,706,5,532,0.953257790368272,0,0,94,612,1,0.0
denoised_native_fdr,8.0,duplicate_removal,246,-1,236,2,527,0.9957627118644068,0,0,35,201,1,0.0
denoised_native_fdr,8.0,duplicate_removal,247,-1,332,1,533,1.0,0,0,40,292,1,0.0
denoised_native_fdr,8.0,duplicate_removal,248,-1,74,1,528,1.0,0,0,5,69,1,0.0
denoised_native_fdr,8.0,duplicate_removal,249,-1,185,1,531,1.0,0,0,33,152,0,0.38095238095024664
denoised_native_fdr,8.0,duplicate_removal,250,-1,105,3,526,0.5904761904761905,0,0,19,86,0,0.0
denoised_native_fdr,8.0,duplicate_removal,251,-1,258,1,530,1.0,0,0,26,232,1,0.0
denoised_native_fdr,8.0,duplicate_removal,252,-1,168,1,534,1.0,0,0,23,145,1,0.0
denoised_native_fdr,8.0,duplicate_removal,253,-1,9055,1,529,1.0,0,0,1132,7923,1,0.051377860809424525
denoised_native_fdr,8.0,duplicate_removal,254,-1,8793,2,535,0.9931763903104742,0,0,1089,7704,1,0.014395886889078226
denoised_native_fdr,8.0,duplicate_removal,255,-1,329,2,538,0.9787234042553191,0,0,47,282,1,0.0
denoised_native_fdr,8.0,duplicate_removal,256,-1,1226,6,539,0.9477977161500816,0,0,133,1093,1,0.09685230024093908
denoised_native_fdr,8.0,duplicate_removal,257,-1,206,4,545,0.9514563106796117,0,0,26,180,0,0.0
denoised_native_fdr,8.0,duplicate_removal,258,-1,120,3,543,0.9583333333333334,0,0,15,105,1,0.0
denoised_native_fdr,8.0,duplicate_removal,259,-1,236,3,543,0.9830508474576272,0,0,21,215,1,0.0
denoised_native_fdr,8.0,duplicate_removal,260,-1,10106,2,549,0.9996041955274094,0,0,1218,8888,1,0.0
denoised_native_fdr,8.0,duplicate_removal,261,-1,4493,5,554,0.9846427776541287,0,0,481,4012,1,0.020862308761922903
denoised_native_fdr,8.0,duplicate_removal,262,-1,212,1,550,1.0,0,0,23,189,1,0.0
denoised_native_fdr,8.0,duplicate_removal,263,-1,433,4,540,0.7159353348729792,0,0,37,396,0,0.8130081300750405
denoised_native_fdr,8.0,duplicate_removal,264,-1,173,1,547,1.0,0,0,20,153,0,0.0
denoised_native_fdr,8.0,duplicate_removal,265,-1,10487,3,542,0.9997139315342806,0,0,1272,9215,1,0.0029349181890764406
denoised_native_fdr,8.0,duplicate_removal,266,-1,126,1,559,1.0,0,0,19,107,1,0.0
denoised_native_fdr,8.0,duplicate_removal,267,-1,261,3,548,0.9042145593869731,0,0,35,226,1,0.0
denoised_native_fdr,8.0,duplicate_removal,268,-1,17,2,552,0.8235294117647058,0,0,1,16,0,0.0
denoised_native_fdr,8.0,duplicate_removal,269,-1,455,3,561,0.9868131868131869,0,0,66,389,1,0.0
denoised_native_fdr,8.0,duplicate_removal,270,-1,916,7,556,0.8427947598253275,0,0,106,810,1,0.0641025641019861
denoised_native_fdr,8.0,duplicate_removal,271,-1,579,4,560,0.918825561312608,0,0,72,507,1,0.0
denoised_native_fdr,8.0,duplicate_removal,272,-1,125,2,562,0.992,0,0,9,116,0,0.0
denoised_native_fdr,8.0,duplicate_removal,273,-1,4361,3,548,0.9922036230222426,0,0,479,3882,1,0.014025245441481496
denoised_native_fdr,8.0,duplicate_removal,274,-1,462,1,568,1.0,0,0,51,411,1,0.0
denoised_native_fdr,8.0,duplicate_removal,275,-1,245,1,568,1.0,0,0,27,218,1,0.0
denoised_native_fdr,8.0,duplicate_removal,276,-1,3663,1,567,1.0,0,0,487,3176,1,0.0
denoised_native_fdr,8.0,duplicate_removal,277,-1,5575,5,570,0.8218834080717489,0,0,661,4914,1,0.011435105774220302
denoised_native_fdr,8.0,duplicate_removal,278,-1,1028,1,566,1.0,0,0,130,898,1,0.0
denoised_native_fdr,8.0,duplicate_removal,279,-1,4819,4,569,0.9896244034031957,0,0,567,4252,1,0.0
denoised_native_fdr,8.0,duplicate_removal,280,-1,259,3,573,0.6486486486486487,0,0,32,227,1,0.0
denoised_native_fdr,8.0,duplicate_removal,281,-1,152,4,578,0.6776315789473685,0,0,19,133,1,0.0
denoised_native_fdr,8.0,duplicate_removal,282,-1,17,2,583,0.7058823529411765,0,0,1,16,0,0.0
denoised_native_fdr,8.0,duplicate_removal,283,-1,84,5,585,0.35714285714285715,0,0,4,80,1,0.17777777777755124
denoised_native_fdr,8.0,duplicate_removal,284,-1,19,5,595,0.47368421052631576,0,0,2,17,0,0.0
denoised_native_fdr,8.0,duplicate_removal,285,-1,1,1,597,1.0,0,0,0,1,0,0.0
denoised_native_fdr,8.0,duplicate_removal,286,-1,978,2,602,0.9918200408997955,0,0,126,852,1,0.0
denoised_native_fdr,8.0,duplicate_removal,287,-1,934,2,601,0.9989293361884368,0,0,99,835,1,0.0
denoised_native_fdr,8.0,duplicate_removal,288,-1,8,2,606,0.875,0,0,1,7,0,0.0
denoised_native_fdr,8.0,duplicate_removal,289,-1,4,1,607,1.0,0,0,1,3,0,0.0
denoised_native_fdr,8.0,duplicate_removal,290,-1,845,3,612,0.4461538461538462,0,0,127,718,0,0.9767441860192708
denoised_native_fdr,8.0,duplicate_removal,291,-1,3,2,620,0.6666666666666666,0,0,0,3,0,0.0
denoised_native_fdr,8.0,duplicate_removal,292,-1,8,2,623,0.75,0,0,2,6,0,0.0
denoised_native_fdr,8.0,duplicate_removal,293,-1,13,2,625,0.6153846153846154,0,0,2,11,0,0.0
denoised_native_fdr,8.0,duplicate_removal,294,-1,7,1,626,1.0,0,0,3,4,0,0.0
denoised_native_fdr,8.0,duplicate_removal,295,-1,2,1,628,1.0,0,0,1,1,0,0.0
denoised_native_fdr,8.0,duplicate_removal,296,-1,2,2,632,0.5,0,0,0,2,0,0.0
