domain,Th_learned,from_stage,to_stage,from_cluster,to_cluster,from_status,to_status,events
raw_native_fdr,8.0,detection_template,final_clustering,0,1,unmatched_cluster,unmatched_cluster,123
raw_native_fdr,8.0,detection_template,final_clustering,0,3,unmatched_cluster,unmatched_cluster,58
raw_native_fdr,8.0,detection_template,final_clustering,1,1,unmatched_cluster,unmatched_cluster,3
raw_native_fdr,8.0,detection_template,final_clustering,2,6,unmatched_cluster,unmatched_cluster,20
raw_native_fdr,8.0,detection_template,final_clustering,2,10,unmatched_cluster,unmatched_cluster,210
raw_native_fdr,8.0,detection_template,final_clustering,3,10,unmatched_cluster,unmatched_cluster,2929
raw_native_fdr,8.0,detection_template,final_clustering,4,0,unmatched_cluster,unmatched_cluster,1
raw_native_fdr,8.0,detection_template,final_clustering,4,1,unmatched_cluster,unmatched_cluster,2236
raw_native_fdr,8.0,detection_template,final_clustering,4,3,unmatched_cluster,unmatched_cluster,12
raw_native_fdr,8.0,detection_template,final_clustering,5,1,unmatched_cluster,unmatched_cluster,1
raw_native_fdr,8.0,detection_template,final_clustering,5,3,unmatched_cluster,unmatched_cluster,4495
raw_native_fdr,8.0,detection_template,final_clustering,6,0,unmatched_cluster,unmatched_cluster,385
raw_native_fdr,8.0,detection_template,final_clustering,6,1,unmatched_cluster,unmatched_cluster,165
raw_native_fdr,8.0,detection_template,final_clustering,6,2,unmatched_cluster,unmatched_cluster,1
raw_native_fdr,8.0,detection_template,final_clustering,6,3,unmatched_cluster,unmatched_cluster,92
raw_native_fdr,8.0,detection_template,final_clustering,7,2,unmatched_cluster,unmatched_cluster,2
raw_native_fdr,8.0,detection_template,final_clustering,7,3,unmatched_cluster,unmatched_cluster,1
raw_native_fdr,8.0,detection_template,final_clustering,8,4,unmatched_cluster,unmatched_cluster,1384
raw_native_fdr,8.0,detection_template,final_clustering,9,1,unmatched_cluster,unmatched_cluster,2
raw_native_fdr,8.0,detection_template,final_clustering,10,2,unmatched_cluster,unmatched_cluster,1952
raw_native_fdr,8.0,detection_template,final_clustering,10,3,unmatched_cluster,unmatched_cluster,18
raw_native_fdr,8.0,detection_template,final_clustering,11,8,unmatched_cluster,unmatched_cluster,1
raw_native_fdr,8.0,detection_template,final_clustering,12,7,unmatched_cluster,unmatched_cluster,3
raw_native_fdr,8.0,detection_template,final_clustering,12,9,unmatched_cluster,unmatched_cluster,274
raw_native_fdr,8.0,detection_template,final_clustering,13,5,unmatched_cluster,unmatched_cluster,2
raw_native_fdr,8.0,detection_template,final_clustering,13,6,unmatched_cluster,unmatched_cluster,45
raw_native_fdr,8.0,detection_template,final_clustering,13,7,unmatched_cluster,unmatched_cluster,1
raw_native_fdr,8.0,detection_template,final_clustering,13,9,unmatched_cluster,unmatched_cluster,2
raw_native_fdr,8.0,detection_template,final_clustering,13,10,unmatched_cluster,unmatched_cluster,16
raw_native_fdr,8.0,detection_template,final_clustering,14,6,unmatched_cluster,unmatched_cluster,662
raw_native_fdr,8.0,detection_template,final_clustering,14,7,unmatched_cluster,unmatched_cluster,1
raw_native_fdr,8.0,detection_template,final_clustering,14,10,unmatched_cluster,unmatched_cluster,21
raw_native_fdr,8.0,detection_template,final_clustering,15,7,unmatched_cluster,unmatched_cluster,5183
raw_native_fdr,8.0,detection_template,final_clustering,16,8,unmatched_cluster,unmatched_cluster,4508
raw_native_fdr,8.0,detection_template,final_clustering,17,5,unmatched_cluster,unmatched_cluster,4
raw_native_fdr,8.0,detection_template,final_clustering,17,8,unmatched_cluster,unmatched_cluster,124
raw_native_fdr,8.0,detection_template,final_clustering,17,9,unmatched_cluster,unmatched_cluster,23
raw_native_fdr,8.0,detection_template,final_clustering,18,5,unmatched_cluster,unmatched_cluster,6614
raw_native_fdr,8.0,detection_template,final_clustering,19,12,unmatched_cluster,unmatched_cluster,72
raw_native_fdr,8.0,detection_template,final_clustering,21,12,unmatched_cluster,unmatched_cluster,3
raw_native_fdr,8.0,detection_template,final_clustering,21,13,unmatched_cluster,unmatched_cluster,3831
raw_native_fdr,8.0,detection_template,final_clustering,22,11,unmatched_cluster,unmatched_cluster,250
raw_native_fdr,8.0,detection_template,final_clustering,22,12,unmatched_cluster,unmatched_cluster,2
raw_native_fdr,8.0,detection_template,final_clustering,22,14,unmatched_cluster,unmatched_cluster,8
raw_native_fdr,8.0,detection_template,final_clustering,23,11,unmatched_cluster,unmatched_cluster,6
raw_native_fdr,8.0,detection_template,final_clustering,23,14,unmatched_cluster,unmatched_cluster,10488
raw_native_fdr,8.0,detection_template,final_clustering,24,12,unmatched_cluster,unmatched_cluster,181
raw_native_fdr,8.0,detection_template,final_clustering,24,13,unmatched_cluster,unmatched_cluster,13
raw_native_fdr,8.0,detection_template,final_clustering,26,21,unmatched_cluster,unmatched_cluster,4
raw_native_fdr,8.0,detection_template,final_clustering,26,23,unmatched_cluster,unmatched_cluster,6595
raw_native_fdr,8.0,detection_template,final_clustering,27,16,unmatched_cluster,unmatched_cluster,2
raw_native_fdr,8.0,detection_template,final_clustering,27,19,unmatched_cluster,unmatched_cluster,182
raw_native_fdr,8.0,detection_template,final_clustering,28,16,unmatched_cluster,unmatched_cluster,136
raw_native_fdr,8.0,detection_template,final_clustering,29,16,unmatched_cluster,unmatched_cluster,3276
raw_native_fdr,8.0,detection_template,final_clustering,30,17,unmatched_cluster,unmatched_cluster,1199
raw_native_fdr,8.0,detection_template,final_clustering,30,18,unmatched_cluster,unmatched_cluster,41
raw_native_fdr,8.0,detection_template,final_clustering,30,19,unmatched_cluster,unmatched_cluster,1
raw_native_fdr,8.0,detection_template,final_clustering,31,17,unmatched_cluster,unmatched_cluster,8
raw_native_fdr,8.0,detection_template,final_clustering,31,18,unmatched_cluster,unmatched_cluster,3113
raw_native_fdr,8.0,detection_template,final_clustering,32,15,unmatched_cluster,unmatched_cluster,479
raw_native_fdr,8.0,detection_template,final_clustering,32,17,unmatched_cluster,unmatched_cluster,41
raw_native_fdr,8.0,detection_template,final_clustering,32,18,unmatched_cluster,unmatched_cluster,106
raw_native_fdr,8.0,detection_template,final_clustering,32,19,unmatched_cluster,unmatched_cluster,9
raw_native_fdr,8.0,detection_template,final_clustering,33,17,unmatched_cluster,unmatched_cluster,1
raw_native_fdr,8.0,detection_template,final_clustering,33,18,unmatched_cluster,unmatched_cluster,12
raw_native_fdr,8.0,detection_template,final_clustering,33,19,unmatched_cluster,unmatched_cluster,524
raw_native_fdr,8.0,detection_template,final_clustering,34,24,unmatched_cluster,unmatched_cluster,6
raw_native_fdr,8.0,detection_template,final_clustering,35,20,unmatched_cluster,unmatched_cluster,357
raw_native_fdr,8.0,detection_template,final_clustering,35,21,unmatched_cluster,unmatched_cluster,6
raw_native_fdr,8.0,detection_template,final_clustering,35,22,unmatched_cluster,unmatched_cluster,49
raw_native_fdr,8.0,detection_template,final_clustering,35,23,unmatched_cluster,unmatched_cluster,2
raw_native_fdr,8.0,detection_template,final_clustering,35,24,unmatched_cluster,unmatched_cluster,1
raw_native_fdr,8.0,detection_template,final_clustering,36,21,unmatched_cluster,unmatched_cluster,4783
raw_native_fdr,8.0,detection_template,final_clustering,36,23,unmatched_cluster,unmatched_cluster,1
raw_native_fdr,8.0,detection_template,final_clustering,36,25,unmatched_cluster,unmatched_cluster,1
raw_native_fdr,8.0,detection_template,final_clustering,37,21,unmatched_cluster,unmatched_cluster,23
raw_native_fdr,8.0,detection_template,final_clustering,37,23,unmatched_cluster,unmatched_cluster,1
raw_native_fdr,8.0,detection_template,final_clustering,37,25,unmatched_cluster,unmatched_cluster,2796
raw_native_fdr,8.0,detection_template,final_clustering,38,27,unmatched_cluster,unmatched_cluster,122
raw_native_fdr,8.0,detection_template,final_clustering,38,28,unmatched_cluster,unmatched_cluster,57
raw_native_fdr,8.0,detection_template,final_clustering,39,22,unmatched_cluster,unmatched_cluster,14
raw_native_fdr,8.0,detection_template,final_clustering,39,24,unmatched_cluster,unmatched_cluster,3911
raw_native_fdr,8.0,detection_template,final_clustering,40,22,unmatched_cluster,unmatched_cluster,18930
raw_native_fdr,8.0,detection_template,final_clustering,40,24,unmatched_cluster,unmatched_cluster,2
raw_native_fdr,8.0,detection_template,final_clustering,41,27,unmatched_cluster,unmatched_cluster,1
raw_native_fdr,8.0,detection_template,final_clustering,42,27,unmatched_cluster,unmatched_cluster,11116
raw_native_fdr,8.0,detection_template,final_clustering,42,28,unmatched_cluster,unmatched_cluster,1
raw_native_fdr,8.0,detection_template,final_clustering,43,26,unmatched_cluster,unmatched_cluster,12
raw_native_fdr,8.0,detection_template,final_clustering,43,28,unmatched_cluster,unmatched_cluster,6
raw_native_fdr,8.0,detection_template,final_clustering,43,29,unmatched_cluster,unmatched_cluster,140
raw_native_fdr,8.0,detection_template,final_clustering,44,27,unmatched_cluster,unmatched_cluster,72
raw_native_fdr,8.0,detection_template,final_clustering,44,28,unmatched_cluster,unmatched_cluster,358
raw_native_fdr,8.0,detection_template,final_clustering,44,29,unmatched_cluster,unmatched_cluster,1
raw_native_fdr,8.0,detection_template,final_clustering,45,26,unmatched_cluster,unmatched_cluster,2651
raw_native_fdr,8.0,detection_template,final_clustering,46,30,unmatched_cluster,unmatched_cluster,3
raw_native_fdr,8.0,detection_template,final_clustering,47,30,unmatched_cluster,unmatched_cluster,2
raw_native_fdr,8.0,detection_template,final_clustering,47,31,unmatched_cluster,unmatched_cluster,607
raw_native_fdr,8.0,detection_template,final_clustering,48,30,unmatched_cluster,unmatched_cluster,2523
raw_native_fdr,8.0,detection_template,final_clustering,49,34,unmatched_cluster,unmatched_cluster,3
raw_native_fdr,8.0,detection_template,final_clustering,50,32,unmatched_cluster,unmatched_cluster,170
raw_native_fdr,8.0,detection_template,final_clustering,50,33,unmatched_cluster,unmatched_cluster,10
raw_native_fdr,8.0,detection_template,final_clustering,50,34,unmatched_cluster,unmatched_cluster,1
raw_native_fdr,8.0,detection_template,final_clustering,51,33,unmatched_cluster,unmatched_cluster,4
raw_native_fdr,8.0,detection_template,final_clustering,51,34,unmatched_cluster,unmatched_cluster,1269
raw_native_fdr,8.0,detection_template,final_clustering,52,35,unmatched_cluster,unmatched_cluster,9
raw_native_fdr,8.0,detection_template,final_clustering,52,37,unmatched_cluster,unmatched_cluster,364
raw_native_fdr,8.0,detection_template,final_clustering,53,33,unmatched_cluster,unmatched_cluster,1518
raw_native_fdr,8.0,detection_template,final_clustering,53,34,unmatched_cluster,unmatched_cluster,4
raw_native_fdr,8.0,detection_template,final_clustering,55,36,unmatched_cluster,unmatched_cluster,1461
raw_native_fdr,8.0,detection_template,final_clustering,56,35,unmatched_cluster,unmatched_cluster,2171
raw_native_fdr,8.0,detection_template,final_clustering,57,35,unmatched_cluster,unmatched_cluster,12
raw_native_fdr,8.0,detection_template,final_clustering,57,36,unmatched_cluster,unmatched_cluster,7
raw_native_fdr,8.0,detection_template,final_clustering,57,38,unmatched_cluster,unmatched_cluster,227
raw_native_fdr,8.0,detection_template,final_clustering,58,35,unmatched_cluster,unmatched_cluster,11
raw_native_fdr,8.0,detection_template,final_clustering,58,37,unmatched_cluster,unmatched_cluster,29
raw_native_fdr,8.0,detection_template,final_clustering,59,40,unmatched_cluster,unmatched_cluster,1
raw_native_fdr,8.0,detection_template,final_clustering,60,39,unmatched_cluster,unmatched_cluster,5
raw_native_fdr,8.0,detection_template,final_clustering,60,40,unmatched_cluster,unmatched_cluster,1297
raw_native_fdr,8.0,detection_template,final_clustering,60,41,unmatched_cluster,unmatched_cluster,13
raw_native_fdr,8.0,detection_template,final_clustering,61,44,unmatched_cluster,unmatched_cluster,210
raw_native_fdr,8.0,detection_template,final_clustering,62,40,unmatched_cluster,unmatched_cluster,10
raw_native_fdr,8.0,detection_template,final_clustering,63,39,unmatched_cluster,unmatched_cluster,7283
raw_native_fdr,8.0,detection_template,final_clustering,64,44,unmatched_cluster,unmatched_cluster,18
raw_native_fdr,8.0,detection_template,final_clustering,64,46,unmatched_cluster,unmatched_cluster,437
raw_native_fdr,8.0,detection_template,final_clustering,65,44,unmatched_cluster,unmatched_cluster,10986
raw_native_fdr,8.0,detection_template,final_clustering,66,39,unmatched_cluster,unmatched_cluster,5
raw_native_fdr,8.0,detection_template,final_clustering,66,41,unmatched_cluster,unmatched_cluster,4188
raw_native_fdr,8.0,detection_template,final_clustering,67,47,unmatched_cluster,unmatched_cluster,1
raw_native_fdr,8.0,detection_template,final_clustering,68,42,unmatched_cluster,unmatched_cluster,844
raw_native_fdr,8.0,detection_template,final_clustering,68,44,unmatched_cluster,unmatched_cluster,1
raw_native_fdr,8.0,detection_template,final_clustering,69,43,unmatched_cluster,unmatched_cluster,6375
raw_native_fdr,8.0,detection_template,final_clustering,70,47,unmatched_cluster,unmatched_cluster,4926
raw_native_fdr,8.0,detection_template,final_clustering,71,44,unmatched_cluster,unmatched_cluster,5
raw_native_fdr,8.0,detection_template,final_clustering,71,45,unmatched_cluster,unmatched_cluster,265
raw_native_fdr,8.0,detection_template,final_clustering,71,46,unmatched_cluster,unmatched_cluster,1
raw_native_fdr,8.0,detection_template,final_clustering,71,47,unmatched_cluster,unmatched_cluster,1
raw_native_fdr,8.0,detection_template,final_clustering,72,49,unmatched_cluster,unmatched_cluster,2
raw_native_fdr,8.0,detection_template,final_clustering,73,49,unmatched_cluster,unmatched_cluster,8902
raw_native_fdr,8.0,detection_template,final_clustering,74,48,unmatched_cluster,unmatched_cluster,4080
raw_native_fdr,8.0,detection_template,final_clustering,74,50,unmatched_cluster,unmatched_cluster,562
raw_native_fdr,8.0,detection_template,final_clustering,75,51,unmatched_cluster,unmatched_cluster,9
raw_native_fdr,8.0,detection_template,final_clustering,75,52,unmatched_cluster,unmatched_cluster,79
raw_native_fdr,8.0,detection_template,final_clustering,76,48,unmatched_cluster,unmatched_cluster,10
raw_native_fdr,8.0,detection_template,final_clustering,76,49,unmatched_cluster,unmatched_cluster,1
raw_native_fdr,8.0,detection_template,final_clustering,76,50,unmatched_cluster,unmatched_cluster,605
raw_native_fdr,8.0,detection_template,final_clustering,77,53,unmatched_cluster,unmatched_cluster,1
raw_native_fdr,8.0,detection_template,final_clustering,78,51,unmatched_cluster,unmatched_cluster,7
raw_native_fdr,8.0,detection_template,final_clustering,78,52,unmatched_cluster,unmatched_cluster,37
raw_native_fdr,8.0,detection_template,final_clustering,79,51,unmatched_cluster,unmatched_cluster,1
raw_native_fdr,8.0,detection_template,final_clustering,79,53,unmatched_cluster,unmatched_cluster,4
raw_native_fdr,8.0,detection_template,final_clustering,79,54,unmatched_cluster,unmatched_cluster,989
raw_native_fdr,8.0,detection_template,final_clustering,80,51,unmatched_cluster,unmatched_cluster,1637
raw_native_fdr,8.0,detection_template,final_clustering,81,51,unmatched_cluster,unmatched_cluster,42
raw_native_fdr,8.0,detection_template,final_clustering,81,53,unmatched_cluster,unmatched_cluster,132
raw_native_fdr,8.0,detection_template,final_clustering,81,54,unmatched_cluster,unmatched_cluster,52
raw_native_fdr,8.0,detection_template,final_clustering,83,55,unmatched_cluster,unmatched_cluster,996
raw_native_fdr,8.0,detection_template,final_clustering,84,57,unmatched_cluster,unmatched_cluster,5
raw_native_fdr,8.0,detection_template,final_clustering,85,61,unmatched_cluster,unmatched_cluster,101
raw_native_fdr,8.0,detection_template,final_clustering,86,56,unmatched_cluster,unmatched_cluster,752
raw_native_fdr,8.0,detection_template,final_clustering,86,57,unmatched_cluster,unmatched_cluster,356
raw_native_fdr,8.0,detection_template,final_clustering,87,61,unmatched_cluster,unmatched_cluster,1
raw_native_fdr,8.0,detection_template,final_clustering,87,63,unmatched_cluster,unmatched_cluster,4
raw_native_fdr,8.0,detection_template,final_clustering,88,60,unmatched_cluster,unmatched_cluster,569
raw_native_fdr,8.0,detection_template,final_clustering,88,62,unmatched_cluster,unmatched_cluster,42
raw_native_fdr,8.0,detection_template,final_clustering,88,64,unmatched_cluster,unmatched_cluster,2
raw_native_fdr,8.0,detection_template,final_clustering,89,58,unmatched_cluster,unmatched_cluster,277
raw_native_fdr,8.0,detection_template,final_clustering,89,62,unmatched_cluster,unmatched_cluster,403
raw_native_fdr,8.0,detection_template,final_clustering,89,64,unmatched_cluster,unmatched_cluster,218
raw_native_fdr,8.0,detection_template,final_clustering,90,63,unmatched_cluster,unmatched_cluster,255
raw_native_fdr,8.0,detection_template,final_clustering,91,58,unmatched_cluster,unmatched_cluster,1
raw_native_fdr,8.0,detection_template,final_clustering,91,60,unmatched_cluster,unmatched_cluster,4
raw_native_fdr,8.0,detection_template,final_clustering,91,62,unmatched_cluster,unmatched_cluster,4371
raw_native_fdr,8.0,detection_template,final_clustering,91,64,unmatched_cluster,unmatched_cluster,8
raw_native_fdr,8.0,detection_template,final_clustering,92,58,unmatched_cluster,unmatched_cluster,2458
raw_native_fdr,8.0,detection_template,final_clustering,92,62,unmatched_cluster,unmatched_cluster,4
raw_native_fdr,8.0,detection_template,final_clustering,92,64,unmatched_cluster,unmatched_cluster,20
raw_native_fdr,8.0,detection_template,final_clustering,93,58,unmatched_cluster,unmatched_cluster,49
raw_native_fdr,8.0,detection_template,final_clustering,93,59,unmatched_cluster,unmatched_cluster,81
raw_native_fdr,8.0,detection_template,final_clustering,93,60,unmatched_cluster,unmatched_cluster,75
raw_native_fdr,8.0,detection_template,final_clustering,93,62,unmatched_cluster,unmatched_cluster,60
raw_native_fdr,8.0,detection_template,final_clustering,94,65,unmatched_cluster,unmatched_cluster,6
raw_native_fdr,8.0,detection_template,final_clustering,97,65,unmatched_cluster,unmatched_cluster,104
raw_native_fdr,8.0,detection_template,final_clustering,99,66,unmatched_cluster,unmatched_cluster,1
raw_native_fdr,8.0,detection_template,final_clustering,100,66,unmatched_cluster,unmatched_cluster,2
raw_native_fdr,8.0,detection_template,final_clustering,102,67,unmatched_cluster,unmatched_cluster,45
raw_native_fdr,8.0,detection_template,final_clustering,106,68,unmatched_cluster,unmatched_cluster,87
raw_native_fdr,8.0,detection_template,final_clustering,107,69,unmatched_cluster,unmatched_cluster,4
raw_native_fdr,8.0,detection_template,final_clustering,108,68,unmatched_cluster,unmatched_cluster,12
raw_native_fdr,8.0,detection_template,final_clustering,109,69,unmatched_cluster,unmatched_cluster,1
raw_native_fdr,8.0,detection_template,final_clustering,110,69,unmatched_cluster,unmatched_cluster,1
raw_native_fdr,8.0,detection_template,final_clustering,111,70,unmatched_cluster,fp_matched_cluster,2
raw_native_fdr,8.0,detection_template,final_clustering,112,70,fp_matched_cluster,fp_matched_cluster,3
raw_native_fdr,8.0,detection_template,final_clustering,112,70,tp,tp,13161
raw_native_fdr,8.0,detection_template,final_clustering,113,69,unmatched_cluster,unmatched_cluster,175
raw_native_fdr,8.0,detection_template,final_clustering,114,70,unmatched_cluster,fp_matched_cluster,2
raw_native_fdr,8.0,detection_template,final_clustering,115,71,unmatched_cluster,unmatched_cluster,94
raw_native_fdr,8.0,detection_template,final_clustering,116,71,unmatched_cluster,unmatched_cluster,58
raw_native_fdr,8.0,detection_template,final_clustering,117,71,unmatched_cluster,unmatched_cluster,8
raw_native_fdr,8.0,detection_template,final_clustering,119,72,unmatched_cluster,unmatched_cluster,10
raw_native_fdr,8.0,detection_template,final_clustering,120,72,unmatched_cluster,unmatched_cluster,8
raw_native_fdr,8.0,detection_template,final_clustering,122,73,unmatched_cluster,fp_matched_cluster,6
raw_native_fdr,8.0,detection_template,final_clustering,122,74,unmatched_cluster,unmatched_cluster,28
raw_native_fdr,8.0,detection_template,final_clustering,123,73,unmatched_cluster,fp_matched_cluster,3
raw_native_fdr,8.0,detection_template,final_clustering,123,74,unmatched_cluster,unmatched_cluster,3
raw_native_fdr,8.0,detection_template,final_clustering,124,73,tp,tp,17759
raw_native_fdr,8.0,detection_template,final_clustering,125,73,unmatched_cluster,fp_matched_cluster,5
raw_native_fdr,8.0,detection_template,final_clustering,125,74,unmatched_cluster,unmatched_cluster,2
raw_native_fdr,8.0,detection_template,final_clustering,126,75,unmatched_cluster,unmatched_cluster,1
raw_native_fdr,8.0,detection_template,final_clustering,127,75,unmatched_cluster,unmatched_cluster,173
raw_native_fdr,8.0,detection_template,final_clustering,128,75,unmatched_cluster,unmatched_cluster,12058
raw_native_fdr,8.0,detection_template,final_clustering,129,76,unmatched_cluster,unmatched_cluster,98
raw_native_fdr,8.0,detection_template,final_clustering,130,77,unmatched_cluster,unmatched_cluster,130
raw_native_fdr,8.0,detection_template,final_clustering,130,78,unmatched_cluster,unmatched_cluster,11
raw_native_fdr,8.0,detection_template,final_clustering,131,76,unmatched_cluster,unmatched_cluster,920
raw_native_fdr,8.0,detection_template,final_clustering,132,76,unmatched_cluster,unmatched_cluster,2
raw_native_fdr,8.0,detection_template,final_clustering,133,77,unmatched_cluster,unmatched_cluster,19
raw_native_fdr,8.0,detection_template,final_clustering,134,77,unmatched_cluster,unmatched_cluster,137
raw_native_fdr,8.0,detection_template,final_clustering,135,76,unmatched_cluster,unmatched_cluster,34
raw_native_fdr,8.0,detection_template,final_clustering,136,79,unmatched_cluster,unmatched_cluster,237
raw_native_fdr,8.0,detection_template,final_clustering,136,80,unmatched_cluster,unmatched_cluster,5
raw_native_fdr,8.0,detection_template,final_clustering,137,77,unmatched_cluster,unmatched_cluster,1
raw_native_fdr,8.0,detection_template,final_clustering,137,78,unmatched_cluster,unmatched_cluster,1017
raw_native_fdr,8.0,detection_template,final_clustering,138,76,unmatched_cluster,unmatched_cluster,24
raw_native_fdr,8.0,detection_template,final_clustering,139,81,unmatched_cluster,unmatched_cluster,112
raw_native_fdr,8.0,detection_template,final_clustering,140,81,unmatched_cluster,unmatched_cluster,49
raw_native_fdr,8.0,detection_template,final_clustering,141,82,unmatched_cluster,unmatched_cluster,528
raw_native_fdr,8.0,detection_template,final_clustering,142,80,unmatched_cluster,unmatched_cluster,427
raw_native_fdr,8.0,detection_template,final_clustering,142,82,unmatched_cluster,unmatched_cluster,1
raw_native_fdr,8.0,detection_template,final_clustering,143,88,unmatched_cluster,unmatched_cluster,142
raw_native_fdr,8.0,detection_template,final_clustering,144,86,unmatched_cluster,unmatched_cluster,623
raw_native_fdr,8.0,detection_template,final_clustering,145,83,unmatched_cluster,unmatched_cluster,1754
raw_native_fdr,8.0,detection_template,final_clustering,145,87,unmatched_cluster,unmatched_cluster,10
raw_native_fdr,8.0,detection_template,final_clustering,146,84,unmatched_cluster,unmatched_cluster,13
raw_native_fdr,8.0,detection_template,final_clustering,146,86,unmatched_cluster,unmatched_cluster,2
raw_native_fdr,8.0,detection_template,final_clustering,146,88,unmatched_cluster,unmatched_cluster,1
raw_native_fdr,8.0,detection_template,final_clustering,147,85,unmatched_cluster,unmatched_cluster,466
raw_native_fdr,8.0,detection_template,final_clustering,148,84,unmatched_cluster,unmatched_cluster,396
raw_native_fdr,8.0,detection_template,final_clustering,149,85,unmatched_cluster,unmatched_cluster,1
raw_native_fdr,8.0,detection_template,final_clustering,149,86,unmatched_cluster,unmatched_cluster,2
raw_native_fdr,8.0,detection_template,final_clustering,149,87,unmatched_cluster,unmatched_cluster,412
raw_native_fdr,8.0,detection_template,final_clustering,150,89,unmatched_cluster,unmatched_cluster,190
raw_native_fdr,8.0,detection_template,final_clustering,151,89,unmatched_cluster,unmatched_cluster,29
raw_native_fdr,8.0,detection_template,final_clustering,153,89,unmatched_cluster,unmatched_cluster,32
raw_native_fdr,8.0,detection_template,final_clustering,154,90,unmatched_cluster,unmatched_cluster,39
raw_native_fdr,8.0,detection_template,final_clustering,156,90,unmatched_cluster,unmatched_cluster,13
raw_native_fdr,8.0,detection_template,final_clustering,157,91,unmatched_cluster,unmatched_cluster,56
raw_native_fdr,8.0,detection_template,final_clustering,158,91,unmatched_cluster,unmatched_cluster,51
raw_native_fdr,8.0,detection_template,final_clustering,159,91,unmatched_cluster,unmatched_cluster,34
raw_native_fdr,8.0,detection_template,final_clustering,160,91,unmatched_cluster,unmatched_cluster,5
raw_native_fdr,8.0,detection_template,final_clustering,161,92,unmatched_cluster,unmatched_cluster,1
raw_native_fdr,8.0,detection_template,final_clustering,162,92,unmatched_cluster,unmatched_cluster,1
raw_native_fdr,8.0,detection_template,final_clustering,163,93,unmatched_cluster,unmatched_cluster,1
raw_native_fdr,8.0,detection_template,final_clustering,164,93,unmatched_cluster,unmatched_cluster,4
raw_native_fdr,8.0,detection_template,final_clustering,165,93,unmatched_cluster,unmatched_cluster,108
raw_native_fdr,8.0,detection_template,final_clustering,166,94,unmatched_cluster,unmatched_cluster,281
raw_native_fdr,8.0,detection_template,final_clustering,167,94,unmatched_cluster,unmatched_cluster,1
raw_native_fdr,8.0,detection_template,final_clustering,168,94,unmatched_cluster,unmatched_cluster,10
raw_native_fdr,8.0,detection_template,final_clustering,170,94,unmatched_cluster,unmatched_cluster,55
raw_native_fdr,8.0,detection_template,final_clustering,171,95,unmatched_cluster,unmatched_cluster,502
raw_native_fdr,8.0,detection_template,final_clustering,172,95,unmatched_cluster,unmatched_cluster,93
raw_native_fdr,8.0,detection_template,final_clustering,173,95,unmatched_cluster,unmatched_cluster,27
raw_native_fdr,8.0,detection_template,final_clustering,174,97,unmatched_cluster,unmatched_cluster,8168
raw_native_fdr,8.0,detection_template,final_clustering,175,99,unmatched_cluster,unmatched_cluster,1
raw_native_fdr,8.0,detection_template,final_clustering,175,100,unmatched_cluster,unmatched_cluster,237
raw_native_fdr,8.0,detection_template,final_clustering,176,96,unmatched_cluster,unmatched_cluster,122
raw_native_fdr,8.0,detection_template,final_clustering,177,98,unmatched_cluster,unmatched_cluster,46
raw_native_fdr,8.0,detection_template,final_clustering,178,105,unmatched_cluster,unmatched_cluster,114
raw_native_fdr,8.0,detection_template,final_clustering,178,108,unmatched_cluster,unmatched_cluster,31
raw_native_fdr,8.0,detection_template,final_clustering,179,98,unmatched_cluster,unmatched_cluster,47
raw_native_fdr,8.0,detection_template,final_clustering,179,99,unmatched_cluster,unmatched_cluster,8
raw_native_fdr,8.0,detection_template,final_clustering,179,100,unmatched_cluster,unmatched_cluster,3
raw_native_fdr,8.0,detection_template,final_clustering,180,98,unmatched_cluster,unmatched_cluster,1
raw_native_fdr,8.0,detection_template,final_clustering,180,102,unmatched_cluster,unmatched_cluster,189
raw_native_fdr,8.0,detection_template,final_clustering,181,98,unmatched_cluster,unmatched_cluster,2
raw_native_fdr,8.0,detection_template,final_clustering,181,99,unmatched_cluster,unmatched_cluster,3
raw_native_fdr,8.0,detection_template,final_clustering,182,108,unmatched_cluster,unmatched_cluster,30837
raw_native_fdr,8.0,detection_template,final_clustering,183,99,unmatched_cluster,unmatched_cluster,3119
raw_native_fdr,8.0,detection_template,final_clustering,184,98,unmatched_cluster,unmatched_cluster,6239
raw_native_fdr,8.0,detection_template,final_clustering,185,98,unmatched_cluster,unmatched_cluster,34
raw_native_fdr,8.0,detection_template,final_clustering,185,101,unmatched_cluster,unmatched_cluster,215
raw_native_fdr,8.0,detection_template,final_clustering,186,100,unmatched_cluster,unmatched_cluster,148
raw_native_fdr,8.0,detection_template,final_clustering,187,103,unmatched_cluster,unmatched_cluster,19
raw_native_fdr,8.0,detection_template,final_clustering,187,104,unmatched_cluster,unmatched_cluster,3
raw_native_fdr,8.0,detection_template,final_clustering,187,105,unmatched_cluster,unmatched_cluster,1
raw_native_fdr,8.0,detection_template,final_clustering,187,107,unmatched_cluster,unmatched_cluster,5
raw_native_fdr,8.0,detection_template,final_clustering,187,108,unmatched_cluster,unmatched_cluster,1
raw_native_fdr,8.0,detection_template,final_clustering,187,109,unmatched_cluster,unmatched_cluster,456
raw_native_fdr,8.0,detection_template,final_clustering,188,106,unmatched_cluster,unmatched_cluster,585
raw_native_fdr,8.0,detection_template,final_clustering,189,108,unmatched_cluster,unmatched_cluster,1
raw_native_fdr,8.0,detection_template,final_clustering,189,110,unmatched_cluster,unmatched_cluster,2684
raw_native_fdr,8.0,detection_template,final_clustering,190,104,unmatched_cluster,unmatched_cluster,155
raw_native_fdr,8.0,detection_template,final_clustering,190,108,unmatched_cluster,unmatched_cluster,4
raw_native_fdr,8.0,detection_template,final_clustering,191,103,unmatched_cluster,unmatched_cluster,244
raw_native_fdr,8.0,detection_template,final_clustering,191,104,unmatched_cluster,unmatched_cluster,2
raw_native_fdr,8.0,detection_template,final_clustering,192,103,unmatched_cluster,unmatched_cluster,18
raw_native_fdr,8.0,detection_template,final_clustering,192,104,unmatched_cluster,unmatched_cluster,1
raw_native_fdr,8.0,detection_template,final_clustering,192,107,unmatched_cluster,unmatched_cluster,1
raw_native_fdr,8.0,detection_template,final_clustering,192,110,unmatched_cluster,unmatched_cluster,94
raw_native_fdr,8.0,detection_template,final_clustering,193,107,unmatched_cluster,unmatched_cluster,507
raw_native_fdr,8.0,detection_template,final_clustering,194,110,unmatched_cluster,unmatched_cluster,80
raw_native_fdr,8.0,detection_template,final_clustering,195,114,unmatched_cluster,unmatched_cluster,1712
raw_native_fdr,8.0,detection_template,final_clustering,195,117,unmatched_cluster,unmatched_cluster,1
raw_native_fdr,8.0,detection_template,final_clustering,196,104,unmatched_cluster,unmatched_cluster,761
raw_native_fdr,8.0,detection_template,final_clustering,197,110,unmatched_cluster,unmatched_cluster,93
raw_native_fdr,8.0,detection_template,final_clustering,198,105,unmatched_cluster,unmatched_cluster,65
raw_native_fdr,8.0,detection_template,final_clustering,198,108,unmatched_cluster,unmatched_cluster,285
raw_native_fdr,8.0,detection_template,final_clustering,199,111,unmatched_cluster,unmatched_cluster,1
raw_native_fdr,8.0,detection_template,final_clustering,199,114,unmatched_cluster,unmatched_cluster,54
raw_native_fdr,8.0,detection_template,final_clustering,199,117,unmatched_cluster,unmatched_cluster,1
raw_native_fdr,8.0,detection_template,final_clustering,200,103,unmatched_cluster,unmatched_cluster,2
raw_native_fdr,8.0,detection_template,final_clustering,200,105,unmatched_cluster,unmatched_cluster,3
raw_native_fdr,8.0,detection_template,final_clustering,200,106,unmatched_cluster,unmatched_cluster,12
raw_native_fdr,8.0,detection_template,final_clustering,200,108,unmatched_cluster,unmatched_cluster,1
raw_native_fdr,8.0,detection_template,final_clustering,201,117,unmatched_cluster,unmatched_cluster,19907
raw_native_fdr,8.0,detection_template,final_clustering,202,112,unmatched_cluster,unmatched_cluster,10
raw_native_fdr,8.0,detection_template,final_clustering,202,113,unmatched_cluster,unmatched_cluster,562
raw_native_fdr,8.0,detection_template,final_clustering,202,116,unmatched_cluster,unmatched_cluster,10
raw_native_fdr,8.0,detection_template,final_clustering,202,117,unmatched_cluster,unmatched_cluster,1
raw_native_fdr,8.0,detection_template,final_clustering,202,118,unmatched_cluster,unmatched_cluster,1
raw_native_fdr,8.0,detection_template,final_clustering,203,120,unmatched_cluster,unmatched_cluster,176
raw_native_fdr,8.0,detection_template,final_clustering,203,121,unmatched_cluster,unmatched_cluster,1
raw_native_fdr,8.0,detection_template,final_clustering,203,122,unmatched_cluster,unmatched_cluster,77
raw_native_fdr,8.0,detection_template,final_clustering,203,123,unmatched_cluster,unmatched_cluster,2
raw_native_fdr,8.0,detection_template,final_clustering,203,126,unmatched_cluster,unmatched_cluster,26
raw_native_fdr,8.0,detection_template,final_clustering,203,127,unmatched_cluster,unmatched_cluster,15
raw_native_fdr,8.0,detection_template,final_clustering,203,133,unmatched_cluster,unmatched_cluster,69
raw_native_fdr,8.0,detection_template,final_clustering,204,116,unmatched_cluster,unmatched_cluster,97
raw_native_fdr,8.0,detection_template,final_clustering,204,117,unmatched_cluster,unmatched_cluster,7
raw_native_fdr,8.0,detection_template,final_clustering,205,111,unmatched_cluster,unmatched_cluster,2
raw_native_fdr,8.0,detection_template,final_clustering,205,114,unmatched_cluster,unmatched_cluster,343
raw_native_fdr,8.0,detection_template,final_clustering,206,111,unmatched_cluster,unmatched_cluster,5156
raw_native_fdr,8.0,detection_template,final_clustering,206,114,unmatched_cluster,unmatched_cluster,2
raw_native_fdr,8.0,detection_template,final_clustering,206,118,unmatched_cluster,unmatched_cluster,11
raw_native_fdr,8.0,detection_template,final_clustering,207,115,unmatched_cluster,unmatched_cluster,332
raw_native_fdr,8.0,detection_template,final_clustering,208,112,unmatched_cluster,unmatched_cluster,9
raw_native_fdr,8.0,detection_template,final_clustering,208,114,unmatched_cluster,unmatched_cluster,5
raw_native_fdr,8.0,detection_template,final_clustering,208,115,unmatched_cluster,unmatched_cluster,30
raw_native_fdr,8.0,detection_template,final_clustering,208,118,unmatched_cluster,unmatched_cluster,5
raw_native_fdr,8.0,detection_template,final_clustering,209,130,unmatched_cluster,unmatched_cluster,574
raw_native_fdr,8.0,detection_template,final_clustering,209,131,unmatched_cluster,unmatched_cluster,1
raw_native_fdr,8.0,detection_template,final_clustering,210,130,unmatched_cluster,unmatched_cluster,5999
raw_native_fdr,8.0,detection_template,final_clustering,210,131,unmatched_cluster,unmatched_cluster,1
raw_native_fdr,8.0,detection_template,final_clustering,211,112,unmatched_cluster,unmatched_cluster,570
raw_native_fdr,8.0,detection_template,final_clustering,211,116,unmatched_cluster,unmatched_cluster,9
raw_native_fdr,8.0,detection_template,final_clustering,212,116,unmatched_cluster,unmatched_cluster,10331
raw_native_fdr,8.0,detection_template,final_clustering,213,118,unmatched_cluster,unmatched_cluster,28040
raw_native_fdr,8.0,detection_template,final_clustering,214,120,unmatched_cluster,unmatched_cluster,1
raw_native_fdr,8.0,detection_template,final_clustering,214,122,unmatched_cluster,unmatched_cluster,1
raw_native_fdr,8.0,detection_template,final_clustering,214,123,unmatched_cluster,unmatched_cluster,6
raw_native_fdr,8.0,detection_template,final_clustering,214,126,unmatched_cluster,unmatched_cluster,1061
raw_native_fdr,8.0,detection_template,final_clustering,214,127,unmatched_cluster,unmatched_cluster,2
raw_native_fdr,8.0,detection_template,final_clustering,214,133,unmatched_cluster,unmatched_cluster,5
raw_native_fdr,8.0,detection_template,final_clustering,215,119,unmatched_cluster,unmatched_cluster,2
raw_native_fdr,8.0,detection_template,final_clustering,215,128,unmatched_cluster,unmatched_cluster,2154
raw_native_fdr,8.0,detection_template,final_clustering,216,119,unmatched_cluster,unmatched_cluster,3
raw_native_fdr,8.0,detection_template,final_clustering,216,121,unmatched_cluster,unmatched_cluster,515
raw_native_fdr,8.0,detection_template,final_clustering,216,125,unmatched_cluster,unmatched_cluster,4
raw_native_fdr,8.0,detection_template,final_clustering,216,128,unmatched_cluster,unmatched_cluster,1
raw_native_fdr,8.0,detection_template,final_clustering,217,119,unmatched_cluster,unmatched_cluster,4073
raw_native_fdr,8.0,detection_template,final_clustering,217,124,unmatched_cluster,unmatched_cluster,245
raw_native_fdr,8.0,detection_template,final_clustering,217,125,unmatched_cluster,unmatched_cluster,9
raw_native_fdr,8.0,detection_template,final_clustering,217,128,unmatched_cluster,unmatched_cluster,2
raw_native_fdr,8.0,detection_template,final_clustering,218,129,unmatched_cluster,unmatched_cluster,116
raw_native_fdr,8.0,detection_template,final_clustering,219,129,unmatched_cluster,unmatched_cluster,758
raw_native_fdr,8.0,detection_template,final_clustering,220,122,unmatched_cluster,unmatched_cluster,25
raw_native_fdr,8.0,detection_template,final_clustering,220,123,unmatched_cluster,unmatched_cluster,736
raw_native_fdr,8.0,detection_template,final_clustering,220,126,unmatched_cluster,unmatched_cluster,1
raw_native_fdr,8.0,detection_template,final_clustering,220,127,unmatched_cluster,unmatched_cluster,53
raw_native_fdr,8.0,detection_template,final_clustering,220,133,unmatched_cluster,unmatched_cluster,13
raw_native_fdr,8.0,detection_template,final_clustering,221,119,unmatched_cluster,unmatched_cluster,48
raw_native_fdr,8.0,detection_template,final_clustering,221,124,unmatched_cluster,unmatched_cluster,1
raw_native_fdr,8.0,detection_template,final_clustering,221,125,unmatched_cluster,unmatched_cluster,19
raw_native_fdr,8.0,detection_template,final_clustering,221,128,unmatched_cluster,unmatched_cluster,5
raw_native_fdr,8.0,detection_template,final_clustering,222,137,unmatched_cluster,unmatched_cluster,8
raw_native_fdr,8.0,detection_template,final_clustering,222,140,unmatched_cluster,unmatched_cluster,7
raw_native_fdr,8.0,detection_template,final_clustering,222,144,unmatched_cluster,unmatched_cluster,7
raw_native_fdr,8.0,detection_template,final_clustering,222,149,unmatched_cluster,unmatched_cluster,4
raw_native_fdr,8.0,detection_template,final_clustering,222,150,unmatched_cluster,unmatched_cluster,2182
raw_native_fdr,8.0,detection_template,final_clustering,222,151,unmatched_cluster,unmatched_cluster,1
raw_native_fdr,8.0,detection_template,final_clustering,223,119,unmatched_cluster,unmatched_cluster,60
raw_native_fdr,8.0,detection_template,final_clustering,223,124,unmatched_cluster,unmatched_cluster,16
raw_native_fdr,8.0,detection_template,final_clustering,223,125,unmatched_cluster,unmatched_cluster,15
raw_native_fdr,8.0,detection_template,final_clustering,223,128,unmatched_cluster,unmatched_cluster,168
raw_native_fdr,8.0,detection_template,final_clustering,224,127,unmatched_cluster,unmatched_cluster,2841
raw_native_fdr,8.0,detection_template,final_clustering,224,133,unmatched_cluster,unmatched_cluster,33
raw_native_fdr,8.0,detection_template,final_clustering,225,137,unmatched_cluster,unmatched_cluster,44
raw_native_fdr,8.0,detection_template,final_clustering,225,140,unmatched_cluster,unmatched_cluster,2106
raw_native_fdr,8.0,detection_template,final_clustering,225,149,unmatched_cluster,unmatched_cluster,29
raw_native_fdr,8.0,detection_template,final_clustering,225,150,unmatched_cluster,unmatched_cluster,22
raw_native_fdr,8.0,detection_template,final_clustering,225,151,unmatched_cluster,unmatched_cluster,5
raw_native_fdr,8.0,detection_template,final_clustering,226,127,unmatched_cluster,unmatched_cluster,1
raw_native_fdr,8.0,detection_template,final_clustering,226,129,unmatched_cluster,unmatched_cluster,1
raw_native_fdr,8.0,detection_template,final_clustering,226,132,unmatched_cluster,unmatched_cluster,4979
raw_native_fdr,8.0,detection_template,final_clustering,227,121,unmatched_cluster,unmatched_cluster,1
raw_native_fdr,8.0,detection_template,final_clustering,227,126,unmatched_cluster,unmatched_cluster,227
raw_native_fdr,8.0,detection_template,final_clustering,227,127,unmatched_cluster,unmatched_cluster,130
raw_native_fdr,8.0,detection_template,final_clustering,227,130,unmatched_cluster,unmatched_cluster,1
raw_native_fdr,8.0,detection_template,final_clustering,227,133,unmatched_cluster,unmatched_cluster,12
raw_native_fdr,8.0,detection_template,final_clustering,228,127,unmatched_cluster,unmatched_cluster,24
raw_native_fdr,8.0,detection_template,final_clustering,228,133,unmatched_cluster,unmatched_cluster,15088
raw_native_fdr,8.0,detection_template,final_clustering,229,130,unmatched_cluster,unmatched_cluster,3
raw_native_fdr,8.0,detection_template,final_clustering,229,131,unmatched_cluster,unmatched_cluster,5318
raw_native_fdr,8.0,detection_template,final_clustering,230,137,unmatched_cluster,unmatched_cluster,74
raw_native_fdr,8.0,detection_template,final_clustering,230,140,unmatched_cluster,unmatched_cluster,1
raw_native_fdr,8.0,detection_template,final_clustering,230,149,unmatched_cluster,unmatched_cluster,15205
raw_native_fdr,8.0,detection_template,final_clustering,230,150,unmatched_cluster,unmatched_cluster,9
raw_native_fdr,8.0,detection_template,final_clustering,230,151,unmatched_cluster,unmatched_cluster,1
raw_native_fdr,8.0,detection_template,final_clustering,231,134,unmatched_cluster,unmatched_cluster,574
raw_native_fdr,8.0,detection_template,final_clustering,231,142,unmatched_cluster,unmatched_cluster,541
raw_native_fdr,8.0,detection_template,final_clustering,231,144,unmatched_cluster,unmatched_cluster,109
raw_native_fdr,8.0,detection_template,final_clustering,231,151,unmatched_cluster,unmatched_cluster,8
raw_native_fdr,8.0,detection_template,final_clustering,232,135,unmatched_cluster,unmatched_cluster,2
raw_native_fdr,8.0,detection_template,final_clustering,232,136,unmatched_cluster,unmatched_cluster,2
raw_native_fdr,8.0,detection_template,final_clustering,232,143,unmatched_cluster,unmatched_cluster,5
raw_native_fdr,8.0,detection_template,final_clustering,232,144,unmatched_cluster,unmatched_cluster,13
raw_native_fdr,8.0,detection_template,final_clustering,232,146,unmatched_cluster,unmatched_cluster,1
raw_native_fdr,8.0,detection_template,final_clustering,232,147,unmatched_cluster,unmatched_cluster,3
raw_native_fdr,8.0,detection_template,final_clustering,232,148,unmatched_cluster,unmatched_cluster,733
raw_native_fdr,8.0,detection_template,final_clustering,232,151,unmatched_cluster,unmatched_cluster,53
raw_native_fdr,8.0,detection_template,final_clustering,233,136,unmatched_cluster,unmatched_cluster,2173
raw_native_fdr,8.0,detection_template,final_clustering,233,143,unmatched_cluster,unmatched_cluster,6
raw_native_fdr,8.0,detection_template,final_clustering,233,144,unmatched_cluster,unmatched_cluster,2
raw_native_fdr,8.0,detection_template,final_clustering,233,145,unmatched_cluster,unmatched_cluster,1
raw_native_fdr,8.0,detection_template,final_clustering,233,151,unmatched_cluster,unmatched_cluster,4
raw_native_fdr,8.0,detection_template,final_clustering,234,136,unmatched_cluster,unmatched_cluster,7
raw_native_fdr,8.0,detection_template,final_clustering,234,139,unmatched_cluster,unmatched_cluster,611
raw_native_fdr,8.0,detection_template,final_clustering,234,141,unmatched_cluster,unmatched_cluster,1
raw_native_fdr,8.0,detection_template,final_clustering,234,143,unmatched_cluster,unmatched_cluster,1
raw_native_fdr,8.0,detection_template,final_clustering,234,144,unmatched_cluster,unmatched_cluster,31
raw_native_fdr,8.0,detection_template,final_clustering,234,147,unmatched_cluster,unmatched_cluster,2
raw_native_fdr,8.0,detection_template,final_clustering,234,148,unmatched_cluster,unmatched_cluster,1
raw_native_fdr,8.0,detection_template,final_clustering,234,151,unmatched_cluster,unmatched_cluster,12
raw_native_fdr,8.0,detection_template,final_clustering,235,154,unmatched_cluster,unmatched_cluster,382
raw_native_fdr,8.0,detection_template,final_clustering,235,156,unmatched_cluster,unmatched_cluster,3
raw_native_fdr,8.0,detection_template,final_clustering,235,157,unmatched_cluster,unmatched_cluster,2
raw_native_fdr,8.0,detection_template,final_clustering,236,135,unmatched_cluster,unmatched_cluster,1
raw_native_fdr,8.0,detection_template,final_clustering,236,136,unmatched_cluster,unmatched_cluster,7
raw_native_fdr,8.0,detection_template,final_clustering,236,140,unmatched_cluster,unmatched_cluster,33
raw_native_fdr,8.0,detection_template,final_clustering,236,142,unmatched_cluster,unmatched_cluster,1
raw_native_fdr,8.0,detection_template,final_clustering,236,144,unmatched_cluster,unmatched_cluster,47
raw_native_fdr,8.0,detection_template,final_clustering,236,151,unmatched_cluster,unmatched_cluster,4
raw_native_fdr,8.0,detection_template,final_clustering,237,135,unmatched_cluster,unmatched_cluster,531
raw_native_fdr,8.0,detection_template,final_clustering,237,136,unmatched_cluster,unmatched_cluster,1
raw_native_fdr,8.0,detection_template,final_clustering,237,143,unmatched_cluster,unmatched_cluster,2
raw_native_fdr,8.0,detection_template,final_clustering,237,144,unmatched_cluster,unmatched_cluster,31
raw_native_fdr,8.0,detection_template,final_clustering,237,148,unmatched_cluster,unmatched_cluster,18
raw_native_fdr,8.0,detection_template,final_clustering,238,136,unmatched_cluster,unmatched_cluster,31
raw_native_fdr,8.0,detection_template,final_clustering,239,152,unmatched_cluster,unmatched_cluster,15
raw_native_fdr,8.0,detection_template,final_clustering,239,155,unmatched_cluster,unmatched_cluster,5
raw_native_fdr,8.0,detection_template,final_clustering,239,156,unmatched_cluster,unmatched_cluster,2205
raw_native_fdr,8.0,detection_template,final_clustering,239,158,unmatched_cluster,unmatched_cluster,1
raw_native_fdr,8.0,detection_template,final_clustering,240,137,unmatched_cluster,unmatched_cluster,62
raw_native_fdr,8.0,detection_template,final_clustering,240,140,unmatched_cluster,unmatched_cluster,605
raw_native_fdr,8.0,detection_template,final_clustering,240,144,unmatched_cluster,unmatched_cluster,1
raw_native_fdr,8.0,detection_template,final_clustering,240,149,unmatched_cluster,unmatched_cluster,43
raw_native_fdr,8.0,detection_template,final_clustering,240,150,unmatched_cluster,unmatched_cluster,4
raw_native_fdr,8.0,detection_template,final_clustering,240,151,unmatched_cluster,unmatched_cluster,1
raw_native_fdr,8.0,detection_template,final_clustering,241,136,unmatched_cluster,unmatched_cluster,2
raw_native_fdr,8.0,detection_template,final_clustering,241,139,unmatched_cluster,unmatched_cluster,1
raw_native_fdr,8.0,detection_template,final_clustering,241,143,unmatched_cluster,unmatched_cluster,1
raw_native_fdr,8.0,detection_template,final_clustering,241,147,unmatched_cluster,unmatched_cluster,321
raw_native_fdr,8.0,detection_template,final_clustering,241,148,unmatched_cluster,unmatched_cluster,3
raw_native_fdr,8.0,detection_template,final_clustering,241,151,unmatched_cluster,unmatched_cluster,67
raw_native_fdr,8.0,detection_template,final_clustering,242,136,unmatched_cluster,unmatched_cluster,44
raw_native_fdr,8.0,detection_template,final_clustering,242,143,unmatched_cluster,unmatched_cluster,300
raw_native_fdr,8.0,detection_template,final_clustering,242,145,unmatched_cluster,unmatched_cluster,283
raw_native_fdr,8.0,detection_template,final_clustering,242,146,unmatched_cluster,unmatched_cluster,105
raw_native_fdr,8.0,detection_template,final_clustering,242,147,unmatched_cluster,unmatched_cluster,26
raw_native_fdr,8.0,detection_template,final_clustering,242,148,unmatched_cluster,unmatched_cluster,1
raw_native_fdr,8.0,detection_template,final_clustering,242,151,unmatched_cluster,unmatched_cluster,36
raw_native_fdr,8.0,detection_template,final_clustering,243,153,unmatched_cluster,unmatched_cluster,9
raw_native_fdr,8.0,detection_template,final_clustering,243,157,unmatched_cluster,unmatched_cluster,5
raw_native_fdr,8.0,detection_template,final_clustering,243,159,unmatched_cluster,unmatched_cluster,567
raw_native_fdr,8.0,detection_template,final_clustering,244,137,unmatched_cluster,unmatched_cluster,9823
raw_native_fdr,8.0,detection_template,final_clustering,244,144,unmatched_cluster,unmatched_cluster,3
raw_native_fdr,8.0,detection_template,final_clustering,244,149,unmatched_cluster,unmatched_cluster,140
raw_native_fdr,8.0,detection_template,final_clustering,244,150,unmatched_cluster,unmatched_cluster,285
raw_native_fdr,8.0,detection_template,final_clustering,244,151,unmatched_cluster,unmatched_cluster,7
raw_native_fdr,8.0,detection_template,final_clustering,245,136,unmatched_cluster,unmatched_cluster,1
raw_native_fdr,8.0,detection_template,final_clustering,245,138,unmatched_cluster,unmatched_cluster,264
raw_native_fdr,8.0,detection_template,final_clustering,245,142,unmatched_cluster,unmatched_cluster,1
raw_native_fdr,8.0,detection_template,final_clustering,245,143,unmatched_cluster,unmatched_cluster,164
raw_native_fdr,8.0,detection_template,final_clustering,245,145,unmatched_cluster,unmatched_cluster,19
raw_native_fdr,8.0,detection_template,final_clustering,245,147,unmatched_cluster,unmatched_cluster,2
raw_native_fdr,8.0,detection_template,final_clustering,245,151,unmatched_cluster,unmatched_cluster,2
raw_native_fdr,8.0,detection_template,final_clustering,246,136,unmatched_cluster,unmatched_cluster,15
raw_native_fdr,8.0,detection_template,final_clustering,246,137,unmatched_cluster,unmatched_cluster,2
raw_native_fdr,8.0,detection_template,final_clustering,246,141,unmatched_cluster,unmatched_cluster,199
raw_native_fdr,8.0,detection_template,final_clustering,246,151,unmatched_cluster,unmatched_cluster,2
raw_native_fdr,8.0,detection_template,final_clustering,247,136,unmatched_cluster,unmatched_cluster,170
raw_native_fdr,8.0,detection_template,final_clustering,247,141,unmatched_cluster,unmatched_cluster,1
raw_native_fdr,8.0,detection_template,final_clustering,247,143,unmatched_cluster,unmatched_cluster,3
raw_native_fdr,8.0,detection_template,final_clustering,247,144,unmatched_cluster,unmatched_cluster,3
raw_native_fdr,8.0,detection_template,final_clustering,247,145,unmatched_cluster,unmatched_cluster,1
raw_native_fdr,8.0,detection_template,final_clustering,247,146,unmatched_cluster,unmatched_cluster,27
raw_native_fdr,8.0,detection_template,final_clustering,247,150,unmatched_cluster,unmatched_cluster,1
raw_native_fdr,8.0,detection_template,final_clustering,247,151,unmatched_cluster,unmatched_cluster,34
raw_native_fdr,8.0,detection_template,final_clustering,248,134,unmatched_cluster,unmatched_cluster,1
raw_native_fdr,8.0,detection_template,final_clustering,248,140,unmatched_cluster,unmatched_cluster,112
raw_native_fdr,8.0,detection_template,final_clustering,248,142,unmatched_cluster,unmatched_cluster,2
raw_native_fdr,8.0,detection_template,final_clustering,248,144,unmatched_cluster,unmatched_cluster,3
raw_native_fdr,8.0,detection_template,final_clustering,248,151,unmatched_cluster,unmatched_cluster,3
raw_native_fdr,8.0,detection_template,final_clustering,249,153,unmatched_cluster,unmatched_cluster,1
raw_native_fdr,8.0,detection_template,final_clustering,249,157,unmatched_cluster,unmatched_cluster,4878
raw_native_fdr,8.0,detection_template,final_clustering,249,159,unmatched_cluster,unmatched_cluster,46
raw_native_fdr,8.0,detection_template,final_clustering,250,119,unmatched_cluster,unmatched_cluster,9
raw_native_fdr,8.0,detection_template,final_clustering,250,125,unmatched_cluster,unmatched_cluster,13445
raw_native_fdr,8.0,detection_template,final_clustering,251,137,unmatched_cluster,unmatched_cluster,19
raw_native_fdr,8.0,detection_template,final_clustering,251,149,unmatched_cluster,unmatched_cluster,28
raw_native_fdr,8.0,detection_template,final_clustering,251,150,unmatched_cluster,unmatched_cluster,17646
raw_native_fdr,8.0,detection_template,final_clustering,251,151,unmatched_cluster,unmatched_cluster,1
raw_native_fdr,8.0,detection_template,final_clustering,252,144,unmatched_cluster,unmatched_cluster,25783
raw_native_fdr,8.0,detection_template,final_clustering,253,161,unmatched_cluster,unmatched_cluster,18
raw_native_fdr,8.0,detection_template,final_clustering,253,163,unmatched_cluster,unmatched_cluster,1
raw_native_fdr,8.0,detection_template,final_clustering,253,165,unmatched_cluster,unmatched_cluster,59
raw_native_fdr,8.0,detection_template,final_clustering,253,166,unmatched_cluster,unmatched_cluster,2
raw_native_fdr,8.0,detection_template,final_clustering,253,167,unmatched_cluster,unmatched_cluster,128
raw_native_fdr,8.0,detection_template,final_clustering,253,168,unmatched_cluster,unmatched_cluster,2
raw_native_fdr,8.0,detection_template,final_clustering,253,170,unmatched_cluster,unmatched_cluster,5
raw_native_fdr,8.0,detection_template,final_clustering,253,172,unmatched_cluster,unmatched_cluster,4
raw_native_fdr,8.0,detection_template,final_clustering,253,173,unmatched_cluster,unmatched_cluster,1
raw_native_fdr,8.0,detection_template,final_clustering,253,174,unmatched_cluster,unmatched_cluster,32
raw_native_fdr,8.0,detection_template,final_clustering,254,152,unmatched_cluster,unmatched_cluster,7849
raw_native_fdr,8.0,detection_template,final_clustering,254,158,unmatched_cluster,unmatched_cluster,16
raw_native_fdr,8.0,detection_template,final_clustering,255,152,unmatched_cluster,unmatched_cluster,3
raw_native_fdr,8.0,detection_template,final_clustering,255,155,unmatched_cluster,unmatched_cluster,1225
raw_native_fdr,8.0,detection_template,final_clustering,255,158,unmatched_cluster,unmatched_cluster,143
raw_native_fdr,8.0,detection_template,final_clustering,256,161,unmatched_cluster,unmatched_cluster,179
raw_native_fdr,8.0,detection_template,final_clustering,256,162,unmatched_cluster,unmatched_cluster,1
raw_native_fdr,8.0,detection_template,final_clustering,256,166,unmatched_cluster,unmatched_cluster,46
raw_native_fdr,8.0,detection_template,final_clustering,256,167,unmatched_cluster,unmatched_cluster,1
raw_native_fdr,8.0,detection_template,final_clustering,256,168,unmatched_cluster,unmatched_cluster,33
raw_native_fdr,8.0,detection_template,final_clustering,256,172,unmatched_cluster,unmatched_cluster,156
raw_native_fdr,8.0,detection_template,final_clustering,256,174,unmatched_cluster,unmatched_cluster,34
raw_native_fdr,8.0,detection_template,final_clustering,257,166,unmatched_cluster,unmatched_cluster,1
raw_native_fdr,8.0,detection_template,final_clustering,257,168,unmatched_cluster,unmatched_cluster,4
raw_native_fdr,8.0,detection_template,final_clustering,257,170,unmatched_cluster,unmatched_cluster,4871
raw_native_fdr,8.0,detection_template,final_clustering,257,172,unmatched_cluster,unmatched_cluster,4
raw_native_fdr,8.0,detection_template,final_clustering,257,174,unmatched_cluster,unmatched_cluster,3
raw_native_fdr,8.0,detection_template,final_clustering,258,161,unmatched_cluster,unmatched_cluster,2
raw_native_fdr,8.0,detection_template,final_clustering,258,165,unmatched_cluster,unmatched_cluster,2
raw_native_fdr,8.0,detection_template,final_clustering,258,166,unmatched_cluster,unmatched_cluster,851
raw_native_fdr,8.0,detection_template,final_clustering,258,168,unmatched_cluster,unmatched_cluster,102
raw_native_fdr,8.0,detection_template,final_clustering,258,170,unmatched_cluster,unmatched_cluster,2
raw_native_fdr,8.0,detection_template,final_clustering,258,172,unmatched_cluster,unmatched_cluster,10
raw_native_fdr,8.0,detection_template,final_clustering,258,174,unmatched_cluster,unmatched_cluster,8
raw_native_fdr,8.0,detection_template,final_clustering,259,152,unmatched_cluster,unmatched_cluster,1046
raw_native_fdr,8.0,detection_template,final_clustering,259,156,unmatched_cluster,unmatched_cluster,5
raw_native_fdr,8.0,detection_template,final_clustering,259,158,unmatched_cluster,unmatched_cluster,3
raw_native_fdr,8.0,detection_template,final_clustering,259,159,unmatched_cluster,unmatched_cluster,2
raw_native_fdr,8.0,detection_template,final_clustering,260,168,unmatched_cluster,unmatched_cluster,4939
raw_native_fdr,8.0,detection_template,final_clustering,260,170,unmatched_cluster,unmatched_cluster,7
raw_native_fdr,8.0,detection_template,final_clustering,260,172,unmatched_cluster,unmatched_cluster,6
raw_native_fdr,8.0,detection_template,final_clustering,260,174,unmatched_cluster,unmatched_cluster,3
raw_native_fdr,8.0,detection_template,final_clustering,261,160,unmatched_cluster,unmatched_cluster,1
raw_native_fdr,8.0,detection_template,final_clustering,261,161,unmatched_cluster,unmatched_cluster,2
raw_native_fdr,8.0,detection_template,final_clustering,261,163,unmatched_cluster,unmatched_cluster,1
raw_native_fdr,8.0,detection_template,final_clustering,261,165,unmatched_cluster,unmatched_cluster,753
raw_native_fdr,8.0,detection_template,final_clustering,261,166,unmatched_cluster,unmatched_cluster,7
raw_native_fdr,8.0,detection_template,final_clustering,261,167,unmatched_cluster,unmatched_cluster,2
raw_native_fdr,8.0,detection_template,final_clustering,261,168,unmatched_cluster,unmatched_cluster,16
raw_native_fdr,8.0,detection_template,final_clustering,261,169,unmatched_cluster,unmatched_cluster,2
raw_native_fdr,8.0,detection_template,final_clustering,261,170,unmatched_cluster,unmatched_cluster,9
raw_native_fdr,8.0,detection_template,final_clustering,261,172,unmatched_cluster,unmatched_cluster,1
raw_native_fdr,8.0,detection_template,final_clustering,261,173,unmatched_cluster,unmatched_cluster,2
raw_native_fdr,8.0,detection_template,final_clustering,261,174,unmatched_cluster,unmatched_cluster,5
raw_native_fdr,8.0,detection_template,final_clustering,262,162,unmatched_cluster,unmatched_cluster,5
raw_native_fdr,8.0,detection_template,final_clustering,262,166,unmatched_cluster,unmatched_cluster,552
raw_native_fdr,8.0,detection_template,final_clustering,262,168,unmatched_cluster,unmatched_cluster,375
raw_native_fdr,8.0,detection_template,final_clustering,262,170,unmatched_cluster,unmatched_cluster,5
raw_native_fdr,8.0,detection_template,final_clustering,262,172,unmatched_cluster,unmatched_cluster,1
raw_native_fdr,8.0,detection_template,final_clustering,263,152,unmatched_cluster,unmatched_cluster,70
raw_native_fdr,8.0,detection_template,final_clustering,263,155,unmatched_cluster,unmatched_cluster,63
raw_native_fdr,8.0,detection_template,final_clustering,263,156,unmatched_cluster,unmatched_cluster,6
raw_native_fdr,8.0,detection_template,final_clustering,263,158,unmatched_cluster,unmatched_cluster,31
raw_native_fdr,8.0,detection_template,final_clustering,264,152,unmatched_cluster,unmatched_cluster,1
raw_native_fdr,8.0,detection_template,final_clustering,264,153,unmatched_cluster,unmatched_cluster,974
raw_native_fdr,8.0,detection_template,final_clustering,264,157,unmatched_cluster,unmatched_cluster,55
raw_native_fdr,8.0,detection_template,final_clustering,264,159,unmatched_cluster,unmatched_cluster,102
raw_native_fdr,8.0,detection_template,final_clustering,265,139,unmatched_cluster,unmatched_cluster,5
raw_native_fdr,8.0,detection_template,final_clustering,265,148,unmatched_cluster,unmatched_cluster,4
raw_native_fdr,8.0,detection_template,final_clustering,265,151,unmatched_cluster,unmatched_cluster,56159
raw_native_fdr,8.0,detection_template,final_clustering,266,153,unmatched_cluster,unmatched_cluster,1
raw_native_fdr,8.0,detection_template,final_clustering,266,157,unmatched_cluster,unmatched_cluster,1
raw_native_fdr,8.0,detection_template,final_clustering,266,159,unmatched_cluster,unmatched_cluster,29821
raw_native_fdr,8.0,detection_template,final_clustering,267,152,unmatched_cluster,unmatched_cluster,6
raw_native_fdr,8.0,detection_template,final_clustering,267,155,unmatched_cluster,unmatched_cluster,11
raw_native_fdr,8.0,detection_template,final_clustering,267,158,unmatched_cluster,unmatched_cluster,12036
raw_native_fdr,8.0,detection_template,final_clustering,268,160,unmatched_cluster,unmatched_cluster,2
raw_native_fdr,8.0,detection_template,final_clustering,268,163,unmatched_cluster,unmatched_cluster,995
raw_native_fdr,8.0,detection_template,final_clustering,268,164,unmatched_cluster,unmatched_cluster,1
raw_native_fdr,8.0,detection_template,final_clustering,268,167,unmatched_cluster,unmatched_cluster,5
raw_native_fdr,8.0,detection_template,final_clustering,268,169,unmatched_cluster,unmatched_cluster,53
raw_native_fdr,8.0,detection_template,final_clustering,268,173,unmatched_cluster,unmatched_cluster,16
raw_native_fdr,8.0,detection_template,final_clustering,269,167,unmatched_cluster,unmatched_cluster,9680
raw_native_fdr,8.0,detection_template,final_clustering,269,169,unmatched_cluster,unmatched_cluster,2
raw_native_fdr,8.0,detection_template,final_clustering,269,174,unmatched_cluster,unmatched_cluster,6
raw_native_fdr,8.0,detection_template,final_clustering,270,160,unmatched_cluster,unmatched_cluster,314
raw_native_fdr,8.0,detection_template,final_clustering,270,161,unmatched_cluster,unmatched_cluster,5
raw_native_fdr,8.0,detection_template,final_clustering,270,163,unmatched_cluster,unmatched_cluster,2
raw_native_fdr,8.0,detection_template,final_clustering,270,164,unmatched_cluster,unmatched_cluster,6
raw_native_fdr,8.0,detection_template,final_clustering,270,167,unmatched_cluster,unmatched_cluster,25
raw_native_fdr,8.0,detection_template,final_clustering,270,169,unmatched_cluster,unmatched_cluster,180
raw_native_fdr,8.0,detection_template,final_clustering,270,171,unmatched_cluster,unmatched_cluster,2
raw_native_fdr,8.0,detection_template,final_clustering,270,174,unmatched_cluster,unmatched_cluster,3
raw_native_fdr,8.0,detection_template,final_clustering,271,163,unmatched_cluster,unmatched_cluster,64
raw_native_fdr,8.0,detection_template,final_clustering,271,165,unmatched_cluster,unmatched_cluster,3
raw_native_fdr,8.0,detection_template,final_clustering,271,167,unmatched_cluster,unmatched_cluster,36
raw_native_fdr,8.0,detection_template,final_clustering,271,169,unmatched_cluster,unmatched_cluster,1
raw_native_fdr,8.0,detection_template,final_clustering,271,173,unmatched_cluster,unmatched_cluster,671
raw_native_fdr,8.0,detection_template,final_clustering,271,174,unmatched_cluster,unmatched_cluster,2
raw_native_fdr,8.0,detection_template,final_clustering,272,160,unmatched_cluster,unmatched_cluster,33
raw_native_fdr,8.0,detection_template,final_clustering,272,161,unmatched_cluster,unmatched_cluster,1
raw_native_fdr,8.0,detection_template,final_clustering,272,163,unmatched_cluster,unmatched_cluster,1
raw_native_fdr,8.0,detection_template,final_clustering,272,164,unmatched_cluster,unmatched_cluster,22
raw_native_fdr,8.0,detection_template,final_clustering,272,167,unmatched_cluster,unmatched_cluster,2
raw_native_fdr,8.0,detection_template,final_clustering,272,169,unmatched_cluster,unmatched_cluster,24
raw_native_fdr,8.0,detection_template,final_clustering,272,171,unmatched_cluster,unmatched_cluster,176
raw_native_fdr,8.0,detection_template,final_clustering,273,160,unmatched_cluster,unmatched_cluster,17
raw_native_fdr,8.0,detection_template,final_clustering,273,163,unmatched_cluster,unmatched_cluster,1
raw_native_fdr,8.0,detection_template,final_clustering,273,164,unmatched_cluster,unmatched_cluster,692
raw_native_fdr,8.0,detection_template,final_clustering,273,167,unmatched_cluster,unmatched_cluster,3
raw_native_fdr,8.0,detection_template,final_clustering,273,169,unmatched_cluster,unmatched_cluster,210
raw_native_fdr,8.0,detection_template,final_clustering,274,161,unmatched_cluster,unmatched_cluster,1
raw_native_fdr,8.0,detection_template,final_clustering,274,170,unmatched_cluster,unmatched_cluster,1
raw_native_fdr,8.0,detection_template,final_clustering,274,172,unmatched_cluster,unmatched_cluster,5918
raw_native_fdr,8.0,detection_template,final_clustering,275,160,unmatched_cluster,unmatched_cluster,2745
raw_native_fdr,8.0,detection_template,final_clustering,275,164,unmatched_cluster,unmatched_cluster,1
raw_native_fdr,8.0,detection_template,final_clustering,275,169,unmatched_cluster,unmatched_cluster,1210
raw_native_fdr,8.0,detection_template,final_clustering,276,161,unmatched_cluster,unmatched_cluster,29
raw_native_fdr,8.0,detection_template,final_clustering,276,162,unmatched_cluster,unmatched_cluster,336
raw_native_fdr,8.0,detection_template,final_clustering,276,166,unmatched_cluster,unmatched_cluster,62
raw_native_fdr,8.0,detection_template,final_clustering,276,168,unmatched_cluster,unmatched_cluster,45
raw_native_fdr,8.0,detection_template,final_clustering,276,170,unmatched_cluster,unmatched_cluster,65
raw_native_fdr,8.0,detection_template,final_clustering,276,172,unmatched_cluster,unmatched_cluster,159
raw_native_fdr,8.0,detection_template,final_clustering,276,174,unmatched_cluster,unmatched_cluster,1
raw_native_fdr,8.0,detection_template,final_clustering,277,161,unmatched_cluster,unmatched_cluster,1125
raw_native_fdr,8.0,detection_template,final_clustering,277,165,unmatched_cluster,unmatched_cluster,4
raw_native_fdr,8.0,detection_template,final_clustering,277,167,unmatched_cluster,unmatched_cluster,8
raw_native_fdr,8.0,detection_template,final_clustering,277,172,unmatched_cluster,unmatched_cluster,102
raw_native_fdr,8.0,detection_template,final_clustering,277,174,unmatched_cluster,unmatched_cluster,53
raw_native_fdr,8.0,detection_template,final_clustering,278,167,unmatched_cluster,unmatched_cluster,2
raw_native_fdr,8.0,detection_template,final_clustering,278,168,unmatched_cluster,unmatched_cluster,1
raw_native_fdr,8.0,detection_template,final_clustering,278,172,unmatched_cluster,unmatched_cluster,1
raw_native_fdr,8.0,detection_template,final_clustering,278,174,unmatched_cluster,unmatched_cluster,14133
raw_native_fdr,8.0,detection_template,final_clustering,279,160,unmatched_cluster,unmatched_cluster,29
raw_native_fdr,8.0,detection_template,final_clustering,279,167,unmatched_cluster,unmatched_cluster,2
raw_native_fdr,8.0,detection_template,final_clustering,279,169,unmatched_cluster,unmatched_cluster,16667
raw_native_fdr,8.0,detection_template,final_clustering,280,192,unmatched_cluster,unmatched_cluster,2
raw_native_fdr,8.0,detection_template,final_clustering,280,193,unmatched_cluster,unmatched_cluster,2
raw_native_fdr,8.0,detection_template,final_clustering,280,194,unmatched_cluster,unmatched_cluster,6700
raw_native_fdr,8.0,detection_template,final_clustering,281,175,unmatched_cluster,unmatched_cluster,1
raw_native_fdr,8.0,detection_template,final_clustering,281,179,unmatched_cluster,unmatched_cluster,6450
raw_native_fdr,8.0,detection_template,final_clustering,281,182,unmatched_cluster,unmatched_cluster,19
raw_native_fdr,8.0,detection_template,final_clustering,282,187,unmatched_cluster,unmatched_cluster,152
raw_native_fdr,8.0,detection_template,final_clustering,282,191,unmatched_cluster,unmatched_cluster,1
raw_native_fdr,8.0,detection_template,final_clustering,282,193,unmatched_cluster,unmatched_cluster,28
raw_native_fdr,8.0,detection_template,final_clustering,282,194,unmatched_cluster,unmatched_cluster,15
raw_native_fdr,8.0,detection_template,final_clustering,282,195,unmatched_cluster,unmatched_cluster,1006
raw_native_fdr,8.0,detection_template,final_clustering,283,175,unmatched_cluster,unmatched_cluster,4469
raw_native_fdr,8.0,detection_template,final_clustering,283,183,unmatched_cluster,unmatched_cluster,2
raw_native_fdr,8.0,detection_template,final_clustering,284,175,unmatched_cluster,unmatched_cluster,2
raw_native_fdr,8.0,detection_template,final_clustering,284,180,unmatched_cluster,unmatched_cluster,1
raw_native_fdr,8.0,detection_template,final_clustering,284,181,unmatched_cluster,unmatched_cluster,1030
raw_native_fdr,8.0,detection_template,final_clustering,284,183,unmatched_cluster,unmatched_cluster,4
raw_native_fdr,8.0,detection_template,final_clustering,284,184,unmatched_cluster,unmatched_cluster,147
raw_native_fdr,8.0,detection_template,final_clustering,285,191,unmatched_cluster,unmatched_cluster,31
raw_native_fdr,8.0,detection_template,final_clustering,285,192,unmatched_cluster,unmatched_cluster,7
raw_native_fdr,8.0,detection_template,final_clustering,285,193,unmatched_cluster,unmatched_cluster,71
raw_native_fdr,8.0,detection_template,final_clustering,285,194,unmatched_cluster,unmatched_cluster,231
raw_native_fdr,8.0,detection_template,final_clustering,286,192,unmatched_cluster,unmatched_cluster,1319
raw_native_fdr,8.0,detection_template,final_clustering,286,194,unmatched_cluster,unmatched_cluster,21
raw_native_fdr,8.0,detection_template,final_clustering,287,175,unmatched_cluster,unmatched_cluster,1
raw_native_fdr,8.0,detection_template,final_clustering,287,177,unmatched_cluster,unmatched_cluster,4
raw_native_fdr,8.0,detection_template,final_clustering,287,179,unmatched_cluster,unmatched_cluster,94
raw_native_fdr,8.0,detection_template,final_clustering,287,182,unmatched_cluster,unmatched_cluster,3205
raw_native_fdr,8.0,detection_template,final_clustering,288,176,unmatched_cluster,unmatched_cluster,9
raw_native_fdr,8.0,detection_template,final_clustering,288,179,unmatched_cluster,unmatched_cluster,181
raw_native_fdr,8.0,detection_template,final_clustering,288,180,unmatched_cluster,unmatched_cluster,521
raw_native_fdr,8.0,detection_template,final_clustering,288,182,unmatched_cluster,unmatched_cluster,2
raw_native_fdr,8.0,detection_template,final_clustering,288,183,unmatched_cluster,unmatched_cluster,5
raw_native_fdr,8.0,detection_template,final_clustering,289,176,unmatched_cluster,unmatched_cluster,1
raw_native_fdr,8.0,detection_template,final_clustering,289,177,unmatched_cluster,unmatched_cluster,1021
raw_native_fdr,8.0,detection_template,final_clustering,289,179,unmatched_cluster,unmatched_cluster,37
raw_native_fdr,8.0,detection_template,final_clustering,289,182,unmatched_cluster,unmatched_cluster,140
raw_native_fdr,8.0,detection_template,final_clustering,290,188,unmatched_cluster,unmatched_cluster,6
raw_native_fdr,8.0,detection_template,final_clustering,290,192,unmatched_cluster,unmatched_cluster,2
raw_native_fdr,8.0,detection_template,final_clustering,290,193,unmatched_cluster,unmatched_cluster,2145
raw_native_fdr,8.0,detection_template,final_clustering,290,194,unmatched_cluster,unmatched_cluster,17
raw_native_fdr,8.0,detection_template,final_clustering,291,188,unmatched_cluster,unmatched_cluster,5981
raw_native_fdr,8.0,detection_template,final_clustering,291,198,unmatched_cluster,unmatched_cluster,1
raw_native_fdr,8.0,detection_template,final_clustering,292,176,unmatched_cluster,unmatched_cluster,1223
raw_native_fdr,8.0,detection_template,final_clustering,292,177,unmatched_cluster,unmatched_cluster,5
raw_native_fdr,8.0,detection_template,final_clustering,292,179,unmatched_cluster,unmatched_cluster,28
raw_native_fdr,8.0,detection_template,final_clustering,292,180,unmatched_cluster,unmatched_cluster,5
raw_native_fdr,8.0,detection_template,final_clustering,292,182,unmatched_cluster,unmatched_cluster,30
raw_native_fdr,8.0,detection_template,final_clustering,292,183,unmatched_cluster,unmatched_cluster,1
raw_native_fdr,8.0,detection_template,final_clustering,293,178,unmatched_cluster,unmatched_cluster,30501
raw_native_fdr,8.0,detection_template,final_clustering,294,183,unmatched_cluster,unmatched_cluster,24176
raw_native_fdr,8.0,detection_template,final_clustering,295,184,unmatched_cluster,unmatched_cluster,26339
raw_native_fdr,8.0,detection_template,final_clustering,296,185,unmatched_cluster,unmatched_cluster,1
raw_native_fdr,8.0,detection_template,final_clustering,296,194,unmatched_cluster,unmatched_cluster,7
raw_native_fdr,8.0,detection_template,final_clustering,297,185,unmatched_cluster,unmatched_cluster,3445
raw_native_fdr,8.0,detection_template,final_clustering,297,188,unmatched_cluster,unmatched_cluster,1
raw_native_fdr,8.0,detection_template,final_clustering,297,198,unmatched_cluster,unmatched_cluster,30
raw_native_fdr,8.0,detection_template,final_clustering,298,186,unmatched_cluster,unmatched_cluster,6
raw_native_fdr,8.0,detection_template,final_clustering,298,190,unmatched_cluster,unmatched_cluster,3
raw_native_fdr,8.0,detection_template,final_clustering,298,196,unmatched_cluster,unmatched_cluster,540
raw_native_fdr,8.0,detection_template,final_clustering,298,197,unmatched_cluster,unmatched_cluster,10
raw_native_fdr,8.0,detection_template,final_clustering,298,198,unmatched_cluster,unmatched_cluster,13
raw_native_fdr,8.0,detection_template,final_clustering,299,188,unmatched_cluster,unmatched_cluster,2
raw_native_fdr,8.0,detection_template,final_clustering,299,190,unmatched_cluster,unmatched_cluster,1304
raw_native_fdr,8.0,detection_template,final_clustering,299,198,unmatched_cluster,unmatched_cluster,58
raw_native_fdr,8.0,detection_template,final_clustering,300,186,unmatched_cluster,unmatched_cluster,5
raw_native_fdr,8.0,detection_template,final_clustering,300,189,unmatched_cluster,unmatched_cluster,15
raw_native_fdr,8.0,detection_template,final_clustering,300,196,unmatched_cluster,unmatched_cluster,47
raw_native_fdr,8.0,detection_template,final_clustering,300,198,unmatched_cluster,unmatched_cluster,2
raw_native_fdr,8.0,detection_template,final_clustering,301,197,unmatched_cluster,unmatched_cluster,5493
raw_native_fdr,8.0,detection_template,final_clustering,301,198,unmatched_cluster,unmatched_cluster,24
raw_native_fdr,8.0,detection_template,final_clustering,302,185,unmatched_cluster,unmatched_cluster,1
raw_native_fdr,8.0,detection_template,final_clustering,302,187,unmatched_cluster,unmatched_cluster,1
raw_native_fdr,8.0,detection_template,final_clustering,302,193,unmatched_cluster,unmatched_cluster,76
raw_native_fdr,8.0,detection_template,final_clustering,302,197,unmatched_cluster,unmatched_cluster,106
raw_native_fdr,8.0,detection_template,final_clustering,303,186,unmatched_cluster,unmatched_cluster,466
raw_native_fdr,8.0,detection_template,final_clustering,303,196,unmatched_cluster,unmatched_cluster,14
raw_native_fdr,8.0,detection_template,final_clustering,303,198,unmatched_cluster,unmatched_cluster,2
raw_native_fdr,8.0,detection_template,final_clustering,304,185,unmatched_cluster,unmatched_cluster,1
raw_native_fdr,8.0,detection_template,final_clustering,304,189,unmatched_cluster,unmatched_cluster,1187
raw_native_fdr,8.0,detection_template,final_clustering,304,196,unmatched_cluster,unmatched_cluster,2
raw_native_fdr,8.0,detection_template,final_clustering,304,197,unmatched_cluster,unmatched_cluster,7
raw_native_fdr,8.0,detection_template,final_clustering,304,198,unmatched_cluster,unmatched_cluster,1
raw_native_fdr,8.0,detection_template,final_clustering,305,189,unmatched_cluster,unmatched_cluster,2
raw_native_fdr,8.0,detection_template,final_clustering,305,196,unmatched_cluster,unmatched_cluster,2004
raw_native_fdr,8.0,detection_template,final_clustering,305,197,unmatched_cluster,unmatched_cluster,7
raw_native_fdr,8.0,detection_template,final_clustering,305,198,unmatched_cluster,unmatched_cluster,2
raw_native_fdr,8.0,detection_template,final_clustering,306,199,unmatched_cluster,unmatched_cluster,1
raw_native_fdr,8.0,detection_template,final_clustering,306,201,unmatched_cluster,unmatched_cluster,5
raw_native_fdr,8.0,detection_template,final_clustering,306,203,unmatched_cluster,unmatched_cluster,777
raw_native_fdr,8.0,detection_template,final_clustering,306,208,unmatched_cluster,unmatched_cluster,35
raw_native_fdr,8.0,detection_template,final_clustering,306,209,unmatched_cluster,unmatched_cluster,3
raw_native_fdr,8.0,detection_template,final_clustering,307,185,unmatched_cluster,unmatched_cluster,1
raw_native_fdr,8.0,detection_template,final_clustering,307,190,unmatched_cluster,unmatched_cluster,2
raw_native_fdr,8.0,detection_template,final_clustering,307,198,unmatched_cluster,unmatched_cluster,27459
raw_native_fdr,8.0,detection_template,final_clustering,308,203,unmatched_cluster,unmatched_cluster,1
raw_native_fdr,8.0,detection_template,final_clustering,308,208,unmatched_cluster,unmatched_cluster,11799
raw_native_fdr,8.0,detection_template,final_clustering,309,200,unmatched_cluster,unmatched_cluster,66
raw_native_fdr,8.0,detection_template,final_clustering,309,202,unmatched_cluster,unmatched_cluster,21
raw_native_fdr,8.0,detection_template,final_clustering,309,205,unmatched_cluster,unmatched_cluster,10
raw_native_fdr,8.0,detection_template,final_clustering,310,199,unmatched_cluster,unmatched_cluster,5
raw_native_fdr,8.0,detection_template,final_clustering,310,201,unmatched_cluster,unmatched_cluster,3
raw_native_fdr,8.0,detection_template,final_clustering,310,203,unmatched_cluster,unmatched_cluster,4
raw_native_fdr,8.0,detection_template,final_clustering,310,204,unmatched_cluster,unmatched_cluster,1
raw_native_fdr,8.0,detection_template,final_clustering,310,208,unmatched_cluster,unmatched_cluster,290
raw_native_fdr,8.0,detection_template,final_clustering,311,199,unmatched_cluster,unmatched_cluster,32
raw_native_fdr,8.0,detection_template,final_clustering,311,200,unmatched_cluster,unmatched_cluster,2888
raw_native_fdr,8.0,detection_template,final_clustering,312,201,unmatched_cluster,unmatched_cluster,4081
raw_native_fdr,8.0,detection_template,final_clustering,312,208,unmatched_cluster,unmatched_cluster,3
raw_native_fdr,8.0,detection_template,final_clustering,313,200,unmatched_cluster,unmatched_cluster,484
raw_native_fdr,8.0,detection_template,final_clustering,313,202,unmatched_cluster,unmatched_cluster,3
raw_native_fdr,8.0,detection_template,final_clustering,314,200,unmatched_cluster,unmatched_cluster,13
raw_native_fdr,8.0,detection_template,final_clustering,314,202,unmatched_cluster,unmatched_cluster,52
raw_native_fdr,8.0,detection_template,final_clustering,314,205,unmatched_cluster,unmatched_cluster,152
raw_native_fdr,8.0,detection_template,final_clustering,315,211,unmatched_cluster,unmatched_cluster,29
raw_native_fdr,8.0,detection_template,final_clustering,316,206,unmatched_cluster,unmatched_cluster,3571
raw_native_fdr,8.0,detection_template,final_clustering,316,209,unmatched_cluster,unmatched_cluster,4
raw_native_fdr,8.0,detection_template,final_clustering,317,199,unmatched_cluster,unmatched_cluster,107
raw_native_fdr,8.0,detection_template,final_clustering,317,204,unmatched_cluster,unmatched_cluster,2609
raw_native_fdr,8.0,detection_template,final_clustering,317,207,unmatched_cluster,unmatched_cluster,1
raw_native_fdr,8.0,detection_template,final_clustering,318,199,unmatched_cluster,unmatched_cluster,7
raw_native_fdr,8.0,detection_template,final_clustering,318,200,unmatched_cluster,unmatched_cluster,24
raw_native_fdr,8.0,detection_template,final_clustering,318,202,unmatched_cluster,unmatched_cluster,798
raw_native_fdr,8.0,detection_template,final_clustering,318,206,unmatched_cluster,unmatched_cluster,1
raw_native_fdr,8.0,detection_template,final_clustering,318,209,unmatched_cluster,unmatched_cluster,13
raw_native_fdr,8.0,detection_template,final_clustering,319,207,unmatched_cluster,unmatched_cluster,8066
raw_native_fdr,8.0,detection_template,final_clustering,320,199,unmatched_cluster,unmatched_cluster,1
raw_native_fdr,8.0,detection_template,final_clustering,320,206,unmatched_cluster,unmatched_cluster,23
raw_native_fdr,8.0,detection_template,final_clustering,320,209,unmatched_cluster,unmatched_cluster,24401
raw_native_fdr,8.0,detection_template,final_clustering,321,211,unmatched_cluster,unmatched_cluster,4
raw_native_fdr,8.0,detection_template,final_clustering,322,211,unmatched_cluster,unmatched_cluster,3522
raw_native_fdr,8.0,detection_template,final_clustering,323,210,unmatched_cluster,unmatched_cluster,1
raw_native_fdr,8.0,detection_template,final_clustering,324,211,unmatched_cluster,unmatched_cluster,36
raw_native_fdr,8.0,detection_template,final_clustering,325,210,unmatched_cluster,unmatched_cluster,71
raw_native_fdr,8.0,detection_template,final_clustering,325,211,unmatched_cluster,unmatched_cluster,30
raw_native_fdr,8.0,detection_template,final_clustering,326,199,unmatched_cluster,unmatched_cluster,21582
raw_native_fdr,8.0,detection_template,final_clustering,326,204,unmatched_cluster,unmatched_cluster,1
raw_native_fdr,8.0,detection_template,final_clustering,327,212,unmatched_cluster,unmatched_cluster,1
raw_native_fdr,8.0,detection_template,final_clustering,328,212,unmatched_cluster,unmatched_cluster,1
raw_native_fdr,8.0,detection_template,final_clustering,329,212,unmatched_cluster,unmatched_cluster,4
raw_native_fdr,8.0,detection_template,final_clustering,330,212,unmatched_cluster,unmatched_cluster,8
raw_native_fdr,8.0,detection_template,final_clustering,332,213,unmatched_cluster,unmatched_cluster,57
raw_native_fdr,8.0,detection_template,final_clustering,334,213,unmatched_cluster,unmatched_cluster,81
raw_native_fdr,8.0,detection_template,final_clustering,336,213,unmatched_cluster,unmatched_cluster,55
raw_native_fdr,8.0,detection_template,final_clustering,339,214,unmatched_cluster,unmatched_cluster,4
raw_native_fdr,8.0,detection_template,final_clustering,340,215,unmatched_cluster,unmatched_cluster,81
raw_native_fdr,8.0,detection_template,final_clustering,341,215,unmatched_cluster,unmatched_cluster,1
raw_native_fdr,8.0,detection_template,final_clustering,342,215,unmatched_cluster,unmatched_cluster,16
raw_native_fdr,8.0,detection_template,final_clustering,343,215,unmatched_cluster,unmatched_cluster,2
raw_native_fdr,8.0,detection_template,final_clustering,344,215,unmatched_cluster,unmatched_cluster,424
raw_native_fdr,8.0,detection_template,final_clustering,346,216,unmatched_cluster,unmatched_cluster,210
raw_native_fdr,8.0,detection_template,final_clustering,347,216,unmatched_cluster,unmatched_cluster,30
raw_native_fdr,8.0,detection_template,final_clustering,348,216,unmatched_cluster,unmatched_cluster,30
raw_native_fdr,8.0,detection_template,final_clustering,349,216,unmatched_cluster,unmatched_cluster,518
raw_native_fdr,8.0,detection_template,final_clustering,350,218,unmatched_cluster,unmatched_cluster,438
raw_native_fdr,8.0,detection_template,final_clustering,352,221,unmatched_cluster,unmatched_cluster,605
raw_native_fdr,8.0,detection_template,final_clustering,352,223,unmatched_cluster,unmatched_cluster,1
raw_native_fdr,8.0,detection_template,final_clustering,353,217,unmatched_cluster,unmatched_cluster,1809
raw_native_fdr,8.0,detection_template,final_clustering,354,218,unmatched_cluster,unmatched_cluster,4
raw_native_fdr,8.0,detection_template,final_clustering,354,220,unmatched_cluster,unmatched_cluster,1
raw_native_fdr,8.0,detection_template,final_clustering,356,219,unmatched_cluster,unmatched_cluster,8
raw_native_fdr,8.0,detection_template,final_clustering,356,223,unmatched_cluster,unmatched_cluster,32
raw_native_fdr,8.0,detection_template,final_clustering,357,218,unmatched_cluster,unmatched_cluster,29
raw_native_fdr,8.0,detection_template,final_clustering,358,228,unmatched_cluster,unmatched_cluster,30
raw_native_fdr,8.0,detection_template,final_clustering,359,228,unmatched_cluster,unmatched_cluster,610
raw_native_fdr,8.0,detection_template,final_clustering,360,218,unmatched_cluster,unmatched_cluster,86
raw_native_fdr,8.0,detection_template,final_clustering,360,223,unmatched_cluster,unmatched_cluster,6
raw_native_fdr,8.0,detection_template,final_clustering,361,219,unmatched_cluster,unmatched_cluster,45
raw_native_fdr,8.0,detection_template,final_clustering,361,223,unmatched_cluster,unmatched_cluster,8
raw_native_fdr,8.0,detection_template,final_clustering,362,220,unmatched_cluster,unmatched_cluster,165
raw_native_fdr,8.0,detection_template,final_clustering,362,221,unmatched_cluster,unmatched_cluster,2
raw_native_fdr,8.0,detection_template,final_clustering,362,222,unmatched_cluster,unmatched_cluster,1
raw_native_fdr,8.0,detection_template,final_clustering,363,220,unmatched_cluster,unmatched_cluster,7
raw_native_fdr,8.0,detection_template,final_clustering,363,222,unmatched_cluster,unmatched_cluster,2126
raw_native_fdr,8.0,detection_template,final_clustering,364,223,unmatched_cluster,unmatched_cluster,7304
raw_native_fdr,8.0,detection_template,final_clustering,365,224,unmatched_cluster,unmatched_cluster,1
raw_native_fdr,8.0,detection_template,final_clustering,367,226,unmatched_cluster,unmatched_cluster,406
raw_native_fdr,8.0,detection_template,final_clustering,368,224,unmatched_cluster,unmatched_cluster,123
raw_native_fdr,8.0,detection_template,final_clustering,370,219,unmatched_cluster,unmatched_cluster,66
raw_native_fdr,8.0,detection_template,final_clustering,370,223,unmatched_cluster,unmatched_cluster,8
raw_native_fdr,8.0,detection_template,final_clustering,371,224,unmatched_cluster,unmatched_cluster,2
raw_native_fdr,8.0,detection_template,final_clustering,371,227,unmatched_cluster,unmatched_cluster,3
raw_native_fdr,8.0,detection_template,final_clustering,371,228,unmatched_cluster,unmatched_cluster,17
raw_native_fdr,8.0,detection_template,final_clustering,372,228,unmatched_cluster,unmatched_cluster,1
raw_native_fdr,8.0,detection_template,final_clustering,373,227,unmatched_cluster,unmatched_cluster,25
raw_native_fdr,8.0,detection_template,final_clustering,374,227,unmatched_cluster,unmatched_cluster,2
raw_native_fdr,8.0,detection_template,final_clustering,375,224,unmatched_cluster,unmatched_cluster,4
raw_native_fdr,8.0,detection_template,final_clustering,375,226,unmatched_cluster,unmatched_cluster,2
raw_native_fdr,8.0,detection_template,final_clustering,376,225,unmatched_cluster,unmatched_cluster,156
raw_native_fdr,8.0,detection_template,final_clustering,376,226,unmatched_cluster,unmatched_cluster,93
raw_native_fdr,8.0,detection_template,final_clustering,377,224,unmatched_cluster,unmatched_cluster,20
raw_native_fdr,8.0,detection_template,final_clustering,377,226,unmatched_cluster,unmatched_cluster,49
raw_native_fdr,8.0,detection_template,final_clustering,377,227,unmatched_cluster,unmatched_cluster,11
raw_native_fdr,8.0,detection_template,final_clustering,378,227,unmatched_cluster,unmatched_cluster,1778
raw_native_fdr,8.0,detection_template,final_clustering,379,229,unmatched_cluster,unmatched_cluster,23
raw_native_fdr,8.0,detection_template,final_clustering,381,230,unmatched_cluster,unmatched_cluster,40
raw_native_fdr,8.0,detection_template,final_clustering,381,236,unmatched_cluster,unmatched_cluster,1810
raw_native_fdr,8.0,detection_template,final_clustering,382,229,unmatched_cluster,unmatched_cluster,159
raw_native_fdr,8.0,detection_template,final_clustering,383,229,unmatched_cluster,unmatched_cluster,45
raw_native_fdr,8.0,detection_template,final_clustering,384,229,unmatched_cluster,unmatched_cluster,450
raw_native_fdr,8.0,detection_template,final_clustering,385,229,unmatched_cluster,unmatched_cluster,49
raw_native_fdr,8.0,detection_template,final_clustering,386,229,unmatched_cluster,unmatched_cluster,25
raw_native_fdr,8.0,detection_template,final_clustering,387,229,unmatched_cluster,unmatched_cluster,7
raw_native_fdr,8.0,detection_template,final_clustering,388,229,unmatched_cluster,unmatched_cluster,8
raw_native_fdr,8.0,detection_template,final_clustering,390,233,unmatched_cluster,unmatched_cluster,683
raw_native_fdr,8.0,detection_template,final_clustering,391,232,unmatched_cluster,unmatched_cluster,10
raw_native_fdr,8.0,detection_template,final_clustering,391,235,unmatched_cluster,unmatched_cluster,6
raw_native_fdr,8.0,detection_template,final_clustering,392,232,unmatched_cluster,unmatched_cluster,6
raw_native_fdr,8.0,detection_template,final_clustering,392,235,unmatched_cluster,unmatched_cluster,203
raw_native_fdr,8.0,detection_template,final_clustering,393,234,unmatched_cluster,unmatched_cluster,13
raw_native_fdr,8.0,detection_template,final_clustering,394,230,unmatched_cluster,unmatched_cluster,2
raw_native_fdr,8.0,detection_template,final_clustering,394,232,unmatched_cluster,unmatched_cluster,4
raw_native_fdr,8.0,detection_template,final_clustering,394,233,unmatched_cluster,unmatched_cluster,8
raw_native_fdr,8.0,detection_template,final_clustering,394,235,unmatched_cluster,unmatched_cluster,1
raw_native_fdr,8.0,detection_template,final_clustering,396,232,unmatched_cluster,unmatched_cluster,228
raw_native_fdr,8.0,detection_template,final_clustering,396,235,unmatched_cluster,unmatched_cluster,3
raw_native_fdr,8.0,detection_template,final_clustering,397,230,unmatched_cluster,unmatched_cluster,13
raw_native_fdr,8.0,detection_template,final_clustering,397,231,unmatched_cluster,unmatched_cluster,260
raw_native_fdr,8.0,detection_template,final_clustering,397,234,unmatched_cluster,unmatched_cluster,3
raw_native_fdr,8.0,detection_template,final_clustering,397,236,unmatched_cluster,unmatched_cluster,1
raw_native_fdr,8.0,detection_template,final_clustering,398,230,unmatched_cluster,unmatched_cluster,3888
raw_native_fdr,8.0,detection_template,final_clustering,398,236,unmatched_cluster,unmatched_cluster,2
raw_native_fdr,8.0,detection_template,final_clustering,399,234,unmatched_cluster,unmatched_cluster,27284
raw_native_fdr,8.0,detection_template,final_clustering,400,238,unmatched_cluster,unmatched_cluster,1
raw_native_fdr,8.0,detection_template,final_clustering,401,237,unmatched_cluster,unmatched_cluster,16
raw_native_fdr,8.0,detection_template,final_clustering,402,238,unmatched_cluster,unmatched_cluster,702
raw_native_fdr,8.0,detection_template,final_clustering,403,238,unmatched_cluster,unmatched_cluster,48
raw_native_fdr,8.0,detection_template,final_clustering,404,237,unmatched_cluster,unmatched_cluster,12
raw_native_fdr,8.0,detection_template,final_clustering,404,239,unmatched_cluster,unmatched_cluster,209
raw_native_fdr,8.0,detection_template,final_clustering,405,237,unmatched_cluster,unmatched_cluster,5368
raw_native_fdr,8.0,detection_template,final_clustering,406,237,unmatched_cluster,unmatched_cluster,94
raw_native_fdr,8.0,detection_template,final_clustering,408,240,unmatched_cluster,unmatched_cluster,258
raw_native_fdr,8.0,detection_template,final_clustering,409,240,unmatched_cluster,unmatched_cluster,15
raw_native_fdr,8.0,detection_template,final_clustering,409,241,unmatched_cluster,unmatched_cluster,1
raw_native_fdr,8.0,detection_template,final_clustering,409,242,unmatched_cluster,unmatched_cluster,35
raw_native_fdr,8.0,detection_template,final_clustering,410,241,unmatched_cluster,unmatched_cluster,521
raw_native_fdr,8.0,detection_template,final_clustering,411,240,unmatched_cluster,unmatched_cluster,2826
raw_native_fdr,8.0,detection_template,final_clustering,412,242,unmatched_cluster,unmatched_cluster,3344
raw_native_fdr,8.0,detection_template,final_clustering,413,240,unmatched_cluster,unmatched_cluster,13
raw_native_fdr,8.0,detection_template,final_clustering,413,241,unmatched_cluster,unmatched_cluster,141
raw_native_fdr,8.0,detection_template,final_clustering,414,240,unmatched_cluster,unmatched_cluster,34
raw_native_fdr,8.0,detection_template,final_clustering,415,243,unmatched_cluster,unmatched_cluster,1452
raw_native_fdr,8.0,detection_template,final_clustering,416,246,unmatched_cluster,unmatched_cluster,208
raw_native_fdr,8.0,detection_template,final_clustering,416,250,unmatched_cluster,unmatched_cluster,10
raw_native_fdr,8.0,detection_template,final_clustering,417,241,unmatched_cluster,unmatched_cluster,62
raw_native_fdr,8.0,detection_template,final_clustering,417,243,unmatched_cluster,unmatched_cluster,24
raw_native_fdr,8.0,detection_template,final_clustering,419,248,unmatched_cluster,unmatched_cluster,1
raw_native_fdr,8.0,detection_template,final_clustering,419,249,unmatched_cluster,unmatched_cluster,512
raw_native_fdr,8.0,detection_template,final_clustering,420,245,unmatched_cluster,unmatched_cluster,60
raw_native_fdr,8.0,detection_template,final_clustering,420,249,unmatched_cluster,unmatched_cluster,1
raw_native_fdr,8.0,detection_template,final_clustering,421,244,unmatched_cluster,unmatched_cluster,2
raw_native_fdr,8.0,detection_template,final_clustering,421,248,unmatched_cluster,unmatched_cluster,3
raw_native_fdr,8.0,detection_template,final_clustering,421,249,unmatched_cluster,unmatched_cluster,6
raw_native_fdr,8.0,detection_template,final_clustering,422,248,unmatched_cluster,unmatched_cluster,886
raw_native_fdr,8.0,detection_template,final_clustering,423,244,unmatched_cluster,unmatched_cluster,2
raw_native_fdr,8.0,detection_template,final_clustering,423,248,unmatched_cluster,unmatched_cluster,39
raw_native_fdr,8.0,detection_template,final_clustering,423,249,unmatched_cluster,unmatched_cluster,2
raw_native_fdr,8.0,detection_template,final_clustering,424,248,unmatched_cluster,unmatched_cluster,14
raw_native_fdr,8.0,detection_template,final_clustering,424,250,unmatched_cluster,unmatched_cluster,26
raw_native_fdr,8.0,detection_template,final_clustering,425,250,unmatched_cluster,unmatched_cluster,11086
raw_native_fdr,8.0,detection_template,final_clustering,426,247,unmatched_cluster,unmatched_cluster,223
raw_native_fdr,8.0,detection_template,final_clustering,426,250,unmatched_cluster,unmatched_cluster,118
raw_native_fdr,8.0,detection_template,final_clustering,427,244,unmatched_cluster,unmatched_cluster,1407
raw_native_fdr,8.0,detection_template,final_clustering,427,248,unmatched_cluster,unmatched_cluster,1
raw_native_fdr,8.0,detection_template,final_clustering,428,245,unmatched_cluster,unmatched_cluster,25
raw_native_fdr,8.0,detection_template,final_clustering,428,248,unmatched_cluster,unmatched_cluster,1
raw_native_fdr,8.0,detection_template,final_clustering,428,249,unmatched_cluster,unmatched_cluster,17
raw_native_fdr,8.0,detection_template,final_clustering,429,252,unmatched_cluster,unmatched_cluster,10
raw_native_fdr,8.0,detection_template,final_clustering,429,255,unmatched_cluster,unmatched_cluster,1
raw_native_fdr,8.0,detection_template,final_clustering,429,256,unmatched_cluster,unmatched_cluster,1
raw_native_fdr,8.0,detection_template,final_clustering,429,257,unmatched_cluster,unmatched_cluster,630
raw_native_fdr,8.0,detection_template,final_clustering,430,251,unmatched_cluster,unmatched_cluster,5913
raw_native_fdr,8.0,detection_template,final_clustering,430,253,unmatched_cluster,unmatched_cluster,7482
raw_native_fdr,8.0,detection_template,final_clustering,431,257,unmatched_cluster,unmatched_cluster,1
raw_native_fdr,8.0,detection_template,final_clustering,432,251,unmatched_cluster,unmatched_cluster,10
raw_native_fdr,8.0,detection_template,final_clustering,432,253,unmatched_cluster,unmatched_cluster,76
raw_native_fdr,8.0,detection_template,final_clustering,432,254,unmatched_cluster,unmatched_cluster,939
raw_native_fdr,8.0,detection_template,final_clustering,433,252,unmatched_cluster,unmatched_cluster,2
raw_native_fdr,8.0,detection_template,final_clustering,433,256,unmatched_cluster,unmatched_cluster,2
raw_native_fdr,8.0,detection_template,final_clustering,433,257,unmatched_cluster,unmatched_cluster,53
raw_native_fdr,8.0,detection_template,final_clustering,434,258,unmatched_cluster,unmatched_cluster,421
raw_native_fdr,8.0,detection_template,final_clustering,435,256,unmatched_cluster,unmatched_cluster,300
raw_native_fdr,8.0,detection_template,final_clustering,436,251,unmatched_cluster,unmatched_cluster,15
raw_native_fdr,8.0,detection_template,final_clustering,436,253,unmatched_cluster,unmatched_cluster,119
raw_native_fdr,8.0,detection_template,final_clustering,437,259,unmatched_cluster,unmatched_cluster,306
raw_native_fdr,8.0,detection_template,final_clustering,438,252,unmatched_cluster,unmatched_cluster,2824
raw_native_fdr,8.0,detection_template,final_clustering,438,255,unmatched_cluster,unmatched_cluster,3332
raw_native_fdr,8.0,detection_template,final_clustering,438,257,unmatched_cluster,unmatched_cluster,37
raw_native_fdr,8.0,detection_template,final_clustering,439,253,unmatched_cluster,unmatched_cluster,9
raw_native_fdr,8.0,detection_template,final_clustering,439,257,unmatched_cluster,unmatched_cluster,1
raw_native_fdr,8.0,detection_template,final_clustering,439,259,unmatched_cluster,unmatched_cluster,11133
raw_native_fdr,8.0,detection_template,final_clustering,440,264,unmatched_cluster,unmatched_cluster,99
raw_native_fdr,8.0,detection_template,final_clustering,440,270,unmatched_cluster,unmatched_cluster,1178
raw_native_fdr,8.0,detection_template,final_clustering,441,273,unmatched_cluster,unmatched_cluster,1
raw_native_fdr,8.0,detection_template,final_clustering,441,277,unmatched_cluster,unmatched_cluster,5
raw_native_fdr,8.0,detection_template,final_clustering,441,278,unmatched_cluster,unmatched_cluster,3
raw_native_fdr,8.0,detection_template,final_clustering,441,279,unmatched_cluster,unmatched_cluster,3742
raw_native_fdr,8.0,detection_template,final_clustering,442,252,unmatched_cluster,unmatched_cluster,1
raw_native_fdr,8.0,detection_template,final_clustering,442,256,unmatched_cluster,unmatched_cluster,27
raw_native_fdr,8.0,detection_template,final_clustering,442,257,unmatched_cluster,unmatched_cluster,7
raw_native_fdr,8.0,detection_template,final_clustering,442,258,unmatched_cluster,unmatched_cluster,1
raw_native_fdr,8.0,detection_template,final_clustering,443,264,unmatched_cluster,unmatched_cluster,96
raw_native_fdr,8.0,detection_template,final_clustering,443,270,unmatched_cluster,unmatched_cluster,8
raw_native_fdr,8.0,detection_template,final_clustering,444,263,unmatched_cluster,unmatched_cluster,1
raw_native_fdr,8.0,detection_template,final_clustering,444,267,unmatched_cluster,unmatched_cluster,9
raw_native_fdr,8.0,detection_template,final_clustering,444,268,unmatched_cluster,unmatched_cluster,2517
raw_native_fdr,8.0,detection_template,final_clustering,444,269,unmatched_cluster,unmatched_cluster,2
raw_native_fdr,8.0,detection_template,final_clustering,445,263,unmatched_cluster,unmatched_cluster,4460
raw_native_fdr,8.0,detection_template,final_clustering,445,267,unmatched_cluster,unmatched_cluster,62
raw_native_fdr,8.0,detection_template,final_clustering,445,268,unmatched_cluster,unmatched_cluster,1
raw_native_fdr,8.0,detection_template,final_clustering,446,262,unmatched_cluster,unmatched_cluster,103
raw_native_fdr,8.0,detection_template,final_clustering,446,265,unmatched_cluster,unmatched_cluster,11565
raw_native_fdr,8.0,detection_template,final_clustering,447,277,unmatched_cluster,unmatched_cluster,1030
raw_native_fdr,8.0,detection_template,final_clustering,447,278,unmatched_cluster,unmatched_cluster,1
raw_native_fdr,8.0,detection_template,final_clustering,447,279,unmatched_cluster,unmatched_cluster,21
raw_native_fdr,8.0,detection_template,final_clustering,448,267,unmatched_cluster,unmatched_cluster,1
raw_native_fdr,8.0,detection_template,final_clustering,449,264,unmatched_cluster,unmatched_cluster,193
raw_native_fdr,8.0,detection_template,final_clustering,449,265,unmatched_cluster,unmatched_cluster,1
raw_native_fdr,8.0,detection_template,final_clustering,449,270,unmatched_cluster,unmatched_cluster,436
raw_native_fdr,8.0,detection_template,final_clustering,450,262,unmatched_cluster,unmatched_cluster,1
raw_native_fdr,8.0,detection_template,final_clustering,450,265,unmatched_cluster,unmatched_cluster,26
raw_native_fdr,8.0,detection_template,final_clustering,450,266,unmatched_cluster,unmatched_cluster,132
raw_native_fdr,8.0,detection_template,final_clustering,451,263,unmatched_cluster,unmatched_cluster,1
raw_native_fdr,8.0,detection_template,final_clustering,451,267,unmatched_cluster,unmatched_cluster,8
raw_native_fdr,8.0,detection_template,final_clustering,451,268,unmatched_cluster,unmatched_cluster,10
raw_native_fdr,8.0,detection_template,final_clustering,451,269,unmatched_cluster,unmatched_cluster,648
raw_native_fdr,8.0,detection_template,final_clustering,452,267,unmatched_cluster,unmatched_cluster,63
raw_native_fdr,8.0,detection_template,final_clustering,452,268,unmatched_cluster,unmatched_cluster,180
raw_native_fdr,8.0,detection_template,final_clustering,453,260,unmatched_cluster,unmatched_cluster,2629
raw_native_fdr,8.0,detection_template,final_clustering,453,262,unmatched_cluster,unmatched_cluster,21
raw_native_fdr,8.0,detection_template,final_clustering,453,265,unmatched_cluster,unmatched_cluster,19
raw_native_fdr,8.0,detection_template,final_clustering,454,260,unmatched_cluster,unmatched_cluster,2
raw_native_fdr,8.0,detection_template,final_clustering,454,262,unmatched_cluster,unmatched_cluster,8002
raw_native_fdr,8.0,detection_template,final_clustering,454,265,unmatched_cluster,unmatched_cluster,174
raw_native_fdr,8.0,detection_template,final_clustering,455,263,unmatched_cluster,unmatched_cluster,105
raw_native_fdr,8.0,detection_template,final_clustering,455,267,unmatched_cluster,unmatched_cluster,816
raw_native_fdr,8.0,detection_template,final_clustering,455,268,unmatched_cluster,unmatched_cluster,23
raw_native_fdr,8.0,detection_template,final_clustering,455,269,unmatched_cluster,unmatched_cluster,3
raw_native_fdr,8.0,detection_template,final_clustering,456,271,unmatched_cluster,unmatched_cluster,11155
raw_native_fdr,8.0,detection_template,final_clustering,456,274,unmatched_cluster,unmatched_cluster,1
raw_native_fdr,8.0,detection_template,final_clustering,457,275,unmatched_cluster,unmatched_cluster,5288
raw_native_fdr,8.0,detection_template,final_clustering,457,276,unmatched_cluster,unmatched_cluster,1
raw_native_fdr,8.0,detection_template,final_clustering,458,275,unmatched_cluster,unmatched_cluster,7
raw_native_fdr,8.0,detection_template,final_clustering,458,276,unmatched_cluster,unmatched_cluster,2083
raw_native_fdr,8.0,detection_template,final_clustering,459,261,unmatched_cluster,unmatched_cluster,113
raw_native_fdr,8.0,detection_template,final_clustering,459,262,unmatched_cluster,unmatched_cluster,1
raw_native_fdr,8.0,detection_template,final_clustering,459,264,unmatched_cluster,unmatched_cluster,1
raw_native_fdr,8.0,detection_template,final_clustering,459,265,unmatched_cluster,unmatched_cluster,19
raw_native_fdr,8.0,detection_template,final_clustering,459,266,unmatched_cluster,unmatched_cluster,1
raw_native_fdr,8.0,detection_template,final_clustering,460,271,unmatched_cluster,unmatched_cluster,36
raw_native_fdr,8.0,detection_template,final_clustering,460,273,unmatched_cluster,unmatched_cluster,2
raw_native_fdr,8.0,detection_template,final_clustering,460,274,unmatched_cluster,unmatched_cluster,536
raw_native_fdr,8.0,detection_template,final_clustering,461,273,unmatched_cluster,unmatched_cluster,39
raw_native_fdr,8.0,detection_template,final_clustering,461,274,unmatched_cluster,unmatched_cluster,1
raw_native_fdr,8.0,detection_template,final_clustering,461,277,unmatched_cluster,unmatched_cluster,65
raw_native_fdr,8.0,detection_template,final_clustering,461,278,unmatched_cluster,unmatched_cluster,32
raw_native_fdr,8.0,detection_template,final_clustering,461,279,unmatched_cluster,unmatched_cluster,3
raw_native_fdr,8.0,detection_template,final_clustering,462,278,unmatched_cluster,unmatched_cluster,1584
raw_native_fdr,8.0,detection_template,final_clustering,462,279,unmatched_cluster,unmatched_cluster,3
raw_native_fdr,8.0,detection_template,final_clustering,463,273,unmatched_cluster,unmatched_cluster,1162
raw_native_fdr,8.0,detection_template,final_clustering,463,278,unmatched_cluster,unmatched_cluster,2
raw_native_fdr,8.0,detection_template,final_clustering,463,279,unmatched_cluster,unmatched_cluster,5
raw_native_fdr,8.0,detection_template,final_clustering,463,280,unmatched_cluster,unmatched_cluster,4
raw_native_fdr,8.0,detection_template,final_clustering,464,271,unmatched_cluster,unmatched_cluster,31
raw_native_fdr,8.0,detection_template,final_clustering,464,272,unmatched_cluster,unmatched_cluster,241
raw_native_fdr,8.0,detection_template,final_clustering,464,273,unmatched_cluster,unmatched_cluster,1
raw_native_fdr,8.0,detection_template,final_clustering,464,274,unmatched_cluster,unmatched_cluster,1
raw_native_fdr,8.0,detection_template,final_clustering,464,276,unmatched_cluster,unmatched_cluster,37
raw_native_fdr,8.0,detection_template,final_clustering,465,281,unmatched_cluster,unmatched_cluster,9583
raw_native_fdr,8.0,detection_template,final_clustering,466,273,unmatched_cluster,unmatched_cluster,16
raw_native_fdr,8.0,detection_template,final_clustering,466,280,unmatched_cluster,unmatched_cluster,9288
raw_native_fdr,8.0,detection_template,final_clustering,466,281,unmatched_cluster,unmatched_cluster,2
raw_native_fdr,8.0,detection_template,final_clustering,467,286,unmatched_cluster,unmatched_cluster,2
raw_native_fdr,8.0,detection_template,final_clustering,468,285,unmatched_cluster,unmatched_cluster,152
raw_native_fdr,8.0,detection_template,final_clustering,468,287,unmatched_cluster,unmatched_cluster,16
raw_native_fdr,8.0,detection_template,final_clustering,468,291,unmatched_cluster,unmatched_cluster,16
raw_native_fdr,8.0,detection_template,final_clustering,468,292,unmatched_cluster,unmatched_cluster,1
raw_native_fdr,8.0,detection_template,final_clustering,468,298,unmatched_cluster,unmatched_cluster,28
raw_native_fdr,8.0,detection_template,final_clustering,469,287,unmatched_cluster,unmatched_cluster,20
raw_native_fdr,8.0,detection_template,final_clustering,469,292,unmatched_cluster,unmatched_cluster,3
raw_native_fdr,8.0,detection_template,final_clustering,469,296,unmatched_cluster,unmatched_cluster,5
raw_native_fdr,8.0,detection_template,final_clustering,470,285,unmatched_cluster,unmatched_cluster,92
raw_native_fdr,8.0,detection_template,final_clustering,470,287,unmatched_cluster,unmatched_cluster,62
raw_native_fdr,8.0,detection_template,final_clustering,470,289,unmatched_cluster,unmatched_cluster,3
raw_native_fdr,8.0,detection_template,final_clustering,470,291,unmatched_cluster,unmatched_cluster,56
raw_native_fdr,8.0,detection_template,final_clustering,470,294,unmatched_cluster,unmatched_cluster,1
raw_native_fdr,8.0,detection_template,final_clustering,470,298,unmatched_cluster,unmatched_cluster,10
raw_native_fdr,8.0,detection_template,final_clustering,471,282,unmatched_cluster,unmatched_cluster,24
raw_native_fdr,8.0,detection_template,final_clustering,471,295,unmatched_cluster,unmatched_cluster,901
raw_native_fdr,8.0,detection_template,final_clustering,472,284,unmatched_cluster,unmatched_cluster,307
raw_native_fdr,8.0,detection_template,final_clustering,472,287,unmatched_cluster,unmatched_cluster,74
raw_native_fdr,8.0,detection_template,final_clustering,472,290,unmatched_cluster,unmatched_cluster,1
raw_native_fdr,8.0,detection_template,final_clustering,472,296,unmatched_cluster,unmatched_cluster,1
raw_native_fdr,8.0,detection_template,final_clustering,473,307,unmatched_cluster,unmatched_cluster,931
raw_native_fdr,8.0,detection_template,final_clustering,473,309,unmatched_cluster,unmatched_cluster,14
raw_native_fdr,8.0,detection_template,final_clustering,474,285,unmatched_cluster,unmatched_cluster,1
raw_native_fdr,8.0,detection_template,final_clustering,474,286,unmatched_cluster,unmatched_cluster,12
raw_native_fdr,8.0,detection_template,final_clustering,474,287,unmatched_cluster,unmatched_cluster,6
raw_native_fdr,8.0,detection_template,final_clustering,474,288,unmatched_cluster,unmatched_cluster,8
raw_native_fdr,8.0,detection_template,final_clustering,474,292,unmatched_cluster,unmatched_cluster,269
raw_native_fdr,8.0,detection_template,final_clustering,474,293,unmatched_cluster,unmatched_cluster,39
raw_native_fdr,8.0,detection_template,final_clustering,474,296,unmatched_cluster,unmatched_cluster,2
raw_native_fdr,8.0,detection_template,final_clustering,474,297,unmatched_cluster,unmatched_cluster,1
raw_native_fdr,8.0,detection_template,final_clustering,475,300,unmatched_cluster,unmatched_cluster,2
raw_native_fdr,8.0,detection_template,final_clustering,475,307,unmatched_cluster,unmatched_cluster,335
raw_native_fdr,8.0,detection_template,final_clustering,476,286,unmatched_cluster,unmatched_cluster,7
raw_native_fdr,8.0,detection_template,final_clustering,476,287,unmatched_cluster,unmatched_cluster,2
raw_native_fdr,8.0,detection_template,final_clustering,476,293,unmatched_cluster,unmatched_cluster,2
raw_native_fdr,8.0,detection_template,final_clustering,476,296,unmatched_cluster,unmatched_cluster,2
raw_native_fdr,8.0,detection_template,final_clustering,477,283,unmatched_cluster,unmatched_cluster,1
raw_native_fdr,8.0,detection_template,final_clustering,477,284,unmatched_cluster,unmatched_cluster,3
raw_native_fdr,8.0,detection_template,final_clustering,477,285,unmatched_cluster,unmatched_cluster,3
raw_native_fdr,8.0,detection_template,final_clustering,477,287,unmatched_cluster,unmatched_cluster,2363
raw_native_fdr,8.0,detection_template,final_clustering,477,298,unmatched_cluster,unmatched_cluster,4
raw_native_fdr,8.0,detection_template,final_clustering,478,304,unmatched_cluster,unmatched_cluster,752
raw_native_fdr,8.0,detection_template,final_clustering,478,305,unmatched_cluster,unmatched_cluster,3
raw_native_fdr,8.0,detection_template,final_clustering,478,306,unmatched_cluster,unmatched_cluster,2
raw_native_fdr,8.0,detection_template,final_clustering,479,288,unmatched_cluster,unmatched_cluster,635
raw_native_fdr,8.0,detection_template,final_clustering,479,292,unmatched_cluster,unmatched_cluster,4
raw_native_fdr,8.0,detection_template,final_clustering,479,293,unmatched_cluster,unmatched_cluster,2
raw_native_fdr,8.0,detection_template,final_clustering,479,297,unmatched_cluster,unmatched_cluster,2021
raw_native_fdr,8.0,detection_template,final_clustering,480,286,unmatched_cluster,unmatched_cluster,7
raw_native_fdr,8.0,detection_template,final_clustering,480,288,unmatched_cluster,unmatched_cluster,1
raw_native_fdr,8.0,detection_template,final_clustering,480,293,unmatched_cluster,unmatched_cluster,926
raw_native_fdr,8.0,detection_template,final_clustering,480,296,unmatched_cluster,unmatched_cluster,1
raw_native_fdr,8.0,detection_template,final_clustering,481,282,unmatched_cluster,unmatched_cluster,22
raw_native_fdr,8.0,detection_template,final_clustering,481,283,unmatched_cluster,unmatched_cluster,4
raw_native_fdr,8.0,detection_template,final_clustering,481,287,unmatched_cluster,unmatched_cluster,15
raw_native_fdr,8.0,detection_template,final_clustering,481,289,unmatched_cluster,unmatched_cluster,4
raw_native_fdr,8.0,detection_template,final_clustering,481,294,unmatched_cluster,unmatched_cluster,4
raw_native_fdr,8.0,detection_template,final_clustering,481,295,unmatched_cluster,unmatched_cluster,79
raw_native_fdr,8.0,detection_template,final_clustering,482,283,unmatched_cluster,unmatched_cluster,659
raw_native_fdr,8.0,detection_template,final_clustering,482,287,unmatched_cluster,unmatched_cluster,5
raw_native_fdr,8.0,detection_template,final_clustering,482,289,unmatched_cluster,unmatched_cluster,1
raw_native_fdr,8.0,detection_template,final_clustering,482,298,unmatched_cluster,unmatched_cluster,11
raw_native_fdr,8.0,detection_template,final_clustering,482,299,unmatched_cluster,unmatched_cluster,1
raw_native_fdr,8.0,detection_template,final_clustering,483,287,unmatched_cluster,unmatched_cluster,6
raw_native_fdr,8.0,detection_template,final_clustering,483,289,unmatched_cluster,unmatched_cluster,594
raw_native_fdr,8.0,detection_template,final_clustering,483,290,unmatched_cluster,unmatched_cluster,1297
raw_native_fdr,8.0,detection_template,final_clustering,483,294,unmatched_cluster,unmatched_cluster,137
raw_native_fdr,8.0,detection_template,final_clustering,484,307,unmatched_cluster,unmatched_cluster,123
raw_native_fdr,8.0,detection_template,final_clustering,484,309,unmatched_cluster,unmatched_cluster,3
raw_native_fdr,8.0,detection_template,final_clustering,485,283,unmatched_cluster,unmatched_cluster,2
raw_native_fdr,8.0,detection_template,final_clustering,485,295,unmatched_cluster,unmatched_cluster,2
raw_native_fdr,8.0,detection_template,final_clustering,485,298,unmatched_cluster,unmatched_cluster,3
raw_native_fdr,8.0,detection_template,final_clustering,485,299,unmatched_cluster,unmatched_cluster,2333
raw_native_fdr,8.0,detection_template,final_clustering,486,283,unmatched_cluster,unmatched_cluster,2
raw_native_fdr,8.0,detection_template,final_clustering,486,287,unmatched_cluster,unmatched_cluster,2
raw_native_fdr,8.0,detection_template,final_clustering,486,291,unmatched_cluster,unmatched_cluster,173
raw_native_fdr,8.0,detection_template,final_clustering,486,298,unmatched_cluster,unmatched_cluster,3110
raw_native_fdr,8.0,detection_template,final_clustering,486,299,unmatched_cluster,unmatched_cluster,1
raw_native_fdr,8.0,detection_template,final_clustering,487,282,unmatched_cluster,unmatched_cluster,593
raw_native_fdr,8.0,detection_template,final_clustering,487,295,unmatched_cluster,unmatched_cluster,19
raw_native_fdr,8.0,detection_template,final_clustering,488,286,unmatched_cluster,unmatched_cluster,1048
raw_native_fdr,8.0,detection_template,final_clustering,488,287,unmatched_cluster,unmatched_cluster,4
raw_native_fdr,8.0,detection_template,final_clustering,488,293,unmatched_cluster,unmatched_cluster,39
raw_native_fdr,8.0,detection_template,final_clustering,488,296,unmatched_cluster,unmatched_cluster,2
raw_native_fdr,8.0,detection_template,final_clustering,489,286,unmatched_cluster,unmatched_cluster,5
raw_native_fdr,8.0,detection_template,final_clustering,489,292,unmatched_cluster,unmatched_cluster,1
raw_native_fdr,8.0,detection_template,final_clustering,489,293,unmatched_cluster,unmatched_cluster,9
raw_native_fdr,8.0,detection_template,final_clustering,489,296,unmatched_cluster,unmatched_cluster,570
raw_native_fdr,8.0,detection_template,final_clustering,490,314,unmatched_cluster,unmatched_cluster,3427
raw_native_fdr,8.0,detection_template,final_clustering,490,316,unmatched_cluster,unmatched_cluster,1
raw_native_fdr,8.0,detection_template,final_clustering,491,301,unmatched_cluster,unmatched_cluster,47
raw_native_fdr,8.0,detection_template,final_clustering,492,301,unmatched_cluster,unmatched_cluster,4
raw_native_fdr,8.0,detection_template,final_clustering,493,302,unmatched_cluster,unmatched_cluster,33
raw_native_fdr,8.0,detection_template,final_clustering,493,307,unmatched_cluster,unmatched_cluster,4
raw_native_fdr,8.0,detection_template,final_clustering,493,308,unmatched_cluster,unmatched_cluster,682
raw_native_fdr,8.0,detection_template,final_clustering,493,309,unmatched_cluster,unmatched_cluster,22
raw_native_fdr,8.0,detection_template,final_clustering,494,304,unmatched_cluster,unmatched_cluster,1
raw_native_fdr,8.0,detection_template,final_clustering,494,305,unmatched_cluster,unmatched_cluster,1622
raw_native_fdr,8.0,detection_template,final_clustering,495,301,unmatched_cluster,unmatched_cluster,454
raw_native_fdr,8.0,detection_template,final_clustering,496,308,unmatched_cluster,unmatched_cluster,1
raw_native_fdr,8.0,detection_template,final_clustering,496,309,unmatched_cluster,unmatched_cluster,4881
raw_native_fdr,8.0,detection_template,final_clustering,497,304,unmatched_cluster,unmatched_cluster,36
raw_native_fdr,8.0,detection_template,final_clustering,497,305,unmatched_cluster,unmatched_cluster,25
raw_native_fdr,8.0,detection_template,final_clustering,497,306,unmatched_cluster,unmatched_cluster,452
raw_native_fdr,8.0,detection_template,final_clustering,497,307,unmatched_cluster,unmatched_cluster,3
raw_native_fdr,8.0,detection_template,final_clustering,498,303,unmatched_cluster,unmatched_cluster,183
raw_native_fdr,8.0,detection_template,final_clustering,498,305,unmatched_cluster,unmatched_cluster,29
raw_native_fdr,8.0,detection_template,final_clustering,499,300,unmatched_cluster,unmatched_cluster,1726
raw_native_fdr,8.0,detection_template,final_clustering,500,300,unmatched_cluster,unmatched_cluster,2
raw_native_fdr,8.0,detection_template,final_clustering,500,302,unmatched_cluster,unmatched_cluster,849
raw_native_fdr,8.0,detection_template,final_clustering,500,307,unmatched_cluster,unmatched_cluster,7
raw_native_fdr,8.0,detection_template,final_clustering,501,316,unmatched_cluster,unmatched_cluster,2
raw_native_fdr,8.0,detection_template,final_clustering,502,312,unmatched_cluster,unmatched_cluster,24
raw_native_fdr,8.0,detection_template,final_clustering,502,314,unmatched_cluster,unmatched_cluster,22
raw_native_fdr,8.0,detection_template,final_clustering,502,315,unmatched_cluster,unmatched_cluster,24
raw_native_fdr,8.0,detection_template,final_clustering,503,310,unmatched_cluster,unmatched_cluster,2
raw_native_fdr,8.0,detection_template,final_clustering,503,312,unmatched_cluster,unmatched_cluster,1
raw_native_fdr,8.0,detection_template,final_clustering,503,313,unmatched_cluster,unmatched_cluster,899
raw_native_fdr,8.0,detection_template,final_clustering,504,312,unmatched_cluster,unmatched_cluster,4375
raw_native_fdr,8.0,detection_template,final_clustering,505,311,unmatched_cluster,unmatched_cluster,439
raw_native_fdr,8.0,detection_template,final_clustering,505,316,unmatched_cluster,unmatched_cluster,20
raw_native_fdr,8.0,detection_template,final_clustering,506,310,unmatched_cluster,unmatched_cluster,620
raw_native_fdr,8.0,detection_template,final_clustering,507,319,unmatched_cluster,unmatched_cluster,681
raw_native_fdr,8.0,detection_template,final_clustering,508,316,unmatched_cluster,unmatched_cluster,11113
raw_native_fdr,8.0,detection_template,final_clustering,509,321,unmatched_cluster,unmatched_cluster,4
raw_native_fdr,8.0,detection_template,final_clustering,510,321,unmatched_cluster,unmatched_cluster,312
raw_native_fdr,8.0,detection_template,final_clustering,511,317,unmatched_cluster,unmatched_cluster,220
raw_native_fdr,8.0,detection_template,final_clustering,511,319,unmatched_cluster,unmatched_cluster,2
raw_native_fdr,8.0,detection_template,final_clustering,511,320,unmatched_cluster,unmatched_cluster,8
raw_native_fdr,8.0,detection_template,final_clustering,512,321,unmatched_cluster,unmatched_cluster,110
raw_native_fdr,8.0,detection_template,final_clustering,513,323,unmatched_cluster,unmatched_cluster,20
raw_native_fdr,8.0,detection_template,final_clustering,513,325,unmatched_cluster,unmatched_cluster,54
raw_native_fdr,8.0,detection_template,final_clustering,514,319,unmatched_cluster,unmatched_cluster,5
raw_native_fdr,8.0,detection_template,final_clustering,514,320,unmatched_cluster,unmatched_cluster,676
raw_native_fdr,8.0,detection_template,final_clustering,515,318,unmatched_cluster,unmatched_cluster,191
raw_native_fdr,8.0,detection_template,final_clustering,515,321,unmatched_cluster,unmatched_cluster,1
raw_native_fdr,8.0,detection_template,final_clustering,516,317,unmatched_cluster,unmatched_cluster,3
raw_native_fdr,8.0,detection_template,final_clustering,516,318,unmatched_cluster,unmatched_cluster,1
raw_native_fdr,8.0,detection_template,final_clustering,516,320,unmatched_cluster,unmatched_cluster,108
raw_native_fdr,8.0,detection_template,final_clustering,517,323,unmatched_cluster,unmatched_cluster,911
raw_native_fdr,8.0,detection_template,final_clustering,517,325,unmatched_cluster,unmatched_cluster,3
raw_native_fdr,8.0,detection_template,final_clustering,518,323,unmatched_cluster,unmatched_cluster,2
raw_native_fdr,8.0,detection_template,final_clustering,518,325,unmatched_cluster,unmatched_cluster,3
raw_native_fdr,8.0,detection_template,final_clustering,519,325,unmatched_cluster,unmatched_cluster,6786
raw_native_fdr,8.0,detection_template,final_clustering,520,323,unmatched_cluster,unmatched_cluster,36
raw_native_fdr,8.0,detection_template,final_clustering,520,324,unmatched_cluster,unmatched_cluster,145
raw_native_fdr,8.0,detection_template,final_clustering,520,325,unmatched_cluster,unmatched_cluster,8
raw_native_fdr,8.0,detection_template,final_clustering,521,322,unmatched_cluster,unmatched_cluster,77
raw_native_fdr,8.0,detection_template,final_clustering,521,324,unmatched_cluster,unmatched_cluster,8666
raw_native_fdr,8.0,detection_template,final_clustering,522,328,unmatched_cluster,unmatched_cluster,3
raw_native_fdr,8.0,detection_template,final_clustering,522,329,unmatched_cluster,unmatched_cluster,1
raw_native_fdr,8.0,detection_template,final_clustering,523,329,unmatched_cluster,unmatched_cluster,1
raw_native_fdr,8.0,detection_template,final_clustering,523,331,unmatched_cluster,unmatched_cluster,266
raw_native_fdr,8.0,detection_template,final_clustering,524,333,unmatched_cluster,unmatched_cluster,354
raw_native_fdr,8.0,detection_template,final_clustering,524,335,unmatched_cluster,unmatched_cluster,11
raw_native_fdr,8.0,detection_template,final_clustering,525,326,unmatched_cluster,unmatched_cluster,1
raw_native_fdr,8.0,detection_template,final_clustering,525,328,unmatched_cluster,unmatched_cluster,9
raw_native_fdr,8.0,detection_template,final_clustering,525,330,unmatched_cluster,unmatched_cluster,213
raw_native_fdr,8.0,detection_template,final_clustering,526,329,unmatched_cluster,unmatched_cluster,85
raw_native_fdr,8.0,detection_template,final_clustering,527,326,unmatched_cluster,unmatched_cluster,1
raw_native_fdr,8.0,detection_template,final_clustering,527,328,unmatched_cluster,unmatched_cluster,469
raw_native_fdr,8.0,detection_template,final_clustering,528,326,unmatched_cluster,unmatched_cluster,33
raw_native_fdr,8.0,detection_template,final_clustering,528,327,unmatched_cluster,unmatched_cluster,332
raw_native_fdr,8.0,detection_template,final_clustering,528,328,unmatched_cluster,unmatched_cluster,52
raw_native_fdr,8.0,detection_template,final_clustering,528,329,unmatched_cluster,unmatched_cluster,2
raw_native_fdr,8.0,detection_template,final_clustering,528,330,unmatched_cluster,unmatched_cluster,4
raw_native_fdr,8.0,detection_template,final_clustering,529,328,unmatched_cluster,unmatched_cluster,8
raw_native_fdr,8.0,detection_template,final_clustering,529,329,unmatched_cluster,unmatched_cluster,124
raw_native_fdr,8.0,detection_template,final_clustering,530,337,unmatched_cluster,unmatched_cluster,10544
raw_native_fdr,8.0,detection_template,final_clustering,531,333,unmatched_cluster,unmatched_cluster,1
raw_native_fdr,8.0,detection_template,final_clustering,531,334,unmatched_cluster,unmatched_cluster,8
raw_native_fdr,8.0,detection_template,final_clustering,532,341,unmatched_cluster,unmatched_cluster,1
raw_native_fdr,8.0,detection_template,final_clustering,532,342,unmatched_cluster,unmatched_cluster,691
raw_native_fdr,8.0,detection_template,final_clustering,532,344,unmatched_cluster,unmatched_cluster,10
raw_native_fdr,8.0,detection_template,final_clustering,533,333,unmatched_cluster,unmatched_cluster,15
raw_native_fdr,8.0,detection_template,final_clustering,533,335,unmatched_cluster,unmatched_cluster,33
raw_native_fdr,8.0,detection_template,final_clustering,533,337,unmatched_cluster,unmatched_cluster,13
raw_native_fdr,8.0,detection_template,final_clustering,534,332,unmatched_cluster,unmatched_cluster,2
raw_native_fdr,8.0,detection_template,final_clustering,534,334,unmatched_cluster,unmatched_cluster,248
raw_native_fdr,8.0,detection_template,final_clustering,535,336,unmatched_cluster,unmatched_cluster,10195
raw_native_fdr,8.0,detection_template,final_clustering,536,332,unmatched_cluster,unmatched_cluster,5
raw_native_fdr,8.0,detection_template,final_clustering,536,334,unmatched_cluster,unmatched_cluster,36
raw_native_fdr,8.0,detection_template,final_clustering,536,335,unmatched_cluster,unmatched_cluster,8
raw_native_fdr,8.0,detection_template,final_clustering,536,336,unmatched_cluster,unmatched_cluster,1
raw_native_fdr,8.0,detection_template,final_clustering,537,332,unmatched_cluster,unmatched_cluster,210
raw_native_fdr,8.0,detection_template,final_clustering,537,334,unmatched_cluster,unmatched_cluster,8
raw_native_fdr,8.0,detection_template,final_clustering,537,335,unmatched_cluster,unmatched_cluster,3
raw_native_fdr,8.0,detection_template,final_clustering,537,336,unmatched_cluster,unmatched_cluster,3
raw_native_fdr,8.0,detection_template,final_clustering,538,333,unmatched_cluster,unmatched_cluster,14
raw_native_fdr,8.0,detection_template,final_clustering,538,335,unmatched_cluster,unmatched_cluster,475
raw_native_fdr,8.0,detection_template,final_clustering,538,337,unmatched_cluster,unmatched_cluster,6
raw_native_fdr,8.0,detection_template,final_clustering,539,340,unmatched_cluster,unmatched_cluster,39
raw_native_fdr,8.0,detection_template,final_clustering,539,342,unmatched_cluster,unmatched_cluster,15
raw_native_fdr,8.0,detection_template,final_clustering,540,341,unmatched_cluster,unmatched_cluster,254
raw_native_fdr,8.0,detection_template,final_clustering,540,342,unmatched_cluster,unmatched_cluster,12
raw_native_fdr,8.0,detection_template,final_clustering,540,344,unmatched_cluster,unmatched_cluster,29
raw_native_fdr,8.0,detection_template,final_clustering,541,340,unmatched_cluster,unmatched_cluster,47
raw_native_fdr,8.0,detection_template,final_clustering,541,342,unmatched_cluster,unmatched_cluster,16
raw_native_fdr,8.0,detection_template,final_clustering,542,334,unmatched_cluster,unmatched_cluster,681
raw_native_fdr,8.0,detection_template,final_clustering,543,335,unmatched_cluster,unmatched_cluster,42
raw_native_fdr,8.0,detection_template,final_clustering,543,337,unmatched_cluster,unmatched_cluster,3
raw_native_fdr,8.0,detection_template,final_clustering,544,341,unmatched_cluster,unmatched_cluster,46
raw_native_fdr,8.0,detection_template,final_clustering,544,342,unmatched_cluster,unmatched_cluster,18
raw_native_fdr,8.0,detection_template,final_clustering,544,344,unmatched_cluster,unmatched_cluster,4289
raw_native_fdr,8.0,detection_template,final_clustering,545,338,unmatched_cluster,unmatched_cluster,89
raw_native_fdr,8.0,detection_template,final_clustering,545,343,unmatched_cluster,unmatched_cluster,78
raw_native_fdr,8.0,detection_template,final_clustering,546,338,unmatched_cluster,unmatched_cluster,5
raw_native_fdr,8.0,detection_template,final_clustering,546,339,unmatched_cluster,unmatched_cluster,421
raw_native_fdr,8.0,detection_template,final_clustering,546,340,unmatched_cluster,unmatched_cluster,2
raw_native_fdr,8.0,detection_template,final_clustering,546,341,unmatched_cluster,unmatched_cluster,6
raw_native_fdr,8.0,detection_template,final_clustering,546,342,unmatched_cluster,unmatched_cluster,1
raw_native_fdr,8.0,detection_template,final_clustering,547,338,unmatched_cluster,unmatched_cluster,509
raw_native_fdr,8.0,detection_template,final_clustering,547,343,unmatched_cluster,unmatched_cluster,1
raw_native_fdr,8.0,detection_template,final_clustering,548,338,unmatched_cluster,unmatched_cluster,1
raw_native_fdr,8.0,detection_template,final_clustering,548,342,unmatched_cluster,unmatched_cluster,1
raw_native_fdr,8.0,detection_template,final_clustering,549,338,unmatched_cluster,unmatched_cluster,6
raw_native_fdr,8.0,detection_template,final_clustering,549,339,unmatched_cluster,unmatched_cluster,9
raw_native_fdr,8.0,detection_template,final_clustering,549,340,unmatched_cluster,unmatched_cluster,39
raw_native_fdr,8.0,detection_template,final_clustering,549,341,unmatched_cluster,unmatched_cluster,3
raw_native_fdr,8.0,detection_template,final_clustering,549,342,unmatched_cluster,unmatched_cluster,11
raw_native_fdr,8.0,detection_template,final_clustering,550,347,unmatched_cluster,unmatched_cluster,164
raw_native_fdr,8.0,detection_template,final_clustering,551,349,unmatched_cluster,unmatched_cluster,1
raw_native_fdr,8.0,detection_template,final_clustering,551,351,unmatched_cluster,unmatched_cluster,3059
raw_native_fdr,8.0,detection_template,final_clustering,552,349,unmatched_cluster,unmatched_cluster,16
raw_native_fdr,8.0,detection_template,final_clustering,552,351,unmatched_cluster,unmatched_cluster,1
raw_native_fdr,8.0,detection_template,final_clustering,552,353,unmatched_cluster,unmatched_cluster,1033
raw_native_fdr,8.0,detection_template,final_clustering,553,349,unmatched_cluster,unmatched_cluster,2922
raw_native_fdr,8.0,detection_template,final_clustering,554,347,unmatched_cluster,unmatched_cluster,9
raw_native_fdr,8.0,detection_template,final_clustering,554,352,unmatched_cluster,unmatched_cluster,1
raw_native_fdr,8.0,detection_template,final_clustering,555,349,unmatched_cluster,unmatched_cluster,1
raw_native_fdr,8.0,detection_template,final_clustering,555,352,unmatched_cluster,unmatched_cluster,159
raw_native_fdr,8.0,detection_template,final_clustering,556,350,unmatched_cluster,unmatched_cluster,278
raw_native_fdr,8.0,detection_template,final_clustering,556,351,unmatched_cluster,unmatched_cluster,1
raw_native_fdr,8.0,detection_template,final_clustering,557,345,unmatched_cluster,unmatched_cluster,266
raw_native_fdr,8.0,detection_template,final_clustering,557,346,unmatched_cluster,unmatched_cluster,308
raw_native_fdr,8.0,detection_template,final_clustering,557,348,unmatched_cluster,unmatched_cluster,161
raw_native_fdr,8.0,detection_template,final_clustering,557,349,unmatched_cluster,unmatched_cluster,2
raw_native_fdr,8.0,detection_template,final_clustering,557,351,unmatched_cluster,unmatched_cluster,1
raw_native_fdr,8.0,detection_template,final_clustering,558,349,unmatched_cluster,unmatched_cluster,7
raw_native_fdr,8.0,detection_template,final_clustering,558,350,unmatched_cluster,unmatched_cluster,1
raw_native_fdr,8.0,detection_template,final_clustering,558,351,unmatched_cluster,unmatched_cluster,54
raw_native_fdr,8.0,detection_template,final_clustering,559,350,unmatched_cluster,unmatched_cluster,2127
raw_native_fdr,8.0,detection_template,final_clustering,560,354,unmatched_cluster,unmatched_cluster,49
raw_native_fdr,8.0,detection_template,final_clustering,561,354,unmatched_cluster,unmatched_cluster,4
raw_native_fdr,8.0,detection_template,final_clustering,563,355,unmatched_cluster,unmatched_cluster,7
raw_native_fdr,8.0,detection_template,final_clustering,564,355,unmatched_cluster,unmatched_cluster,4
raw_native_fdr,8.0,detection_template,final_clustering,565,356,unmatched_cluster,unmatched_cluster,13
raw_native_fdr,8.0,detection_template,final_clustering,566,357,unmatched_cluster,unmatched_cluster,8
raw_native_fdr,8.0,detection_template,final_clustering,567,358,unmatched_cluster,unmatched_cluster,120
raw_native_fdr,8.0,detection_template,final_clustering,568,359,unmatched_cluster,unmatched_cluster,41
raw_native_fdr,8.0,detection_template,final_clustering,569,359,unmatched_cluster,unmatched_cluster,2
raw_native_fdr,8.0,detection_template,final_clustering,570,360,unmatched_cluster,unmatched_cluster,76
raw_native_fdr,8.0,detection_template,final_clustering,571,361,unmatched_cluster,unmatched_cluster,29
raw_native_fdr,8.0,detection_template,final_clustering,572,361,unmatched_cluster,unmatched_cluster,39
raw_native_fdr,8.0,detection_template,final_clustering,573,361,unmatched_cluster,unmatched_cluster,14
raw_native_fdr,8.0,detection_template,final_clustering,574,361,unmatched_cluster,unmatched_cluster,38
raw_native_fdr,8.0,detection_template,final_clustering,575,362,unmatched_cluster,unmatched_cluster,64
raw_native_fdr,8.0,detection_template,final_clustering,576,363,unmatched_cluster,unmatched_cluster,51
raw_native_fdr,8.0,detection_template,final_clustering,577,363,unmatched_cluster,unmatched_cluster,132
raw_native_fdr,8.0,detection_template,final_clustering,579,364,unmatched_cluster,unmatched_cluster,77
raw_native_fdr,8.0,detection_template,final_clustering,580,364,unmatched_cluster,unmatched_cluster,56
raw_native_fdr,8.0,detection_template,final_clustering,581,365,unmatched_cluster,unmatched_cluster,19
raw_native_fdr,8.0,detection_template,final_clustering,582,366,unmatched_cluster,unmatched_cluster,105
raw_native_fdr,8.0,detection_template,final_clustering,583,367,unmatched_cluster,unmatched_cluster,12
raw_native_fdr,8.0,detection_template,final_clustering,584,368,unmatched_cluster,unmatched_cluster,32
raw_native_fdr,8.0,detection_template,final_clustering,585,369,unmatched_cluster,unmatched_cluster,7
raw_native_fdr,8.0,detection_template,final_clustering,586,369,unmatched_cluster,unmatched_cluster,85
raw_native_fdr,8.0,final_clustering,cluster_merging,0,0,unmatched_cluster,unmatched_cluster,386
raw_native_fdr,8.0,final_clustering,cluster_merging,1,1,unmatched_cluster,unmatched_cluster,2530
raw_native_fdr,8.0,final_clustering,cluster_merging,2,2,unmatched_cluster,unmatched_cluster,1955
raw_native_fdr,8.0,final_clustering,cluster_merging,3,3,unmatched_cluster,unmatched_cluster,4676
raw_native_fdr,8.0,final_clustering,cluster_merging,4,4,unmatched_cluster,unmatched_cluster,1384
raw_native_fdr,8.0,final_clustering,cluster_merging,5,5,unmatched_cluster,unmatched_cluster,6620
raw_native_fdr,8.0,final_clustering,cluster_merging,6,6,unmatched_cluster,unmatched_cluster,727
raw_native_fdr,8.0,final_clustering,cluster_merging,7,7,unmatched_cluster,unmatched_cluster,5188
raw_native_fdr,8.0,final_clustering,cluster_merging,8,8,unmatched_cluster,unmatched_cluster,4633
raw_native_fdr,8.0,final_clustering,cluster_merging,9,9,unmatched_cluster,unmatched_cluster,299
raw_native_fdr,8.0,final_clustering,cluster_merging,10,10,unmatched_cluster,unmatched_cluster,3176
raw_native_fdr,8.0,final_clustering,cluster_merging,11,13,unmatched_cluster,unmatched_cluster,256
raw_native_fdr,8.0,final_clustering,cluster_merging,12,11,unmatched_cluster,unmatched_cluster,258
raw_native_fdr,8.0,final_clustering,cluster_merging,13,12,unmatched_cluster,unmatched_cluster,3844
raw_native_fdr,8.0,final_clustering,cluster_merging,14,13,unmatched_cluster,unmatched_cluster,10496
raw_native_fdr,8.0,final_clustering,cluster_merging,15,14,unmatched_cluster,unmatched_cluster,479
raw_native_fdr,8.0,final_clustering,cluster_merging,16,15,unmatched_cluster,unmatched_cluster,3414
raw_native_fdr,8.0,final_clustering,cluster_merging,17,16,unmatched_cluster,unmatched_cluster,1249
raw_native_fdr,8.0,final_clustering,cluster_merging,18,17,unmatched_cluster,unmatched_cluster,3272
raw_native_fdr,8.0,final_clustering,cluster_merging,19,18,unmatched_cluster,unmatched_cluster,716
raw_native_fdr,8.0,final_clustering,cluster_merging,20,19,unmatched_cluster,unmatched_cluster,357
raw_native_fdr,8.0,final_clustering,cluster_merging,21,20,unmatched_cluster,unmatched_cluster,4816
raw_native_fdr,8.0,final_clustering,cluster_merging,22,21,unmatched_cluster,unmatched_cluster,18993
raw_native_fdr,8.0,final_clustering,cluster_merging,23,22,unmatched_cluster,unmatched_cluster,6599
raw_native_fdr,8.0,final_clustering,cluster_merging,24,23,unmatched_cluster,unmatched_cluster,3920
raw_native_fdr,8.0,final_clustering,cluster_merging,25,24,unmatched_cluster,unmatched_cluster,2797
raw_native_fdr,8.0,final_clustering,cluster_merging,26,25,unmatched_cluster,unmatched_cluster,2663
raw_native_fdr,8.0,final_clustering,cluster_merging,27,26,unmatched_cluster,unmatched_cluster,11311
raw_native_fdr,8.0,final_clustering,cluster_merging,28,27,unmatched_cluster,unmatched_cluster,422
raw_native_fdr,8.0,final_clustering,cluster_merging,29,28,unmatched_cluster,unmatched_cluster,141
raw_native_fdr,8.0,final_clustering,cluster_merging,30,29,unmatched_cluster,unmatched_cluster,2528
raw_native_fdr,8.0,final_clustering,cluster_merging,31,30,unmatched_cluster,unmatched_cluster,607
raw_native_fdr,8.0,final_clustering,cluster_merging,32,31,unmatched_cluster,unmatched_cluster,170
raw_native_fdr,8.0,final_clustering,cluster_merging,33,32,unmatched_cluster,unmatched_cluster,1532
raw_native_fdr,8.0,final_clustering,cluster_merging,34,33,unmatched_cluster,unmatched_cluster,1277
raw_native_fdr,8.0,final_clustering,cluster_merging,35,34,unmatched_cluster,unmatched_cluster,2203
raw_native_fdr,8.0,final_clustering,cluster_merging,36,35,unmatched_cluster,unmatched_cluster,1468
raw_native_fdr,8.0,final_clustering,cluster_merging,37,36,unmatched_cluster,unmatched_cluster,393
raw_native_fdr,8.0,final_clustering,cluster_merging,38,37,unmatched_cluster,unmatched_cluster,227
raw_native_fdr,8.0,final_clustering,cluster_merging,39,37,unmatched_cluster,unmatched_cluster,7293
raw_native_fdr,8.0,final_clustering,cluster_merging,40,38,unmatched_cluster,unmatched_cluster,1308
raw_native_fdr,8.0,final_clustering,cluster_merging,41,39,unmatched_cluster,unmatched_cluster,4201
raw_native_fdr,8.0,final_clustering,cluster_merging,42,40,unmatched_cluster,unmatched_cluster,844
raw_native_fdr,8.0,final_clustering,cluster_merging,43,41,unmatched_cluster,unmatched_cluster,6375
raw_native_fdr,8.0,final_clustering,cluster_merging,44,42,unmatched_cluster,unmatched_cluster,11220
raw_native_fdr,8.0,final_clustering,cluster_merging,45,43,unmatched_cluster,unmatched_cluster,265
raw_native_fdr,8.0,final_clustering,cluster_merging,46,44,unmatched_cluster,unmatched_cluster,438
raw_native_fdr,8.0,final_clustering,cluster_merging,47,45,unmatched_cluster,unmatched_cluster,4928
raw_native_fdr,8.0,final_clustering,cluster_merging,48,46,unmatched_cluster,unmatched_cluster,4090
raw_native_fdr,8.0,final_clustering,cluster_merging,49,47,unmatched_cluster,unmatched_cluster,8905
raw_native_fdr,8.0,final_clustering,cluster_merging,50,48,unmatched_cluster,unmatched_cluster,1167
raw_native_fdr,8.0,final_clustering,cluster_merging,51,49,unmatched_cluster,unmatched_cluster,1696
raw_native_fdr,8.0,final_clustering,cluster_merging,52,50,unmatched_cluster,unmatched_cluster,116
raw_native_fdr,8.0,final_clustering,cluster_merging,53,51,unmatched_cluster,unmatched_cluster,137
raw_native_fdr,8.0,final_clustering,cluster_merging,54,52,unmatched_cluster,unmatched_cluster,1041
raw_native_fdr,8.0,final_clustering,cluster_merging,55,53,unmatched_cluster,unmatched_cluster,996
raw_native_fdr,8.0,final_clustering,cluster_merging,56,54,unmatched_cluster,unmatched_cluster,752
raw_native_fdr,8.0,final_clustering,cluster_merging,57,55,unmatched_cluster,unmatched_cluster,361
raw_native_fdr,8.0,final_clustering,cluster_merging,58,56,unmatched_cluster,unmatched_cluster,2785
raw_native_fdr,8.0,final_clustering,cluster_merging,59,57,unmatched_cluster,unmatched_cluster,81
raw_native_fdr,8.0,final_clustering,cluster_merging,60,58,unmatched_cluster,unmatched_cluster,648
raw_native_fdr,8.0,final_clustering,cluster_merging,61,59,unmatched_cluster,unmatched_cluster,102
raw_native_fdr,8.0,final_clustering,cluster_merging,62,60,unmatched_cluster,unmatched_cluster,4880
raw_native_fdr,8.0,final_clustering,cluster_merging,63,61,unmatched_cluster,unmatched_cluster,259
raw_native_fdr,8.0,final_clustering,cluster_merging,64,62,unmatched_cluster,unmatched_cluster,248
raw_native_fdr,8.0,final_clustering,cluster_merging,65,63,unmatched_cluster,unmatched_cluster,110
raw_native_fdr,8.0,final_clustering,cluster_merging,66,64,unmatched_cluster,unmatched_cluster,3
raw_native_fdr,8.0,final_clustering,cluster_merging,67,65,unmatched_cluster,unmatched_cluster,45
raw_native_fdr,8.0,final_clustering,cluster_merging,68,66,unmatched_cluster,unmatched_cluster,99
raw_native_fdr,8.0,final_clustering,cluster_merging,69,67,unmatched_cluster,unmatched_cluster,181
raw_native_fdr,8.0,final_clustering,cluster_merging,70,68,fp_matched_cluster,fp_matched_cluster,7
raw_native_fdr,8.0,final_clustering,cluster_merging,70,68,tp,tp,13161
raw_native_fdr,8.0,final_clustering,cluster_merging,71,69,unmatched_cluster,unmatched_cluster,160
raw_native_fdr,8.0,final_clustering,cluster_merging,72,70,unmatched_cluster,unmatched_cluster,18
raw_native_fdr,8.0,final_clustering,cluster_merging,73,71,fp_matched_cluster,fp_matched_cluster,14
raw_native_fdr,8.0,final_clustering,cluster_merging,73,71,tp,tp,17759
raw_native_fdr,8.0,final_clustering,cluster_merging,74,72,unmatched_cluster,unmatched_cluster,33
raw_native_fdr,8.0,final_clustering,cluster_merging,75,73,unmatched_cluster,unmatched_cluster,12232
raw_native_fdr,8.0,final_clustering,cluster_merging,76,74,unmatched_cluster,unmatched_cluster,1078
raw_native_fdr,8.0,final_clustering,cluster_merging,77,75,unmatched_cluster,unmatched_cluster,287
raw_native_fdr,8.0,final_clustering,cluster_merging,78,76,unmatched_cluster,unmatched_cluster,1028
raw_native_fdr,8.0,final_clustering,cluster_merging,79,77,unmatched_cluster,unmatched_cluster,237
raw_native_fdr,8.0,final_clustering,cluster_merging,80,78,unmatched_cluster,unmatched_cluster,432
raw_native_fdr,8.0,final_clustering,cluster_merging,81,79,unmatched_cluster,unmatched_cluster,161
raw_native_fdr,8.0,final_clustering,cluster_merging,82,80,unmatched_cluster,unmatched_cluster,529
raw_native_fdr,8.0,final_clustering,cluster_merging,83,81,unmatched_cluster,unmatched_cluster,1754
raw_native_fdr,8.0,final_clustering,cluster_merging,84,82,unmatched_cluster,unmatched_cluster,409
raw_native_fdr,8.0,final_clustering,cluster_merging,85,83,unmatched_cluster,unmatched_cluster,467
raw_native_fdr,8.0,final_clustering,cluster_merging,86,84,unmatched_cluster,unmatched_cluster,627
raw_native_fdr,8.0,final_clustering,cluster_merging,87,85,unmatched_cluster,unmatched_cluster,422
raw_native_fdr,8.0,final_clustering,cluster_merging,88,86,unmatched_cluster,unmatched_cluster,143
raw_native_fdr,8.0,final_clustering,cluster_merging,89,87,unmatched_cluster,unmatched_cluster,251
raw_native_fdr,8.0,final_clustering,cluster_merging,90,88,unmatched_cluster,unmatched_cluster,52
raw_native_fdr,8.0,final_clustering,cluster_merging,91,89,unmatched_cluster,unmatched_cluster,146
raw_native_fdr,8.0,final_clustering,cluster_merging,92,90,unmatched_cluster,unmatched_cluster,2
raw_native_fdr,8.0,final_clustering,cluster_merging,93,91,unmatched_cluster,unmatched_cluster,113
raw_native_fdr,8.0,final_clustering,cluster_merging,94,92,unmatched_cluster,unmatched_cluster,347
raw_native_fdr,8.0,final_clustering,cluster_merging,95,93,unmatched_cluster,unmatched_cluster,622
raw_native_fdr,8.0,final_clustering,cluster_merging,96,94,unmatched_cluster,unmatched_cluster,122
raw_native_fdr,8.0,final_clustering,cluster_merging,97,95,unmatched_cluster,unmatched_cluster,8168
raw_native_fdr,8.0,final_clustering,cluster_merging,98,96,unmatched_cluster,unmatched_cluster,6369
raw_native_fdr,8.0,final_clustering,cluster_merging,99,97,unmatched_cluster,unmatched_cluster,3131
raw_native_fdr,8.0,final_clustering,cluster_merging,100,98,unmatched_cluster,unmatched_cluster,388
raw_native_fdr,8.0,final_clustering,cluster_merging,101,99,unmatched_cluster,unmatched_cluster,215
raw_native_fdr,8.0,final_clustering,cluster_merging,102,100,unmatched_cluster,unmatched_cluster,189
raw_native_fdr,8.0,final_clustering,cluster_merging,103,101,unmatched_cluster,unmatched_cluster,283
raw_native_fdr,8.0,final_clustering,cluster_merging,104,102,unmatched_cluster,unmatched_cluster,922
raw_native_fdr,8.0,final_clustering,cluster_merging,105,103,unmatched_cluster,unmatched_cluster,183
raw_native_fdr,8.0,final_clustering,cluster_merging,106,105,unmatched_cluster,unmatched_cluster,597
raw_native_fdr,8.0,final_clustering,cluster_merging,107,105,unmatched_cluster,unmatched_cluster,513
raw_native_fdr,8.0,final_clustering,cluster_merging,108,104,unmatched_cluster,unmatched_cluster,31160
raw_native_fdr,8.0,final_clustering,cluster_merging,109,110,unmatched_cluster,unmatched_cluster,456
raw_native_fdr,8.0,final_clustering,cluster_merging,110,105,unmatched_cluster,unmatched_cluster,2951
raw_native_fdr,8.0,final_clustering,cluster_merging,111,106,unmatched_cluster,unmatched_cluster,5159
raw_native_fdr,8.0,final_clustering,cluster_merging,112,105,unmatched_cluster,unmatched_cluster,589
raw_native_fdr,8.0,final_clustering,cluster_merging,113,121,unmatched_cluster,unmatched_cluster,562
raw_native_fdr,8.0,final_clustering,cluster_merging,114,107,unmatched_cluster,unmatched_cluster,2116
raw_native_fdr,8.0,final_clustering,cluster_merging,115,108,unmatched_cluster,unmatched_cluster,362
raw_native_fdr,8.0,final_clustering,cluster_merging,116,109,unmatched_cluster,unmatched_cluster,10447
raw_native_fdr,8.0,final_clustering,cluster_merging,117,110,unmatched_cluster,unmatched_cluster,19917
raw_native_fdr,8.0,final_clustering,cluster_merging,118,111,unmatched_cluster,unmatched_cluster,28057
raw_native_fdr,8.0,final_clustering,cluster_merging,119,112,unmatched_cluster,unmatched_cluster,4195
raw_native_fdr,8.0,final_clustering,cluster_merging,120,121,unmatched_cluster,unmatched_cluster,177
raw_native_fdr,8.0,final_clustering,cluster_merging,121,113,unmatched_cluster,unmatched_cluster,517
raw_native_fdr,8.0,final_clustering,cluster_merging,122,121,unmatched_cluster,unmatched_cluster,103
raw_native_fdr,8.0,final_clustering,cluster_merging,123,114,unmatched_cluster,unmatched_cluster,744
raw_native_fdr,8.0,final_clustering,cluster_merging,124,112,unmatched_cluster,unmatched_cluster,262
raw_native_fdr,8.0,final_clustering,cluster_merging,125,115,unmatched_cluster,unmatched_cluster,13492
raw_native_fdr,8.0,final_clustering,cluster_merging,126,116,unmatched_cluster,unmatched_cluster,1315
raw_native_fdr,8.0,final_clustering,cluster_merging,127,117,unmatched_cluster,unmatched_cluster,3066
raw_native_fdr,8.0,final_clustering,cluster_merging,128,118,unmatched_cluster,unmatched_cluster,2330
raw_native_fdr,8.0,final_clustering,cluster_merging,129,120,unmatched_cluster,unmatched_cluster,875
raw_native_fdr,8.0,final_clustering,cluster_merging,130,119,unmatched_cluster,unmatched_cluster,6577
raw_native_fdr,8.0,final_clustering,cluster_merging,131,120,unmatched_cluster,unmatched_cluster,5320
raw_native_fdr,8.0,final_clustering,cluster_merging,132,120,unmatched_cluster,unmatched_cluster,4979
raw_native_fdr,8.0,final_clustering,cluster_merging,133,121,unmatched_cluster,unmatched_cluster,15220
raw_native_fdr,8.0,final_clustering,cluster_merging,134,135,unmatched_cluster,unmatched_cluster,575
raw_native_fdr,8.0,final_clustering,cluster_merging,135,129,unmatched_cluster,unmatched_cluster,534
raw_native_fdr,8.0,final_clustering,cluster_merging,136,122,unmatched_cluster,unmatched_cluster,2453
raw_native_fdr,8.0,final_clustering,cluster_merging,137,123,unmatched_cluster,unmatched_cluster,10032
raw_native_fdr,8.0,final_clustering,cluster_merging,138,129,unmatched_cluster,unmatched_cluster,264
raw_native_fdr,8.0,final_clustering,cluster_merging,139,124,unmatched_cluster,unmatched_cluster,617
raw_native_fdr,8.0,final_clustering,cluster_merging,140,125,unmatched_cluster,unmatched_cluster,2864
raw_native_fdr,8.0,final_clustering,cluster_merging,141,132,unmatched_cluster,unmatched_cluster,201
raw_native_fdr,8.0,final_clustering,cluster_merging,142,135,unmatched_cluster,unmatched_cluster,545
raw_native_fdr,8.0,final_clustering,cluster_merging,143,129,unmatched_cluster,unmatched_cluster,482
raw_native_fdr,8.0,final_clustering,cluster_merging,144,126,unmatched_cluster,unmatched_cluster,26033
raw_native_fdr,8.0,final_clustering,cluster_merging,145,129,unmatched_cluster,unmatched_cluster,304
raw_native_fdr,8.0,final_clustering,cluster_merging,146,129,unmatched_cluster,unmatched_cluster,133
raw_native_fdr,8.0,final_clustering,cluster_merging,147,129,unmatched_cluster,unmatched_cluster,354
raw_native_fdr,8.0,final_clustering,cluster_merging,148,129,unmatched_cluster,unmatched_cluster,760
raw_native_fdr,8.0,final_clustering,cluster_merging,149,127,unmatched_cluster,unmatched_cluster,15449
raw_native_fdr,8.0,final_clustering,cluster_merging,150,128,unmatched_cluster,unmatched_cluster,20149
raw_native_fdr,8.0,final_clustering,cluster_merging,151,129,unmatched_cluster,unmatched_cluster,56400
raw_native_fdr,8.0,final_clustering,cluster_merging,152,130,unmatched_cluster,unmatched_cluster,8990
raw_native_fdr,8.0,final_clustering,cluster_merging,153,131,unmatched_cluster,unmatched_cluster,985
raw_native_fdr,8.0,final_clustering,cluster_merging,154,126,unmatched_cluster,unmatched_cluster,382
raw_native_fdr,8.0,final_clustering,cluster_merging,155,132,unmatched_cluster,unmatched_cluster,1304
raw_native_fdr,8.0,final_clustering,cluster_merging,156,132,unmatched_cluster,unmatched_cluster,2219
raw_native_fdr,8.0,final_clustering,cluster_merging,157,133,unmatched_cluster,unmatched_cluster,4941
raw_native_fdr,8.0,final_clustering,cluster_merging,158,134,unmatched_cluster,unmatched_cluster,12230
raw_native_fdr,8.0,final_clustering,cluster_merging,159,135,unmatched_cluster,unmatched_cluster,30538
raw_native_fdr,8.0,final_clustering,cluster_merging,160,142,unmatched_cluster,unmatched_cluster,3141
raw_native_fdr,8.0,final_clustering,cluster_merging,161,136,unmatched_cluster,unmatched_cluster,1362
raw_native_fdr,8.0,final_clustering,cluster_merging,162,143,unmatched_cluster,unmatched_cluster,342
raw_native_fdr,8.0,final_clustering,cluster_merging,163,137,unmatched_cluster,unmatched_cluster,1065
raw_native_fdr,8.0,final_clustering,cluster_merging,164,138,unmatched_cluster,unmatched_cluster,722
raw_native_fdr,8.0,final_clustering,cluster_merging,165,140,unmatched_cluster,unmatched_cluster,821
raw_native_fdr,8.0,final_clustering,cluster_merging,166,139,unmatched_cluster,unmatched_cluster,1521
raw_native_fdr,8.0,final_clustering,cluster_merging,167,140,unmatched_cluster,unmatched_cluster,9894
raw_native_fdr,8.0,final_clustering,cluster_merging,168,141,unmatched_cluster,unmatched_cluster,5517
raw_native_fdr,8.0,final_clustering,cluster_merging,169,142,unmatched_cluster,unmatched_cluster,18349
raw_native_fdr,8.0,final_clustering,cluster_merging,170,143,unmatched_cluster,unmatched_cluster,4965
raw_native_fdr,8.0,final_clustering,cluster_merging,171,144,unmatched_cluster,unmatched_cluster,178
raw_native_fdr,8.0,final_clustering,cluster_merging,172,145,unmatched_cluster,unmatched_cluster,6362
raw_native_fdr,8.0,final_clustering,cluster_merging,173,142,unmatched_cluster,unmatched_cluster,690
raw_native_fdr,8.0,final_clustering,cluster_merging,174,146,unmatched_cluster,unmatched_cluster,14283
raw_native_fdr,8.0,final_clustering,cluster_merging,175,147,unmatched_cluster,unmatched_cluster,4473
raw_native_fdr,8.0,final_clustering,cluster_merging,176,164,unmatched_cluster,unmatched_cluster,1233
raw_native_fdr,8.0,final_clustering,cluster_merging,177,148,unmatched_cluster,unmatched_cluster,1030
raw_native_fdr,8.0,final_clustering,cluster_merging,178,149,unmatched_cluster,unmatched_cluster,30501
raw_native_fdr,8.0,final_clustering,cluster_merging,179,150,unmatched_cluster,unmatched_cluster,6790
raw_native_fdr,8.0,final_clustering,cluster_merging,180,156,unmatched_cluster,unmatched_cluster,527
raw_native_fdr,8.0,final_clustering,cluster_merging,181,151,unmatched_cluster,unmatched_cluster,1030
raw_native_fdr,8.0,final_clustering,cluster_merging,182,152,unmatched_cluster,unmatched_cluster,3396
raw_native_fdr,8.0,final_clustering,cluster_merging,183,153,unmatched_cluster,unmatched_cluster,24188
raw_native_fdr,8.0,final_clustering,cluster_merging,184,154,unmatched_cluster,unmatched_cluster,26486
raw_native_fdr,8.0,final_clustering,cluster_merging,185,153,unmatched_cluster,unmatched_cluster,3449
raw_native_fdr,8.0,final_clustering,cluster_merging,186,155,unmatched_cluster,unmatched_cluster,477
raw_native_fdr,8.0,final_clustering,cluster_merging,187,153,unmatched_cluster,unmatched_cluster,153
raw_native_fdr,8.0,final_clustering,cluster_merging,188,156,unmatched_cluster,unmatched_cluster,5990
raw_native_fdr,8.0,final_clustering,cluster_merging,189,157,unmatched_cluster,unmatched_cluster,1204
raw_native_fdr,8.0,final_clustering,cluster_merging,190,158,unmatched_cluster,unmatched_cluster,1309
raw_native_fdr,8.0,final_clustering,cluster_merging,191,159,unmatched_cluster,unmatched_cluster,32
raw_native_fdr,8.0,final_clustering,cluster_merging,192,153,unmatched_cluster,unmatched_cluster,1330
raw_native_fdr,8.0,final_clustering,cluster_merging,193,160,unmatched_cluster,unmatched_cluster,2322
raw_native_fdr,8.0,final_clustering,cluster_merging,194,161,unmatched_cluster,unmatched_cluster,6991
raw_native_fdr,8.0,final_clustering,cluster_merging,195,172,unmatched_cluster,unmatched_cluster,1006
raw_native_fdr,8.0,final_clustering,cluster_merging,196,162,unmatched_cluster,unmatched_cluster,2607
raw_native_fdr,8.0,final_clustering,cluster_merging,197,163,unmatched_cluster,unmatched_cluster,5623
raw_native_fdr,8.0,final_clustering,cluster_merging,198,164,unmatched_cluster,unmatched_cluster,27592
raw_native_fdr,8.0,final_clustering,cluster_merging,199,165,unmatched_cluster,unmatched_cluster,21735
raw_native_fdr,8.0,final_clustering,cluster_merging,200,166,unmatched_cluster,unmatched_cluster,3475
raw_native_fdr,8.0,final_clustering,cluster_merging,201,171,unmatched_cluster,unmatched_cluster,4089
raw_native_fdr,8.0,final_clustering,cluster_merging,202,167,unmatched_cluster,unmatched_cluster,874
raw_native_fdr,8.0,final_clustering,cluster_merging,203,172,unmatched_cluster,unmatched_cluster,782
raw_native_fdr,8.0,final_clustering,cluster_merging,204,168,unmatched_cluster,unmatched_cluster,2611
raw_native_fdr,8.0,final_clustering,cluster_merging,205,169,unmatched_cluster,unmatched_cluster,162
raw_native_fdr,8.0,final_clustering,cluster_merging,206,170,unmatched_cluster,unmatched_cluster,3595
raw_native_fdr,8.0,final_clustering,cluster_merging,207,171,unmatched_cluster,unmatched_cluster,8067
raw_native_fdr,8.0,final_clustering,cluster_merging,208,172,unmatched_cluster,unmatched_cluster,12127
raw_native_fdr,8.0,final_clustering,cluster_merging,209,173,unmatched_cluster,unmatched_cluster,24421
raw_native_fdr,8.0,final_clustering,cluster_merging,210,174,unmatched_cluster,unmatched_cluster,72
raw_native_fdr,8.0,final_clustering,cluster_merging,211,175,unmatched_cluster,unmatched_cluster,3621
raw_native_fdr,8.0,final_clustering,cluster_merging,212,176,unmatched_cluster,unmatched_cluster,14
raw_native_fdr,8.0,final_clustering,cluster_merging,213,177,unmatched_cluster,unmatched_cluster,193
raw_native_fdr,8.0,final_clustering,cluster_merging,214,178,unmatched_cluster,unmatched_cluster,4
raw_native_fdr,8.0,final_clustering,cluster_merging,215,179,unmatched_cluster,unmatched_cluster,524
raw_native_fdr,8.0,final_clustering,cluster_merging,216,180,unmatched_cluster,unmatched_cluster,788
raw_native_fdr,8.0,final_clustering,cluster_merging,217,181,unmatched_cluster,unmatched_cluster,1809
raw_native_fdr,8.0,final_clustering,cluster_merging,218,182,unmatched_cluster,unmatched_cluster,557
raw_native_fdr,8.0,final_clustering,cluster_merging,219,183,unmatched_cluster,unmatched_cluster,119
raw_native_fdr,8.0,final_clustering,cluster_merging,220,184,unmatched_cluster,unmatched_cluster,173
raw_native_fdr,8.0,final_clustering,cluster_merging,221,185,unmatched_cluster,unmatched_cluster,607
raw_native_fdr,8.0,final_clustering,cluster_merging,222,186,unmatched_cluster,unmatched_cluster,2127
raw_native_fdr,8.0,final_clustering,cluster_merging,223,187,unmatched_cluster,unmatched_cluster,7359
raw_native_fdr,8.0,final_clustering,cluster_merging,224,188,unmatched_cluster,unmatched_cluster,150
raw_native_fdr,8.0,final_clustering,cluster_merging,225,189,unmatched_cluster,unmatched_cluster,156
raw_native_fdr,8.0,final_clustering,cluster_merging,226,190,unmatched_cluster,unmatched_cluster,550
raw_native_fdr,8.0,final_clustering,cluster_merging,227,190,unmatched_cluster,unmatched_cluster,1819
raw_native_fdr,8.0,final_clustering,cluster_merging,228,191,unmatched_cluster,unmatched_cluster,658
raw_native_fdr,8.0,final_clustering,cluster_merging,229,192,unmatched_cluster,unmatched_cluster,766
raw_native_fdr,8.0,final_clustering,cluster_merging,230,193,unmatched_cluster,unmatched_cluster,3943
raw_native_fdr,8.0,final_clustering,cluster_merging,231,194,unmatched_cluster,unmatched_cluster,260
raw_native_fdr,8.0,final_clustering,cluster_merging,232,195,unmatched_cluster,unmatched_cluster,248
raw_native_fdr,8.0,final_clustering,cluster_merging,233,196,unmatched_cluster,unmatched_cluster,691
raw_native_fdr,8.0,final_clustering,cluster_merging,234,197,unmatched_cluster,unmatched_cluster,27300
raw_native_fdr,8.0,final_clustering,cluster_merging,235,198,unmatched_cluster,unmatched_cluster,213
raw_native_fdr,8.0,final_clustering,cluster_merging,236,199,unmatched_cluster,unmatched_cluster,1813
raw_native_fdr,8.0,final_clustering,cluster_merging,237,200,unmatched_cluster,unmatched_cluster,5490
raw_native_fdr,8.0,final_clustering,cluster_merging,238,201,unmatched_cluster,unmatched_cluster,751
raw_native_fdr,8.0,final_clustering,cluster_merging,239,202,unmatched_cluster,unmatched_cluster,209
raw_native_fdr,8.0,final_clustering,cluster_merging,240,203,unmatched_cluster,unmatched_cluster,3146
raw_native_fdr,8.0,final_clustering,cluster_merging,241,204,unmatched_cluster,unmatched_cluster,725
raw_native_fdr,8.0,final_clustering,cluster_merging,242,205,unmatched_cluster,unmatched_cluster,3379
raw_native_fdr,8.0,final_clustering,cluster_merging,243,206,unmatched_cluster,unmatched_cluster,1476
raw_native_fdr,8.0,final_clustering,cluster_merging,244,207,unmatched_cluster,unmatched_cluster,1411
raw_native_fdr,8.0,final_clustering,cluster_merging,245,208,unmatched_cluster,unmatched_cluster,85
raw_native_fdr,8.0,final_clustering,cluster_merging,246,209,unmatched_cluster,unmatched_cluster,208
raw_native_fdr,8.0,final_clustering,cluster_merging,247,211,unmatched_cluster,unmatched_cluster,223
raw_native_fdr,8.0,final_clustering,cluster_merging,248,210,unmatched_cluster,unmatched_cluster,945
raw_native_fdr,8.0,final_clustering,cluster_merging,249,207,unmatched_cluster,unmatched_cluster,538
raw_native_fdr,8.0,final_clustering,cluster_merging,250,211,unmatched_cluster,unmatched_cluster,11240
raw_native_fdr,8.0,final_clustering,cluster_merging,251,212,unmatched_cluster,unmatched_cluster,5938
raw_native_fdr,8.0,final_clustering,cluster_merging,252,215,unmatched_cluster,unmatched_cluster,2837
raw_native_fdr,8.0,final_clustering,cluster_merging,253,213,unmatched_cluster,unmatched_cluster,7686
raw_native_fdr,8.0,final_clustering,cluster_merging,254,214,unmatched_cluster,unmatched_cluster,939
raw_native_fdr,8.0,final_clustering,cluster_merging,255,215,unmatched_cluster,unmatched_cluster,3333
raw_native_fdr,8.0,final_clustering,cluster_merging,256,221,unmatched_cluster,unmatched_cluster,330
raw_native_fdr,8.0,final_clustering,cluster_merging,257,216,unmatched_cluster,unmatched_cluster,729
raw_native_fdr,8.0,final_clustering,cluster_merging,258,216,unmatched_cluster,unmatched_cluster,422
raw_native_fdr,8.0,final_clustering,cluster_merging,259,217,unmatched_cluster,unmatched_cluster,11439
raw_native_fdr,8.0,final_clustering,cluster_merging,260,216,unmatched_cluster,unmatched_cluster,2631
raw_native_fdr,8.0,final_clustering,cluster_merging,261,227,unmatched_cluster,unmatched_cluster,113
raw_native_fdr,8.0,final_clustering,cluster_merging,262,218,unmatched_cluster,unmatched_cluster,8128
raw_native_fdr,8.0,final_clustering,cluster_merging,263,219,unmatched_cluster,unmatched_cluster,4567
raw_native_fdr,8.0,final_clustering,cluster_merging,264,220,unmatched_cluster,unmatched_cluster,389
raw_native_fdr,8.0,final_clustering,cluster_merging,265,221,unmatched_cluster,unmatched_cluster,11804
raw_native_fdr,8.0,final_clustering,cluster_merging,266,222,unmatched_cluster,unmatched_cluster,133
raw_native_fdr,8.0,final_clustering,cluster_merging,267,223,unmatched_cluster,unmatched_cluster,959
raw_native_fdr,8.0,final_clustering,cluster_merging,268,224,unmatched_cluster,unmatched_cluster,2731
raw_native_fdr,8.0,final_clustering,cluster_merging,269,225,unmatched_cluster,unmatched_cluster,653
raw_native_fdr,8.0,final_clustering,cluster_merging,270,226,unmatched_cluster,unmatched_cluster,1622
raw_native_fdr,8.0,final_clustering,cluster_merging,271,227,unmatched_cluster,unmatched_cluster,11222
raw_native_fdr,8.0,final_clustering,cluster_merging,272,221,unmatched_cluster,unmatched_cluster,241
raw_native_fdr,8.0,final_clustering,cluster_merging,273,228,unmatched_cluster,unmatched_cluster,1221
raw_native_fdr,8.0,final_clustering,cluster_merging,274,229,unmatched_cluster,unmatched_cluster,539
raw_native_fdr,8.0,final_clustering,cluster_merging,275,230,unmatched_cluster,unmatched_cluster,5295
raw_native_fdr,8.0,final_clustering,cluster_merging,276,231,unmatched_cluster,unmatched_cluster,2121
raw_native_fdr,8.0,final_clustering,cluster_merging,277,232,unmatched_cluster,unmatched_cluster,1100
raw_native_fdr,8.0,final_clustering,cluster_merging,278,233,unmatched_cluster,unmatched_cluster,1622
raw_native_fdr,8.0,final_clustering,cluster_merging,279,234,unmatched_cluster,unmatched_cluster,3774
raw_native_fdr,8.0,final_clustering,cluster_merging,280,235,unmatched_cluster,unmatched_cluster,9292
raw_native_fdr,8.0,final_clustering,cluster_merging,281,236,unmatched_cluster,unmatched_cluster,9585
raw_native_fdr,8.0,final_clustering,cluster_merging,282,237,unmatched_cluster,unmatched_cluster,639
raw_native_fdr,8.0,final_clustering,cluster_merging,283,238,unmatched_cluster,unmatched_cluster,668
raw_native_fdr,8.0,final_clustering,cluster_merging,284,239,unmatched_cluster,unmatched_cluster,310
raw_native_fdr,8.0,final_clustering,cluster_merging,285,240,unmatched_cluster,unmatched_cluster,248
raw_native_fdr,8.0,final_clustering,cluster_merging,286,241,unmatched_cluster,unmatched_cluster,1081
raw_native_fdr,8.0,final_clustering,cluster_merging,287,242,unmatched_cluster,unmatched_cluster,2575
raw_native_fdr,8.0,final_clustering,cluster_merging,288,250,unmatched_cluster,unmatched_cluster,644
raw_native_fdr,8.0,final_clustering,cluster_merging,289,243,unmatched_cluster,unmatched_cluster,602
raw_native_fdr,8.0,final_clustering,cluster_merging,290,242,unmatched_cluster,unmatched_cluster,1298
raw_native_fdr,8.0,final_clustering,cluster_merging,291,244,unmatched_cluster,unmatched_cluster,245
raw_native_fdr,8.0,final_clustering,cluster_merging,292,245,unmatched_cluster,unmatched_cluster,278
raw_native_fdr,8.0,final_clustering,cluster_merging,293,246,unmatched_cluster,unmatched_cluster,1017
raw_native_fdr,8.0,final_clustering,cluster_merging,294,247,unmatched_cluster,unmatched_cluster,142
raw_native_fdr,8.0,final_clustering,cluster_merging,295,248,unmatched_cluster,unmatched_cluster,1001
raw_native_fdr,8.0,final_clustering,cluster_merging,296,249,unmatched_cluster,unmatched_cluster,583
raw_native_fdr,8.0,final_clustering,cluster_merging,297,250,unmatched_cluster,unmatched_cluster,2022
raw_native_fdr,8.0,final_clustering,cluster_merging,298,251,unmatched_cluster,unmatched_cluster,3166
raw_native_fdr,8.0,final_clustering,cluster_merging,299,252,unmatched_cluster,unmatched_cluster,2335
raw_native_fdr,8.0,final_clustering,cluster_merging,300,253,unmatched_cluster,unmatched_cluster,1730
raw_native_fdr,8.0,final_clustering,cluster_merging,301,254,unmatched_cluster,unmatched_cluster,505
raw_native_fdr,8.0,final_clustering,cluster_merging,302,255,unmatched_cluster,unmatched_cluster,882
raw_native_fdr,8.0,final_clustering,cluster_merging,303,256,unmatched_cluster,unmatched_cluster,183
raw_native_fdr,8.0,final_clustering,cluster_merging,304,257,unmatched_cluster,unmatched_cluster,789
raw_native_fdr,8.0,final_clustering,cluster_merging,305,258,unmatched_cluster,unmatched_cluster,1679
raw_native_fdr,8.0,final_clustering,cluster_merging,306,259,unmatched_cluster,unmatched_cluster,454
raw_native_fdr,8.0,final_clustering,cluster_merging,307,260,unmatched_cluster,unmatched_cluster,1403
raw_native_fdr,8.0,final_clustering,cluster_merging,308,261,unmatched_cluster,unmatched_cluster,683
raw_native_fdr,8.0,final_clustering,cluster_merging,309,262,unmatched_cluster,unmatched_cluster,4920
raw_native_fdr,8.0,final_clustering,cluster_merging,310,263,unmatched_cluster,unmatched_cluster,622
raw_native_fdr,8.0,final_clustering,cluster_merging,311,268,unmatched_cluster,unmatched_cluster,439
raw_native_fdr,8.0,final_clustering,cluster_merging,312,264,unmatched_cluster,unmatched_cluster,4400
raw_native_fdr,8.0,final_clustering,cluster_merging,313,265,unmatched_cluster,unmatched_cluster,899
raw_native_fdr,8.0,final_clustering,cluster_merging,314,266,unmatched_cluster,unmatched_cluster,3449
raw_native_fdr,8.0,final_clustering,cluster_merging,315,267,unmatched_cluster,unmatched_cluster,24
raw_native_fdr,8.0,final_clustering,cluster_merging,316,268,unmatched_cluster,unmatched_cluster,11136
raw_native_fdr,8.0,final_clustering,cluster_merging,317,269,unmatched_cluster,unmatched_cluster,223
raw_native_fdr,8.0,final_clustering,cluster_merging,318,270,unmatched_cluster,unmatched_cluster,192
raw_native_fdr,8.0,final_clustering,cluster_merging,319,271,unmatched_cluster,unmatched_cluster,688
raw_native_fdr,8.0,final_clustering,cluster_merging,320,272,unmatched_cluster,unmatched_cluster,792
raw_native_fdr,8.0,final_clustering,cluster_merging,321,273,unmatched_cluster,unmatched_cluster,427
raw_native_fdr,8.0,final_clustering,cluster_merging,322,274,unmatched_cluster,unmatched_cluster,77
raw_native_fdr,8.0,final_clustering,cluster_merging,323,275,unmatched_cluster,unmatched_cluster,969
raw_native_fdr,8.0,final_clustering,cluster_merging,324,276,unmatched_cluster,unmatched_cluster,8811
raw_native_fdr,8.0,final_clustering,cluster_merging,325,277,unmatched_cluster,unmatched_cluster,6854
raw_native_fdr,8.0,final_clustering,cluster_merging,326,278,unmatched_cluster,unmatched_cluster,35
raw_native_fdr,8.0,final_clustering,cluster_merging,327,279,unmatched_cluster,unmatched_cluster,332
raw_native_fdr,8.0,final_clustering,cluster_merging,328,280,unmatched_cluster,unmatched_cluster,541
raw_native_fdr,8.0,final_clustering,cluster_merging,329,281,unmatched_cluster,unmatched_cluster,213
raw_native_fdr,8.0,final_clustering,cluster_merging,330,282,unmatched_cluster,unmatched_cluster,217
raw_native_fdr,8.0,final_clustering,cluster_merging,331,283,unmatched_cluster,unmatched_cluster,266
raw_native_fdr,8.0,final_clustering,cluster_merging,332,284,unmatched_cluster,unmatched_cluster,217
raw_native_fdr,8.0,final_clustering,cluster_merging,333,285,unmatched_cluster,unmatched_cluster,384
raw_native_fdr,8.0,final_clustering,cluster_merging,334,286,unmatched_cluster,unmatched_cluster,981
raw_native_fdr,8.0,final_clustering,cluster_merging,335,287,unmatched_cluster,unmatched_cluster,572
raw_native_fdr,8.0,final_clustering,cluster_merging,336,288,unmatched_cluster,unmatched_cluster,10199
raw_native_fdr,8.0,final_clustering,cluster_merging,337,289,unmatched_cluster,unmatched_cluster,10566
raw_native_fdr,8.0,final_clustering,cluster_merging,338,290,unmatched_cluster,unmatched_cluster,610
raw_native_fdr,8.0,final_clustering,cluster_merging,339,291,unmatched_cluster,unmatched_cluster,430
raw_native_fdr,8.0,final_clustering,cluster_merging,340,292,unmatched_cluster,unmatched_cluster,127
raw_native_fdr,8.0,final_clustering,cluster_merging,341,293,unmatched_cluster,unmatched_cluster,310
raw_native_fdr,8.0,final_clustering,cluster_merging,342,294,unmatched_cluster,unmatched_cluster,765
raw_native_fdr,8.0,final_clustering,cluster_merging,343,295,unmatched_cluster,unmatched_cluster,79
raw_native_fdr,8.0,final_clustering,cluster_merging,344,296,unmatched_cluster,unmatched_cluster,4328
raw_native_fdr,8.0,final_clustering,cluster_merging,345,297,unmatched_cluster,unmatched_cluster,266
raw_native_fdr,8.0,final_clustering,cluster_merging,346,298,unmatched_cluster,unmatched_cluster,308
raw_native_fdr,8.0,final_clustering,cluster_merging,347,301,unmatched_cluster,unmatched_cluster,173
raw_native_fdr,8.0,final_clustering,cluster_merging,348,298,unmatched_cluster,unmatched_cluster,161
raw_native_fdr,8.0,final_clustering,cluster_merging,349,299,unmatched_cluster,unmatched_cluster,2949
raw_native_fdr,8.0,final_clustering,cluster_merging,350,300,unmatched_cluster,unmatched_cluster,2406
raw_native_fdr,8.0,final_clustering,cluster_merging,351,301,unmatched_cluster,unmatched_cluster,3116
raw_native_fdr,8.0,final_clustering,cluster_merging,352,302,unmatched_cluster,unmatched_cluster,160
raw_native_fdr,8.0,final_clustering,cluster_merging,353,303,unmatched_cluster,unmatched_cluster,1033
raw_native_fdr,8.0,final_clustering,cluster_merging,354,304,unmatched_cluster,unmatched_cluster,53
raw_native_fdr,8.0,final_clustering,cluster_merging,355,305,unmatched_cluster,unmatched_cluster,11
raw_native_fdr,8.0,final_clustering,cluster_merging,356,306,unmatched_cluster,unmatched_cluster,13
raw_native_fdr,8.0,final_clustering,cluster_merging,357,307,unmatched_cluster,unmatched_cluster,8
raw_native_fdr,8.0,final_clustering,cluster_merging,358,308,unmatched_cluster,unmatched_cluster,120
raw_native_fdr,8.0,final_clustering,cluster_merging,359,309,unmatched_cluster,unmatched_cluster,43
raw_native_fdr,8.0,final_clustering,cluster_merging,360,310,unmatched_cluster,unmatched_cluster,76
raw_native_fdr,8.0,final_clustering,cluster_merging,361,311,unmatched_cluster,unmatched_cluster,120
raw_native_fdr,8.0,final_clustering,cluster_merging,362,312,unmatched_cluster,unmatched_cluster,64
raw_native_fdr,8.0,final_clustering,cluster_merging,363,313,unmatched_cluster,unmatched_cluster,183
raw_native_fdr,8.0,final_clustering,cluster_merging,364,314,unmatched_cluster,unmatched_cluster,133
raw_native_fdr,8.0,final_clustering,cluster_merging,365,315,unmatched_cluster,unmatched_cluster,19
raw_native_fdr,8.0,final_clustering,cluster_merging,366,316,unmatched_cluster,unmatched_cluster,105
raw_native_fdr,8.0,final_clustering,cluster_merging,367,317,unmatched_cluster,unmatched_cluster,12
raw_native_fdr,8.0,final_clustering,cluster_merging,368,318,unmatched_cluster,unmatched_cluster,32
raw_native_fdr,8.0,final_clustering,cluster_merging,369,319,unmatched_cluster,unmatched_cluster,92
raw_native_fdr,8.0,cluster_merging,duplicate_removal,0,0,unmatched_cluster,unmatched_cluster,386
raw_native_fdr,8.0,cluster_merging,duplicate_removal,1,1,unmatched_cluster,unmatched_cluster,2530
raw_native_fdr,8.0,cluster_merging,duplicate_removal,2,2,unmatched_cluster,unmatched_cluster,1955
raw_native_fdr,8.0,cluster_merging,duplicate_removal,3,3,unmatched_cluster,unmatched_cluster,4676
raw_native_fdr,8.0,cluster_merging,duplicate_removal,4,4,unmatched_cluster,unmatched_cluster,1384
raw_native_fdr,8.0,cluster_merging,duplicate_removal,5,5,unmatched_cluster,unmatched_cluster,6620
raw_native_fdr,8.0,cluster_merging,duplicate_removal,6,6,unmatched_cluster,unmatched_cluster,727
raw_native_fdr,8.0,cluster_merging,duplicate_removal,7,7,unmatched_cluster,unmatched_cluster,5188
raw_native_fdr,8.0,cluster_merging,duplicate_removal,8,8,unmatched_cluster,unmatched_cluster,4633
raw_native_fdr,8.0,cluster_merging,duplicate_removal,9,9,unmatched_cluster,unmatched_cluster,299
raw_native_fdr,8.0,cluster_merging,duplicate_removal,10,10,unmatched_cluster,unmatched_cluster,3176
raw_native_fdr,8.0,cluster_merging,duplicate_removal,11,11,unmatched_cluster,unmatched_cluster,258
raw_native_fdr,8.0,cluster_merging,duplicate_removal,12,12,unmatched_cluster,unmatched_cluster,3844
raw_native_fdr,8.0,cluster_merging,duplicate_removal,13,-1,unmatched_cluster,removed_by_dedup,1
raw_native_fdr,8.0,cluster_merging,duplicate_removal,13,13,unmatched_cluster,unmatched_cluster,10751
raw_native_fdr,8.0,cluster_merging,duplicate_removal,14,14,unmatched_cluster,unmatched_cluster,479
raw_native_fdr,8.0,cluster_merging,duplicate_removal,15,15,unmatched_cluster,unmatched_cluster,3414
raw_native_fdr,8.0,cluster_merging,duplicate_removal,16,-1,unmatched_cluster,removed_by_dedup,1
raw_native_fdr,8.0,cluster_merging,duplicate_removal,16,16,unmatched_cluster,unmatched_cluster,1248
raw_native_fdr,8.0,cluster_merging,duplicate_removal,17,-1,unmatched_cluster,removed_by_dedup,1
raw_native_fdr,8.0,cluster_merging,duplicate_removal,17,17,unmatched_cluster,unmatched_cluster,3271
raw_native_fdr,8.0,cluster_merging,duplicate_removal,18,18,unmatched_cluster,unmatched_cluster,716
raw_native_fdr,8.0,cluster_merging,duplicate_removal,19,19,unmatched_cluster,unmatched_cluster,357
raw_native_fdr,8.0,cluster_merging,duplicate_removal,20,20,unmatched_cluster,unmatched_cluster,4816
raw_native_fdr,8.0,cluster_merging,duplicate_removal,21,-1,unmatched_cluster,removed_by_dedup,3
raw_native_fdr,8.0,cluster_merging,duplicate_removal,21,21,unmatched_cluster,unmatched_cluster,18990
raw_native_fdr,8.0,cluster_merging,duplicate_removal,22,-1,unmatched_cluster,removed_by_dedup,2
raw_native_fdr,8.0,cluster_merging,duplicate_removal,22,22,unmatched_cluster,unmatched_cluster,6597
raw_native_fdr,8.0,cluster_merging,duplicate_removal,23,23,unmatched_cluster,unmatched_cluster,3920
raw_native_fdr,8.0,cluster_merging,duplicate_removal,24,24,unmatched_cluster,unmatched_cluster,2797
raw_native_fdr,8.0,cluster_merging,duplicate_removal,25,25,unmatched_cluster,unmatched_cluster,2663
raw_native_fdr,8.0,cluster_merging,duplicate_removal,26,-1,unmatched_cluster,removed_by_dedup,3
raw_native_fdr,8.0,cluster_merging,duplicate_removal,26,26,unmatched_cluster,unmatched_cluster,11308
raw_native_fdr,8.0,cluster_merging,duplicate_removal,27,27,unmatched_cluster,unmatched_cluster,422
raw_native_fdr,8.0,cluster_merging,duplicate_removal,28,28,unmatched_cluster,unmatched_cluster,141
raw_native_fdr,8.0,cluster_merging,duplicate_removal,29,29,unmatched_cluster,unmatched_cluster,2528
raw_native_fdr,8.0,cluster_merging,duplicate_removal,30,30,unmatched_cluster,unmatched_cluster,607
raw_native_fdr,8.0,cluster_merging,duplicate_removal,31,31,unmatched_cluster,unmatched_cluster,170
raw_native_fdr,8.0,cluster_merging,duplicate_removal,32,32,unmatched_cluster,unmatched_cluster,1532
raw_native_fdr,8.0,cluster_merging,duplicate_removal,33,33,unmatched_cluster,unmatched_cluster,1277
raw_native_fdr,8.0,cluster_merging,duplicate_removal,34,34,unmatched_cluster,unmatched_cluster,2203
raw_native_fdr,8.0,cluster_merging,duplicate_removal,35,35,unmatched_cluster,unmatched_cluster,1468
raw_native_fdr,8.0,cluster_merging,duplicate_removal,36,36,unmatched_cluster,unmatched_cluster,393
raw_native_fdr,8.0,cluster_merging,duplicate_removal,37,37,unmatched_cluster,unmatched_cluster,7520
raw_native_fdr,8.0,cluster_merging,duplicate_removal,38,38,unmatched_cluster,unmatched_cluster,1308
raw_native_fdr,8.0,cluster_merging,duplicate_removal,39,-1,unmatched_cluster,removed_by_dedup,1
raw_native_fdr,8.0,cluster_merging,duplicate_removal,39,39,unmatched_cluster,unmatched_cluster,4200
raw_native_fdr,8.0,cluster_merging,duplicate_removal,40,40,unmatched_cluster,unmatched_cluster,844
raw_native_fdr,8.0,cluster_merging,duplicate_removal,41,41,unmatched_cluster,unmatched_cluster,6375
raw_native_fdr,8.0,cluster_merging,duplicate_removal,42,-1,unmatched_cluster,removed_by_dedup,1
raw_native_fdr,8.0,cluster_merging,duplicate_removal,42,42,unmatched_cluster,unmatched_cluster,11219
raw_native_fdr,8.0,cluster_merging,duplicate_removal,43,43,unmatched_cluster,unmatched_cluster,265
raw_native_fdr,8.0,cluster_merging,duplicate_removal,44,44,unmatched_cluster,unmatched_cluster,438
raw_native_fdr,8.0,cluster_merging,duplicate_removal,45,-1,unmatched_cluster,removed_by_dedup,9
raw_native_fdr,8.0,cluster_merging,duplicate_removal,45,45,unmatched_cluster,unmatched_cluster,4919
raw_native_fdr,8.0,cluster_merging,duplicate_removal,46,46,unmatched_cluster,unmatched_cluster,4090
raw_native_fdr,8.0,cluster_merging,duplicate_removal,47,47,unmatched_cluster,unmatched_cluster,8905
raw_native_fdr,8.0,cluster_merging,duplicate_removal,48,48,unmatched_cluster,unmatched_cluster,1167
raw_native_fdr,8.0,cluster_merging,duplicate_removal,49,49,unmatched_cluster,unmatched_cluster,1696
raw_native_fdr,8.0,cluster_merging,duplicate_removal,50,50,unmatched_cluster,unmatched_cluster,116
raw_native_fdr,8.0,cluster_merging,duplicate_removal,51,51,unmatched_cluster,unmatched_cluster,137
raw_native_fdr,8.0,cluster_merging,duplicate_removal,52,52,unmatched_cluster,unmatched_cluster,1041
raw_native_fdr,8.0,cluster_merging,duplicate_removal,53,53,unmatched_cluster,unmatched_cluster,996
raw_native_fdr,8.0,cluster_merging,duplicate_removal,54,54,unmatched_cluster,unmatched_cluster,752
raw_native_fdr,8.0,cluster_merging,duplicate_removal,55,55,unmatched_cluster,unmatched_cluster,361
raw_native_fdr,8.0,cluster_merging,duplicate_removal,56,56,unmatched_cluster,unmatched_cluster,2785
raw_native_fdr,8.0,cluster_merging,duplicate_removal,57,57,unmatched_cluster,unmatched_cluster,81
raw_native_fdr,8.0,cluster_merging,duplicate_removal,58,58,unmatched_cluster,unmatched_cluster,648
raw_native_fdr,8.0,cluster_merging,duplicate_removal,59,59,unmatched_cluster,unmatched_cluster,102
raw_native_fdr,8.0,cluster_merging,duplicate_removal,60,-1,unmatched_cluster,removed_by_dedup,1
raw_native_fdr,8.0,cluster_merging,duplicate_removal,60,60,unmatched_cluster,unmatched_cluster,4879
raw_native_fdr,8.0,cluster_merging,duplicate_removal,61,61,unmatched_cluster,unmatched_cluster,259
raw_native_fdr,8.0,cluster_merging,duplicate_removal,62,62,unmatched_cluster,unmatched_cluster,248
raw_native_fdr,8.0,cluster_merging,duplicate_removal,63,63,unmatched_cluster,unmatched_cluster,110
raw_native_fdr,8.0,cluster_merging,duplicate_removal,64,64,unmatched_cluster,unmatched_cluster,3
raw_native_fdr,8.0,cluster_merging,duplicate_removal,65,65,unmatched_cluster,unmatched_cluster,45
raw_native_fdr,8.0,cluster_merging,duplicate_removal,66,66,unmatched_cluster,unmatched_cluster,99
raw_native_fdr,8.0,cluster_merging,duplicate_removal,67,67,unmatched_cluster,unmatched_cluster,181
raw_native_fdr,8.0,cluster_merging,duplicate_removal,68,-1,tp,removed_by_dedup,3
raw_native_fdr,8.0,cluster_merging,duplicate_removal,68,68,fp_matched_cluster,fp_matched_cluster,4
raw_native_fdr,8.0,cluster_merging,duplicate_removal,68,68,fp_matched_cluster,tp,3
raw_native_fdr,8.0,cluster_merging,duplicate_removal,68,68,tp,tp,13158
raw_native_fdr,8.0,cluster_merging,duplicate_removal,69,69,unmatched_cluster,unmatched_cluster,160
raw_native_fdr,8.0,cluster_merging,duplicate_removal,70,70,unmatched_cluster,unmatched_cluster,18
raw_native_fdr,8.0,cluster_merging,duplicate_removal,71,71,fp_matched_cluster,fp_matched_cluster,14
raw_native_fdr,8.0,cluster_merging,duplicate_removal,71,71,tp,tp,17759
raw_native_fdr,8.0,cluster_merging,duplicate_removal,72,72,unmatched_cluster,unmatched_cluster,33
raw_native_fdr,8.0,cluster_merging,duplicate_removal,73,73,unmatched_cluster,unmatched_cluster,12232
raw_native_fdr,8.0,cluster_merging,duplicate_removal,74,74,unmatched_cluster,unmatched_cluster,1078
raw_native_fdr,8.0,cluster_merging,duplicate_removal,75,75,unmatched_cluster,unmatched_cluster,287
raw_native_fdr,8.0,cluster_merging,duplicate_removal,76,76,unmatched_cluster,unmatched_cluster,1028
raw_native_fdr,8.0,cluster_merging,duplicate_removal,77,77,unmatched_cluster,unmatched_cluster,237
raw_native_fdr,8.0,cluster_merging,duplicate_removal,78,78,unmatched_cluster,unmatched_cluster,432
raw_native_fdr,8.0,cluster_merging,duplicate_removal,79,79,unmatched_cluster,unmatched_cluster,161
raw_native_fdr,8.0,cluster_merging,duplicate_removal,80,80,unmatched_cluster,unmatched_cluster,529
raw_native_fdr,8.0,cluster_merging,duplicate_removal,81,-1,unmatched_cluster,removed_by_dedup,1
raw_native_fdr,8.0,cluster_merging,duplicate_removal,81,81,unmatched_cluster,unmatched_cluster,1753
raw_native_fdr,8.0,cluster_merging,duplicate_removal,82,82,unmatched_cluster,unmatched_cluster,409
raw_native_fdr,8.0,cluster_merging,duplicate_removal,83,83,unmatched_cluster,unmatched_cluster,467
raw_native_fdr,8.0,cluster_merging,duplicate_removal,84,84,unmatched_cluster,unmatched_cluster,627
raw_native_fdr,8.0,cluster_merging,duplicate_removal,85,85,unmatched_cluster,unmatched_cluster,422
raw_native_fdr,8.0,cluster_merging,duplicate_removal,86,86,unmatched_cluster,unmatched_cluster,143
raw_native_fdr,8.0,cluster_merging,duplicate_removal,87,87,unmatched_cluster,unmatched_cluster,251
raw_native_fdr,8.0,cluster_merging,duplicate_removal,88,88,unmatched_cluster,unmatched_cluster,52
raw_native_fdr,8.0,cluster_merging,duplicate_removal,89,-1,unmatched_cluster,removed_by_dedup,1
raw_native_fdr,8.0,cluster_merging,duplicate_removal,89,89,unmatched_cluster,unmatched_cluster,145
raw_native_fdr,8.0,cluster_merging,duplicate_removal,90,90,unmatched_cluster,unmatched_cluster,2
raw_native_fdr,8.0,cluster_merging,duplicate_removal,91,91,unmatched_cluster,unmatched_cluster,113
raw_native_fdr,8.0,cluster_merging,duplicate_removal,92,92,unmatched_cluster,unmatched_cluster,347
raw_native_fdr,8.0,cluster_merging,duplicate_removal,93,93,unmatched_cluster,unmatched_cluster,622
raw_native_fdr,8.0,cluster_merging,duplicate_removal,94,94,unmatched_cluster,unmatched_cluster,122
raw_native_fdr,8.0,cluster_merging,duplicate_removal,95,95,unmatched_cluster,unmatched_cluster,8168
raw_native_fdr,8.0,cluster_merging,duplicate_removal,96,96,unmatched_cluster,unmatched_cluster,6369
raw_native_fdr,8.0,cluster_merging,duplicate_removal,97,97,unmatched_cluster,unmatched_cluster,3131
raw_native_fdr,8.0,cluster_merging,duplicate_removal,98,98,unmatched_cluster,unmatched_cluster,388
raw_native_fdr,8.0,cluster_merging,duplicate_removal,99,99,unmatched_cluster,unmatched_cluster,215
raw_native_fdr,8.0,cluster_merging,duplicate_removal,100,100,unmatched_cluster,unmatched_cluster,189
raw_native_fdr,8.0,cluster_merging,duplicate_removal,101,101,unmatched_cluster,unmatched_cluster,283
raw_native_fdr,8.0,cluster_merging,duplicate_removal,102,102,unmatched_cluster,unmatched_cluster,922
raw_native_fdr,8.0,cluster_merging,duplicate_removal,103,103,unmatched_cluster,unmatched_cluster,183
raw_native_fdr,8.0,cluster_merging,duplicate_removal,104,-1,unmatched_cluster,removed_by_dedup,5
raw_native_fdr,8.0,cluster_merging,duplicate_removal,104,104,unmatched_cluster,unmatched_cluster,31155
raw_native_fdr,8.0,cluster_merging,duplicate_removal,105,105,unmatched_cluster,unmatched_cluster,4650
raw_native_fdr,8.0,cluster_merging,duplicate_removal,106,106,unmatched_cluster,unmatched_cluster,5159
raw_native_fdr,8.0,cluster_merging,duplicate_removal,107,107,unmatched_cluster,unmatched_cluster,2116
raw_native_fdr,8.0,cluster_merging,duplicate_removal,108,108,unmatched_cluster,unmatched_cluster,362
raw_native_fdr,8.0,cluster_merging,duplicate_removal,109,109,unmatched_cluster,unmatched_cluster,10447
raw_native_fdr,8.0,cluster_merging,duplicate_removal,110,-1,unmatched_cluster,removed_by_dedup,8
raw_native_fdr,8.0,cluster_merging,duplicate_removal,110,110,unmatched_cluster,unmatched_cluster,20365
raw_native_fdr,8.0,cluster_merging,duplicate_removal,111,-1,unmatched_cluster,removed_by_dedup,1
raw_native_fdr,8.0,cluster_merging,duplicate_removal,111,111,unmatched_cluster,unmatched_cluster,28056
raw_native_fdr,8.0,cluster_merging,duplicate_removal,112,112,unmatched_cluster,unmatched_cluster,4457
raw_native_fdr,8.0,cluster_merging,duplicate_removal,113,113,unmatched_cluster,unmatched_cluster,517
raw_native_fdr,8.0,cluster_merging,duplicate_removal,114,114,unmatched_cluster,unmatched_cluster,744
raw_native_fdr,8.0,cluster_merging,duplicate_removal,115,115,unmatched_cluster,unmatched_cluster,13492
raw_native_fdr,8.0,cluster_merging,duplicate_removal,116,-1,unmatched_cluster,removed_by_dedup,1
raw_native_fdr,8.0,cluster_merging,duplicate_removal,116,116,unmatched_cluster,unmatched_cluster,1314
raw_native_fdr,8.0,cluster_merging,duplicate_removal,117,117,unmatched_cluster,unmatched_cluster,3066
raw_native_fdr,8.0,cluster_merging,duplicate_removal,118,118,unmatched_cluster,unmatched_cluster,2330
raw_native_fdr,8.0,cluster_merging,duplicate_removal,119,119,unmatched_cluster,unmatched_cluster,6577
raw_native_fdr,8.0,cluster_merging,duplicate_removal,120,-1,unmatched_cluster,removed_by_dedup,2
raw_native_fdr,8.0,cluster_merging,duplicate_removal,120,120,unmatched_cluster,unmatched_cluster,11172
raw_native_fdr,8.0,cluster_merging,duplicate_removal,121,-1,unmatched_cluster,removed_by_dedup,5
raw_native_fdr,8.0,cluster_merging,duplicate_removal,121,121,unmatched_cluster,unmatched_cluster,16057
raw_native_fdr,8.0,cluster_merging,duplicate_removal,122,122,unmatched_cluster,unmatched_cluster,2453
raw_native_fdr,8.0,cluster_merging,duplicate_removal,123,123,unmatched_cluster,unmatched_cluster,10032
raw_native_fdr,8.0,cluster_merging,duplicate_removal,124,124,unmatched_cluster,unmatched_cluster,617
raw_native_fdr,8.0,cluster_merging,duplicate_removal,125,-1,unmatched_cluster,removed_by_dedup,1
raw_native_fdr,8.0,cluster_merging,duplicate_removal,125,125,unmatched_cluster,unmatched_cluster,2863
raw_native_fdr,8.0,cluster_merging,duplicate_removal,126,-1,unmatched_cluster,removed_by_dedup,3
raw_native_fdr,8.0,cluster_merging,duplicate_removal,126,126,unmatched_cluster,unmatched_cluster,26412
raw_native_fdr,8.0,cluster_merging,duplicate_removal,127,-1,unmatched_cluster,removed_by_dedup,1
raw_native_fdr,8.0,cluster_merging,duplicate_removal,127,127,unmatched_cluster,unmatched_cluster,15448
raw_native_fdr,8.0,cluster_merging,duplicate_removal,128,128,unmatched_cluster,unmatched_cluster,20149
raw_native_fdr,8.0,cluster_merging,duplicate_removal,129,-1,unmatched_cluster,removed_by_dedup,5
raw_native_fdr,8.0,cluster_merging,duplicate_removal,129,129,unmatched_cluster,unmatched_cluster,59226
raw_native_fdr,8.0,cluster_merging,duplicate_removal,130,130,unmatched_cluster,unmatched_cluster,8990
raw_native_fdr,8.0,cluster_merging,duplicate_removal,131,131,unmatched_cluster,unmatched_cluster,985
raw_native_fdr,8.0,cluster_merging,duplicate_removal,132,132,unmatched_cluster,unmatched_cluster,3724
raw_native_fdr,8.0,cluster_merging,duplicate_removal,133,133,unmatched_cluster,unmatched_cluster,4941
raw_native_fdr,8.0,cluster_merging,duplicate_removal,134,-1,unmatched_cluster,removed_by_dedup,1
raw_native_fdr,8.0,cluster_merging,duplicate_removal,134,134,unmatched_cluster,unmatched_cluster,12229
raw_native_fdr,8.0,cluster_merging,duplicate_removal,135,-1,unmatched_cluster,removed_by_dedup,8
raw_native_fdr,8.0,cluster_merging,duplicate_removal,135,135,unmatched_cluster,unmatched_cluster,31650
raw_native_fdr,8.0,cluster_merging,duplicate_removal,136,136,unmatched_cluster,unmatched_cluster,1362
raw_native_fdr,8.0,cluster_merging,duplicate_removal,137,137,unmatched_cluster,unmatched_cluster,1065
raw_native_fdr,8.0,cluster_merging,duplicate_removal,138,138,unmatched_cluster,unmatched_cluster,722
raw_native_fdr,8.0,cluster_merging,duplicate_removal,139,139,unmatched_cluster,unmatched_cluster,1521
raw_native_fdr,8.0,cluster_merging,duplicate_removal,140,-1,unmatched_cluster,removed_by_dedup,1
raw_native_fdr,8.0,cluster_merging,duplicate_removal,140,140,unmatched_cluster,unmatched_cluster,10714
raw_native_fdr,8.0,cluster_merging,duplicate_removal,141,-1,unmatched_cluster,removed_by_dedup,1
raw_native_fdr,8.0,cluster_merging,duplicate_removal,141,141,unmatched_cluster,unmatched_cluster,5516
raw_native_fdr,8.0,cluster_merging,duplicate_removal,142,-1,unmatched_cluster,removed_by_dedup,2
raw_native_fdr,8.0,cluster_merging,duplicate_removal,142,142,unmatched_cluster,unmatched_cluster,22178
raw_native_fdr,8.0,cluster_merging,duplicate_removal,143,143,unmatched_cluster,unmatched_cluster,5307
raw_native_fdr,8.0,cluster_merging,duplicate_removal,144,144,unmatched_cluster,unmatched_cluster,178
raw_native_fdr,8.0,cluster_merging,duplicate_removal,145,-1,unmatched_cluster,removed_by_dedup,1
raw_native_fdr,8.0,cluster_merging,duplicate_removal,145,145,unmatched_cluster,unmatched_cluster,6361
raw_native_fdr,8.0,cluster_merging,duplicate_removal,146,-1,unmatched_cluster,removed_by_dedup,1
raw_native_fdr,8.0,cluster_merging,duplicate_removal,146,146,unmatched_cluster,unmatched_cluster,14282
raw_native_fdr,8.0,cluster_merging,duplicate_removal,147,147,unmatched_cluster,unmatched_cluster,4473
raw_native_fdr,8.0,cluster_merging,duplicate_removal,148,148,unmatched_cluster,unmatched_cluster,1030
raw_native_fdr,8.0,cluster_merging,duplicate_removal,149,-1,unmatched_cluster,removed_by_dedup,6
raw_native_fdr,8.0,cluster_merging,duplicate_removal,149,149,unmatched_cluster,unmatched_cluster,30495
raw_native_fdr,8.0,cluster_merging,duplicate_removal,150,150,unmatched_cluster,unmatched_cluster,6790
raw_native_fdr,8.0,cluster_merging,duplicate_removal,151,151,unmatched_cluster,unmatched_cluster,1030
raw_native_fdr,8.0,cluster_merging,duplicate_removal,152,152,unmatched_cluster,unmatched_cluster,3396
raw_native_fdr,8.0,cluster_merging,duplicate_removal,153,-1,unmatched_cluster,removed_by_dedup,2
raw_native_fdr,8.0,cluster_merging,duplicate_removal,153,153,unmatched_cluster,unmatched_cluster,29118
raw_native_fdr,8.0,cluster_merging,duplicate_removal,154,154,unmatched_cluster,unmatched_cluster,26486
raw_native_fdr,8.0,cluster_merging,duplicate_removal,155,155,unmatched_cluster,unmatched_cluster,477
raw_native_fdr,8.0,cluster_merging,duplicate_removal,156,-1,unmatched_cluster,removed_by_dedup,1
raw_native_fdr,8.0,cluster_merging,duplicate_removal,156,156,unmatched_cluster,unmatched_cluster,6516
raw_native_fdr,8.0,cluster_merging,duplicate_removal,157,157,unmatched_cluster,unmatched_cluster,1204
raw_native_fdr,8.0,cluster_merging,duplicate_removal,158,158,unmatched_cluster,unmatched_cluster,1309
raw_native_fdr,8.0,cluster_merging,duplicate_removal,159,159,unmatched_cluster,unmatched_cluster,32
raw_native_fdr,8.0,cluster_merging,duplicate_removal,160,160,unmatched_cluster,unmatched_cluster,2322
raw_native_fdr,8.0,cluster_merging,duplicate_removal,161,-1,unmatched_cluster,removed_by_dedup,1
raw_native_fdr,8.0,cluster_merging,duplicate_removal,161,161,unmatched_cluster,unmatched_cluster,6990
raw_native_fdr,8.0,cluster_merging,duplicate_removal,162,162,unmatched_cluster,unmatched_cluster,2607
raw_native_fdr,8.0,cluster_merging,duplicate_removal,163,-1,unmatched_cluster,removed_by_dedup,1
raw_native_fdr,8.0,cluster_merging,duplicate_removal,163,163,unmatched_cluster,unmatched_cluster,5622
raw_native_fdr,8.0,cluster_merging,duplicate_removal,164,164,unmatched_cluster,unmatched_cluster,28825
raw_native_fdr,8.0,cluster_merging,duplicate_removal,165,165,unmatched_cluster,unmatched_cluster,21735
raw_native_fdr,8.0,cluster_merging,duplicate_removal,166,166,unmatched_cluster,unmatched_cluster,3475
raw_native_fdr,8.0,cluster_merging,duplicate_removal,167,167,unmatched_cluster,unmatched_cluster,874
raw_native_fdr,8.0,cluster_merging,duplicate_removal,168,168,unmatched_cluster,unmatched_cluster,2611
raw_native_fdr,8.0,cluster_merging,duplicate_removal,169,169,unmatched_cluster,unmatched_cluster,162
raw_native_fdr,8.0,cluster_merging,duplicate_removal,170,170,unmatched_cluster,unmatched_cluster,3595
raw_native_fdr,8.0,cluster_merging,duplicate_removal,171,-1,unmatched_cluster,removed_by_dedup,1
raw_native_fdr,8.0,cluster_merging,duplicate_removal,171,171,unmatched_cluster,unmatched_cluster,12155
raw_native_fdr,8.0,cluster_merging,duplicate_removal,172,-1,unmatched_cluster,removed_by_dedup,1
raw_native_fdr,8.0,cluster_merging,duplicate_removal,172,172,unmatched_cluster,unmatched_cluster,13914
raw_native_fdr,8.0,cluster_merging,duplicate_removal,173,-1,unmatched_cluster,removed_by_dedup,2
raw_native_fdr,8.0,cluster_merging,duplicate_removal,173,173,unmatched_cluster,unmatched_cluster,24419
raw_native_fdr,8.0,cluster_merging,duplicate_removal,174,174,unmatched_cluster,unmatched_cluster,72
raw_native_fdr,8.0,cluster_merging,duplicate_removal,175,175,unmatched_cluster,unmatched_cluster,3621
raw_native_fdr,8.0,cluster_merging,duplicate_removal,176,176,unmatched_cluster,unmatched_cluster,14
raw_native_fdr,8.0,cluster_merging,duplicate_removal,177,-1,unmatched_cluster,removed_by_dedup,2
raw_native_fdr,8.0,cluster_merging,duplicate_removal,177,177,unmatched_cluster,unmatched_cluster,191
raw_native_fdr,8.0,cluster_merging,duplicate_removal,178,178,unmatched_cluster,unmatched_cluster,4
raw_native_fdr,8.0,cluster_merging,duplicate_removal,179,179,unmatched_cluster,unmatched_cluster,524
raw_native_fdr,8.0,cluster_merging,duplicate_removal,180,180,unmatched_cluster,unmatched_cluster,788
raw_native_fdr,8.0,cluster_merging,duplicate_removal,181,181,unmatched_cluster,unmatched_cluster,1809
raw_native_fdr,8.0,cluster_merging,duplicate_removal,182,182,unmatched_cluster,unmatched_cluster,557
raw_native_fdr,8.0,cluster_merging,duplicate_removal,183,183,unmatched_cluster,unmatched_cluster,119
raw_native_fdr,8.0,cluster_merging,duplicate_removal,184,184,unmatched_cluster,unmatched_cluster,173
raw_native_fdr,8.0,cluster_merging,duplicate_removal,185,-1,unmatched_cluster,removed_by_dedup,1
raw_native_fdr,8.0,cluster_merging,duplicate_removal,185,185,unmatched_cluster,unmatched_cluster,606
raw_native_fdr,8.0,cluster_merging,duplicate_removal,186,186,unmatched_cluster,unmatched_cluster,2127
raw_native_fdr,8.0,cluster_merging,duplicate_removal,187,187,unmatched_cluster,unmatched_cluster,7359
raw_native_fdr,8.0,cluster_merging,duplicate_removal,188,188,unmatched_cluster,unmatched_cluster,150
raw_native_fdr,8.0,cluster_merging,duplicate_removal,189,189,unmatched_cluster,unmatched_cluster,156
raw_native_fdr,8.0,cluster_merging,duplicate_removal,190,190,unmatched_cluster,unmatched_cluster,2369
raw_native_fdr,8.0,cluster_merging,duplicate_removal,191,191,unmatched_cluster,unmatched_cluster,658
raw_native_fdr,8.0,cluster_merging,duplicate_removal,192,192,unmatched_cluster,unmatched_cluster,766
raw_native_fdr,8.0,cluster_merging,duplicate_removal,193,193,unmatched_cluster,unmatched_cluster,3943
raw_native_fdr,8.0,cluster_merging,duplicate_removal,194,194,unmatched_cluster,unmatched_cluster,260
raw_native_fdr,8.0,cluster_merging,duplicate_removal,195,195,unmatched_cluster,unmatched_cluster,248
raw_native_fdr,8.0,cluster_merging,duplicate_removal,196,196,unmatched_cluster,unmatched_cluster,691
raw_native_fdr,8.0,cluster_merging,duplicate_removal,197,-1,unmatched_cluster,removed_by_dedup,6
raw_native_fdr,8.0,cluster_merging,duplicate_removal,197,197,unmatched_cluster,unmatched_cluster,27294
raw_native_fdr,8.0,cluster_merging,duplicate_removal,198,198,unmatched_cluster,unmatched_cluster,213
raw_native_fdr,8.0,cluster_merging,duplicate_removal,199,199,unmatched_cluster,unmatched_cluster,1813
raw_native_fdr,8.0,cluster_merging,duplicate_removal,200,-1,unmatched_cluster,removed_by_dedup,1
raw_native_fdr,8.0,cluster_merging,duplicate_removal,200,200,unmatched_cluster,unmatched_cluster,5489
raw_native_fdr,8.0,cluster_merging,duplicate_removal,201,201,unmatched_cluster,unmatched_cluster,751
raw_native_fdr,8.0,cluster_merging,duplicate_removal,202,202,unmatched_cluster,unmatched_cluster,209
raw_native_fdr,8.0,cluster_merging,duplicate_removal,203,203,unmatched_cluster,unmatched_cluster,3146
raw_native_fdr,8.0,cluster_merging,duplicate_removal,204,204,unmatched_cluster,unmatched_cluster,725
raw_native_fdr,8.0,cluster_merging,duplicate_removal,205,205,unmatched_cluster,unmatched_cluster,3379
raw_native_fdr,8.0,cluster_merging,duplicate_removal,206,206,unmatched_cluster,unmatched_cluster,1476
raw_native_fdr,8.0,cluster_merging,duplicate_removal,207,207,unmatched_cluster,unmatched_cluster,1949
raw_native_fdr,8.0,cluster_merging,duplicate_removal,208,208,unmatched_cluster,unmatched_cluster,85
raw_native_fdr,8.0,cluster_merging,duplicate_removal,209,209,unmatched_cluster,unmatched_cluster,208
raw_native_fdr,8.0,cluster_merging,duplicate_removal,210,210,unmatched_cluster,unmatched_cluster,945
raw_native_fdr,8.0,cluster_merging,duplicate_removal,211,-1,unmatched_cluster,removed_by_dedup,2
raw_native_fdr,8.0,cluster_merging,duplicate_removal,211,211,unmatched_cluster,unmatched_cluster,11461
raw_native_fdr,8.0,cluster_merging,duplicate_removal,212,-1,unmatched_cluster,removed_by_dedup,2
raw_native_fdr,8.0,cluster_merging,duplicate_removal,212,212,unmatched_cluster,unmatched_cluster,5936
raw_native_fdr,8.0,cluster_merging,duplicate_removal,213,-1,unmatched_cluster,removed_by_dedup,1
raw_native_fdr,8.0,cluster_merging,duplicate_removal,213,213,unmatched_cluster,unmatched_cluster,7685
raw_native_fdr,8.0,cluster_merging,duplicate_removal,214,214,unmatched_cluster,unmatched_cluster,939
raw_native_fdr,8.0,cluster_merging,duplicate_removal,215,215,unmatched_cluster,unmatched_cluster,6170
raw_native_fdr,8.0,cluster_merging,duplicate_removal,216,216,unmatched_cluster,unmatched_cluster,3782
raw_native_fdr,8.0,cluster_merging,duplicate_removal,217,-1,unmatched_cluster,removed_by_dedup,4
raw_native_fdr,8.0,cluster_merging,duplicate_removal,217,217,unmatched_cluster,unmatched_cluster,11435
raw_native_fdr,8.0,cluster_merging,duplicate_removal,218,-1,unmatched_cluster,removed_by_dedup,1
raw_native_fdr,8.0,cluster_merging,duplicate_removal,218,218,unmatched_cluster,unmatched_cluster,8127
raw_native_fdr,8.0,cluster_merging,duplicate_removal,219,219,unmatched_cluster,unmatched_cluster,4567
raw_native_fdr,8.0,cluster_merging,duplicate_removal,220,220,unmatched_cluster,unmatched_cluster,389
raw_native_fdr,8.0,cluster_merging,duplicate_removal,221,-1,unmatched_cluster,removed_by_dedup,3
raw_native_fdr,8.0,cluster_merging,duplicate_removal,221,221,unmatched_cluster,unmatched_cluster,12372
raw_native_fdr,8.0,cluster_merging,duplicate_removal,222,222,unmatched_cluster,unmatched_cluster,133
raw_native_fdr,8.0,cluster_merging,duplicate_removal,223,223,unmatched_cluster,unmatched_cluster,959
raw_native_fdr,8.0,cluster_merging,duplicate_removal,224,-1,unmatched_cluster,removed_by_dedup,1
raw_native_fdr,8.0,cluster_merging,duplicate_removal,224,224,unmatched_cluster,unmatched_cluster,2730
raw_native_fdr,8.0,cluster_merging,duplicate_removal,225,225,unmatched_cluster,unmatched_cluster,653
raw_native_fdr,8.0,cluster_merging,duplicate_removal,226,226,unmatched_cluster,unmatched_cluster,1622
raw_native_fdr,8.0,cluster_merging,duplicate_removal,227,-1,unmatched_cluster,removed_by_dedup,2
raw_native_fdr,8.0,cluster_merging,duplicate_removal,227,227,unmatched_cluster,unmatched_cluster,11333
raw_native_fdr,8.0,cluster_merging,duplicate_removal,228,228,unmatched_cluster,unmatched_cluster,1221
raw_native_fdr,8.0,cluster_merging,duplicate_removal,229,229,unmatched_cluster,unmatched_cluster,539
raw_native_fdr,8.0,cluster_merging,duplicate_removal,230,230,unmatched_cluster,unmatched_cluster,5295
raw_native_fdr,8.0,cluster_merging,duplicate_removal,231,231,unmatched_cluster,unmatched_cluster,2121
raw_native_fdr,8.0,cluster_merging,duplicate_removal,232,232,unmatched_cluster,unmatched_cluster,1100
raw_native_fdr,8.0,cluster_merging,duplicate_removal,233,233,unmatched_cluster,unmatched_cluster,1622
raw_native_fdr,8.0,cluster_merging,duplicate_removal,234,-1,unmatched_cluster,removed_by_dedup,1
raw_native_fdr,8.0,cluster_merging,duplicate_removal,234,234,unmatched_cluster,unmatched_cluster,3773
raw_native_fdr,8.0,cluster_merging,duplicate_removal,235,235,unmatched_cluster,unmatched_cluster,9292
raw_native_fdr,8.0,cluster_merging,duplicate_removal,236,236,unmatched_cluster,unmatched_cluster,9585
raw_native_fdr,8.0,cluster_merging,duplicate_removal,237,237,unmatched_cluster,unmatched_cluster,639
raw_native_fdr,8.0,cluster_merging,duplicate_removal,238,238,unmatched_cluster,unmatched_cluster,668
raw_native_fdr,8.0,cluster_merging,duplicate_removal,239,239,unmatched_cluster,unmatched_cluster,310
raw_native_fdr,8.0,cluster_merging,duplicate_removal,240,240,unmatched_cluster,unmatched_cluster,248
raw_native_fdr,8.0,cluster_merging,duplicate_removal,241,241,unmatched_cluster,unmatched_cluster,1081
raw_native_fdr,8.0,cluster_merging,duplicate_removal,242,242,unmatched_cluster,unmatched_cluster,3873
raw_native_fdr,8.0,cluster_merging,duplicate_removal,243,-1,unmatched_cluster,removed_by_dedup,1
raw_native_fdr,8.0,cluster_merging,duplicate_removal,243,243,unmatched_cluster,unmatched_cluster,601
raw_native_fdr,8.0,cluster_merging,duplicate_removal,244,244,unmatched_cluster,unmatched_cluster,245
raw_native_fdr,8.0,cluster_merging,duplicate_removal,245,245,unmatched_cluster,unmatched_cluster,278
raw_native_fdr,8.0,cluster_merging,duplicate_removal,246,246,unmatched_cluster,unmatched_cluster,1017
raw_native_fdr,8.0,cluster_merging,duplicate_removal,247,247,unmatched_cluster,unmatched_cluster,142
raw_native_fdr,8.0,cluster_merging,duplicate_removal,248,248,unmatched_cluster,unmatched_cluster,1001
raw_native_fdr,8.0,cluster_merging,duplicate_removal,249,249,unmatched_cluster,unmatched_cluster,583
raw_native_fdr,8.0,cluster_merging,duplicate_removal,250,250,unmatched_cluster,unmatched_cluster,2666
raw_native_fdr,8.0,cluster_merging,duplicate_removal,251,251,unmatched_cluster,unmatched_cluster,3166
raw_native_fdr,8.0,cluster_merging,duplicate_removal,252,252,unmatched_cluster,unmatched_cluster,2335
raw_native_fdr,8.0,cluster_merging,duplicate_removal,253,253,unmatched_cluster,unmatched_cluster,1730
raw_native_fdr,8.0,cluster_merging,duplicate_removal,254,254,unmatched_cluster,unmatched_cluster,505
raw_native_fdr,8.0,cluster_merging,duplicate_removal,255,255,unmatched_cluster,unmatched_cluster,882
raw_native_fdr,8.0,cluster_merging,duplicate_removal,256,256,unmatched_cluster,unmatched_cluster,183
raw_native_fdr,8.0,cluster_merging,duplicate_removal,257,257,unmatched_cluster,unmatched_cluster,789
raw_native_fdr,8.0,cluster_merging,duplicate_removal,258,258,unmatched_cluster,unmatched_cluster,1679
raw_native_fdr,8.0,cluster_merging,duplicate_removal,259,259,unmatched_cluster,unmatched_cluster,454
raw_native_fdr,8.0,cluster_merging,duplicate_removal,260,260,unmatched_cluster,unmatched_cluster,1403
raw_native_fdr,8.0,cluster_merging,duplicate_removal,261,261,unmatched_cluster,unmatched_cluster,683
raw_native_fdr,8.0,cluster_merging,duplicate_removal,262,262,unmatched_cluster,unmatched_cluster,4920
raw_native_fdr,8.0,cluster_merging,duplicate_removal,263,263,unmatched_cluster,unmatched_cluster,622
raw_native_fdr,8.0,cluster_merging,duplicate_removal,264,264,unmatched_cluster,unmatched_cluster,4400
raw_native_fdr,8.0,cluster_merging,duplicate_removal,265,265,unmatched_cluster,unmatched_cluster,899
raw_native_fdr,8.0,cluster_merging,duplicate_removal,266,266,unmatched_cluster,unmatched_cluster,3449
raw_native_fdr,8.0,cluster_merging,duplicate_removal,267,267,unmatched_cluster,unmatched_cluster,24
raw_native_fdr,8.0,cluster_merging,duplicate_removal,268,-1,unmatched_cluster,removed_by_dedup,3
raw_native_fdr,8.0,cluster_merging,duplicate_removal,268,268,unmatched_cluster,unmatched_cluster,11572
raw_native_fdr,8.0,cluster_merging,duplicate_removal,269,269,unmatched_cluster,unmatched_cluster,223
raw_native_fdr,8.0,cluster_merging,duplicate_removal,270,270,unmatched_cluster,unmatched_cluster,192
raw_native_fdr,8.0,cluster_merging,duplicate_removal,271,271,unmatched_cluster,unmatched_cluster,688
raw_native_fdr,8.0,cluster_merging,duplicate_removal,272,272,unmatched_cluster,unmatched_cluster,792
raw_native_fdr,8.0,cluster_merging,duplicate_removal,273,273,unmatched_cluster,unmatched_cluster,427
raw_native_fdr,8.0,cluster_merging,duplicate_removal,274,274,unmatched_cluster,unmatched_cluster,77
raw_native_fdr,8.0,cluster_merging,duplicate_removal,275,275,unmatched_cluster,unmatched_cluster,969
raw_native_fdr,8.0,cluster_merging,duplicate_removal,276,276,unmatched_cluster,unmatched_cluster,8811
raw_native_fdr,8.0,cluster_merging,duplicate_removal,277,-1,unmatched_cluster,removed_by_dedup,2
raw_native_fdr,8.0,cluster_merging,duplicate_removal,277,277,unmatched_cluster,unmatched_cluster,6852
raw_native_fdr,8.0,cluster_merging,duplicate_removal,278,278,unmatched_cluster,unmatched_cluster,35
raw_native_fdr,8.0,cluster_merging,duplicate_removal,279,279,unmatched_cluster,unmatched_cluster,332
raw_native_fdr,8.0,cluster_merging,duplicate_removal,280,280,unmatched_cluster,unmatched_cluster,541
raw_native_fdr,8.0,cluster_merging,duplicate_removal,281,281,unmatched_cluster,unmatched_cluster,213
raw_native_fdr,8.0,cluster_merging,duplicate_removal,282,282,unmatched_cluster,unmatched_cluster,217
raw_native_fdr,8.0,cluster_merging,duplicate_removal,283,283,unmatched_cluster,unmatched_cluster,266
raw_native_fdr,8.0,cluster_merging,duplicate_removal,284,284,unmatched_cluster,unmatched_cluster,217
raw_native_fdr,8.0,cluster_merging,duplicate_removal,285,285,unmatched_cluster,unmatched_cluster,384
raw_native_fdr,8.0,cluster_merging,duplicate_removal,286,286,unmatched_cluster,unmatched_cluster,981
raw_native_fdr,8.0,cluster_merging,duplicate_removal,287,287,unmatched_cluster,unmatched_cluster,572
raw_native_fdr,8.0,cluster_merging,duplicate_removal,288,-1,unmatched_cluster,removed_by_dedup,1
raw_native_fdr,8.0,cluster_merging,duplicate_removal,288,288,unmatched_cluster,unmatched_cluster,10198
raw_native_fdr,8.0,cluster_merging,duplicate_removal,289,-1,unmatched_cluster,removed_by_dedup,1
raw_native_fdr,8.0,cluster_merging,duplicate_removal,289,289,unmatched_cluster,unmatched_cluster,10565
raw_native_fdr,8.0,cluster_merging,duplicate_removal,290,290,unmatched_cluster,unmatched_cluster,610
raw_native_fdr,8.0,cluster_merging,duplicate_removal,291,291,unmatched_cluster,unmatched_cluster,430
raw_native_fdr,8.0,cluster_merging,duplicate_removal,292,292,unmatched_cluster,unmatched_cluster,127
raw_native_fdr,8.0,cluster_merging,duplicate_removal,293,293,unmatched_cluster,unmatched_cluster,310
raw_native_fdr,8.0,cluster_merging,duplicate_removal,294,294,unmatched_cluster,unmatched_cluster,765
raw_native_fdr,8.0,cluster_merging,duplicate_removal,295,295,unmatched_cluster,unmatched_cluster,79
raw_native_fdr,8.0,cluster_merging,duplicate_removal,296,-1,unmatched_cluster,removed_by_dedup,2
raw_native_fdr,8.0,cluster_merging,duplicate_removal,296,296,unmatched_cluster,unmatched_cluster,4326
raw_native_fdr,8.0,cluster_merging,duplicate_removal,297,297,unmatched_cluster,unmatched_cluster,266
raw_native_fdr,8.0,cluster_merging,duplicate_removal,298,298,unmatched_cluster,unmatched_cluster,469
raw_native_fdr,8.0,cluster_merging,duplicate_removal,299,299,unmatched_cluster,unmatched_cluster,2949
raw_native_fdr,8.0,cluster_merging,duplicate_removal,300,-1,unmatched_cluster,removed_by_dedup,1
raw_native_fdr,8.0,cluster_merging,duplicate_removal,300,300,unmatched_cluster,unmatched_cluster,2405
raw_native_fdr,8.0,cluster_merging,duplicate_removal,301,301,unmatched_cluster,unmatched_cluster,3289
raw_native_fdr,8.0,cluster_merging,duplicate_removal,302,302,unmatched_cluster,unmatched_cluster,160
raw_native_fdr,8.0,cluster_merging,duplicate_removal,303,303,unmatched_cluster,unmatched_cluster,1033
raw_native_fdr,8.0,cluster_merging,duplicate_removal,304,304,unmatched_cluster,unmatched_cluster,53
raw_native_fdr,8.0,cluster_merging,duplicate_removal,305,305,unmatched_cluster,unmatched_cluster,11
raw_native_fdr,8.0,cluster_merging,duplicate_removal,306,306,unmatched_cluster,unmatched_cluster,13
raw_native_fdr,8.0,cluster_merging,duplicate_removal,307,307,unmatched_cluster,unmatched_cluster,8
raw_native_fdr,8.0,cluster_merging,duplicate_removal,308,-1,unmatched_cluster,removed_by_dedup,1
raw_native_fdr,8.0,cluster_merging,duplicate_removal,308,308,unmatched_cluster,unmatched_cluster,119
raw_native_fdr,8.0,cluster_merging,duplicate_removal,309,-1,unmatched_cluster,removed_by_dedup,6
raw_native_fdr,8.0,cluster_merging,duplicate_removal,309,309,unmatched_cluster,unmatched_cluster,37
raw_native_fdr,8.0,cluster_merging,duplicate_removal,310,310,unmatched_cluster,unmatched_cluster,76
raw_native_fdr,8.0,cluster_merging,duplicate_removal,311,311,unmatched_cluster,unmatched_cluster,120
raw_native_fdr,8.0,cluster_merging,duplicate_removal,312,312,unmatched_cluster,unmatched_cluster,64
raw_native_fdr,8.0,cluster_merging,duplicate_removal,313,313,unmatched_cluster,unmatched_cluster,183
raw_native_fdr,8.0,cluster_merging,duplicate_removal,314,-1,unmatched_cluster,removed_by_dedup,7
raw_native_fdr,8.0,cluster_merging,duplicate_removal,314,314,unmatched_cluster,unmatched_cluster,126
raw_native_fdr,8.0,cluster_merging,duplicate_removal,315,315,unmatched_cluster,unmatched_cluster,19
raw_native_fdr,8.0,cluster_merging,duplicate_removal,316,316,unmatched_cluster,unmatched_cluster,105
raw_native_fdr,8.0,cluster_merging,duplicate_removal,317,317,unmatched_cluster,unmatched_cluster,12
raw_native_fdr,8.0,cluster_merging,duplicate_removal,318,318,unmatched_cluster,unmatched_cluster,32
raw_native_fdr,8.0,cluster_merging,duplicate_removal,319,319,unmatched_cluster,unmatched_cluster,92
denoised_native_fdr,8.0,detection_template,final_clustering,0,1,unmatched_cluster,unmatched_cluster,1
denoised_native_fdr,8.0,detection_template,final_clustering,0,3,unmatched_cluster,unmatched_cluster,1
denoised_native_fdr,8.0,detection_template,final_clustering,1,0,unmatched_cluster,unmatched_cluster,1
denoised_native_fdr,8.0,detection_template,final_clustering,1,1,unmatched_cluster,unmatched_cluster,1
denoised_native_fdr,8.0,detection_template,final_clustering,1,2,unmatched_cluster,unmatched_cluster,1
denoised_native_fdr,8.0,detection_template,final_clustering,1,3,unmatched_cluster,unmatched_cluster,2633
denoised_native_fdr,8.0,detection_template,final_clustering,2,6,unmatched_cluster,unmatched_cluster,3104
denoised_native_fdr,8.0,detection_template,final_clustering,3,4,unmatched_cluster,unmatched_cluster,1395
denoised_native_fdr,8.0,detection_template,final_clustering,4,2,unmatched_cluster,unmatched_cluster,237
denoised_native_fdr,8.0,detection_template,final_clustering,4,3,unmatched_cluster,unmatched_cluster,46
denoised_native_fdr,8.0,detection_template,final_clustering,5,0,unmatched_cluster,unmatched_cluster,1168
denoised_native_fdr,8.0,detection_template,final_clustering,6,1,unmatched_cluster,unmatched_cluster,412
denoised_native_fdr,8.0,detection_template,final_clustering,6,2,unmatched_cluster,unmatched_cluster,87
denoised_native_fdr,8.0,detection_template,final_clustering,6,3,unmatched_cluster,unmatched_cluster,71
denoised_native_fdr,8.0,detection_template,final_clustering,7,1,unmatched_cluster,unmatched_cluster,82
denoised_native_fdr,8.0,detection_template,final_clustering,7,3,unmatched_cluster,unmatched_cluster,9
denoised_native_fdr,8.0,detection_template,final_clustering,8,2,unmatched_cluster,unmatched_cluster,2505
denoised_native_fdr,8.0,detection_template,final_clustering,11,8,unmatched_cluster,unmatched_cluster,5200
denoised_native_fdr,8.0,detection_template,final_clustering,12,5,unmatched_cluster,unmatched_cluster,5
denoised_native_fdr,8.0,detection_template,final_clustering,12,6,unmatched_cluster,unmatched_cluster,1
denoised_native_fdr,8.0,detection_template,final_clustering,12,7,unmatched_cluster,unmatched_cluster,3
denoised_native_fdr,8.0,detection_template,final_clustering,12,8,unmatched_cluster,unmatched_cluster,2
denoised_native_fdr,8.0,detection_template,final_clustering,12,9,unmatched_cluster,unmatched_cluster,124
denoised_native_fdr,8.0,detection_template,final_clustering,13,5,unmatched_cluster,unmatched_cluster,1
denoised_native_fdr,8.0,detection_template,final_clustering,13,6,unmatched_cluster,unmatched_cluster,4
denoised_native_fdr,8.0,detection_template,final_clustering,13,8,unmatched_cluster,unmatched_cluster,5
denoised_native_fdr,8.0,detection_template,final_clustering,13,10,unmatched_cluster,unmatched_cluster,10
denoised_native_fdr,8.0,detection_template,final_clustering,14,5,unmatched_cluster,unmatched_cluster,6
denoised_native_fdr,8.0,detection_template,final_clustering,14,7,unmatched_cluster,unmatched_cluster,217
denoised_native_fdr,8.0,detection_template,final_clustering,15,13,unmatched_cluster,unmatched_cluster,1
denoised_native_fdr,8.0,detection_template,final_clustering,16,6,unmatched_cluster,unmatched_cluster,70
denoised_native_fdr,8.0,detection_template,final_clustering,16,8,unmatched_cluster,unmatched_cluster,1
denoised_native_fdr,8.0,detection_template,final_clustering,16,10,unmatched_cluster,unmatched_cluster,331
denoised_native_fdr,8.0,detection_template,final_clustering,17,7,unmatched_cluster,unmatched_cluster,4811
denoised_native_fdr,8.0,detection_template,final_clustering,18,5,unmatched_cluster,unmatched_cluster,6559
denoised_native_fdr,8.0,detection_template,final_clustering,18,7,unmatched_cluster,unmatched_cluster,1
denoised_native_fdr,8.0,detection_template,final_clustering,19,12,unmatched_cluster,unmatched_cluster,3824
denoised_native_fdr,8.0,detection_template,final_clustering,19,13,unmatched_cluster,unmatched_cluster,6
denoised_native_fdr,8.0,detection_template,final_clustering,20,18,unmatched_cluster,unmatched_cluster,49
denoised_native_fdr,8.0,detection_template,final_clustering,21,13,unmatched_cluster,unmatched_cluster,4
denoised_native_fdr,8.0,detection_template,final_clustering,22,13,unmatched_cluster,unmatched_cluster,186
denoised_native_fdr,8.0,detection_template,final_clustering,23,13,unmatched_cluster,unmatched_cluster,94
denoised_native_fdr,8.0,detection_template,final_clustering,24,11,unmatched_cluster,unmatched_cluster,172
denoised_native_fdr,8.0,detection_template,final_clustering,24,14,unmatched_cluster,unmatched_cluster,10392
denoised_native_fdr,8.0,detection_template,final_clustering,25,18,unmatched_cluster,unmatched_cluster,3514
denoised_native_fdr,8.0,detection_template,final_clustering,26,21,unmatched_cluster,unmatched_cluster,4865
denoised_native_fdr,8.0,detection_template,final_clustering,26,22,unmatched_cluster,unmatched_cluster,2
denoised_native_fdr,8.0,detection_template,final_clustering,27,15,unmatched_cluster,unmatched_cluster,2205
denoised_native_fdr,8.0,detection_template,final_clustering,27,17,unmatched_cluster,unmatched_cluster,1
denoised_native_fdr,8.0,detection_template,final_clustering,28,15,unmatched_cluster,unmatched_cluster,121
denoised_native_fdr,8.0,detection_template,final_clustering,28,17,unmatched_cluster,unmatched_cluster,475
denoised_native_fdr,8.0,detection_template,final_clustering,29,15,unmatched_cluster,unmatched_cluster,11
denoised_native_fdr,8.0,detection_template,final_clustering,29,16,unmatched_cluster,unmatched_cluster,156
denoised_native_fdr,8.0,detection_template,final_clustering,29,18,unmatched_cluster,unmatched_cluster,3
denoised_native_fdr,8.0,detection_template,final_clustering,31,19,unmatched_cluster,unmatched_cluster,5
denoised_native_fdr,8.0,detection_template,final_clustering,31,20,unmatched_cluster,unmatched_cluster,3215
denoised_native_fdr,8.0,detection_template,final_clustering,32,20,unmatched_cluster,unmatched_cluster,12
denoised_native_fdr,8.0,detection_template,final_clustering,33,21,unmatched_cluster,unmatched_cluster,1
denoised_native_fdr,8.0,detection_template,final_clustering,33,22,unmatched_cluster,unmatched_cluster,13
denoised_native_fdr,8.0,detection_template,final_clustering,33,23,unmatched_cluster,unmatched_cluster,2761
denoised_native_fdr,8.0,detection_template,final_clustering,34,19,unmatched_cluster,unmatched_cluster,18108
denoised_native_fdr,8.0,detection_template,final_clustering,34,20,unmatched_cluster,unmatched_cluster,2
denoised_native_fdr,8.0,detection_template,final_clustering,35,15,unmatched_cluster,unmatched_cluster,5
denoised_native_fdr,8.0,detection_template,final_clustering,35,17,unmatched_cluster,unmatched_cluster,306
denoised_native_fdr,8.0,detection_template,final_clustering,36,19,unmatched_cluster,unmatched_cluster,2
denoised_native_fdr,8.0,detection_template,final_clustering,36,20,unmatched_cluster,unmatched_cluster,27
denoised_native_fdr,8.0,detection_template,final_clustering,37,21,unmatched_cluster,unmatched_cluster,2
denoised_native_fdr,8.0,detection_template,final_clustering,37,22,unmatched_cluster,unmatched_cluster,4836
denoised_native_fdr,8.0,detection_template,final_clustering,37,23,unmatched_cluster,unmatched_cluster,8
denoised_native_fdr,8.0,detection_template,final_clustering,38,19,unmatched_cluster,unmatched_cluster,160
denoised_native_fdr,8.0,detection_template,final_clustering,38,20,unmatched_cluster,unmatched_cluster,9
denoised_native_fdr,8.0,detection_template,final_clustering,38,21,unmatched_cluster,unmatched_cluster,1
denoised_native_fdr,8.0,detection_template,final_clustering,38,22,unmatched_cluster,unmatched_cluster,1
denoised_native_fdr,8.0,detection_template,final_clustering,39,26,unmatched_cluster,unmatched_cluster,83
denoised_native_fdr,8.0,detection_template,final_clustering,40,26,unmatched_cluster,unmatched_cluster,1
denoised_native_fdr,8.0,detection_template,final_clustering,41,26,unmatched_cluster,unmatched_cluster,11586
denoised_native_fdr,8.0,detection_template,final_clustering,43,25,unmatched_cluster,unmatched_cluster,1
denoised_native_fdr,8.0,detection_template,final_clustering,44,25,unmatched_cluster,unmatched_cluster,2130
denoised_native_fdr,8.0,detection_template,final_clustering,45,24,unmatched_cluster,unmatched_cluster,209
denoised_native_fdr,8.0,detection_template,final_clustering,45,26,unmatched_cluster,unmatched_cluster,4
denoised_native_fdr,8.0,detection_template,final_clustering,46,27,unmatched_cluster,unmatched_cluster,20
denoised_native_fdr,8.0,detection_template,final_clustering,46,28,unmatched_cluster,unmatched_cluster,1
denoised_native_fdr,8.0,detection_template,final_clustering,48,27,unmatched_cluster,unmatched_cluster,2488
denoised_native_fdr,8.0,detection_template,final_clustering,49,29,unmatched_cluster,unmatched_cluster,5
denoised_native_fdr,8.0,detection_template,final_clustering,49,30,unmatched_cluster,unmatched_cluster,2
denoised_native_fdr,8.0,detection_template,final_clustering,49,31,unmatched_cluster,unmatched_cluster,5
denoised_native_fdr,8.0,detection_template,final_clustering,49,32,unmatched_cluster,unmatched_cluster,71
denoised_native_fdr,8.0,detection_template,final_clustering,50,27,unmatched_cluster,unmatched_cluster,1
denoised_native_fdr,8.0,detection_template,final_clustering,50,28,unmatched_cluster,unmatched_cluster,562
denoised_native_fdr,8.0,detection_template,final_clustering,52,29,unmatched_cluster,unmatched_cluster,9
denoised_native_fdr,8.0,detection_template,final_clustering,52,30,unmatched_cluster,unmatched_cluster,2
denoised_native_fdr,8.0,detection_template,final_clustering,52,31,unmatched_cluster,unmatched_cluster,31
denoised_native_fdr,8.0,detection_template,final_clustering,52,32,unmatched_cluster,unmatched_cluster,57
denoised_native_fdr,8.0,detection_template,final_clustering,53,33,unmatched_cluster,unmatched_cluster,765
denoised_native_fdr,8.0,detection_template,final_clustering,54,30,unmatched_cluster,unmatched_cluster,1938
denoised_native_fdr,8.0,detection_template,final_clustering,55,31,unmatched_cluster,unmatched_cluster,685
denoised_native_fdr,8.0,detection_template,final_clustering,56,29,unmatched_cluster,unmatched_cluster,1436
denoised_native_fdr,8.0,detection_template,final_clustering,56,30,unmatched_cluster,unmatched_cluster,4
denoised_native_fdr,8.0,detection_template,final_clustering,57,33,unmatched_cluster,unmatched_cluster,2605
denoised_native_fdr,8.0,detection_template,final_clustering,58,33,unmatched_cluster,unmatched_cluster,23
denoised_native_fdr,8.0,detection_template,final_clustering,59,33,unmatched_cluster,unmatched_cluster,5
denoised_native_fdr,8.0,detection_template,final_clustering,60,33,unmatched_cluster,unmatched_cluster,3
denoised_native_fdr,8.0,detection_template,final_clustering,60,34,unmatched_cluster,unmatched_cluster,1467
denoised_native_fdr,8.0,detection_template,final_clustering,61,33,unmatched_cluster,unmatched_cluster,30
denoised_native_fdr,8.0,detection_template,final_clustering,62,33,unmatched_cluster,unmatched_cluster,10
denoised_native_fdr,8.0,detection_template,final_clustering,62,35,unmatched_cluster,unmatched_cluster,282
denoised_native_fdr,8.0,detection_template,final_clustering,64,36,unmatched_cluster,unmatched_cluster,1
denoised_native_fdr,8.0,detection_template,final_clustering,64,38,unmatched_cluster,unmatched_cluster,986
denoised_native_fdr,8.0,detection_template,final_clustering,64,39,unmatched_cluster,unmatched_cluster,10
denoised_native_fdr,8.0,detection_template,final_clustering,65,40,unmatched_cluster,unmatched_cluster,190
denoised_native_fdr,8.0,detection_template,final_clustering,65,42,unmatched_cluster,unmatched_cluster,5
denoised_native_fdr,8.0,detection_template,final_clustering,66,36,unmatched_cluster,unmatched_cluster,361
denoised_native_fdr,8.0,detection_template,final_clustering,67,36,unmatched_cluster,unmatched_cluster,4
denoised_native_fdr,8.0,detection_template,final_clustering,68,40,unmatched_cluster,unmatched_cluster,12148
denoised_native_fdr,8.0,detection_template,final_clustering,69,37,unmatched_cluster,unmatched_cluster,6
denoised_native_fdr,8.0,detection_template,final_clustering,69,39,unmatched_cluster,unmatched_cluster,4208
denoised_native_fdr,8.0,detection_template,final_clustering,70,37,unmatched_cluster,unmatched_cluster,6911
denoised_native_fdr,8.0,detection_template,final_clustering,70,39,unmatched_cluster,unmatched_cluster,2
denoised_native_fdr,8.0,detection_template,final_clustering,74,40,unmatched_cluster,unmatched_cluster,3
denoised_native_fdr,8.0,detection_template,final_clustering,74,42,unmatched_cluster,unmatched_cluster,708
denoised_native_fdr,8.0,detection_template,final_clustering,75,41,unmatched_cluster,unmatched_cluster,1
denoised_native_fdr,8.0,detection_template,final_clustering,75,43,unmatched_cluster,unmatched_cluster,7958
denoised_native_fdr,8.0,detection_template,final_clustering,76,40,unmatched_cluster,unmatched_cluster,19
denoised_native_fdr,8.0,detection_template,final_clustering,76,42,unmatched_cluster,unmatched_cluster,12
denoised_native_fdr,8.0,detection_template,final_clustering,77,45,unmatched_cluster,unmatched_cluster,520
denoised_native_fdr,8.0,detection_template,final_clustering,77,46,unmatched_cluster,unmatched_cluster,13
denoised_native_fdr,8.0,detection_template,final_clustering,78,42,unmatched_cluster,unmatched_cluster,1
denoised_native_fdr,8.0,detection_template,final_clustering,78,44,unmatched_cluster,unmatched_cluster,361
denoised_native_fdr,8.0,detection_template,final_clustering,79,46,unmatched_cluster,unmatched_cluster,2920
denoised_native_fdr,8.0,detection_template,final_clustering,80,46,unmatched_cluster,unmatched_cluster,3327
denoised_native_fdr,8.0,detection_template,final_clustering,81,41,unmatched_cluster,unmatched_cluster,548
denoised_native_fdr,8.0,detection_template,final_clustering,82,47,unmatched_cluster,unmatched_cluster,4097
denoised_native_fdr,8.0,detection_template,final_clustering,82,49,unmatched_cluster,unmatched_cluster,1044
denoised_native_fdr,8.0,detection_template,final_clustering,83,48,unmatched_cluster,unmatched_cluster,11122
denoised_native_fdr,8.0,detection_template,final_clustering,84,48,unmatched_cluster,unmatched_cluster,145
denoised_native_fdr,8.0,detection_template,final_clustering,84,49,unmatched_cluster,unmatched_cluster,2
denoised_native_fdr,8.0,detection_template,final_clustering,86,47,unmatched_cluster,unmatched_cluster,1
denoised_native_fdr,8.0,detection_template,final_clustering,86,49,unmatched_cluster,unmatched_cluster,430
denoised_native_fdr,8.0,detection_template,final_clustering,87,50,unmatched_cluster,unmatched_cluster,8
denoised_native_fdr,8.0,detection_template,final_clustering,87,51,unmatched_cluster,unmatched_cluster,39
denoised_native_fdr,8.0,detection_template,final_clustering,87,53,unmatched_cluster,unmatched_cluster,1081
denoised_native_fdr,8.0,detection_template,final_clustering,88,50,unmatched_cluster,unmatched_cluster,2045
denoised_native_fdr,8.0,detection_template,final_clustering,90,52,unmatched_cluster,unmatched_cluster,109
denoised_native_fdr,8.0,detection_template,final_clustering,91,50,unmatched_cluster,unmatched_cluster,9
denoised_native_fdr,8.0,detection_template,final_clustering,91,51,unmatched_cluster,unmatched_cluster,322
denoised_native_fdr,8.0,detection_template,final_clustering,91,53,unmatched_cluster,unmatched_cluster,17
denoised_native_fdr,8.0,detection_template,final_clustering,92,55,unmatched_cluster,unmatched_cluster,1
denoised_native_fdr,8.0,detection_template,final_clustering,93,55,unmatched_cluster,unmatched_cluster,2
denoised_native_fdr,8.0,detection_template,final_clustering,94,54,unmatched_cluster,unmatched_cluster,1495
denoised_native_fdr,8.0,detection_template,final_clustering,94,55,unmatched_cluster,unmatched_cluster,384
denoised_native_fdr,8.0,detection_template,final_clustering,95,56,unmatched_cluster,unmatched_cluster,1
denoised_native_fdr,8.0,detection_template,final_clustering,96,56,unmatched_cluster,unmatched_cluster,933
denoised_native_fdr,8.0,detection_template,final_clustering,97,58,unmatched_cluster,unmatched_cluster,1
denoised_native_fdr,8.0,detection_template,final_clustering,98,57,unmatched_cluster,unmatched_cluster,2884
denoised_native_fdr,8.0,detection_template,final_clustering,98,58,unmatched_cluster,unmatched_cluster,4
denoised_native_fdr,8.0,detection_template,final_clustering,99,57,unmatched_cluster,unmatched_cluster,20
denoised_native_fdr,8.0,detection_template,final_clustering,99,58,unmatched_cluster,unmatched_cluster,211
denoised_native_fdr,8.0,detection_template,final_clustering,100,57,unmatched_cluster,unmatched_cluster,3
denoised_native_fdr,8.0,detection_template,final_clustering,100,58,unmatched_cluster,unmatched_cluster,702
denoised_native_fdr,8.0,detection_template,final_clustering,101,57,unmatched_cluster,unmatched_cluster,147
denoised_native_fdr,8.0,detection_template,final_clustering,101,58,unmatched_cluster,unmatched_cluster,610
denoised_native_fdr,8.0,detection_template,final_clustering,102,57,unmatched_cluster,unmatched_cluster,1
denoised_native_fdr,8.0,detection_template,final_clustering,103,57,unmatched_cluster,unmatched_cluster,2
denoised_native_fdr,8.0,detection_template,final_clustering,103,58,unmatched_cluster,unmatched_cluster,4709
denoised_native_fdr,8.0,detection_template,final_clustering,105,57,unmatched_cluster,unmatched_cluster,28
denoised_native_fdr,8.0,detection_template,final_clustering,105,58,unmatched_cluster,unmatched_cluster,8
denoised_native_fdr,8.0,detection_template,final_clustering,107,59,unmatched_cluster,unmatched_cluster,5
denoised_native_fdr,8.0,detection_template,final_clustering,108,59,unmatched_cluster,unmatched_cluster,1
denoised_native_fdr,8.0,detection_template,final_clustering,110,59,unmatched_cluster,unmatched_cluster,161
denoised_native_fdr,8.0,detection_template,final_clustering,111,60,unmatched_cluster,unmatched_cluster,153
denoised_native_fdr,8.0,detection_template,final_clustering,112,59,unmatched_cluster,unmatched_cluster,28
denoised_native_fdr,8.0,detection_template,final_clustering,115,60,unmatched_cluster,unmatched_cluster,1
denoised_native_fdr,8.0,detection_template,final_clustering,117,60,unmatched_cluster,unmatched_cluster,109
denoised_native_fdr,8.0,detection_template,final_clustering,120,61,unmatched_cluster,unmatched_cluster,35
denoised_native_fdr,8.0,detection_template,final_clustering,121,61,unmatched_cluster,unmatched_cluster,73
denoised_native_fdr,8.0,detection_template,final_clustering,122,61,unmatched_cluster,unmatched_cluster,69
denoised_native_fdr,8.0,detection_template,final_clustering,125,61,unmatched_cluster,unmatched_cluster,3
denoised_native_fdr,8.0,detection_template,final_clustering,132,62,unmatched_cluster,unmatched_cluster,1
denoised_native_fdr,8.0,detection_template,final_clustering,133,62,unmatched_cluster,unmatched_cluster,2
denoised_native_fdr,8.0,detection_template,final_clustering,135,63,unmatched_cluster,unmatched_cluster,1
denoised_native_fdr,8.0,detection_template,final_clustering,138,64,fp_matched_cluster,fp_matched_cluster,3
denoised_native_fdr,8.0,detection_template,final_clustering,138,64,tp,tp,17193
denoised_native_fdr,8.0,detection_template,final_clustering,140,64,unmatched_cluster,fp_matched_cluster,1
denoised_native_fdr,8.0,detection_template,final_clustering,141,64,unmatched_cluster,fp_matched_cluster,1
denoised_native_fdr,8.0,detection_template,final_clustering,143,67,unmatched_cluster,unmatched_cluster,2890
denoised_native_fdr,8.0,detection_template,final_clustering,144,66,unmatched_cluster,unmatched_cluster,3254
denoised_native_fdr,8.0,detection_template,final_clustering,145,65,unmatched_cluster,unmatched_cluster,171
denoised_native_fdr,8.0,detection_template,final_clustering,146,67,unmatched_cluster,unmatched_cluster,1
denoised_native_fdr,8.0,detection_template,final_clustering,146,68,unmatched_cluster,unmatched_cluster,320
denoised_native_fdr,8.0,detection_template,final_clustering,149,69,unmatched_cluster,unmatched_cluster,64
denoised_native_fdr,8.0,detection_template,final_clustering,150,69,unmatched_cluster,unmatched_cluster,26
denoised_native_fdr,8.0,detection_template,final_clustering,152,70,tp,tp,17889
denoised_native_fdr,8.0,detection_template,final_clustering,154,70,unmatched_cluster,fp_matched_cluster,2
denoised_native_fdr,8.0,detection_template,final_clustering,155,71,unmatched_cluster,unmatched_cluster,12483
denoised_native_fdr,8.0,detection_template,final_clustering,157,73,unmatched_cluster,unmatched_cluster,1070
denoised_native_fdr,8.0,detection_template,final_clustering,158,72,unmatched_cluster,unmatched_cluster,2476
denoised_native_fdr,8.0,detection_template,final_clustering,160,74,unmatched_cluster,unmatched_cluster,231
denoised_native_fdr,8.0,detection_template,final_clustering,160,75,unmatched_cluster,unmatched_cluster,3
denoised_native_fdr,8.0,detection_template,final_clustering,160,76,unmatched_cluster,unmatched_cluster,7
denoised_native_fdr,8.0,detection_template,final_clustering,162,73,unmatched_cluster,unmatched_cluster,39
denoised_native_fdr,8.0,detection_template,final_clustering,163,75,unmatched_cluster,unmatched_cluster,29
denoised_native_fdr,8.0,detection_template,final_clustering,164,75,unmatched_cluster,unmatched_cluster,1
denoised_native_fdr,8.0,detection_template,final_clustering,165,75,unmatched_cluster,unmatched_cluster,939
denoised_native_fdr,8.0,detection_template,final_clustering,167,75,unmatched_cluster,unmatched_cluster,1
denoised_native_fdr,8.0,detection_template,final_clustering,168,75,unmatched_cluster,unmatched_cluster,14
denoised_native_fdr,8.0,detection_template,final_clustering,168,76,unmatched_cluster,unmatched_cluster,249
denoised_native_fdr,8.0,detection_template,final_clustering,169,79,unmatched_cluster,unmatched_cluster,2855
denoised_native_fdr,8.0,detection_template,final_clustering,170,77,unmatched_cluster,unmatched_cluster,367
denoised_native_fdr,8.0,detection_template,final_clustering,170,79,unmatched_cluster,unmatched_cluster,78
denoised_native_fdr,8.0,detection_template,final_clustering,170,83,unmatched_cluster,unmatched_cluster,2
denoised_native_fdr,8.0,detection_template,final_clustering,171,84,unmatched_cluster,unmatched_cluster,56
denoised_native_fdr,8.0,detection_template,final_clustering,172,77,unmatched_cluster,unmatched_cluster,2
denoised_native_fdr,8.0,detection_template,final_clustering,173,77,unmatched_cluster,unmatched_cluster,2
denoised_native_fdr,8.0,detection_template,final_clustering,173,78,unmatched_cluster,unmatched_cluster,123
denoised_native_fdr,8.0,detection_template,final_clustering,173,79,unmatched_cluster,unmatched_cluster,4
denoised_native_fdr,8.0,detection_template,final_clustering,173,81,unmatched_cluster,unmatched_cluster,2
denoised_native_fdr,8.0,detection_template,final_clustering,173,82,unmatched_cluster,unmatched_cluster,1739
denoised_native_fdr,8.0,detection_template,final_clustering,174,80,unmatched_cluster,unmatched_cluster,2
denoised_native_fdr,8.0,detection_template,final_clustering,174,81,unmatched_cluster,unmatched_cluster,124
denoised_native_fdr,8.0,detection_template,final_clustering,175,80,unmatched_cluster,unmatched_cluster,2927
denoised_native_fdr,8.0,detection_template,final_clustering,176,77,unmatched_cluster,unmatched_cluster,7
denoised_native_fdr,8.0,detection_template,final_clustering,176,83,unmatched_cluster,unmatched_cluster,363
denoised_native_fdr,8.0,detection_template,final_clustering,177,80,unmatched_cluster,unmatched_cluster,1
denoised_native_fdr,8.0,detection_template,final_clustering,178,84,unmatched_cluster,unmatched_cluster,2
denoised_native_fdr,8.0,detection_template,final_clustering,179,84,unmatched_cluster,unmatched_cluster,30
denoised_native_fdr,8.0,detection_template,final_clustering,180,85,unmatched_cluster,unmatched_cluster,3
denoised_native_fdr,8.0,detection_template,final_clustering,181,85,unmatched_cluster,unmatched_cluster,1
denoised_native_fdr,8.0,detection_template,final_clustering,182,86,unmatched_cluster,unmatched_cluster,1
denoised_native_fdr,8.0,detection_template,final_clustering,183,86,unmatched_cluster,unmatched_cluster,1
denoised_native_fdr,8.0,detection_template,final_clustering,184,86,unmatched_cluster,unmatched_cluster,14
denoised_native_fdr,8.0,detection_template,final_clustering,188,87,unmatched_cluster,unmatched_cluster,7
denoised_native_fdr,8.0,detection_template,final_clustering,189,88,unmatched_cluster,unmatched_cluster,1
denoised_native_fdr,8.0,detection_template,final_clustering,190,88,unmatched_cluster,unmatched_cluster,298
denoised_native_fdr,8.0,detection_template,final_clustering,192,89,unmatched_cluster,unmatched_cluster,527
denoised_native_fdr,8.0,detection_template,final_clustering,194,89,unmatched_cluster,unmatched_cluster,12
denoised_native_fdr,8.0,detection_template,final_clustering,195,90,unmatched_cluster,unmatched_cluster,1
denoised_native_fdr,8.0,detection_template,final_clustering,195,92,unmatched_cluster,unmatched_cluster,58
denoised_native_fdr,8.0,detection_template,final_clustering,196,90,unmatched_cluster,unmatched_cluster,1495
denoised_native_fdr,8.0,detection_template,final_clustering,197,96,unmatched_cluster,unmatched_cluster,8479
denoised_native_fdr,8.0,detection_template,final_clustering,198,90,unmatched_cluster,unmatched_cluster,20
denoised_native_fdr,8.0,detection_template,final_clustering,198,91,unmatched_cluster,unmatched_cluster,87
denoised_native_fdr,8.0,detection_template,final_clustering,199,92,unmatched_cluster,unmatched_cluster,333
denoised_native_fdr,8.0,detection_template,final_clustering,201,104,unmatched_cluster,unmatched_cluster,974
denoised_native_fdr,8.0,detection_template,final_clustering,202,93,unmatched_cluster,unmatched_cluster,1
denoised_native_fdr,8.0,detection_template,final_clustering,202,94,unmatched_cluster,unmatched_cluster,31
denoised_native_fdr,8.0,detection_template,final_clustering,202,95,unmatched_cluster,unmatched_cluster,6
denoised_native_fdr,8.0,detection_template,final_clustering,203,94,unmatched_cluster,unmatched_cluster,59
denoised_native_fdr,8.0,detection_template,final_clustering,203,95,unmatched_cluster,unmatched_cluster,13
denoised_native_fdr,8.0,detection_template,final_clustering,203,96,unmatched_cluster,unmatched_cluster,14
denoised_native_fdr,8.0,detection_template,final_clustering,204,101,unmatched_cluster,unmatched_cluster,3
denoised_native_fdr,8.0,detection_template,final_clustering,204,104,unmatched_cluster,unmatched_cluster,5
denoised_native_fdr,8.0,detection_template,final_clustering,204,105,unmatched_cluster,unmatched_cluster,1
denoised_native_fdr,8.0,detection_template,final_clustering,205,94,unmatched_cluster,unmatched_cluster,17
denoised_native_fdr,8.0,detection_template,final_clustering,205,95,unmatched_cluster,unmatched_cluster,37
denoised_native_fdr,8.0,detection_template,final_clustering,206,95,unmatched_cluster,unmatched_cluster,73
denoised_native_fdr,8.0,detection_template,final_clustering,207,105,unmatched_cluster,unmatched_cluster,249
denoised_native_fdr,8.0,detection_template,final_clustering,208,95,unmatched_cluster,unmatched_cluster,3737
denoised_native_fdr,8.0,detection_template,final_clustering,209,93,unmatched_cluster,unmatched_cluster,393
denoised_native_fdr,8.0,detection_template,final_clustering,209,94,unmatched_cluster,unmatched_cluster,32
denoised_native_fdr,8.0,detection_template,final_clustering,210,105,unmatched_cluster,unmatched_cluster,29520
denoised_native_fdr,8.0,detection_template,final_clustering,211,94,unmatched_cluster,unmatched_cluster,6459
denoised_native_fdr,8.0,detection_template,final_clustering,212,97,unmatched_cluster,unmatched_cluster,1981
denoised_native_fdr,8.0,detection_template,final_clustering,213,100,unmatched_cluster,unmatched_cluster,6972
denoised_native_fdr,8.0,detection_template,final_clustering,214,98,unmatched_cluster,unmatched_cluster,8
denoised_native_fdr,8.0,detection_template,final_clustering,214,101,unmatched_cluster,unmatched_cluster,127
denoised_native_fdr,8.0,detection_template,final_clustering,215,105,unmatched_cluster,unmatched_cluster,178
denoised_native_fdr,8.0,detection_template,final_clustering,216,98,unmatched_cluster,unmatched_cluster,1
denoised_native_fdr,8.0,detection_template,final_clustering,216,99,unmatched_cluster,unmatched_cluster,30
denoised_native_fdr,8.0,detection_template,final_clustering,216,100,unmatched_cluster,unmatched_cluster,4
denoised_native_fdr,8.0,detection_template,final_clustering,216,101,unmatched_cluster,unmatched_cluster,13
denoised_native_fdr,8.0,detection_template,final_clustering,216,103,unmatched_cluster,unmatched_cluster,4
denoised_native_fdr,8.0,detection_template,final_clustering,217,108,unmatched_cluster,unmatched_cluster,28
denoised_native_fdr,8.0,detection_template,final_clustering,217,110,unmatched_cluster,unmatched_cluster,26
denoised_native_fdr,8.0,detection_template,final_clustering,217,113,unmatched_cluster,unmatched_cluster,1
denoised_native_fdr,8.0,detection_template,final_clustering,218,97,unmatched_cluster,unmatched_cluster,12
denoised_native_fdr,8.0,detection_template,final_clustering,218,100,unmatched_cluster,unmatched_cluster,9
denoised_native_fdr,8.0,detection_template,final_clustering,219,100,unmatched_cluster,unmatched_cluster,1
denoised_native_fdr,8.0,detection_template,final_clustering,219,102,unmatched_cluster,unmatched_cluster,191
denoised_native_fdr,8.0,detection_template,final_clustering,220,98,unmatched_cluster,unmatched_cluster,5
denoised_native_fdr,8.0,detection_template,final_clustering,220,101,unmatched_cluster,unmatched_cluster,8
denoised_native_fdr,8.0,detection_template,final_clustering,221,98,unmatched_cluster,unmatched_cluster,747
denoised_native_fdr,8.0,detection_template,final_clustering,221,101,unmatched_cluster,unmatched_cluster,7
denoised_native_fdr,8.0,detection_template,final_clustering,222,109,unmatched_cluster,unmatched_cluster,13042
denoised_native_fdr,8.0,detection_template,final_clustering,223,100,unmatched_cluster,unmatched_cluster,1
denoised_native_fdr,8.0,detection_template,final_clustering,223,103,unmatched_cluster,unmatched_cluster,738
denoised_native_fdr,8.0,detection_template,final_clustering,224,106,unmatched_cluster,unmatched_cluster,1
denoised_native_fdr,8.0,detection_template,final_clustering,224,108,unmatched_cluster,unmatched_cluster,3
denoised_native_fdr,8.0,detection_template,final_clustering,225,106,unmatched_cluster,unmatched_cluster,9
denoised_native_fdr,8.0,detection_template,final_clustering,225,111,unmatched_cluster,unmatched_cluster,1529
denoised_native_fdr,8.0,detection_template,final_clustering,226,118,unmatched_cluster,unmatched_cluster,25
denoised_native_fdr,8.0,detection_template,final_clustering,226,119,unmatched_cluster,unmatched_cluster,98
denoised_native_fdr,8.0,detection_template,final_clustering,226,128,unmatched_cluster,unmatched_cluster,1
denoised_native_fdr,8.0,detection_template,final_clustering,227,110,unmatched_cluster,unmatched_cluster,26122
denoised_native_fdr,8.0,detection_template,final_clustering,228,108,unmatched_cluster,unmatched_cluster,54
denoised_native_fdr,8.0,detection_template,final_clustering,228,113,unmatched_cluster,unmatched_cluster,37
denoised_native_fdr,8.0,detection_template,final_clustering,229,115,unmatched_cluster,unmatched_cluster,14
denoised_native_fdr,8.0,detection_template,final_clustering,229,116,unmatched_cluster,unmatched_cluster,151
denoised_native_fdr,8.0,detection_template,final_clustering,229,118,unmatched_cluster,unmatched_cluster,13
denoised_native_fdr,8.0,detection_template,final_clustering,229,119,unmatched_cluster,unmatched_cluster,4
denoised_native_fdr,8.0,detection_template,final_clustering,229,128,unmatched_cluster,unmatched_cluster,59
denoised_native_fdr,8.0,detection_template,final_clustering,230,108,unmatched_cluster,unmatched_cluster,162
denoised_native_fdr,8.0,detection_template,final_clustering,230,109,unmatched_cluster,unmatched_cluster,1
denoised_native_fdr,8.0,detection_template,final_clustering,230,113,unmatched_cluster,unmatched_cluster,28
denoised_native_fdr,8.0,detection_template,final_clustering,231,114,unmatched_cluster,unmatched_cluster,1
denoised_native_fdr,8.0,detection_template,final_clustering,231,115,unmatched_cluster,unmatched_cluster,214
denoised_native_fdr,8.0,detection_template,final_clustering,231,116,unmatched_cluster,unmatched_cluster,1
denoised_native_fdr,8.0,detection_template,final_clustering,231,118,unmatched_cluster,unmatched_cluster,6
denoised_native_fdr,8.0,detection_template,final_clustering,231,119,unmatched_cluster,unmatched_cluster,6
denoised_native_fdr,8.0,detection_template,final_clustering,231,120,unmatched_cluster,unmatched_cluster,1
denoised_native_fdr,8.0,detection_template,final_clustering,231,128,unmatched_cluster,unmatched_cluster,12
denoised_native_fdr,8.0,detection_template,final_clustering,232,109,unmatched_cluster,unmatched_cluster,1
denoised_native_fdr,8.0,detection_template,final_clustering,232,112,unmatched_cluster,unmatched_cluster,28
denoised_native_fdr,8.0,detection_template,final_clustering,233,106,unmatched_cluster,unmatched_cluster,223
denoised_native_fdr,8.0,detection_template,final_clustering,233,109,unmatched_cluster,unmatched_cluster,1
denoised_native_fdr,8.0,detection_template,final_clustering,234,106,unmatched_cluster,unmatched_cluster,5
denoised_native_fdr,8.0,detection_template,final_clustering,234,107,unmatched_cluster,unmatched_cluster,1
denoised_native_fdr,8.0,detection_template,final_clustering,234,108,unmatched_cluster,unmatched_cluster,94
denoised_native_fdr,8.0,detection_template,final_clustering,234,111,unmatched_cluster,unmatched_cluster,1
denoised_native_fdr,8.0,detection_template,final_clustering,234,113,unmatched_cluster,unmatched_cluster,8
denoised_native_fdr,8.0,detection_template,final_clustering,235,113,unmatched_cluster,unmatched_cluster,4887
denoised_native_fdr,8.0,detection_template,final_clustering,236,106,unmatched_cluster,unmatched_cluster,11
denoised_native_fdr,8.0,detection_template,final_clustering,236,107,unmatched_cluster,unmatched_cluster,1
denoised_native_fdr,8.0,detection_template,final_clustering,236,111,unmatched_cluster,unmatched_cluster,2
denoised_native_fdr,8.0,detection_template,final_clustering,236,112,unmatched_cluster,unmatched_cluster,403
denoised_native_fdr,8.0,detection_template,final_clustering,237,125,unmatched_cluster,unmatched_cluster,5555
denoised_native_fdr,8.0,detection_template,final_clustering,237,127,unmatched_cluster,unmatched_cluster,12
denoised_native_fdr,8.0,detection_template,final_clustering,238,106,unmatched_cluster,unmatched_cluster,19
denoised_native_fdr,8.0,detection_template,final_clustering,238,107,unmatched_cluster,unmatched_cluster,3890
denoised_native_fdr,8.0,detection_template,final_clustering,239,118,unmatched_cluster,unmatched_cluster,31
denoised_native_fdr,8.0,detection_template,final_clustering,239,119,unmatched_cluster,unmatched_cluster,226
denoised_native_fdr,8.0,detection_template,final_clustering,239,128,unmatched_cluster,unmatched_cluster,8
denoised_native_fdr,8.0,detection_template,final_clustering,240,117,unmatched_cluster,unmatched_cluster,3
denoised_native_fdr,8.0,detection_template,final_clustering,240,120,unmatched_cluster,unmatched_cluster,4
denoised_native_fdr,8.0,detection_template,final_clustering,241,123,unmatched_cluster,unmatched_cluster,802
denoised_native_fdr,8.0,detection_template,final_clustering,241,124,unmatched_cluster,unmatched_cluster,44
denoised_native_fdr,8.0,detection_template,final_clustering,242,117,unmatched_cluster,unmatched_cluster,7
denoised_native_fdr,8.0,detection_template,final_clustering,242,120,unmatched_cluster,unmatched_cluster,58
denoised_native_fdr,8.0,detection_template,final_clustering,242,121,unmatched_cluster,unmatched_cluster,63
denoised_native_fdr,8.0,detection_template,final_clustering,243,117,unmatched_cluster,unmatched_cluster,3
denoised_native_fdr,8.0,detection_template,final_clustering,243,120,unmatched_cluster,unmatched_cluster,1799
denoised_native_fdr,8.0,detection_template,final_clustering,244,133,unmatched_cluster,unmatched_cluster,34
denoised_native_fdr,8.0,detection_template,final_clustering,244,135,unmatched_cluster,unmatched_cluster,1
denoised_native_fdr,8.0,detection_template,final_clustering,245,114,unmatched_cluster,unmatched_cluster,1
denoised_native_fdr,8.0,detection_template,final_clustering,245,123,unmatched_cluster,unmatched_cluster,47
denoised_native_fdr,8.0,detection_template,final_clustering,246,133,unmatched_cluster,unmatched_cluster,2
denoised_native_fdr,8.0,detection_template,final_clustering,246,135,unmatched_cluster,unmatched_cluster,14513
denoised_native_fdr,8.0,detection_template,final_clustering,246,137,unmatched_cluster,unmatched_cluster,1
denoised_native_fdr,8.0,detection_template,final_clustering,246,138,unmatched_cluster,unmatched_cluster,11
denoised_native_fdr,8.0,detection_template,final_clustering,247,114,unmatched_cluster,unmatched_cluster,2
denoised_native_fdr,8.0,detection_template,final_clustering,247,117,unmatched_cluster,unmatched_cluster,2
denoised_native_fdr,8.0,detection_template,final_clustering,247,118,unmatched_cluster,unmatched_cluster,6
denoised_native_fdr,8.0,detection_template,final_clustering,247,119,unmatched_cluster,unmatched_cluster,15
denoised_native_fdr,8.0,detection_template,final_clustering,247,120,unmatched_cluster,unmatched_cluster,4
denoised_native_fdr,8.0,detection_template,final_clustering,247,125,unmatched_cluster,unmatched_cluster,7
denoised_native_fdr,8.0,detection_template,final_clustering,248,122,unmatched_cluster,unmatched_cluster,575
denoised_native_fdr,8.0,detection_template,final_clustering,249,115,unmatched_cluster,unmatched_cluster,3
denoised_native_fdr,8.0,detection_template,final_clustering,249,118,unmatched_cluster,unmatched_cluster,12
denoised_native_fdr,8.0,detection_template,final_clustering,249,119,unmatched_cluster,unmatched_cluster,97
denoised_native_fdr,8.0,detection_template,final_clustering,250,106,unmatched_cluster,unmatched_cluster,3621
denoised_native_fdr,8.0,detection_template,final_clustering,250,109,unmatched_cluster,unmatched_cluster,1
denoised_native_fdr,8.0,detection_template,final_clustering,250,110,unmatched_cluster,unmatched_cluster,1
denoised_native_fdr,8.0,detection_template,final_clustering,250,111,unmatched_cluster,unmatched_cluster,2
denoised_native_fdr,8.0,detection_template,final_clustering,250,113,unmatched_cluster,unmatched_cluster,1
denoised_native_fdr,8.0,detection_template,final_clustering,251,117,unmatched_cluster,unmatched_cluster,51
denoised_native_fdr,8.0,detection_template,final_clustering,251,120,unmatched_cluster,unmatched_cluster,18
denoised_native_fdr,8.0,detection_template,final_clustering,251,121,unmatched_cluster,unmatched_cluster,14
denoised_native_fdr,8.0,detection_template,final_clustering,252,118,unmatched_cluster,unmatched_cluster,1517
denoised_native_fdr,8.0,detection_template,final_clustering,252,128,unmatched_cluster,unmatched_cluster,26
denoised_native_fdr,8.0,detection_template,final_clustering,253,120,unmatched_cluster,unmatched_cluster,3
denoised_native_fdr,8.0,detection_template,final_clustering,253,121,unmatched_cluster,unmatched_cluster,1058
denoised_native_fdr,8.0,detection_template,final_clustering,254,118,unmatched_cluster,unmatched_cluster,96
denoised_native_fdr,8.0,detection_template,final_clustering,254,119,unmatched_cluster,unmatched_cluster,6
denoised_native_fdr,8.0,detection_template,final_clustering,254,128,unmatched_cluster,unmatched_cluster,12
denoised_native_fdr,8.0,detection_template,final_clustering,255,132,unmatched_cluster,unmatched_cluster,403
denoised_native_fdr,8.0,detection_template,final_clustering,255,133,unmatched_cluster,unmatched_cluster,1
denoised_native_fdr,8.0,detection_template,final_clustering,255,135,unmatched_cluster,unmatched_cluster,16
denoised_native_fdr,8.0,detection_template,final_clustering,255,137,unmatched_cluster,unmatched_cluster,18
denoised_native_fdr,8.0,detection_template,final_clustering,255,138,unmatched_cluster,unmatched_cluster,61
denoised_native_fdr,8.0,detection_template,final_clustering,256,114,unmatched_cluster,unmatched_cluster,155
denoised_native_fdr,8.0,detection_template,final_clustering,256,124,unmatched_cluster,unmatched_cluster,2
denoised_native_fdr,8.0,detection_template,final_clustering,257,124,unmatched_cluster,unmatched_cluster,1603
denoised_native_fdr,8.0,detection_template,final_clustering,257,126,unmatched_cluster,unmatched_cluster,3878
denoised_native_fdr,8.0,detection_template,final_clustering,258,116,unmatched_cluster,unmatched_cluster,2
denoised_native_fdr,8.0,detection_template,final_clustering,258,118,unmatched_cluster,unmatched_cluster,6
denoised_native_fdr,8.0,detection_template,final_clustering,258,128,unmatched_cluster,unmatched_cluster,13198
denoised_native_fdr,8.0,detection_template,final_clustering,259,120,unmatched_cluster,unmatched_cluster,1
denoised_native_fdr,8.0,detection_template,final_clustering,259,125,unmatched_cluster,unmatched_cluster,3
denoised_native_fdr,8.0,detection_template,final_clustering,259,127,unmatched_cluster,unmatched_cluster,4615
denoised_native_fdr,8.0,detection_template,final_clustering,260,135,unmatched_cluster,unmatched_cluster,14
denoised_native_fdr,8.0,detection_template,final_clustering,260,137,unmatched_cluster,unmatched_cluster,12
denoised_native_fdr,8.0,detection_template,final_clustering,260,138,unmatched_cluster,unmatched_cluster,12802
denoised_native_fdr,8.0,detection_template,final_clustering,261,129,unmatched_cluster,unmatched_cluster,394
denoised_native_fdr,8.0,detection_template,final_clustering,261,131,unmatched_cluster,unmatched_cluster,1
denoised_native_fdr,8.0,detection_template,final_clustering,261,133,unmatched_cluster,unmatched_cluster,117
denoised_native_fdr,8.0,detection_template,final_clustering,261,134,unmatched_cluster,unmatched_cluster,466
denoised_native_fdr,8.0,detection_template,final_clustering,261,136,unmatched_cluster,unmatched_cluster,1
denoised_native_fdr,8.0,detection_template,final_clustering,262,130,unmatched_cluster,unmatched_cluster,91
denoised_native_fdr,8.0,detection_template,final_clustering,262,133,unmatched_cluster,unmatched_cluster,3
denoised_native_fdr,8.0,detection_template,final_clustering,263,142,unmatched_cluster,unmatched_cluster,2
denoised_native_fdr,8.0,detection_template,final_clustering,263,145,unmatched_cluster,unmatched_cluster,8560
denoised_native_fdr,8.0,detection_template,final_clustering,264,132,unmatched_cluster,unmatched_cluster,118
denoised_native_fdr,8.0,detection_template,final_clustering,264,135,unmatched_cluster,unmatched_cluster,2
denoised_native_fdr,8.0,detection_template,final_clustering,264,136,unmatched_cluster,unmatched_cluster,5
denoised_native_fdr,8.0,detection_template,final_clustering,264,137,unmatched_cluster,unmatched_cluster,39
denoised_native_fdr,8.0,detection_template,final_clustering,264,138,unmatched_cluster,unmatched_cluster,29
denoised_native_fdr,8.0,detection_template,final_clustering,265,132,unmatched_cluster,unmatched_cluster,20
denoised_native_fdr,8.0,detection_template,final_clustering,265,133,unmatched_cluster,unmatched_cluster,4
denoised_native_fdr,8.0,detection_template,final_clustering,266,117,unmatched_cluster,unmatched_cluster,8131
denoised_native_fdr,8.0,detection_template,final_clustering,267,130,unmatched_cluster,unmatched_cluster,169
denoised_native_fdr,8.0,detection_template,final_clustering,267,133,unmatched_cluster,unmatched_cluster,2
denoised_native_fdr,8.0,detection_template,final_clustering,268,132,unmatched_cluster,unmatched_cluster,1
denoised_native_fdr,8.0,detection_template,final_clustering,268,133,unmatched_cluster,unmatched_cluster,7
denoised_native_fdr,8.0,detection_template,final_clustering,268,134,unmatched_cluster,unmatched_cluster,44
denoised_native_fdr,8.0,detection_template,final_clustering,268,135,unmatched_cluster,unmatched_cluster,15
denoised_native_fdr,8.0,detection_template,final_clustering,268,136,unmatched_cluster,unmatched_cluster,428
denoised_native_fdr,8.0,detection_template,final_clustering,269,143,unmatched_cluster,unmatched_cluster,437
denoised_native_fdr,8.0,detection_template,final_clustering,269,144,unmatched_cluster,unmatched_cluster,26
denoised_native_fdr,8.0,detection_template,final_clustering,270,130,unmatched_cluster,unmatched_cluster,1261
denoised_native_fdr,8.0,detection_template,final_clustering,270,133,unmatched_cluster,unmatched_cluster,1
denoised_native_fdr,8.0,detection_template,final_clustering,271,130,unmatched_cluster,unmatched_cluster,11
denoised_native_fdr,8.0,detection_template,final_clustering,272,130,unmatched_cluster,unmatched_cluster,1
denoised_native_fdr,8.0,detection_template,final_clustering,272,133,unmatched_cluster,unmatched_cluster,9
denoised_native_fdr,8.0,detection_template,final_clustering,273,141,unmatched_cluster,unmatched_cluster,3
denoised_native_fdr,8.0,detection_template,final_clustering,273,142,unmatched_cluster,unmatched_cluster,1365
denoised_native_fdr,8.0,detection_template,final_clustering,273,145,unmatched_cluster,unmatched_cluster,39
denoised_native_fdr,8.0,detection_template,final_clustering,274,135,unmatched_cluster,unmatched_cluster,2981
denoised_native_fdr,8.0,detection_template,final_clustering,274,137,unmatched_cluster,unmatched_cluster,10
denoised_native_fdr,8.0,detection_template,final_clustering,274,138,unmatched_cluster,unmatched_cluster,1
denoised_native_fdr,8.0,detection_template,final_clustering,275,133,unmatched_cluster,unmatched_cluster,5
denoised_native_fdr,8.0,detection_template,final_clustering,275,135,unmatched_cluster,unmatched_cluster,88
denoised_native_fdr,8.0,detection_template,final_clustering,275,137,unmatched_cluster,unmatched_cluster,3332
denoised_native_fdr,8.0,detection_template,final_clustering,275,138,unmatched_cluster,unmatched_cluster,233
denoised_native_fdr,8.0,detection_template,final_clustering,276,131,unmatched_cluster,unmatched_cluster,240
denoised_native_fdr,8.0,detection_template,final_clustering,276,133,unmatched_cluster,unmatched_cluster,13457
denoised_native_fdr,8.0,detection_template,final_clustering,277,141,unmatched_cluster,unmatched_cluster,1
denoised_native_fdr,8.0,detection_template,final_clustering,277,142,unmatched_cluster,unmatched_cluster,250
denoised_native_fdr,8.0,detection_template,final_clustering,277,145,unmatched_cluster,unmatched_cluster,84
denoised_native_fdr,8.0,detection_template,final_clustering,278,148,unmatched_cluster,unmatched_cluster,2
denoised_native_fdr,8.0,detection_template,final_clustering,278,151,unmatched_cluster,unmatched_cluster,1484
denoised_native_fdr,8.0,detection_template,final_clustering,278,155,unmatched_cluster,unmatched_cluster,1
denoised_native_fdr,8.0,detection_template,final_clustering,279,143,unmatched_cluster,unmatched_cluster,81
denoised_native_fdr,8.0,detection_template,final_clustering,279,144,unmatched_cluster,unmatched_cluster,32
denoised_native_fdr,8.0,detection_template,final_clustering,280,140,unmatched_cluster,unmatched_cluster,2
denoised_native_fdr,8.0,detection_template,final_clustering,280,141,unmatched_cluster,unmatched_cluster,2
denoised_native_fdr,8.0,detection_template,final_clustering,280,142,unmatched_cluster,unmatched_cluster,1
denoised_native_fdr,8.0,detection_template,final_clustering,280,143,unmatched_cluster,unmatched_cluster,4
denoised_native_fdr,8.0,detection_template,final_clustering,281,142,unmatched_cluster,unmatched_cluster,1
denoised_native_fdr,8.0,detection_template,final_clustering,281,143,unmatched_cluster,unmatched_cluster,2
denoised_native_fdr,8.0,detection_template,final_clustering,281,144,unmatched_cluster,unmatched_cluster,165
denoised_native_fdr,8.0,detection_template,final_clustering,283,140,unmatched_cluster,unmatched_cluster,210
denoised_native_fdr,8.0,detection_template,final_clustering,283,141,unmatched_cluster,unmatched_cluster,4
denoised_native_fdr,8.0,detection_template,final_clustering,283,143,unmatched_cluster,unmatched_cluster,4
denoised_native_fdr,8.0,detection_template,final_clustering,283,145,unmatched_cluster,unmatched_cluster,1
denoised_native_fdr,8.0,detection_template,final_clustering,284,143,unmatched_cluster,unmatched_cluster,193
denoised_native_fdr,8.0,detection_template,final_clustering,284,144,unmatched_cluster,unmatched_cluster,171
denoised_native_fdr,8.0,detection_template,final_clustering,286,139,unmatched_cluster,unmatched_cluster,195
denoised_native_fdr,8.0,detection_template,final_clustering,286,141,unmatched_cluster,unmatched_cluster,29
denoised_native_fdr,8.0,detection_template,final_clustering,286,142,unmatched_cluster,unmatched_cluster,3
denoised_native_fdr,8.0,detection_template,final_clustering,287,154,unmatched_cluster,unmatched_cluster,1
denoised_native_fdr,8.0,detection_template,final_clustering,288,141,unmatched_cluster,unmatched_cluster,8
denoised_native_fdr,8.0,detection_template,final_clustering,288,142,unmatched_cluster,unmatched_cluster,1
denoised_native_fdr,8.0,detection_template,final_clustering,289,143,unmatched_cluster,unmatched_cluster,3
denoised_native_fdr,8.0,detection_template,final_clustering,290,146,unmatched_cluster,unmatched_cluster,1
denoised_native_fdr,8.0,detection_template,final_clustering,290,147,unmatched_cluster,unmatched_cluster,1837
denoised_native_fdr,8.0,detection_template,final_clustering,290,154,unmatched_cluster,unmatched_cluster,13
denoised_native_fdr,8.0,detection_template,final_clustering,291,141,unmatched_cluster,unmatched_cluster,14515
denoised_native_fdr,8.0,detection_template,final_clustering,292,146,unmatched_cluster,unmatched_cluster,3
denoised_native_fdr,8.0,detection_template,final_clustering,292,147,unmatched_cluster,unmatched_cluster,28
denoised_native_fdr,8.0,detection_template,final_clustering,292,149,unmatched_cluster,unmatched_cluster,1
denoised_native_fdr,8.0,detection_template,final_clustering,292,154,unmatched_cluster,unmatched_cluster,1894
denoised_native_fdr,8.0,detection_template,final_clustering,293,142,unmatched_cluster,unmatched_cluster,1
denoised_native_fdr,8.0,detection_template,final_clustering,293,145,unmatched_cluster,unmatched_cluster,19491
denoised_native_fdr,8.0,detection_template,final_clustering,294,143,unmatched_cluster,unmatched_cluster,1
denoised_native_fdr,8.0,detection_template,final_clustering,294,144,unmatched_cluster,unmatched_cluster,11441
denoised_native_fdr,8.0,detection_template,final_clustering,295,146,unmatched_cluster,unmatched_cluster,3010
denoised_native_fdr,8.0,detection_template,final_clustering,296,146,unmatched_cluster,unmatched_cluster,2
denoised_native_fdr,8.0,detection_template,final_clustering,296,152,unmatched_cluster,unmatched_cluster,1
denoised_native_fdr,8.0,detection_template,final_clustering,296,155,unmatched_cluster,unmatched_cluster,1
denoised_native_fdr,8.0,detection_template,final_clustering,297,148,unmatched_cluster,unmatched_cluster,45
denoised_native_fdr,8.0,detection_template,final_clustering,297,149,unmatched_cluster,unmatched_cluster,3
denoised_native_fdr,8.0,detection_template,final_clustering,297,150,unmatched_cluster,unmatched_cluster,6
denoised_native_fdr,8.0,detection_template,final_clustering,297,151,unmatched_cluster,unmatched_cluster,22
denoised_native_fdr,8.0,detection_template,final_clustering,297,153,unmatched_cluster,unmatched_cluster,477
denoised_native_fdr,8.0,detection_template,final_clustering,297,155,unmatched_cluster,unmatched_cluster,4
denoised_native_fdr,8.0,detection_template,final_clustering,298,149,unmatched_cluster,unmatched_cluster,1603
denoised_native_fdr,8.0,detection_template,final_clustering,299,148,unmatched_cluster,unmatched_cluster,124
denoised_native_fdr,8.0,detection_template,final_clustering,299,150,unmatched_cluster,unmatched_cluster,6
denoised_native_fdr,8.0,detection_template,final_clustering,299,151,unmatched_cluster,unmatched_cluster,19
denoised_native_fdr,8.0,detection_template,final_clustering,299,155,unmatched_cluster,unmatched_cluster,2
denoised_native_fdr,8.0,detection_template,final_clustering,300,148,unmatched_cluster,unmatched_cluster,2
denoised_native_fdr,8.0,detection_template,final_clustering,300,149,unmatched_cluster,unmatched_cluster,88
denoised_native_fdr,8.0,detection_template,final_clustering,300,151,unmatched_cluster,unmatched_cluster,10
denoised_native_fdr,8.0,detection_template,final_clustering,300,153,unmatched_cluster,unmatched_cluster,94
denoised_native_fdr,8.0,detection_template,final_clustering,301,149,unmatched_cluster,unmatched_cluster,309
denoised_native_fdr,8.0,detection_template,final_clustering,302,149,unmatched_cluster,unmatched_cluster,11230
denoised_native_fdr,8.0,detection_template,final_clustering,303,146,unmatched_cluster,unmatched_cluster,137
denoised_native_fdr,8.0,detection_template,final_clustering,303,148,unmatched_cluster,unmatched_cluster,4
denoised_native_fdr,8.0,detection_template,final_clustering,303,150,unmatched_cluster,unmatched_cluster,2
denoised_native_fdr,8.0,detection_template,final_clustering,303,152,unmatched_cluster,unmatched_cluster,124
denoised_native_fdr,8.0,detection_template,final_clustering,303,155,unmatched_cluster,unmatched_cluster,16
denoised_native_fdr,8.0,detection_template,final_clustering,304,149,unmatched_cluster,unmatched_cluster,47
denoised_native_fdr,8.0,detection_template,final_clustering,305,149,unmatched_cluster,unmatched_cluster,219
denoised_native_fdr,8.0,detection_template,final_clustering,306,150,unmatched_cluster,unmatched_cluster,2515
denoised_native_fdr,8.0,detection_template,final_clustering,306,154,unmatched_cluster,unmatched_cluster,1
denoised_native_fdr,8.0,detection_template,final_clustering,306,155,unmatched_cluster,unmatched_cluster,99
denoised_native_fdr,8.0,detection_template,final_clustering,307,150,unmatched_cluster,unmatched_cluster,24
denoised_native_fdr,8.0,detection_template,final_clustering,307,151,unmatched_cluster,unmatched_cluster,1
denoised_native_fdr,8.0,detection_template,final_clustering,307,155,unmatched_cluster,unmatched_cluster,5029
denoised_native_fdr,8.0,detection_template,final_clustering,308,146,unmatched_cluster,unmatched_cluster,93
denoised_native_fdr,8.0,detection_template,final_clustering,308,147,unmatched_cluster,unmatched_cluster,79
denoised_native_fdr,8.0,detection_template,final_clustering,308,149,unmatched_cluster,unmatched_cluster,1
denoised_native_fdr,8.0,detection_template,final_clustering,308,154,unmatched_cluster,unmatched_cluster,54
denoised_native_fdr,8.0,detection_template,final_clustering,309,148,unmatched_cluster,unmatched_cluster,2989
denoised_native_fdr,8.0,detection_template,final_clustering,309,153,unmatched_cluster,unmatched_cluster,1
denoised_native_fdr,8.0,detection_template,final_clustering,309,155,unmatched_cluster,unmatched_cluster,1
denoised_native_fdr,8.0,detection_template,final_clustering,310,166,unmatched_cluster,unmatched_cluster,5
denoised_native_fdr,8.0,detection_template,final_clustering,310,172,unmatched_cluster,unmatched_cluster,696
denoised_native_fdr,8.0,detection_template,final_clustering,311,166,unmatched_cluster,unmatched_cluster,2064
denoised_native_fdr,8.0,detection_template,final_clustering,311,170,unmatched_cluster,unmatched_cluster,1
denoised_native_fdr,8.0,detection_template,final_clustering,311,172,unmatched_cluster,unmatched_cluster,2
denoised_native_fdr,8.0,detection_template,final_clustering,312,158,unmatched_cluster,unmatched_cluster,15
denoised_native_fdr,8.0,detection_template,final_clustering,312,164,unmatched_cluster,unmatched_cluster,171
denoised_native_fdr,8.0,detection_template,final_clustering,312,165,unmatched_cluster,unmatched_cluster,13
denoised_native_fdr,8.0,detection_template,final_clustering,313,158,unmatched_cluster,unmatched_cluster,194
denoised_native_fdr,8.0,detection_template,final_clustering,313,164,unmatched_cluster,unmatched_cluster,7
denoised_native_fdr,8.0,detection_template,final_clustering,313,165,unmatched_cluster,unmatched_cluster,16
denoised_native_fdr,8.0,detection_template,final_clustering,314,156,unmatched_cluster,unmatched_cluster,9
denoised_native_fdr,8.0,detection_template,final_clustering,314,157,unmatched_cluster,unmatched_cluster,142
denoised_native_fdr,8.0,detection_template,final_clustering,314,159,unmatched_cluster,unmatched_cluster,26
denoised_native_fdr,8.0,detection_template,final_clustering,314,161,unmatched_cluster,unmatched_cluster,1
denoised_native_fdr,8.0,detection_template,final_clustering,314,162,unmatched_cluster,unmatched_cluster,1
denoised_native_fdr,8.0,detection_template,final_clustering,314,163,unmatched_cluster,unmatched_cluster,24
denoised_native_fdr,8.0,detection_template,final_clustering,315,160,unmatched_cluster,unmatched_cluster,3974
denoised_native_fdr,8.0,detection_template,final_clustering,316,156,unmatched_cluster,unmatched_cluster,3
denoised_native_fdr,8.0,detection_template,final_clustering,316,159,unmatched_cluster,unmatched_cluster,97
denoised_native_fdr,8.0,detection_template,final_clustering,316,162,unmatched_cluster,unmatched_cluster,144
denoised_native_fdr,8.0,detection_template,final_clustering,317,166,unmatched_cluster,unmatched_cluster,1
denoised_native_fdr,8.0,detection_template,final_clustering,317,170,unmatched_cluster,unmatched_cluster,1942
denoised_native_fdr,8.0,detection_template,final_clustering,318,156,unmatched_cluster,unmatched_cluster,32
denoised_native_fdr,8.0,detection_template,final_clustering,318,159,unmatched_cluster,unmatched_cluster,51
denoised_native_fdr,8.0,detection_template,final_clustering,318,161,unmatched_cluster,unmatched_cluster,217
denoised_native_fdr,8.0,detection_template,final_clustering,319,166,unmatched_cluster,unmatched_cluster,70
denoised_native_fdr,8.0,detection_template,final_clustering,319,171,unmatched_cluster,unmatched_cluster,2
denoised_native_fdr,8.0,detection_template,final_clustering,319,172,unmatched_cluster,unmatched_cluster,1
denoised_native_fdr,8.0,detection_template,final_clustering,319,176,unmatched_cluster,unmatched_cluster,1
denoised_native_fdr,8.0,detection_template,final_clustering,320,160,unmatched_cluster,unmatched_cluster,4
denoised_native_fdr,8.0,detection_template,final_clustering,320,163,unmatched_cluster,unmatched_cluster,14
denoised_native_fdr,8.0,detection_template,final_clustering,320,164,unmatched_cluster,unmatched_cluster,185
denoised_native_fdr,8.0,detection_template,final_clustering,321,166,unmatched_cluster,unmatched_cluster,42
denoised_native_fdr,8.0,detection_template,final_clustering,321,170,unmatched_cluster,unmatched_cluster,1
denoised_native_fdr,8.0,detection_template,final_clustering,321,171,unmatched_cluster,unmatched_cluster,272
denoised_native_fdr,8.0,detection_template,final_clustering,321,172,unmatched_cluster,unmatched_cluster,3
denoised_native_fdr,8.0,detection_template,final_clustering,321,173,unmatched_cluster,unmatched_cluster,1
denoised_native_fdr,8.0,detection_template,final_clustering,321,175,unmatched_cluster,unmatched_cluster,5
denoised_native_fdr,8.0,detection_template,final_clustering,322,175,unmatched_cluster,unmatched_cluster,4811
denoised_native_fdr,8.0,detection_template,final_clustering,323,156,unmatched_cluster,unmatched_cluster,4
denoised_native_fdr,8.0,detection_template,final_clustering,323,159,unmatched_cluster,unmatched_cluster,2676
denoised_native_fdr,8.0,detection_template,final_clustering,324,156,unmatched_cluster,unmatched_cluster,1232
denoised_native_fdr,8.0,detection_template,final_clustering,324,159,unmatched_cluster,unmatched_cluster,154
denoised_native_fdr,8.0,detection_template,final_clustering,325,163,unmatched_cluster,unmatched_cluster,8246
denoised_native_fdr,8.0,detection_template,final_clustering,326,164,unmatched_cluster,unmatched_cluster,24305
denoised_native_fdr,8.0,detection_template,final_clustering,327,165,unmatched_cluster,unmatched_cluster,29415
denoised_native_fdr,8.0,detection_template,final_clustering,328,166,unmatched_cluster,unmatched_cluster,1
denoised_native_fdr,8.0,detection_template,final_clustering,328,173,unmatched_cluster,unmatched_cluster,1
denoised_native_fdr,8.0,detection_template,final_clustering,328,174,unmatched_cluster,unmatched_cluster,92
denoised_native_fdr,8.0,detection_template,final_clustering,328,176,unmatched_cluster,unmatched_cluster,2
denoised_native_fdr,8.0,detection_template,final_clustering,328,177,unmatched_cluster,unmatched_cluster,10
denoised_native_fdr,8.0,detection_template,final_clustering,329,169,unmatched_cluster,unmatched_cluster,78
denoised_native_fdr,8.0,detection_template,final_clustering,329,175,unmatched_cluster,unmatched_cluster,2
denoised_native_fdr,8.0,detection_template,final_clustering,329,176,unmatched_cluster,unmatched_cluster,10770
denoised_native_fdr,8.0,detection_template,final_clustering,330,178,unmatched_cluster,unmatched_cluster,91
denoised_native_fdr,8.0,detection_template,final_clustering,330,179,unmatched_cluster,unmatched_cluster,815
denoised_native_fdr,8.0,detection_template,final_clustering,330,181,unmatched_cluster,unmatched_cluster,1
denoised_native_fdr,8.0,detection_template,final_clustering,331,173,unmatched_cluster,unmatched_cluster,13
denoised_native_fdr,8.0,detection_template,final_clustering,331,175,unmatched_cluster,unmatched_cluster,1
denoised_native_fdr,8.0,detection_template,final_clustering,331,176,unmatched_cluster,unmatched_cluster,231
denoised_native_fdr,8.0,detection_template,final_clustering,332,166,unmatched_cluster,unmatched_cluster,3
denoised_native_fdr,8.0,detection_template,final_clustering,332,172,unmatched_cluster,unmatched_cluster,1
denoised_native_fdr,8.0,detection_template,final_clustering,332,174,unmatched_cluster,unmatched_cluster,4
denoised_native_fdr,8.0,detection_template,final_clustering,332,177,unmatched_cluster,unmatched_cluster,4
denoised_native_fdr,8.0,detection_template,final_clustering,333,173,unmatched_cluster,unmatched_cluster,2172
denoised_native_fdr,8.0,detection_template,final_clustering,333,176,unmatched_cluster,unmatched_cluster,8
denoised_native_fdr,8.0,detection_template,final_clustering,334,167,unmatched_cluster,unmatched_cluster,190
denoised_native_fdr,8.0,detection_template,final_clustering,334,173,unmatched_cluster,unmatched_cluster,6
denoised_native_fdr,8.0,detection_template,final_clustering,334,174,unmatched_cluster,unmatched_cluster,3
denoised_native_fdr,8.0,detection_template,final_clustering,334,176,unmatched_cluster,unmatched_cluster,1
denoised_native_fdr,8.0,detection_template,final_clustering,334,177,unmatched_cluster,unmatched_cluster,6
denoised_native_fdr,8.0,detection_template,final_clustering,335,168,unmatched_cluster,unmatched_cluster,4127
denoised_native_fdr,8.0,detection_template,final_clustering,335,169,unmatched_cluster,unmatched_cluster,251
denoised_native_fdr,8.0,detection_template,final_clustering,335,176,unmatched_cluster,unmatched_cluster,3
denoised_native_fdr,8.0,detection_template,final_clustering,336,182,unmatched_cluster,unmatched_cluster,3
denoised_native_fdr,8.0,detection_template,final_clustering,336,184,unmatched_cluster,unmatched_cluster,89
denoised_native_fdr,8.0,detection_template,final_clustering,337,171,unmatched_cluster,unmatched_cluster,1
denoised_native_fdr,8.0,detection_template,final_clustering,337,173,unmatched_cluster,unmatched_cluster,53
denoised_native_fdr,8.0,detection_template,final_clustering,338,177,unmatched_cluster,unmatched_cluster,10834
denoised_native_fdr,8.0,detection_template,final_clustering,339,184,unmatched_cluster,unmatched_cluster,10069
denoised_native_fdr,8.0,detection_template,final_clustering,340,173,unmatched_cluster,unmatched_cluster,2
denoised_native_fdr,8.0,detection_template,final_clustering,340,174,unmatched_cluster,unmatched_cluster,578
denoised_native_fdr,8.0,detection_template,final_clustering,340,176,unmatched_cluster,unmatched_cluster,5
denoised_native_fdr,8.0,detection_template,final_clustering,340,177,unmatched_cluster,unmatched_cluster,45
denoised_native_fdr,8.0,detection_template,final_clustering,341,182,unmatched_cluster,unmatched_cluster,2603
denoised_native_fdr,8.0,detection_template,final_clustering,341,184,unmatched_cluster,unmatched_cluster,4
denoised_native_fdr,8.0,detection_template,final_clustering,342,179,unmatched_cluster,unmatched_cluster,22818
denoised_native_fdr,8.0,detection_template,final_clustering,342,181,unmatched_cluster,unmatched_cluster,4
denoised_native_fdr,8.0,detection_template,final_clustering,343,179,unmatched_cluster,unmatched_cluster,11
denoised_native_fdr,8.0,detection_template,final_clustering,343,181,unmatched_cluster,unmatched_cluster,1517
denoised_native_fdr,8.0,detection_template,final_clustering,343,183,unmatched_cluster,unmatched_cluster,1
denoised_native_fdr,8.0,detection_template,final_clustering,344,182,unmatched_cluster,unmatched_cluster,5
denoised_native_fdr,8.0,detection_template,final_clustering,344,184,unmatched_cluster,unmatched_cluster,12
denoised_native_fdr,8.0,detection_template,final_clustering,345,180,unmatched_cluster,unmatched_cluster,1764
denoised_native_fdr,8.0,detection_template,final_clustering,346,183,unmatched_cluster,unmatched_cluster,8465
denoised_native_fdr,8.0,detection_template,final_clustering,347,180,unmatched_cluster,unmatched_cluster,364
denoised_native_fdr,8.0,detection_template,final_clustering,348,185,unmatched_cluster,unmatched_cluster,4909
denoised_native_fdr,8.0,detection_template,final_clustering,349,185,unmatched_cluster,unmatched_cluster,55
denoised_native_fdr,8.0,detection_template,final_clustering,350,186,unmatched_cluster,unmatched_cluster,6955
denoised_native_fdr,8.0,detection_template,final_clustering,351,185,unmatched_cluster,unmatched_cluster,12
denoised_native_fdr,8.0,detection_template,final_clustering,351,186,unmatched_cluster,unmatched_cluster,14
denoised_native_fdr,8.0,detection_template,final_clustering,351,187,unmatched_cluster,unmatched_cluster,1102
denoised_native_fdr,8.0,detection_template,final_clustering,353,185,unmatched_cluster,unmatched_cluster,1
denoised_native_fdr,8.0,detection_template,final_clustering,354,185,unmatched_cluster,unmatched_cluster,1
denoised_native_fdr,8.0,detection_template,final_clustering,354,186,unmatched_cluster,unmatched_cluster,25
denoised_native_fdr,8.0,detection_template,final_clustering,357,188,unmatched_cluster,unmatched_cluster,161
denoised_native_fdr,8.0,detection_template,final_clustering,358,188,unmatched_cluster,unmatched_cluster,3
denoised_native_fdr,8.0,detection_template,final_clustering,359,188,unmatched_cluster,unmatched_cluster,1
denoised_native_fdr,8.0,detection_template,final_clustering,361,189,unmatched_cluster,unmatched_cluster,5
denoised_native_fdr,8.0,detection_template,final_clustering,362,189,unmatched_cluster,unmatched_cluster,532
denoised_native_fdr,8.0,detection_template,final_clustering,365,190,unmatched_cluster,unmatched_cluster,2497
denoised_native_fdr,8.0,detection_template,final_clustering,366,190,unmatched_cluster,unmatched_cluster,23
denoised_native_fdr,8.0,detection_template,final_clustering,367,190,unmatched_cluster,unmatched_cluster,1
denoised_native_fdr,8.0,detection_template,final_clustering,368,191,unmatched_cluster,unmatched_cluster,155
denoised_native_fdr,8.0,detection_template,final_clustering,368,192,unmatched_cluster,unmatched_cluster,65
denoised_native_fdr,8.0,detection_template,final_clustering,370,194,unmatched_cluster,unmatched_cluster,170
denoised_native_fdr,8.0,detection_template,final_clustering,370,199,unmatched_cluster,unmatched_cluster,13
denoised_native_fdr,8.0,detection_template,final_clustering,371,199,unmatched_cluster,unmatched_cluster,2194
denoised_native_fdr,8.0,detection_template,final_clustering,372,191,unmatched_cluster,unmatched_cluster,25
denoised_native_fdr,8.0,detection_template,final_clustering,372,192,unmatched_cluster,unmatched_cluster,453
denoised_native_fdr,8.0,detection_template,final_clustering,373,191,unmatched_cluster,unmatched_cluster,2054
denoised_native_fdr,8.0,detection_template,final_clustering,373,192,unmatched_cluster,unmatched_cluster,2
denoised_native_fdr,8.0,detection_template,final_clustering,374,192,unmatched_cluster,unmatched_cluster,84
denoised_native_fdr,8.0,detection_template,final_clustering,376,197,unmatched_cluster,unmatched_cluster,162
denoised_native_fdr,8.0,detection_template,final_clustering,377,194,unmatched_cluster,unmatched_cluster,326
denoised_native_fdr,8.0,detection_template,final_clustering,378,199,unmatched_cluster,unmatched_cluster,1
denoised_native_fdr,8.0,detection_template,final_clustering,379,201,unmatched_cluster,unmatched_cluster,50
denoised_native_fdr,8.0,detection_template,final_clustering,380,196,unmatched_cluster,unmatched_cluster,512
denoised_native_fdr,8.0,detection_template,final_clustering,382,199,unmatched_cluster,unmatched_cluster,15
denoised_native_fdr,8.0,detection_template,final_clustering,383,193,unmatched_cluster,unmatched_cluster,1876
denoised_native_fdr,8.0,detection_template,final_clustering,384,201,unmatched_cluster,unmatched_cluster,761
denoised_native_fdr,8.0,detection_template,final_clustering,385,197,unmatched_cluster,unmatched_cluster,4
denoised_native_fdr,8.0,detection_template,final_clustering,385,198,unmatched_cluster,unmatched_cluster,2103
denoised_native_fdr,8.0,detection_template,final_clustering,387,195,unmatched_cluster,unmatched_cluster,5
denoised_native_fdr,8.0,detection_template,final_clustering,387,200,unmatched_cluster,unmatched_cluster,6602
denoised_native_fdr,8.0,detection_template,final_clustering,388,195,unmatched_cluster,unmatched_cluster,364
denoised_native_fdr,8.0,detection_template,final_clustering,388,199,unmatched_cluster,unmatched_cluster,1
denoised_native_fdr,8.0,detection_template,final_clustering,388,200,unmatched_cluster,unmatched_cluster,66
denoised_native_fdr,8.0,detection_template,final_clustering,389,202,unmatched_cluster,unmatched_cluster,193
denoised_native_fdr,8.0,detection_template,final_clustering,390,202,unmatched_cluster,unmatched_cluster,577
denoised_native_fdr,8.0,detection_template,final_clustering,391,201,unmatched_cluster,unmatched_cluster,7
denoised_native_fdr,8.0,detection_template,final_clustering,392,207,unmatched_cluster,unmatched_cluster,2070
denoised_native_fdr,8.0,detection_template,final_clustering,393,203,unmatched_cluster,unmatched_cluster,8
denoised_native_fdr,8.0,detection_template,final_clustering,393,204,unmatched_cluster,unmatched_cluster,444
denoised_native_fdr,8.0,detection_template,final_clustering,393,205,unmatched_cluster,unmatched_cluster,2
denoised_native_fdr,8.0,detection_template,final_clustering,394,202,unmatched_cluster,unmatched_cluster,54
denoised_native_fdr,8.0,detection_template,final_clustering,395,215,unmatched_cluster,unmatched_cluster,4558
denoised_native_fdr,8.0,detection_template,final_clustering,396,212,unmatched_cluster,unmatched_cluster,702
denoised_native_fdr,8.0,detection_template,final_clustering,396,215,unmatched_cluster,unmatched_cluster,3
denoised_native_fdr,8.0,detection_template,final_clustering,397,203,unmatched_cluster,unmatched_cluster,146
denoised_native_fdr,8.0,detection_template,final_clustering,397,204,unmatched_cluster,unmatched_cluster,8
denoised_native_fdr,8.0,detection_template,final_clustering,397,205,unmatched_cluster,unmatched_cluster,2
denoised_native_fdr,8.0,detection_template,final_clustering,399,210,unmatched_cluster,unmatched_cluster,1
denoised_native_fdr,8.0,detection_template,final_clustering,399,211,unmatched_cluster,unmatched_cluster,1
denoised_native_fdr,8.0,detection_template,final_clustering,399,212,unmatched_cluster,unmatched_cluster,18
denoised_native_fdr,8.0,detection_template,final_clustering,399,213,unmatched_cluster,unmatched_cluster,4
denoised_native_fdr,8.0,detection_template,final_clustering,399,215,unmatched_cluster,unmatched_cluster,20
denoised_native_fdr,8.0,detection_template,final_clustering,401,204,unmatched_cluster,unmatched_cluster,1
denoised_native_fdr,8.0,detection_template,final_clustering,402,204,unmatched_cluster,unmatched_cluster,16
denoised_native_fdr,8.0,detection_template,final_clustering,402,205,unmatched_cluster,unmatched_cluster,1
denoised_native_fdr,8.0,detection_template,final_clustering,402,206,unmatched_cluster,unmatched_cluster,36
denoised_native_fdr,8.0,detection_template,final_clustering,403,203,unmatched_cluster,unmatched_cluster,1
denoised_native_fdr,8.0,detection_template,final_clustering,403,205,unmatched_cluster,unmatched_cluster,441
denoised_native_fdr,8.0,detection_template,final_clustering,404,205,unmatched_cluster,unmatched_cluster,1
denoised_native_fdr,8.0,detection_template,final_clustering,404,207,unmatched_cluster,unmatched_cluster,14
denoised_native_fdr,8.0,detection_template,final_clustering,405,208,unmatched_cluster,unmatched_cluster,872
denoised_native_fdr,8.0,detection_template,final_clustering,405,214,unmatched_cluster,unmatched_cluster,4
denoised_native_fdr,8.0,detection_template,final_clustering,406,212,unmatched_cluster,unmatched_cluster,2
denoised_native_fdr,8.0,detection_template,final_clustering,407,211,unmatched_cluster,unmatched_cluster,26339
denoised_native_fdr,8.0,detection_template,final_clustering,408,209,unmatched_cluster,unmatched_cluster,63
denoised_native_fdr,8.0,detection_template,final_clustering,409,208,unmatched_cluster,unmatched_cluster,247
denoised_native_fdr,8.0,detection_template,final_clustering,409,214,unmatched_cluster,unmatched_cluster,8
denoised_native_fdr,8.0,detection_template,final_clustering,410,210,unmatched_cluster,unmatched_cluster,1799
denoised_native_fdr,8.0,detection_template,final_clustering,410,211,unmatched_cluster,unmatched_cluster,1
denoised_native_fdr,8.0,detection_template,final_clustering,410,212,unmatched_cluster,unmatched_cluster,1
denoised_native_fdr,8.0,detection_template,final_clustering,410,215,unmatched_cluster,unmatched_cluster,58
denoised_native_fdr,8.0,detection_template,final_clustering,411,209,unmatched_cluster,unmatched_cluster,1
denoised_native_fdr,8.0,detection_template,final_clustering,411,211,unmatched_cluster,unmatched_cluster,33
denoised_native_fdr,8.0,detection_template,final_clustering,411,212,unmatched_cluster,unmatched_cluster,32
denoised_native_fdr,8.0,detection_template,final_clustering,411,213,unmatched_cluster,unmatched_cluster,110
denoised_native_fdr,8.0,detection_template,final_clustering,412,214,unmatched_cluster,unmatched_cluster,1467
denoised_native_fdr,8.0,detection_template,final_clustering,413,208,unmatched_cluster,unmatched_cluster,10
denoised_native_fdr,8.0,detection_template,final_clustering,413,212,unmatched_cluster,unmatched_cluster,1
denoised_native_fdr,8.0,detection_template,final_clustering,413,214,unmatched_cluster,unmatched_cluster,11
denoised_native_fdr,8.0,detection_template,final_clustering,414,216,unmatched_cluster,unmatched_cluster,1534
denoised_native_fdr,8.0,detection_template,final_clustering,415,216,unmatched_cluster,unmatched_cluster,1
denoised_native_fdr,8.0,detection_template,final_clustering,416,223,unmatched_cluster,unmatched_cluster,68
denoised_native_fdr,8.0,detection_template,final_clustering,417,217,unmatched_cluster,unmatched_cluster,1153
denoised_native_fdr,8.0,detection_template,final_clustering,417,218,unmatched_cluster,unmatched_cluster,26
denoised_native_fdr,8.0,detection_template,final_clustering,418,223,unmatched_cluster,unmatched_cluster,3249
denoised_native_fdr,8.0,detection_template,final_clustering,419,218,unmatched_cluster,unmatched_cluster,7790
denoised_native_fdr,8.0,detection_template,final_clustering,421,216,unmatched_cluster,unmatched_cluster,66
denoised_native_fdr,8.0,detection_template,final_clustering,424,219,unmatched_cluster,unmatched_cluster,1
denoised_native_fdr,8.0,detection_template,final_clustering,424,221,unmatched_cluster,unmatched_cluster,1
denoised_native_fdr,8.0,detection_template,final_clustering,424,222,unmatched_cluster,unmatched_cluster,203
denoised_native_fdr,8.0,detection_template,final_clustering,424,223,unmatched_cluster,unmatched_cluster,1
denoised_native_fdr,8.0,detection_template,final_clustering,425,219,unmatched_cluster,unmatched_cluster,3
denoised_native_fdr,8.0,detection_template,final_clustering,425,221,unmatched_cluster,unmatched_cluster,37
denoised_native_fdr,8.0,detection_template,final_clustering,425,222,unmatched_cluster,unmatched_cluster,2
denoised_native_fdr,8.0,detection_template,final_clustering,425,223,unmatched_cluster,unmatched_cluster,17
denoised_native_fdr,8.0,detection_template,final_clustering,426,225,unmatched_cluster,unmatched_cluster,1
denoised_native_fdr,8.0,detection_template,final_clustering,426,226,unmatched_cluster,unmatched_cluster,2
denoised_native_fdr,8.0,detection_template,final_clustering,427,219,unmatched_cluster,unmatched_cluster,15
denoised_native_fdr,8.0,detection_template,final_clustering,427,221,unmatched_cluster,unmatched_cluster,3364
denoised_native_fdr,8.0,detection_template,final_clustering,428,220,unmatched_cluster,unmatched_cluster,1572
denoised_native_fdr,8.0,detection_template,final_clustering,429,223,unmatched_cluster,unmatched_cluster,1551
denoised_native_fdr,8.0,detection_template,final_clustering,430,219,unmatched_cluster,unmatched_cluster,217
denoised_native_fdr,8.0,detection_template,final_clustering,430,220,unmatched_cluster,unmatched_cluster,9
denoised_native_fdr,8.0,detection_template,final_clustering,430,223,unmatched_cluster,unmatched_cluster,9
denoised_native_fdr,8.0,detection_template,final_clustering,431,225,unmatched_cluster,unmatched_cluster,459
denoised_native_fdr,8.0,detection_template,final_clustering,431,226,unmatched_cluster,unmatched_cluster,1
denoised_native_fdr,8.0,detection_template,final_clustering,432,224,unmatched_cluster,unmatched_cluster,3
denoised_native_fdr,8.0,detection_template,final_clustering,432,225,unmatched_cluster,unmatched_cluster,18
denoised_native_fdr,8.0,detection_template,final_clustering,432,227,unmatched_cluster,unmatched_cluster,173
denoised_native_fdr,8.0,detection_template,final_clustering,433,227,unmatched_cluster,unmatched_cluster,1
denoised_native_fdr,8.0,detection_template,final_clustering,433,229,unmatched_cluster,unmatched_cluster,548
denoised_native_fdr,8.0,detection_template,final_clustering,434,224,unmatched_cluster,unmatched_cluster,1
denoised_native_fdr,8.0,detection_template,final_clustering,434,225,unmatched_cluster,unmatched_cluster,5
denoised_native_fdr,8.0,detection_template,final_clustering,434,227,unmatched_cluster,unmatched_cluster,56
denoised_native_fdr,8.0,detection_template,final_clustering,434,229,unmatched_cluster,unmatched_cluster,4
denoised_native_fdr,8.0,detection_template,final_clustering,435,225,unmatched_cluster,unmatched_cluster,1
denoised_native_fdr,8.0,detection_template,final_clustering,435,226,unmatched_cluster,unmatched_cluster,2
denoised_native_fdr,8.0,detection_template,final_clustering,436,226,unmatched_cluster,unmatched_cluster,228
denoised_native_fdr,8.0,detection_template,final_clustering,436,228,unmatched_cluster,unmatched_cluster,156
denoised_native_fdr,8.0,detection_template,final_clustering,440,224,unmatched_cluster,unmatched_cluster,1392
denoised_native_fdr,8.0,detection_template,final_clustering,441,226,unmatched_cluster,unmatched_cluster,10970
denoised_native_fdr,8.0,detection_template,final_clustering,441,228,unmatched_cluster,unmatched_cluster,1
denoised_native_fdr,8.0,detection_template,final_clustering,442,225,unmatched_cluster,unmatched_cluster,1
denoised_native_fdr,8.0,detection_template,final_clustering,442,227,unmatched_cluster,unmatched_cluster,8
denoised_native_fdr,8.0,detection_template,final_clustering,442,229,unmatched_cluster,unmatched_cluster,9
denoised_native_fdr,8.0,detection_template,final_clustering,444,235,unmatched_cluster,unmatched_cluster,4
denoised_native_fdr,8.0,detection_template,final_clustering,445,230,unmatched_cluster,unmatched_cluster,428
denoised_native_fdr,8.0,detection_template,final_clustering,446,240,unmatched_cluster,unmatched_cluster,6
denoised_native_fdr,8.0,detection_template,final_clustering,446,244,unmatched_cluster,unmatched_cluster,2
denoised_native_fdr,8.0,detection_template,final_clustering,446,246,unmatched_cluster,unmatched_cluster,1
denoised_native_fdr,8.0,detection_template,final_clustering,447,231,unmatched_cluster,unmatched_cluster,9
denoised_native_fdr,8.0,detection_template,final_clustering,447,233,unmatched_cluster,unmatched_cluster,2
denoised_native_fdr,8.0,detection_template,final_clustering,447,234,unmatched_cluster,unmatched_cluster,19
denoised_native_fdr,8.0,detection_template,final_clustering,447,237,unmatched_cluster,unmatched_cluster,915
denoised_native_fdr,8.0,detection_template,final_clustering,448,230,unmatched_cluster,unmatched_cluster,3
denoised_native_fdr,8.0,detection_template,final_clustering,448,235,unmatched_cluster,unmatched_cluster,1
denoised_native_fdr,8.0,detection_template,final_clustering,448,236,unmatched_cluster,unmatched_cluster,356
denoised_native_fdr,8.0,detection_template,final_clustering,449,232,unmatched_cluster,unmatched_cluster,1
denoised_native_fdr,8.0,detection_template,final_clustering,449,235,unmatched_cluster,unmatched_cluster,411
denoised_native_fdr,8.0,detection_template,final_clustering,451,231,unmatched_cluster,unmatched_cluster,23
denoised_native_fdr,8.0,detection_template,final_clustering,451,234,unmatched_cluster,unmatched_cluster,338
denoised_native_fdr,8.0,detection_template,final_clustering,452,235,unmatched_cluster,unmatched_cluster,1
denoised_native_fdr,8.0,detection_template,final_clustering,453,231,unmatched_cluster,unmatched_cluster,5921
denoised_native_fdr,8.0,detection_template,final_clustering,453,234,unmatched_cluster,unmatched_cluster,6074
denoised_native_fdr,8.0,detection_template,final_clustering,453,237,unmatched_cluster,unmatched_cluster,5
denoised_native_fdr,8.0,detection_template,final_clustering,454,232,unmatched_cluster,unmatched_cluster,2914
denoised_native_fdr,8.0,detection_template,final_clustering,454,235,unmatched_cluster,unmatched_cluster,8
denoised_native_fdr,8.0,detection_template,final_clustering,454,238,unmatched_cluster,unmatched_cluster,3214
denoised_native_fdr,8.0,detection_template,final_clustering,455,233,unmatched_cluster,unmatched_cluster,11292
denoised_native_fdr,8.0,detection_template,final_clustering,456,239,unmatched_cluster,unmatched_cluster,67
denoised_native_fdr,8.0,detection_template,final_clustering,456,240,unmatched_cluster,unmatched_cluster,8490
denoised_native_fdr,8.0,detection_template,final_clustering,457,239,unmatched_cluster,unmatched_cluster,47
denoised_native_fdr,8.0,detection_template,final_clustering,457,240,unmatched_cluster,unmatched_cluster,72
denoised_native_fdr,8.0,detection_template,final_clustering,457,244,unmatched_cluster,unmatched_cluster,2614
denoised_native_fdr,8.0,detection_template,final_clustering,458,239,unmatched_cluster,unmatched_cluster,8057
denoised_native_fdr,8.0,detection_template,final_clustering,458,240,unmatched_cluster,unmatched_cluster,154
denoised_native_fdr,8.0,detection_template,final_clustering,458,244,unmatched_cluster,unmatched_cluster,5
denoised_native_fdr,8.0,detection_template,final_clustering,459,243,unmatched_cluster,unmatched_cluster,332
denoised_native_fdr,8.0,detection_template,final_clustering,459,248,unmatched_cluster,unmatched_cluster,331
denoised_native_fdr,8.0,detection_template,final_clustering,460,241,unmatched_cluster,unmatched_cluster,2
denoised_native_fdr,8.0,detection_template,final_clustering,460,246,unmatched_cluster,unmatched_cluster,615
denoised_native_fdr,8.0,detection_template,final_clustering,460,249,unmatched_cluster,unmatched_cluster,32
denoised_native_fdr,8.0,detection_template,final_clustering,461,252,unmatched_cluster,unmatched_cluster,3
denoised_native_fdr,8.0,detection_template,final_clustering,461,253,unmatched_cluster,unmatched_cluster,3
denoised_native_fdr,8.0,detection_template,final_clustering,461,254,unmatched_cluster,unmatched_cluster,3719
denoised_native_fdr,8.0,detection_template,final_clustering,462,241,unmatched_cluster,unmatched_cluster,9
denoised_native_fdr,8.0,detection_template,final_clustering,462,242,unmatched_cluster,unmatched_cluster,343
denoised_native_fdr,8.0,detection_template,final_clustering,462,246,unmatched_cluster,unmatched_cluster,3
denoised_native_fdr,8.0,detection_template,final_clustering,462,247,unmatched_cluster,unmatched_cluster,300
denoised_native_fdr,8.0,detection_template,final_clustering,462,249,unmatched_cluster,unmatched_cluster,3
denoised_native_fdr,8.0,detection_template,final_clustering,463,250,unmatched_cluster,unmatched_cluster,7
denoised_native_fdr,8.0,detection_template,final_clustering,463,252,unmatched_cluster,unmatched_cluster,2
denoised_native_fdr,8.0,detection_template,final_clustering,463,253,unmatched_cluster,unmatched_cluster,18
denoised_native_fdr,8.0,detection_template,final_clustering,463,254,unmatched_cluster,unmatched_cluster,4
denoised_native_fdr,8.0,detection_template,final_clustering,464,243,unmatched_cluster,unmatched_cluster,1289
denoised_native_fdr,8.0,detection_template,final_clustering,464,248,unmatched_cluster,unmatched_cluster,150
denoised_native_fdr,8.0,detection_template,final_clustering,465,241,unmatched_cluster,unmatched_cluster,2687
denoised_native_fdr,8.0,detection_template,final_clustering,465,242,unmatched_cluster,unmatched_cluster,1
denoised_native_fdr,8.0,detection_template,final_clustering,465,246,unmatched_cluster,unmatched_cluster,39
denoised_native_fdr,8.0,detection_template,final_clustering,465,249,unmatched_cluster,unmatched_cluster,5
denoised_native_fdr,8.0,detection_template,final_clustering,466,241,unmatched_cluster,unmatched_cluster,4
denoised_native_fdr,8.0,detection_template,final_clustering,466,246,unmatched_cluster,unmatched_cluster,50
denoised_native_fdr,8.0,detection_template,final_clustering,466,249,unmatched_cluster,unmatched_cluster,4429
denoised_native_fdr,8.0,detection_template,final_clustering,468,241,unmatched_cluster,unmatched_cluster,11
denoised_native_fdr,8.0,detection_template,final_clustering,468,246,unmatched_cluster,unmatched_cluster,70
denoised_native_fdr,8.0,detection_template,final_clustering,468,249,unmatched_cluster,unmatched_cluster,34
denoised_native_fdr,8.0,detection_template,final_clustering,469,250,unmatched_cluster,unmatched_cluster,254
denoised_native_fdr,8.0,detection_template,final_clustering,469,252,unmatched_cluster,unmatched_cluster,1
denoised_native_fdr,8.0,detection_template,final_clustering,469,253,unmatched_cluster,unmatched_cluster,1
denoised_native_fdr,8.0,detection_template,final_clustering,469,254,unmatched_cluster,unmatched_cluster,19
denoised_native_fdr,8.0,detection_template,final_clustering,470,239,unmatched_cluster,unmatched_cluster,3
denoised_native_fdr,8.0,detection_template,final_clustering,470,240,unmatched_cluster,unmatched_cluster,32
denoised_native_fdr,8.0,detection_template,final_clustering,470,245,unmatched_cluster,unmatched_cluster,173
denoised_native_fdr,8.0,detection_template,final_clustering,472,252,unmatched_cluster,unmatched_cluster,561
denoised_native_fdr,8.0,detection_template,final_clustering,472,254,unmatched_cluster,unmatched_cluster,9
denoised_native_fdr,8.0,detection_template,final_clustering,473,252,unmatched_cluster,unmatched_cluster,1
denoised_native_fdr,8.0,detection_template,final_clustering,473,256,unmatched_cluster,unmatched_cluster,39
denoised_native_fdr,8.0,detection_template,final_clustering,473,257,unmatched_cluster,unmatched_cluster,1
denoised_native_fdr,8.0,detection_template,final_clustering,474,253,unmatched_cluster,unmatched_cluster,1323
denoised_native_fdr,8.0,detection_template,final_clustering,474,254,unmatched_cluster,unmatched_cluster,3
denoised_native_fdr,8.0,detection_template,final_clustering,475,272,unmatched_cluster,unmatched_cluster,198
denoised_native_fdr,8.0,detection_template,final_clustering,475,273,unmatched_cluster,unmatched_cluster,15
denoised_native_fdr,8.0,detection_template,final_clustering,476,251,unmatched_cluster,unmatched_cluster,18
denoised_native_fdr,8.0,detection_template,final_clustering,476,255,unmatched_cluster,unmatched_cluster,3
denoised_native_fdr,8.0,detection_template,final_clustering,476,256,unmatched_cluster,unmatched_cluster,1
denoised_native_fdr,8.0,detection_template,final_clustering,477,256,unmatched_cluster,unmatched_cluster,3
denoised_native_fdr,8.0,detection_template,final_clustering,478,251,unmatched_cluster,unmatched_cluster,31
denoised_native_fdr,8.0,detection_template,final_clustering,478,256,unmatched_cluster,unmatched_cluster,10
denoised_native_fdr,8.0,detection_template,final_clustering,479,250,unmatched_cluster,unmatched_cluster,2
denoised_native_fdr,8.0,detection_template,final_clustering,479,253,unmatched_cluster,unmatched_cluster,100
denoised_native_fdr,8.0,detection_template,final_clustering,480,256,unmatched_cluster,unmatched_cluster,57
denoised_native_fdr,8.0,detection_template,final_clustering,481,251,unmatched_cluster,unmatched_cluster,1345
denoised_native_fdr,8.0,detection_template,final_clustering,481,255,unmatched_cluster,unmatched_cluster,2
denoised_native_fdr,8.0,detection_template,final_clustering,482,251,unmatched_cluster,unmatched_cluster,2
denoised_native_fdr,8.0,detection_template,final_clustering,482,255,unmatched_cluster,unmatched_cluster,5248
denoised_native_fdr,8.0,detection_template,final_clustering,483,256,unmatched_cluster,unmatched_cluster,11168
denoised_native_fdr,8.0,detection_template,final_clustering,484,257,unmatched_cluster,unmatched_cluster,9139
denoised_native_fdr,8.0,detection_template,final_clustering,485,258,unmatched_cluster,unmatched_cluster,9288
denoised_native_fdr,8.0,detection_template,final_clustering,485,262,unmatched_cluster,unmatched_cluster,35
denoised_native_fdr,8.0,detection_template,final_clustering,485,274,unmatched_cluster,unmatched_cluster,1
denoised_native_fdr,8.0,detection_template,final_clustering,486,265,unmatched_cluster,unmatched_cluster,1106
denoised_native_fdr,8.0,detection_template,final_clustering,486,266,unmatched_cluster,unmatched_cluster,128
denoised_native_fdr,8.0,detection_template,final_clustering,486,268,unmatched_cluster,unmatched_cluster,1
denoised_native_fdr,8.0,detection_template,final_clustering,486,270,unmatched_cluster,unmatched_cluster,789
denoised_native_fdr,8.0,detection_template,final_clustering,487,261,unmatched_cluster,unmatched_cluster,652
denoised_native_fdr,8.0,detection_template,final_clustering,487,268,unmatched_cluster,unmatched_cluster,1
denoised_native_fdr,8.0,detection_template,final_clustering,487,273,unmatched_cluster,unmatched_cluster,8
denoised_native_fdr,8.0,detection_template,final_clustering,487,274,unmatched_cluster,unmatched_cluster,1
denoised_native_fdr,8.0,detection_template,final_clustering,487,275,unmatched_cluster,unmatched_cluster,1
denoised_native_fdr,8.0,detection_template,final_clustering,488,260,unmatched_cluster,unmatched_cluster,1
denoised_native_fdr,8.0,detection_template,final_clustering,488,268,unmatched_cluster,unmatched_cluster,1411
denoised_native_fdr,8.0,detection_template,final_clustering,489,277,unmatched_cluster,unmatched_cluster,19
denoised_native_fdr,8.0,detection_template,final_clustering,489,281,unmatched_cluster,unmatched_cluster,398
denoised_native_fdr,8.0,detection_template,final_clustering,490,277,unmatched_cluster,unmatched_cluster,6
denoised_native_fdr,8.0,detection_template,final_clustering,490,281,unmatched_cluster,unmatched_cluster,66
denoised_native_fdr,8.0,detection_template,final_clustering,491,259,unmatched_cluster,unmatched_cluster,5
denoised_native_fdr,8.0,detection_template,final_clustering,491,263,unmatched_cluster,unmatched_cluster,370
denoised_native_fdr,8.0,detection_template,final_clustering,491,267,unmatched_cluster,unmatched_cluster,2
denoised_native_fdr,8.0,detection_template,final_clustering,491,268,unmatched_cluster,unmatched_cluster,1
denoised_native_fdr,8.0,detection_template,final_clustering,491,271,unmatched_cluster,unmatched_cluster,46
denoised_native_fdr,8.0,detection_template,final_clustering,492,277,unmatched_cluster,unmatched_cluster,6
denoised_native_fdr,8.0,detection_template,final_clustering,492,278,unmatched_cluster,unmatched_cluster,9
denoised_native_fdr,8.0,detection_template,final_clustering,492,281,unmatched_cluster,unmatched_cluster,91
denoised_native_fdr,8.0,detection_template,final_clustering,493,260,unmatched_cluster,unmatched_cluster,341
denoised_native_fdr,8.0,detection_template,final_clustering,493,268,unmatched_cluster,unmatched_cluster,22
denoised_native_fdr,8.0,detection_template,final_clustering,494,266,unmatched_cluster,unmatched_cluster,44
denoised_native_fdr,8.0,detection_template,final_clustering,494,268,unmatched_cluster,unmatched_cluster,2
denoised_native_fdr,8.0,detection_template,final_clustering,494,270,unmatched_cluster,unmatched_cluster,54
denoised_native_fdr,8.0,detection_template,final_clustering,494,273,unmatched_cluster,unmatched_cluster,3101
denoised_native_fdr,8.0,detection_template,final_clustering,494,275,unmatched_cluster,unmatched_cluster,1
denoised_native_fdr,8.0,detection_template,final_clustering,495,264,unmatched_cluster,unmatched_cluster,760
denoised_native_fdr,8.0,detection_template,final_clustering,495,274,unmatched_cluster,unmatched_cluster,12
denoised_native_fdr,8.0,detection_template,final_clustering,496,284,unmatched_cluster,unmatched_cluster,497
denoised_native_fdr,8.0,detection_template,final_clustering,496,285,unmatched_cluster,unmatched_cluster,22
denoised_native_fdr,8.0,detection_template,final_clustering,497,268,unmatched_cluster,unmatched_cluster,43
denoised_native_fdr,8.0,detection_template,final_clustering,497,273,unmatched_cluster,unmatched_cluster,1
denoised_native_fdr,8.0,detection_template,final_clustering,498,278,unmatched_cluster,unmatched_cluster,3
denoised_native_fdr,8.0,detection_template,final_clustering,498,279,unmatched_cluster,unmatched_cluster,120
denoised_native_fdr,8.0,detection_template,final_clustering,498,282,unmatched_cluster,unmatched_cluster,2114
denoised_native_fdr,8.0,detection_template,final_clustering,498,288,unmatched_cluster,unmatched_cluster,588
denoised_native_fdr,8.0,detection_template,final_clustering,499,261,unmatched_cluster,unmatched_cluster,2
denoised_native_fdr,8.0,detection_template,final_clustering,499,265,unmatched_cluster,unmatched_cluster,1
denoised_native_fdr,8.0,detection_template,final_clustering,499,266,unmatched_cluster,unmatched_cluster,50
denoised_native_fdr,8.0,detection_template,final_clustering,499,268,unmatched_cluster,unmatched_cluster,41
denoised_native_fdr,8.0,detection_template,final_clustering,499,269,unmatched_cluster,unmatched_cluster,252
denoised_native_fdr,8.0,detection_template,final_clustering,499,270,unmatched_cluster,unmatched_cluster,99
denoised_native_fdr,8.0,detection_template,final_clustering,499,273,unmatched_cluster,unmatched_cluster,3
denoised_native_fdr,8.0,detection_template,final_clustering,500,263,unmatched_cluster,unmatched_cluster,2
denoised_native_fdr,8.0,detection_template,final_clustering,500,271,unmatched_cluster,unmatched_cluster,444
denoised_native_fdr,8.0,detection_template,final_clustering,501,261,unmatched_cluster,unmatched_cluster,1
denoised_native_fdr,8.0,detection_template,final_clustering,501,273,unmatched_cluster,unmatched_cluster,6
denoised_native_fdr,8.0,detection_template,final_clustering,501,274,unmatched_cluster,unmatched_cluster,1
denoised_native_fdr,8.0,detection_template,final_clustering,501,275,unmatched_cluster,unmatched_cluster,2319
denoised_native_fdr,8.0,detection_template,final_clustering,502,264,unmatched_cluster,unmatched_cluster,52
denoised_native_fdr,8.0,detection_template,final_clustering,502,274,unmatched_cluster,unmatched_cluster,648
denoised_native_fdr,8.0,detection_template,final_clustering,503,259,unmatched_cluster,unmatched_cluster,1
denoised_native_fdr,8.0,detection_template,final_clustering,503,261,unmatched_cluster,unmatched_cluster,5
denoised_native_fdr,8.0,detection_template,final_clustering,503,264,unmatched_cluster,unmatched_cluster,11
denoised_native_fdr,8.0,detection_template,final_clustering,503,265,unmatched_cluster,unmatched_cluster,16
denoised_native_fdr,8.0,detection_template,final_clustering,503,268,unmatched_cluster,unmatched_cluster,8
denoised_native_fdr,8.0,detection_template,final_clustering,503,270,unmatched_cluster,unmatched_cluster,5
denoised_native_fdr,8.0,detection_template,final_clustering,503,274,unmatched_cluster,unmatched_cluster,11
denoised_native_fdr,8.0,detection_template,final_clustering,504,259,unmatched_cluster,unmatched_cluster,791
denoised_native_fdr,8.0,detection_template,final_clustering,504,263,unmatched_cluster,unmatched_cluster,2
denoised_native_fdr,8.0,detection_template,final_clustering,504,267,unmatched_cluster,unmatched_cluster,313
denoised_native_fdr,8.0,detection_template,final_clustering,506,280,unmatched_cluster,unmatched_cluster,624
denoised_native_fdr,8.0,detection_template,final_clustering,506,286,unmatched_cluster,unmatched_cluster,148
denoised_native_fdr,8.0,detection_template,final_clustering,507,277,unmatched_cluster,unmatched_cluster,53
denoised_native_fdr,8.0,detection_template,final_clustering,507,281,unmatched_cluster,unmatched_cluster,8
denoised_native_fdr,8.0,detection_template,final_clustering,507,283,unmatched_cluster,unmatched_cluster,674
denoised_native_fdr,8.0,detection_template,final_clustering,508,277,unmatched_cluster,unmatched_cluster,5423
denoised_native_fdr,8.0,detection_template,final_clustering,508,283,unmatched_cluster,unmatched_cluster,1
denoised_native_fdr,8.0,detection_template,final_clustering,509,280,unmatched_cluster,unmatched_cluster,20
denoised_native_fdr,8.0,detection_template,final_clustering,509,286,unmatched_cluster,unmatched_cluster,506
denoised_native_fdr,8.0,detection_template,final_clustering,510,284,unmatched_cluster,unmatched_cluster,1
denoised_native_fdr,8.0,detection_template,final_clustering,510,285,unmatched_cluster,unmatched_cluster,2187
denoised_native_fdr,8.0,detection_template,final_clustering,512,278,unmatched_cluster,unmatched_cluster,349
denoised_native_fdr,8.0,detection_template,final_clustering,512,282,unmatched_cluster,unmatched_cluster,2
denoised_native_fdr,8.0,detection_template,final_clustering,512,288,unmatched_cluster,unmatched_cluster,3
denoised_native_fdr,8.0,detection_template,final_clustering,513,276,unmatched_cluster,unmatched_cluster,2
denoised_native_fdr,8.0,detection_template,final_clustering,513,277,unmatched_cluster,unmatched_cluster,1
denoised_native_fdr,8.0,detection_template,final_clustering,513,284,unmatched_cluster,unmatched_cluster,6
denoised_native_fdr,8.0,detection_template,final_clustering,513,285,unmatched_cluster,unmatched_cluster,29
denoised_native_fdr,8.0,detection_template,final_clustering,513,287,unmatched_cluster,unmatched_cluster,418
denoised_native_fdr,8.0,detection_template,final_clustering,514,278,unmatched_cluster,unmatched_cluster,2
denoised_native_fdr,8.0,detection_template,final_clustering,515,276,unmatched_cluster,unmatched_cluster,2005
denoised_native_fdr,8.0,detection_template,final_clustering,516,290,unmatched_cluster,unmatched_cluster,6364
denoised_native_fdr,8.0,detection_template,final_clustering,517,276,unmatched_cluster,unmatched_cluster,1
denoised_native_fdr,8.0,detection_template,final_clustering,517,281,unmatched_cluster,unmatched_cluster,1
denoised_native_fdr,8.0,detection_template,final_clustering,517,286,unmatched_cluster,unmatched_cluster,29
denoised_native_fdr,8.0,detection_template,final_clustering,518,289,unmatched_cluster,unmatched_cluster,5
denoised_native_fdr,8.0,detection_template,final_clustering,518,292,unmatched_cluster,unmatched_cluster,894
denoised_native_fdr,8.0,detection_template,final_clustering,518,294,unmatched_cluster,unmatched_cluster,1
denoised_native_fdr,8.0,detection_template,final_clustering,519,293,unmatched_cluster,unmatched_cluster,11661
denoised_native_fdr,8.0,detection_template,final_clustering,520,294,unmatched_cluster,unmatched_cluster,4452
denoised_native_fdr,8.0,detection_template,final_clustering,521,289,unmatched_cluster,unmatched_cluster,635
denoised_native_fdr,8.0,detection_template,final_clustering,521,291,unmatched_cluster,unmatched_cluster,1
denoised_native_fdr,8.0,detection_template,final_clustering,522,289,unmatched_cluster,unmatched_cluster,3
denoised_native_fdr,8.0,detection_template,final_clustering,522,291,unmatched_cluster,unmatched_cluster,300
denoised_native_fdr,8.0,detection_template,final_clustering,522,293,unmatched_cluster,unmatched_cluster,9
denoised_native_fdr,8.0,detection_template,final_clustering,523,295,unmatched_cluster,unmatched_cluster,937
denoised_native_fdr,8.0,detection_template,final_clustering,523,296,unmatched_cluster,unmatched_cluster,1
denoised_native_fdr,8.0,detection_template,final_clustering,523,297,unmatched_cluster,unmatched_cluster,1
denoised_native_fdr,8.0,detection_template,final_clustering,524,290,unmatched_cluster,unmatched_cluster,2
denoised_native_fdr,8.0,detection_template,final_clustering,524,294,unmatched_cluster,unmatched_cluster,58
denoised_native_fdr,8.0,detection_template,final_clustering,525,296,unmatched_cluster,unmatched_cluster,7
denoised_native_fdr,8.0,detection_template,final_clustering,525,301,unmatched_cluster,unmatched_cluster,2
denoised_native_fdr,8.0,detection_template,final_clustering,526,301,unmatched_cluster,unmatched_cluster,62
denoised_native_fdr,8.0,detection_template,final_clustering,527,295,unmatched_cluster,unmatched_cluster,26
denoised_native_fdr,8.0,detection_template,final_clustering,527,296,unmatched_cluster,unmatched_cluster,15
denoised_native_fdr,8.0,detection_template,final_clustering,527,297,unmatched_cluster,unmatched_cluster,235
denoised_native_fdr,8.0,detection_template,final_clustering,528,296,unmatched_cluster,unmatched_cluster,10
denoised_native_fdr,8.0,detection_template,final_clustering,528,299,unmatched_cluster,unmatched_cluster,74
denoised_native_fdr,8.0,detection_template,final_clustering,528,301,unmatched_cluster,unmatched_cluster,41
denoised_native_fdr,8.0,detection_template,final_clustering,529,304,unmatched_cluster,unmatched_cluster,9056
denoised_native_fdr,8.0,detection_template,final_clustering,530,302,unmatched_cluster,unmatched_cluster,258
denoised_native_fdr,8.0,detection_template,final_clustering,531,300,unmatched_cluster,unmatched_cluster,185
denoised_native_fdr,8.0,detection_template,final_clustering,532,295,unmatched_cluster,unmatched_cluster,3
denoised_native_fdr,8.0,detection_template,final_clustering,532,296,unmatched_cluster,unmatched_cluster,673
denoised_native_fdr,8.0,detection_template,final_clustering,533,298,unmatched_cluster,unmatched_cluster,332
denoised_native_fdr,8.0,detection_template,final_clustering,534,303,unmatched_cluster,unmatched_cluster,168
denoised_native_fdr,8.0,detection_template,final_clustering,534,305,unmatched_cluster,unmatched_cluster,60
denoised_native_fdr,8.0,detection_template,final_clustering,535,305,unmatched_cluster,unmatched_cluster,8733
denoised_native_fdr,8.0,detection_template,final_clustering,537,306,unmatched_cluster,unmatched_cluster,7
denoised_native_fdr,8.0,detection_template,final_clustering,537,307,unmatched_cluster,unmatched_cluster,5
denoised_native_fdr,8.0,detection_template,final_clustering,537,308,unmatched_cluster,unmatched_cluster,7
denoised_native_fdr,8.0,detection_template,final_clustering,537,309,unmatched_cluster,unmatched_cluster,4
denoised_native_fdr,8.0,detection_template,final_clustering,537,310,unmatched_cluster,unmatched_cluster,1
denoised_native_fdr,8.0,detection_template,final_clustering,538,306,unmatched_cluster,unmatched_cluster,322
denoised_native_fdr,8.0,detection_template,final_clustering,538,307,unmatched_cluster,unmatched_cluster,15
denoised_native_fdr,8.0,detection_template,final_clustering,538,308,unmatched_cluster,unmatched_cluster,2
denoised_native_fdr,8.0,detection_template,final_clustering,538,310,unmatched_cluster,unmatched_cluster,3
denoised_native_fdr,8.0,detection_template,final_clustering,539,307,unmatched_cluster,unmatched_cluster,1162
denoised_native_fdr,8.0,detection_template,final_clustering,539,309,unmatched_cluster,unmatched_cluster,1
denoised_native_fdr,8.0,detection_template,final_clustering,540,314,unmatched_cluster,unmatched_cluster,310
denoised_native_fdr,8.0,detection_template,final_clustering,540,316,unmatched_cluster,unmatched_cluster,2
denoised_native_fdr,8.0,detection_template,final_clustering,541,312,unmatched_cluster,unmatched_cluster,1
denoised_native_fdr,8.0,detection_template,final_clustering,541,314,unmatched_cluster,unmatched_cluster,16
denoised_native_fdr,8.0,detection_template,final_clustering,542,316,unmatched_cluster,unmatched_cluster,10485
denoised_native_fdr,8.0,detection_template,final_clustering,543,307,unmatched_cluster,unmatched_cluster,14
denoised_native_fdr,8.0,detection_template,final_clustering,543,309,unmatched_cluster,unmatched_cluster,115
denoised_native_fdr,8.0,detection_template,final_clustering,543,310,unmatched_cluster,unmatched_cluster,232
denoised_native_fdr,8.0,detection_template,final_clustering,544,307,unmatched_cluster,unmatched_cluster,3
denoised_native_fdr,8.0,detection_template,final_clustering,544,308,unmatched_cluster,unmatched_cluster,1
denoised_native_fdr,8.0,detection_template,final_clustering,545,307,unmatched_cluster,unmatched_cluster,28
denoised_native_fdr,8.0,detection_template,final_clustering,545,308,unmatched_cluster,unmatched_cluster,197
denoised_native_fdr,8.0,detection_template,final_clustering,546,321,unmatched_cluster,unmatched_cluster,4
denoised_native_fdr,8.0,detection_template,final_clustering,547,312,unmatched_cluster,unmatched_cluster,58
denoised_native_fdr,8.0,detection_template,final_clustering,547,315,unmatched_cluster,unmatched_cluster,173
denoised_native_fdr,8.0,detection_template,final_clustering,548,318,unmatched_cluster,unmatched_cluster,236
denoised_native_fdr,8.0,detection_template,final_clustering,548,319,unmatched_cluster,unmatched_cluster,3
denoised_native_fdr,8.0,detection_template,final_clustering,548,321,unmatched_cluster,unmatched_cluster,28
denoised_native_fdr,8.0,detection_template,final_clustering,548,324,unmatched_cluster,unmatched_cluster,4327
denoised_native_fdr,8.0,detection_template,final_clustering,549,311,unmatched_cluster,unmatched_cluster,10103
denoised_native_fdr,8.0,detection_template,final_clustering,550,311,unmatched_cluster,unmatched_cluster,4
denoised_native_fdr,8.0,detection_template,final_clustering,550,312,unmatched_cluster,unmatched_cluster,6
denoised_native_fdr,8.0,detection_template,final_clustering,550,313,unmatched_cluster,unmatched_cluster,212
denoised_native_fdr,8.0,detection_template,final_clustering,551,314,unmatched_cluster,unmatched_cluster,1
denoised_native_fdr,8.0,detection_template,final_clustering,552,318,unmatched_cluster,unmatched_cluster,24
denoised_native_fdr,8.0,detection_template,final_clustering,552,319,unmatched_cluster,unmatched_cluster,14
denoised_native_fdr,8.0,detection_template,final_clustering,552,321,unmatched_cluster,unmatched_cluster,32
denoised_native_fdr,8.0,detection_template,final_clustering,552,324,unmatched_cluster,unmatched_cluster,30
denoised_native_fdr,8.0,detection_template,final_clustering,553,312,unmatched_cluster,unmatched_cluster,4
denoised_native_fdr,8.0,detection_template,final_clustering,554,312,unmatched_cluster,unmatched_cluster,4424
denoised_native_fdr,8.0,detection_template,final_clustering,555,318,unmatched_cluster,unmatched_cluster,1
denoised_native_fdr,8.0,detection_template,final_clustering,555,321,unmatched_cluster,unmatched_cluster,65
denoised_native_fdr,8.0,detection_template,final_clustering,556,321,unmatched_cluster,unmatched_cluster,772
denoised_native_fdr,8.0,detection_template,final_clustering,556,324,unmatched_cluster,unmatched_cluster,5
denoised_native_fdr,8.0,detection_template,final_clustering,557,314,unmatched_cluster,unmatched_cluster,106
denoised_native_fdr,8.0,detection_template,final_clustering,557,316,unmatched_cluster,unmatched_cluster,1
denoised_native_fdr,8.0,detection_template,final_clustering,559,317,unmatched_cluster,unmatched_cluster,126
denoised_native_fdr,8.0,detection_template,final_clustering,559,320,unmatched_cluster,unmatched_cluster,3
denoised_native_fdr,8.0,detection_template,final_clustering,559,322,unmatched_cluster,unmatched_cluster,8
denoised_native_fdr,8.0,detection_template,final_clustering,559,323,unmatched_cluster,unmatched_cluster,1
denoised_native_fdr,8.0,detection_template,final_clustering,560,322,unmatched_cluster,unmatched_cluster,532
denoised_native_fdr,8.0,detection_template,final_clustering,561,320,unmatched_cluster,unmatched_cluster,449
denoised_native_fdr,8.0,detection_template,final_clustering,561,321,unmatched_cluster,unmatched_cluster,14
denoised_native_fdr,8.0,detection_template,final_clustering,562,320,unmatched_cluster,unmatched_cluster,3
denoised_native_fdr,8.0,detection_template,final_clustering,562,322,unmatched_cluster,unmatched_cluster,37
denoised_native_fdr,8.0,detection_template,final_clustering,562,323,unmatched_cluster,unmatched_cluster,124
denoised_native_fdr,8.0,detection_template,final_clustering,564,321,unmatched_cluster,unmatched_cluster,1
denoised_native_fdr,8.0,detection_template,final_clustering,564,322,unmatched_cluster,unmatched_cluster,2
denoised_native_fdr,8.0,detection_template,final_clustering,565,328,unmatched_cluster,unmatched_cluster,962
denoised_native_fdr,8.0,detection_template,final_clustering,566,330,unmatched_cluster,unmatched_cluster,1028
denoised_native_fdr,8.0,detection_template,final_clustering,566,331,unmatched_cluster,unmatched_cluster,32
denoised_native_fdr,8.0,detection_template,final_clustering,567,327,unmatched_cluster,unmatched_cluster,3664
denoised_native_fdr,8.0,detection_template,final_clustering,567,329,unmatched_cluster,unmatched_cluster,1
denoised_native_fdr,8.0,detection_template,final_clustering,568,325,unmatched_cluster,unmatched_cluster,462
denoised_native_fdr,8.0,detection_template,final_clustering,568,326,unmatched_cluster,unmatched_cluster,245
denoised_native_fdr,8.0,detection_template,final_clustering,568,328,unmatched_cluster,unmatched_cluster,17
denoised_native_fdr,8.0,detection_template,final_clustering,568,329,unmatched_cluster,unmatched_cluster,1
denoised_native_fdr,8.0,detection_template,final_clustering,568,331,unmatched_cluster,unmatched_cluster,6
denoised_native_fdr,8.0,detection_template,final_clustering,569,331,unmatched_cluster,unmatched_cluster,4769
denoised_native_fdr,8.0,detection_template,final_clustering,570,329,unmatched_cluster,unmatched_cluster,4582
denoised_native_fdr,8.0,detection_template,final_clustering,571,328,unmatched_cluster,unmatched_cluster,8
denoised_native_fdr,8.0,detection_template,final_clustering,571,329,unmatched_cluster,unmatched_cluster,4
denoised_native_fdr,8.0,detection_template,final_clustering,571,331,unmatched_cluster,unmatched_cluster,12
denoised_native_fdr,8.0,detection_template,final_clustering,573,332,unmatched_cluster,unmatched_cluster,168
denoised_native_fdr,8.0,detection_template,final_clustering,574,332,unmatched_cluster,unmatched_cluster,90
denoised_native_fdr,8.0,detection_template,final_clustering,576,332,unmatched_cluster,unmatched_cluster,1
denoised_native_fdr,8.0,detection_template,final_clustering,577,333,unmatched_cluster,unmatched_cluster,21
denoised_native_fdr,8.0,detection_template,final_clustering,578,333,unmatched_cluster,unmatched_cluster,103
denoised_native_fdr,8.0,detection_template,final_clustering,579,333,unmatched_cluster,unmatched_cluster,24
denoised_native_fdr,8.0,detection_template,final_clustering,580,333,unmatched_cluster,unmatched_cluster,4
denoised_native_fdr,8.0,detection_template,final_clustering,583,334,unmatched_cluster,unmatched_cluster,15
denoised_native_fdr,8.0,detection_template,final_clustering,584,334,unmatched_cluster,unmatched_cluster,5
denoised_native_fdr,8.0,detection_template,final_clustering,585,335,unmatched_cluster,unmatched_cluster,46
denoised_native_fdr,8.0,detection_template,final_clustering,586,335,unmatched_cluster,unmatched_cluster,22
denoised_native_fdr,8.0,detection_template,final_clustering,587,336,unmatched_cluster,unmatched_cluster,10
denoised_native_fdr,8.0,detection_template,final_clustering,588,336,unmatched_cluster,unmatched_cluster,12
denoised_native_fdr,8.0,detection_template,final_clustering,589,336,unmatched_cluster,unmatched_cluster,55
denoised_native_fdr,8.0,detection_template,final_clustering,590,336,unmatched_cluster,unmatched_cluster,30
denoised_native_fdr,8.0,detection_template,final_clustering,591,337,unmatched_cluster,unmatched_cluster,1
denoised_native_fdr,8.0,detection_template,final_clustering,592,337,unmatched_cluster,unmatched_cluster,1
denoised_native_fdr,8.0,detection_template,final_clustering,593,337,unmatched_cluster,unmatched_cluster,2
denoised_native_fdr,8.0,detection_template,final_clustering,594,337,unmatched_cluster,unmatched_cluster,6
denoised_native_fdr,8.0,detection_template,final_clustering,595,337,unmatched_cluster,unmatched_cluster,10
denoised_native_fdr,8.0,detection_template,final_clustering,597,338,unmatched_cluster,unmatched_cluster,1
denoised_native_fdr,8.0,detection_template,final_clustering,601,340,unmatched_cluster,unmatched_cluster,933
denoised_native_fdr,8.0,detection_template,final_clustering,602,339,unmatched_cluster,unmatched_cluster,970
denoised_native_fdr,8.0,detection_template,final_clustering,604,339,unmatched_cluster,unmatched_cluster,8
denoised_native_fdr,8.0,detection_template,final_clustering,604,340,unmatched_cluster,unmatched_cluster,1
denoised_native_fdr,8.0,detection_template,final_clustering,605,341,unmatched_cluster,unmatched_cluster,1
denoised_native_fdr,8.0,detection_template,final_clustering,606,341,unmatched_cluster,unmatched_cluster,7
denoised_native_fdr,8.0,detection_template,final_clustering,607,342,unmatched_cluster,unmatched_cluster,4
denoised_native_fdr,8.0,detection_template,final_clustering,611,343,unmatched_cluster,unmatched_cluster,352
denoised_native_fdr,8.0,detection_template,final_clustering,612,343,unmatched_cluster,unmatched_cluster,377
denoised_native_fdr,8.0,detection_template,final_clustering,614,343,unmatched_cluster,unmatched_cluster,116
denoised_native_fdr,8.0,detection_template,final_clustering,619,344,unmatched_cluster,unmatched_cluster,1
denoised_native_fdr,8.0,detection_template,final_clustering,620,344,unmatched_cluster,unmatched_cluster,2
denoised_native_fdr,8.0,detection_template,final_clustering,622,345,unmatched_cluster,unmatched_cluster,2
denoised_native_fdr,8.0,detection_template,final_clustering,623,345,unmatched_cluster,unmatched_cluster,6
denoised_native_fdr,8.0,detection_template,final_clustering,624,346,unmatched_cluster,unmatched_cluster,5
denoised_native_fdr,8.0,detection_template,final_clustering,625,346,unmatched_cluster,unmatched_cluster,8
denoised_native_fdr,8.0,detection_template,final_clustering,626,347,unmatched_cluster,unmatched_cluster,7
denoised_native_fdr,8.0,detection_template,final_clustering,628,348,unmatched_cluster,unmatched_cluster,2
denoised_native_fdr,8.0,detection_template,final_clustering,632,349,unmatched_cluster,unmatched_cluster,1
denoised_native_fdr,8.0,detection_template,final_clustering,633,349,unmatched_cluster,unmatched_cluster,1
denoised_native_fdr,8.0,final_clustering,cluster_merging,0,0,unmatched_cluster,unmatched_cluster,1169
denoised_native_fdr,8.0,final_clustering,cluster_merging,1,2,unmatched_cluster,unmatched_cluster,496
denoised_native_fdr,8.0,final_clustering,cluster_merging,2,1,unmatched_cluster,unmatched_cluster,2830
denoised_native_fdr,8.0,final_clustering,cluster_merging,3,2,unmatched_cluster,unmatched_cluster,2760
denoised_native_fdr,8.0,final_clustering,cluster_merging,4,3,unmatched_cluster,unmatched_cluster,1395
denoised_native_fdr,8.0,final_clustering,cluster_merging,5,4,unmatched_cluster,unmatched_cluster,6571
denoised_native_fdr,8.0,final_clustering,cluster_merging,6,5,unmatched_cluster,unmatched_cluster,3179
denoised_native_fdr,8.0,final_clustering,cluster_merging,7,6,unmatched_cluster,unmatched_cluster,5032
denoised_native_fdr,8.0,final_clustering,cluster_merging,8,7,unmatched_cluster,unmatched_cluster,5208
denoised_native_fdr,8.0,final_clustering,cluster_merging,9,8,unmatched_cluster,unmatched_cluster,124
denoised_native_fdr,8.0,final_clustering,cluster_merging,10,9,unmatched_cluster,unmatched_cluster,341
denoised_native_fdr,8.0,final_clustering,cluster_merging,11,12,unmatched_cluster,unmatched_cluster,172
denoised_native_fdr,8.0,final_clustering,cluster_merging,12,10,unmatched_cluster,unmatched_cluster,3824
denoised_native_fdr,8.0,final_clustering,cluster_merging,13,11,unmatched_cluster,unmatched_cluster,291
denoised_native_fdr,8.0,final_clustering,cluster_merging,14,12,unmatched_cluster,unmatched_cluster,10392
denoised_native_fdr,8.0,final_clustering,cluster_merging,15,13,unmatched_cluster,unmatched_cluster,2342
denoised_native_fdr,8.0,final_clustering,cluster_merging,16,14,unmatched_cluster,unmatched_cluster,156
denoised_native_fdr,8.0,final_clustering,cluster_merging,17,15,unmatched_cluster,unmatched_cluster,782
denoised_native_fdr,8.0,final_clustering,cluster_merging,18,16,unmatched_cluster,unmatched_cluster,3566
denoised_native_fdr,8.0,final_clustering,cluster_merging,19,17,unmatched_cluster,unmatched_cluster,18275
denoised_native_fdr,8.0,final_clustering,cluster_merging,20,18,unmatched_cluster,unmatched_cluster,3265
denoised_native_fdr,8.0,final_clustering,cluster_merging,21,19,unmatched_cluster,unmatched_cluster,4869
denoised_native_fdr,8.0,final_clustering,cluster_merging,22,20,unmatched_cluster,unmatched_cluster,4852
denoised_native_fdr,8.0,final_clustering,cluster_merging,23,21,unmatched_cluster,unmatched_cluster,2769
denoised_native_fdr,8.0,final_clustering,cluster_merging,24,22,unmatched_cluster,unmatched_cluster,209
denoised_native_fdr,8.0,final_clustering,cluster_merging,25,23,unmatched_cluster,unmatched_cluster,2131
denoised_native_fdr,8.0,final_clustering,cluster_merging,26,24,unmatched_cluster,unmatched_cluster,11674
denoised_native_fdr,8.0,final_clustering,cluster_merging,27,25,unmatched_cluster,unmatched_cluster,2509
denoised_native_fdr,8.0,final_clustering,cluster_merging,28,26,unmatched_cluster,unmatched_cluster,563
denoised_native_fdr,8.0,final_clustering,cluster_merging,29,27,unmatched_cluster,unmatched_cluster,1450
denoised_native_fdr,8.0,final_clustering,cluster_merging,30,28,unmatched_cluster,unmatched_cluster,1946
denoised_native_fdr,8.0,final_clustering,cluster_merging,31,29,unmatched_cluster,unmatched_cluster,721
denoised_native_fdr,8.0,final_clustering,cluster_merging,32,30,unmatched_cluster,unmatched_cluster,128
denoised_native_fdr,8.0,final_clustering,cluster_merging,33,31,unmatched_cluster,unmatched_cluster,3441
denoised_native_fdr,8.0,final_clustering,cluster_merging,34,32,unmatched_cluster,unmatched_cluster,1467
denoised_native_fdr,8.0,final_clustering,cluster_merging,35,33,unmatched_cluster,unmatched_cluster,282
denoised_native_fdr,8.0,final_clustering,cluster_merging,36,38,unmatched_cluster,unmatched_cluster,366
denoised_native_fdr,8.0,final_clustering,cluster_merging,37,33,unmatched_cluster,unmatched_cluster,6917
denoised_native_fdr,8.0,final_clustering,cluster_merging,38,34,unmatched_cluster,unmatched_cluster,986
denoised_native_fdr,8.0,final_clustering,cluster_merging,39,35,unmatched_cluster,unmatched_cluster,4220
denoised_native_fdr,8.0,final_clustering,cluster_merging,40,36,unmatched_cluster,unmatched_cluster,12360
denoised_native_fdr,8.0,final_clustering,cluster_merging,41,37,unmatched_cluster,unmatched_cluster,549
denoised_native_fdr,8.0,final_clustering,cluster_merging,42,38,unmatched_cluster,unmatched_cluster,726
denoised_native_fdr,8.0,final_clustering,cluster_merging,43,39,unmatched_cluster,unmatched_cluster,7958
denoised_native_fdr,8.0,final_clustering,cluster_merging,44,40,unmatched_cluster,unmatched_cluster,361
denoised_native_fdr,8.0,final_clustering,cluster_merging,45,41,unmatched_cluster,unmatched_cluster,520
denoised_native_fdr,8.0,final_clustering,cluster_merging,46,42,unmatched_cluster,unmatched_cluster,6260
denoised_native_fdr,8.0,final_clustering,cluster_merging,47,43,unmatched_cluster,unmatched_cluster,4098
denoised_native_fdr,8.0,final_clustering,cluster_merging,48,44,unmatched_cluster,unmatched_cluster,11267
denoised_native_fdr,8.0,final_clustering,cluster_merging,49,45,unmatched_cluster,unmatched_cluster,1476
denoised_native_fdr,8.0,final_clustering,cluster_merging,50,46,unmatched_cluster,unmatched_cluster,2062
denoised_native_fdr,8.0,final_clustering,cluster_merging,51,47,unmatched_cluster,unmatched_cluster,361
denoised_native_fdr,8.0,final_clustering,cluster_merging,52,48,unmatched_cluster,unmatched_cluster,109
denoised_native_fdr,8.0,final_clustering,cluster_merging,53,49,unmatched_cluster,unmatched_cluster,1098
denoised_native_fdr,8.0,final_clustering,cluster_merging,54,50,unmatched_cluster,unmatched_cluster,1495
denoised_native_fdr,8.0,final_clustering,cluster_merging,55,51,unmatched_cluster,unmatched_cluster,387
denoised_native_fdr,8.0,final_clustering,cluster_merging,56,52,unmatched_cluster,unmatched_cluster,934
denoised_native_fdr,8.0,final_clustering,cluster_merging,57,53,unmatched_cluster,unmatched_cluster,3085
denoised_native_fdr,8.0,final_clustering,cluster_merging,58,54,unmatched_cluster,unmatched_cluster,6245
denoised_native_fdr,8.0,final_clustering,cluster_merging,59,55,unmatched_cluster,unmatched_cluster,195
denoised_native_fdr,8.0,final_clustering,cluster_merging,60,56,unmatched_cluster,unmatched_cluster,263
denoised_native_fdr,8.0,final_clustering,cluster_merging,61,57,unmatched_cluster,unmatched_cluster,180
denoised_native_fdr,8.0,final_clustering,cluster_merging,62,58,unmatched_cluster,unmatched_cluster,3
denoised_native_fdr,8.0,final_clustering,cluster_merging,63,59,unmatched_cluster,unmatched_cluster,1
denoised_native_fdr,8.0,final_clustering,cluster_merging,64,60,fp_matched_cluster,fp_matched_cluster,5
denoised_native_fdr,8.0,final_clustering,cluster_merging,64,60,tp,tp,17193
denoised_native_fdr,8.0,final_clustering,cluster_merging,65,61,unmatched_cluster,unmatched_cluster,171
denoised_native_fdr,8.0,final_clustering,cluster_merging,66,62,unmatched_cluster,unmatched_cluster,3254
denoised_native_fdr,8.0,final_clustering,cluster_merging,67,63,unmatched_cluster,unmatched_cluster,2891
denoised_native_fdr,8.0,final_clustering,cluster_merging,68,64,unmatched_cluster,unmatched_cluster,320
denoised_native_fdr,8.0,final_clustering,cluster_merging,69,65,unmatched_cluster,unmatched_cluster,90
denoised_native_fdr,8.0,final_clustering,cluster_merging,70,66,fp_matched_cluster,fp_matched_cluster,2
denoised_native_fdr,8.0,final_clustering,cluster_merging,70,66,tp,tp,17889
denoised_native_fdr,8.0,final_clustering,cluster_merging,71,67,unmatched_cluster,unmatched_cluster,12483
denoised_native_fdr,8.0,final_clustering,cluster_merging,72,68,unmatched_cluster,unmatched_cluster,2476
denoised_native_fdr,8.0,final_clustering,cluster_merging,73,69,unmatched_cluster,unmatched_cluster,1109
denoised_native_fdr,8.0,final_clustering,cluster_merging,74,70,unmatched_cluster,unmatched_cluster,231
denoised_native_fdr,8.0,final_clustering,cluster_merging,75,71,unmatched_cluster,unmatched_cluster,987
denoised_native_fdr,8.0,final_clustering,cluster_merging,76,72,unmatched_cluster,unmatched_cluster,256
denoised_native_fdr,8.0,final_clustering,cluster_merging,77,73,unmatched_cluster,unmatched_cluster,378
denoised_native_fdr,8.0,final_clustering,cluster_merging,78,74,unmatched_cluster,unmatched_cluster,123
denoised_native_fdr,8.0,final_clustering,cluster_merging,79,73,unmatched_cluster,unmatched_cluster,2937
denoised_native_fdr,8.0,final_clustering,cluster_merging,80,73,unmatched_cluster,unmatched_cluster,2930
denoised_native_fdr,8.0,final_clustering,cluster_merging,81,75,unmatched_cluster,unmatched_cluster,126
denoised_native_fdr,8.0,final_clustering,cluster_merging,82,76,unmatched_cluster,unmatched_cluster,1739
denoised_native_fdr,8.0,final_clustering,cluster_merging,83,77,unmatched_cluster,unmatched_cluster,365
denoised_native_fdr,8.0,final_clustering,cluster_merging,84,78,unmatched_cluster,unmatched_cluster,88
denoised_native_fdr,8.0,final_clustering,cluster_merging,85,79,unmatched_cluster,unmatched_cluster,4
denoised_native_fdr,8.0,final_clustering,cluster_merging,86,80,unmatched_cluster,unmatched_cluster,16
denoised_native_fdr,8.0,final_clustering,cluster_merging,87,81,unmatched_cluster,unmatched_cluster,7
denoised_native_fdr,8.0,final_clustering,cluster_merging,88,82,unmatched_cluster,unmatched_cluster,299
denoised_native_fdr,8.0,final_clustering,cluster_merging,89,83,unmatched_cluster,unmatched_cluster,539
denoised_native_fdr,8.0,final_clustering,cluster_merging,90,87,unmatched_cluster,unmatched_cluster,1516
denoised_native_fdr,8.0,final_clustering,cluster_merging,91,84,unmatched_cluster,unmatched_cluster,87
denoised_native_fdr,8.0,final_clustering,cluster_merging,92,85,unmatched_cluster,unmatched_cluster,391
denoised_native_fdr,8.0,final_clustering,cluster_merging,93,86,unmatched_cluster,unmatched_cluster,394
denoised_native_fdr,8.0,final_clustering,cluster_merging,94,87,unmatched_cluster,unmatched_cluster,6598
denoised_native_fdr,8.0,final_clustering,cluster_merging,95,88,unmatched_cluster,unmatched_cluster,3866
denoised_native_fdr,8.0,final_clustering,cluster_merging,96,89,unmatched_cluster,unmatched_cluster,8493
denoised_native_fdr,8.0,final_clustering,cluster_merging,97,90,unmatched_cluster,unmatched_cluster,1993
denoised_native_fdr,8.0,final_clustering,cluster_merging,98,91,unmatched_cluster,unmatched_cluster,761
denoised_native_fdr,8.0,final_clustering,cluster_merging,99,92,unmatched_cluster,unmatched_cluster,30
denoised_native_fdr,8.0,final_clustering,cluster_merging,100,97,unmatched_cluster,unmatched_cluster,6987
denoised_native_fdr,8.0,final_clustering,cluster_merging,101,93,unmatched_cluster,unmatched_cluster,158
denoised_native_fdr,8.0,final_clustering,cluster_merging,102,98,unmatched_cluster,unmatched_cluster,191
denoised_native_fdr,8.0,final_clustering,cluster_merging,103,90,unmatched_cluster,unmatched_cluster,742
denoised_native_fdr,8.0,final_clustering,cluster_merging,104,90,unmatched_cluster,unmatched_cluster,979
denoised_native_fdr,8.0,final_clustering,cluster_merging,105,94,unmatched_cluster,unmatched_cluster,29948
denoised_native_fdr,8.0,final_clustering,cluster_merging,106,95,unmatched_cluster,unmatched_cluster,3889
denoised_native_fdr,8.0,final_clustering,cluster_merging,107,95,unmatched_cluster,unmatched_cluster,3892
denoised_native_fdr,8.0,final_clustering,cluster_merging,108,96,unmatched_cluster,unmatched_cluster,341
denoised_native_fdr,8.0,final_clustering,cluster_merging,109,97,unmatched_cluster,unmatched_cluster,13046
denoised_native_fdr,8.0,final_clustering,cluster_merging,110,98,unmatched_cluster,unmatched_cluster,26149
denoised_native_fdr,8.0,final_clustering,cluster_merging,111,108,unmatched_cluster,unmatched_cluster,1534
denoised_native_fdr,8.0,final_clustering,cluster_merging,112,90,unmatched_cluster,unmatched_cluster,431
denoised_native_fdr,8.0,final_clustering,cluster_merging,113,99,unmatched_cluster,unmatched_cluster,4962
denoised_native_fdr,8.0,final_clustering,cluster_merging,114,100,unmatched_cluster,unmatched_cluster,159
denoised_native_fdr,8.0,final_clustering,cluster_merging,115,108,unmatched_cluster,unmatched_cluster,231
denoised_native_fdr,8.0,final_clustering,cluster_merging,116,108,unmatched_cluster,unmatched_cluster,154
denoised_native_fdr,8.0,final_clustering,cluster_merging,117,101,unmatched_cluster,unmatched_cluster,8197
denoised_native_fdr,8.0,final_clustering,cluster_merging,118,102,unmatched_cluster,unmatched_cluster,1712
denoised_native_fdr,8.0,final_clustering,cluster_merging,119,103,unmatched_cluster,unmatched_cluster,452
denoised_native_fdr,8.0,final_clustering,cluster_merging,120,104,unmatched_cluster,unmatched_cluster,1888
denoised_native_fdr,8.0,final_clustering,cluster_merging,121,105,unmatched_cluster,unmatched_cluster,1135
denoised_native_fdr,8.0,final_clustering,cluster_merging,122,95,unmatched_cluster,unmatched_cluster,575
denoised_native_fdr,8.0,final_clustering,cluster_merging,123,107,unmatched_cluster,unmatched_cluster,849
denoised_native_fdr,8.0,final_clustering,cluster_merging,124,107,unmatched_cluster,unmatched_cluster,1649
denoised_native_fdr,8.0,final_clustering,cluster_merging,125,106,unmatched_cluster,unmatched_cluster,5565
denoised_native_fdr,8.0,final_clustering,cluster_merging,126,107,unmatched_cluster,unmatched_cluster,3878
denoised_native_fdr,8.0,final_clustering,cluster_merging,127,107,unmatched_cluster,unmatched_cluster,4627
denoised_native_fdr,8.0,final_clustering,cluster_merging,128,108,unmatched_cluster,unmatched_cluster,13316
denoised_native_fdr,8.0,final_clustering,cluster_merging,129,121,unmatched_cluster,unmatched_cluster,394
denoised_native_fdr,8.0,final_clustering,cluster_merging,130,109,unmatched_cluster,unmatched_cluster,1533
denoised_native_fdr,8.0,final_clustering,cluster_merging,131,117,unmatched_cluster,unmatched_cluster,241
denoised_native_fdr,8.0,final_clustering,cluster_merging,132,110,unmatched_cluster,unmatched_cluster,542
denoised_native_fdr,8.0,final_clustering,cluster_merging,133,111,unmatched_cluster,unmatched_cluster,13642
denoised_native_fdr,8.0,final_clustering,cluster_merging,134,121,unmatched_cluster,unmatched_cluster,510
denoised_native_fdr,8.0,final_clustering,cluster_merging,135,112,unmatched_cluster,unmatched_cluster,17630
denoised_native_fdr,8.0,final_clustering,cluster_merging,136,121,unmatched_cluster,unmatched_cluster,434
denoised_native_fdr,8.0,final_clustering,cluster_merging,137,113,unmatched_cluster,unmatched_cluster,3412
denoised_native_fdr,8.0,final_clustering,cluster_merging,138,114,unmatched_cluster,unmatched_cluster,13137
denoised_native_fdr,8.0,final_clustering,cluster_merging,139,115,unmatched_cluster,unmatched_cluster,195
denoised_native_fdr,8.0,final_clustering,cluster_merging,140,116,unmatched_cluster,unmatched_cluster,212
denoised_native_fdr,8.0,final_clustering,cluster_merging,141,117,unmatched_cluster,unmatched_cluster,14562
denoised_native_fdr,8.0,final_clustering,cluster_merging,142,118,unmatched_cluster,unmatched_cluster,1624
denoised_native_fdr,8.0,final_clustering,cluster_merging,143,119,unmatched_cluster,unmatched_cluster,725
denoised_native_fdr,8.0,final_clustering,cluster_merging,144,120,unmatched_cluster,unmatched_cluster,11835
denoised_native_fdr,8.0,final_clustering,cluster_merging,145,121,unmatched_cluster,unmatched_cluster,28175
denoised_native_fdr,8.0,final_clustering,cluster_merging,146,122,unmatched_cluster,unmatched_cluster,3246
denoised_native_fdr,8.0,final_clustering,cluster_merging,147,123,unmatched_cluster,unmatched_cluster,1944
denoised_native_fdr,8.0,final_clustering,cluster_merging,148,124,unmatched_cluster,unmatched_cluster,3166
denoised_native_fdr,8.0,final_clustering,cluster_merging,149,125,unmatched_cluster,unmatched_cluster,13501
denoised_native_fdr,8.0,final_clustering,cluster_merging,150,130,unmatched_cluster,unmatched_cluster,2553
denoised_native_fdr,8.0,final_clustering,cluster_merging,151,126,unmatched_cluster,unmatched_cluster,1536
denoised_native_fdr,8.0,final_clustering,cluster_merging,152,127,unmatched_cluster,unmatched_cluster,125
denoised_native_fdr,8.0,final_clustering,cluster_merging,153,128,unmatched_cluster,unmatched_cluster,572
denoised_native_fdr,8.0,final_clustering,cluster_merging,154,129,unmatched_cluster,unmatched_cluster,1963
denoised_native_fdr,8.0,final_clustering,cluster_merging,155,130,unmatched_cluster,unmatched_cluster,5153
denoised_native_fdr,8.0,final_clustering,cluster_merging,156,131,unmatched_cluster,unmatched_cluster,1280
denoised_native_fdr,8.0,final_clustering,cluster_merging,157,134,unmatched_cluster,unmatched_cluster,142
denoised_native_fdr,8.0,final_clustering,cluster_merging,158,136,unmatched_cluster,unmatched_cluster,209
denoised_native_fdr,8.0,final_clustering,cluster_merging,159,132,unmatched_cluster,unmatched_cluster,3004
denoised_native_fdr,8.0,final_clustering,cluster_merging,160,133,unmatched_cluster,unmatched_cluster,3978
denoised_native_fdr,8.0,final_clustering,cluster_merging,161,134,unmatched_cluster,unmatched_cluster,218
denoised_native_fdr,8.0,final_clustering,cluster_merging,162,142,unmatched_cluster,unmatched_cluster,145
denoised_native_fdr,8.0,final_clustering,cluster_merging,163,134,unmatched_cluster,unmatched_cluster,8284
denoised_native_fdr,8.0,final_clustering,cluster_merging,164,135,unmatched_cluster,unmatched_cluster,24668
denoised_native_fdr,8.0,final_clustering,cluster_merging,165,136,unmatched_cluster,unmatched_cluster,29444
denoised_native_fdr,8.0,final_clustering,cluster_merging,166,137,unmatched_cluster,unmatched_cluster,2186
denoised_native_fdr,8.0,final_clustering,cluster_merging,167,138,unmatched_cluster,unmatched_cluster,190
denoised_native_fdr,8.0,final_clustering,cluster_merging,168,134,unmatched_cluster,unmatched_cluster,4127
denoised_native_fdr,8.0,final_clustering,cluster_merging,169,143,unmatched_cluster,unmatched_cluster,329
denoised_native_fdr,8.0,final_clustering,cluster_merging,170,148,unmatched_cluster,unmatched_cluster,1944
denoised_native_fdr,8.0,final_clustering,cluster_merging,171,139,unmatched_cluster,unmatched_cluster,275
denoised_native_fdr,8.0,final_clustering,cluster_merging,172,134,unmatched_cluster,unmatched_cluster,703
denoised_native_fdr,8.0,final_clustering,cluster_merging,173,140,unmatched_cluster,unmatched_cluster,2248
denoised_native_fdr,8.0,final_clustering,cluster_merging,174,141,unmatched_cluster,unmatched_cluster,677
denoised_native_fdr,8.0,final_clustering,cluster_merging,175,142,unmatched_cluster,unmatched_cluster,4819
denoised_native_fdr,8.0,final_clustering,cluster_merging,176,143,unmatched_cluster,unmatched_cluster,11021
denoised_native_fdr,8.0,final_clustering,cluster_merging,177,143,unmatched_cluster,unmatched_cluster,10899
denoised_native_fdr,8.0,final_clustering,cluster_merging,178,144,unmatched_cluster,unmatched_cluster,91
denoised_native_fdr,8.0,final_clustering,cluster_merging,179,144,unmatched_cluster,unmatched_cluster,23644
denoised_native_fdr,8.0,final_clustering,cluster_merging,180,145,unmatched_cluster,unmatched_cluster,2128
denoised_native_fdr,8.0,final_clustering,cluster_merging,181,146,unmatched_cluster,unmatched_cluster,1522
denoised_native_fdr,8.0,final_clustering,cluster_merging,182,147,unmatched_cluster,unmatched_cluster,2611
denoised_native_fdr,8.0,final_clustering,cluster_merging,183,147,unmatched_cluster,unmatched_cluster,8466
denoised_native_fdr,8.0,final_clustering,cluster_merging,184,148,unmatched_cluster,unmatched_cluster,10174
denoised_native_fdr,8.0,final_clustering,cluster_merging,185,149,unmatched_cluster,unmatched_cluster,4978
denoised_native_fdr,8.0,final_clustering,cluster_merging,186,150,unmatched_cluster,unmatched_cluster,6994
denoised_native_fdr,8.0,final_clustering,cluster_merging,187,151,unmatched_cluster,unmatched_cluster,1102
denoised_native_fdr,8.0,final_clustering,cluster_merging,188,152,unmatched_cluster,unmatched_cluster,165
denoised_native_fdr,8.0,final_clustering,cluster_merging,189,153,unmatched_cluster,unmatched_cluster,537
denoised_native_fdr,8.0,final_clustering,cluster_merging,190,154,unmatched_cluster,unmatched_cluster,2521
denoised_native_fdr,8.0,final_clustering,cluster_merging,191,162,unmatched_cluster,unmatched_cluster,2234
denoised_native_fdr,8.0,final_clustering,cluster_merging,192,155,unmatched_cluster,unmatched_cluster,604
denoised_native_fdr,8.0,final_clustering,cluster_merging,193,160,unmatched_cluster,unmatched_cluster,1876
denoised_native_fdr,8.0,final_clustering,cluster_merging,194,156,unmatched_cluster,unmatched_cluster,496
denoised_native_fdr,8.0,final_clustering,cluster_merging,195,157,unmatched_cluster,unmatched_cluster,369
denoised_native_fdr,8.0,final_clustering,cluster_merging,196,158,unmatched_cluster,unmatched_cluster,512
denoised_native_fdr,8.0,final_clustering,cluster_merging,197,159,unmatched_cluster,unmatched_cluster,166
denoised_native_fdr,8.0,final_clustering,cluster_merging,198,160,unmatched_cluster,unmatched_cluster,2103
denoised_native_fdr,8.0,final_clustering,cluster_merging,199,161,unmatched_cluster,unmatched_cluster,2224
denoised_native_fdr,8.0,final_clustering,cluster_merging,200,162,unmatched_cluster,unmatched_cluster,6668
denoised_native_fdr,8.0,final_clustering,cluster_merging,201,163,unmatched_cluster,unmatched_cluster,818
denoised_native_fdr,8.0,final_clustering,cluster_merging,202,168,unmatched_cluster,unmatched_cluster,824
denoised_native_fdr,8.0,final_clustering,cluster_merging,203,164,unmatched_cluster,unmatched_cluster,155
denoised_native_fdr,8.0,final_clustering,cluster_merging,204,165,unmatched_cluster,unmatched_cluster,469
denoised_native_fdr,8.0,final_clustering,cluster_merging,205,166,unmatched_cluster,unmatched_cluster,447
denoised_native_fdr,8.0,final_clustering,cluster_merging,206,167,unmatched_cluster,unmatched_cluster,36
denoised_native_fdr,8.0,final_clustering,cluster_merging,207,168,unmatched_cluster,unmatched_cluster,2084
denoised_native_fdr,8.0,final_clustering,cluster_merging,208,169,unmatched_cluster,unmatched_cluster,1129
denoised_native_fdr,8.0,final_clustering,cluster_merging,209,170,unmatched_cluster,unmatched_cluster,64
denoised_native_fdr,8.0,final_clustering,cluster_merging,210,171,unmatched_cluster,unmatched_cluster,1800
denoised_native_fdr,8.0,final_clustering,cluster_merging,211,172,unmatched_cluster,unmatched_cluster,26374
denoised_native_fdr,8.0,final_clustering,cluster_merging,212,173,unmatched_cluster,unmatched_cluster,756
denoised_native_fdr,8.0,final_clustering,cluster_merging,213,174,unmatched_cluster,unmatched_cluster,114
denoised_native_fdr,8.0,final_clustering,cluster_merging,214,175,unmatched_cluster,unmatched_cluster,1490
denoised_native_fdr,8.0,final_clustering,cluster_merging,215,176,unmatched_cluster,unmatched_cluster,4639
denoised_native_fdr,8.0,final_clustering,cluster_merging,216,177,unmatched_cluster,unmatched_cluster,1601
denoised_native_fdr,8.0,final_clustering,cluster_merging,217,178,unmatched_cluster,unmatched_cluster,1153
denoised_native_fdr,8.0,final_clustering,cluster_merging,218,179,unmatched_cluster,unmatched_cluster,7816
denoised_native_fdr,8.0,final_clustering,cluster_merging,219,180,unmatched_cluster,unmatched_cluster,236
denoised_native_fdr,8.0,final_clustering,cluster_merging,220,181,unmatched_cluster,unmatched_cluster,1581
denoised_native_fdr,8.0,final_clustering,cluster_merging,221,182,unmatched_cluster,unmatched_cluster,3402
denoised_native_fdr,8.0,final_clustering,cluster_merging,222,183,unmatched_cluster,unmatched_cluster,205
denoised_native_fdr,8.0,final_clustering,cluster_merging,223,184,unmatched_cluster,unmatched_cluster,4895
denoised_native_fdr,8.0,final_clustering,cluster_merging,224,185,unmatched_cluster,unmatched_cluster,1396
denoised_native_fdr,8.0,final_clustering,cluster_merging,225,186,unmatched_cluster,unmatched_cluster,485
denoised_native_fdr,8.0,final_clustering,cluster_merging,226,187,unmatched_cluster,unmatched_cluster,11203
denoised_native_fdr,8.0,final_clustering,cluster_merging,227,188,unmatched_cluster,unmatched_cluster,238
denoised_native_fdr,8.0,final_clustering,cluster_merging,228,187,unmatched_cluster,unmatched_cluster,157
denoised_native_fdr,8.0,final_clustering,cluster_merging,229,185,unmatched_cluster,unmatched_cluster,561
denoised_native_fdr,8.0,final_clustering,cluster_merging,230,189,unmatched_cluster,unmatched_cluster,431
denoised_native_fdr,8.0,final_clustering,cluster_merging,231,190,unmatched_cluster,unmatched_cluster,5953
denoised_native_fdr,8.0,final_clustering,cluster_merging,232,196,unmatched_cluster,unmatched_cluster,2915
denoised_native_fdr,8.0,final_clustering,cluster_merging,233,191,unmatched_cluster,unmatched_cluster,11294
denoised_native_fdr,8.0,final_clustering,cluster_merging,234,192,unmatched_cluster,unmatched_cluster,6431
denoised_native_fdr,8.0,final_clustering,cluster_merging,235,193,unmatched_cluster,unmatched_cluster,425
denoised_native_fdr,8.0,final_clustering,cluster_merging,236,194,unmatched_cluster,unmatched_cluster,356
denoised_native_fdr,8.0,final_clustering,cluster_merging,237,195,unmatched_cluster,unmatched_cluster,920
denoised_native_fdr,8.0,final_clustering,cluster_merging,238,196,unmatched_cluster,unmatched_cluster,3214
denoised_native_fdr,8.0,final_clustering,cluster_merging,239,197,unmatched_cluster,unmatched_cluster,8174
denoised_native_fdr,8.0,final_clustering,cluster_merging,240,198,unmatched_cluster,unmatched_cluster,8754
denoised_native_fdr,8.0,final_clustering,cluster_merging,241,199,unmatched_cluster,unmatched_cluster,2713
denoised_native_fdr,8.0,final_clustering,cluster_merging,242,200,unmatched_cluster,unmatched_cluster,344
denoised_native_fdr,8.0,final_clustering,cluster_merging,243,201,unmatched_cluster,unmatched_cluster,1621
denoised_native_fdr,8.0,final_clustering,cluster_merging,244,202,unmatched_cluster,unmatched_cluster,2621
denoised_native_fdr,8.0,final_clustering,cluster_merging,245,203,unmatched_cluster,unmatched_cluster,173
denoised_native_fdr,8.0,final_clustering,cluster_merging,246,204,unmatched_cluster,unmatched_cluster,778
denoised_native_fdr,8.0,final_clustering,cluster_merging,247,200,unmatched_cluster,unmatched_cluster,300
denoised_native_fdr,8.0,final_clustering,cluster_merging,248,205,unmatched_cluster,unmatched_cluster,481
denoised_native_fdr,8.0,final_clustering,cluster_merging,249,206,unmatched_cluster,unmatched_cluster,4503
denoised_native_fdr,8.0,final_clustering,cluster_merging,250,207,unmatched_cluster,unmatched_cluster,263
denoised_native_fdr,8.0,final_clustering,cluster_merging,251,208,unmatched_cluster,unmatched_cluster,1396
denoised_native_fdr,8.0,final_clustering,cluster_merging,252,209,unmatched_cluster,unmatched_cluster,568
denoised_native_fdr,8.0,final_clustering,cluster_merging,253,210,unmatched_cluster,unmatched_cluster,1445
denoised_native_fdr,8.0,final_clustering,cluster_merging,254,211,unmatched_cluster,unmatched_cluster,3754
denoised_native_fdr,8.0,final_clustering,cluster_merging,255,212,unmatched_cluster,unmatched_cluster,5253
denoised_native_fdr,8.0,final_clustering,cluster_merging,256,213,unmatched_cluster,unmatched_cluster,11278
denoised_native_fdr,8.0,final_clustering,cluster_merging,257,214,unmatched_cluster,unmatched_cluster,9140
denoised_native_fdr,8.0,final_clustering,cluster_merging,258,215,unmatched_cluster,unmatched_cluster,9288
denoised_native_fdr,8.0,final_clustering,cluster_merging,259,229,unmatched_cluster,unmatched_cluster,797
denoised_native_fdr,8.0,final_clustering,cluster_merging,260,216,unmatched_cluster,unmatched_cluster,342
denoised_native_fdr,8.0,final_clustering,cluster_merging,261,217,unmatched_cluster,unmatched_cluster,660
denoised_native_fdr,8.0,final_clustering,cluster_merging,262,214,unmatched_cluster,unmatched_cluster,35
denoised_native_fdr,8.0,final_clustering,cluster_merging,263,218,unmatched_cluster,unmatched_cluster,374
denoised_native_fdr,8.0,final_clustering,cluster_merging,264,219,unmatched_cluster,unmatched_cluster,823
denoised_native_fdr,8.0,final_clustering,cluster_merging,265,222,unmatched_cluster,unmatched_cluster,1123
denoised_native_fdr,8.0,final_clustering,cluster_merging,266,220,unmatched_cluster,unmatched_cluster,222
denoised_native_fdr,8.0,final_clustering,cluster_merging,267,221,unmatched_cluster,unmatched_cluster,315
denoised_native_fdr,8.0,final_clustering,cluster_merging,268,222,unmatched_cluster,unmatched_cluster,1530
denoised_native_fdr,8.0,final_clustering,cluster_merging,269,223,unmatched_cluster,unmatched_cluster,252
denoised_native_fdr,8.0,final_clustering,cluster_merging,270,223,unmatched_cluster,unmatched_cluster,947
denoised_native_fdr,8.0,final_clustering,cluster_merging,271,224,unmatched_cluster,unmatched_cluster,490
denoised_native_fdr,8.0,final_clustering,cluster_merging,272,213,unmatched_cluster,unmatched_cluster,198
denoised_native_fdr,8.0,final_clustering,cluster_merging,273,225,unmatched_cluster,unmatched_cluster,3134
denoised_native_fdr,8.0,final_clustering,cluster_merging,274,226,unmatched_cluster,unmatched_cluster,674
denoised_native_fdr,8.0,final_clustering,cluster_merging,275,227,unmatched_cluster,unmatched_cluster,2321
denoised_native_fdr,8.0,final_clustering,cluster_merging,276,228,unmatched_cluster,unmatched_cluster,2008
denoised_native_fdr,8.0,final_clustering,cluster_merging,277,229,unmatched_cluster,unmatched_cluster,5508
denoised_native_fdr,8.0,final_clustering,cluster_merging,278,232,unmatched_cluster,unmatched_cluster,363
denoised_native_fdr,8.0,final_clustering,cluster_merging,279,232,unmatched_cluster,unmatched_cluster,120
denoised_native_fdr,8.0,final_clustering,cluster_merging,280,230,unmatched_cluster,unmatched_cluster,644
denoised_native_fdr,8.0,final_clustering,cluster_merging,281,231,unmatched_cluster,unmatched_cluster,564
denoised_native_fdr,8.0,final_clustering,cluster_merging,282,232,unmatched_cluster,unmatched_cluster,2116
denoised_native_fdr,8.0,final_clustering,cluster_merging,283,233,unmatched_cluster,unmatched_cluster,675
denoised_native_fdr,8.0,final_clustering,cluster_merging,284,234,unmatched_cluster,unmatched_cluster,504
denoised_native_fdr,8.0,final_clustering,cluster_merging,285,235,unmatched_cluster,unmatched_cluster,2238
denoised_native_fdr,8.0,final_clustering,cluster_merging,286,236,unmatched_cluster,unmatched_cluster,683
denoised_native_fdr,8.0,final_clustering,cluster_merging,287,237,unmatched_cluster,unmatched_cluster,418
denoised_native_fdr,8.0,final_clustering,cluster_merging,288,232,unmatched_cluster,unmatched_cluster,591
denoised_native_fdr,8.0,final_clustering,cluster_merging,289,238,unmatched_cluster,unmatched_cluster,643
denoised_native_fdr,8.0,final_clustering,cluster_merging,290,239,unmatched_cluster,unmatched_cluster,6366
denoised_native_fdr,8.0,final_clustering,cluster_merging,291,240,unmatched_cluster,unmatched_cluster,301
denoised_native_fdr,8.0,final_clustering,cluster_merging,292,241,unmatched_cluster,unmatched_cluster,894
denoised_native_fdr,8.0,final_clustering,cluster_merging,293,242,unmatched_cluster,unmatched_cluster,11670
denoised_native_fdr,8.0,final_clustering,cluster_merging,294,243,unmatched_cluster,unmatched_cluster,4511
denoised_native_fdr,8.0,final_clustering,cluster_merging,295,244,unmatched_cluster,unmatched_cluster,966
denoised_native_fdr,8.0,final_clustering,cluster_merging,296,245,unmatched_cluster,unmatched_cluster,706
denoised_native_fdr,8.0,final_clustering,cluster_merging,297,246,unmatched_cluster,unmatched_cluster,236
denoised_native_fdr,8.0,final_clustering,cluster_merging,298,247,unmatched_cluster,unmatched_cluster,332
denoised_native_fdr,8.0,final_clustering,cluster_merging,299,248,unmatched_cluster,unmatched_cluster,74
denoised_native_fdr,8.0,final_clustering,cluster_merging,300,249,unmatched_cluster,unmatched_cluster,185
denoised_native_fdr,8.0,final_clustering,cluster_merging,301,250,unmatched_cluster,unmatched_cluster,105
denoised_native_fdr,8.0,final_clustering,cluster_merging,302,251,unmatched_cluster,unmatched_cluster,258
denoised_native_fdr,8.0,final_clustering,cluster_merging,303,252,unmatched_cluster,unmatched_cluster,168
denoised_native_fdr,8.0,final_clustering,cluster_merging,304,253,unmatched_cluster,unmatched_cluster,9056
denoised_native_fdr,8.0,final_clustering,cluster_merging,305,254,unmatched_cluster,unmatched_cluster,8793
denoised_native_fdr,8.0,final_clustering,cluster_merging,306,255,unmatched_cluster,unmatched_cluster,329
denoised_native_fdr,8.0,final_clustering,cluster_merging,307,256,unmatched_cluster,unmatched_cluster,1227
denoised_native_fdr,8.0,final_clustering,cluster_merging,308,257,unmatched_cluster,unmatched_cluster,207
denoised_native_fdr,8.0,final_clustering,cluster_merging,309,258,unmatched_cluster,unmatched_cluster,120
denoised_native_fdr,8.0,final_clustering,cluster_merging,310,259,unmatched_cluster,unmatched_cluster,236
denoised_native_fdr,8.0,final_clustering,cluster_merging,311,260,unmatched_cluster,unmatched_cluster,10107
denoised_native_fdr,8.0,final_clustering,cluster_merging,312,261,unmatched_cluster,unmatched_cluster,4493
denoised_native_fdr,8.0,final_clustering,cluster_merging,313,262,unmatched_cluster,unmatched_cluster,212
denoised_native_fdr,8.0,final_clustering,cluster_merging,314,263,unmatched_cluster,unmatched_cluster,433
denoised_native_fdr,8.0,final_clustering,cluster_merging,315,264,unmatched_cluster,unmatched_cluster,173
denoised_native_fdr,8.0,final_clustering,cluster_merging,316,265,unmatched_cluster,unmatched_cluster,10488
denoised_native_fdr,8.0,final_clustering,cluster_merging,317,266,unmatched_cluster,unmatched_cluster,126
denoised_native_fdr,8.0,final_clustering,cluster_merging,318,267,unmatched_cluster,unmatched_cluster,261
denoised_native_fdr,8.0,final_clustering,cluster_merging,319,268,unmatched_cluster,unmatched_cluster,17
denoised_native_fdr,8.0,final_clustering,cluster_merging,320,269,unmatched_cluster,unmatched_cluster,455
denoised_native_fdr,8.0,final_clustering,cluster_merging,321,270,unmatched_cluster,unmatched_cluster,916
denoised_native_fdr,8.0,final_clustering,cluster_merging,322,271,unmatched_cluster,unmatched_cluster,579
denoised_native_fdr,8.0,final_clustering,cluster_merging,323,272,unmatched_cluster,unmatched_cluster,125
denoised_native_fdr,8.0,final_clustering,cluster_merging,324,273,unmatched_cluster,unmatched_cluster,4362
denoised_native_fdr,8.0,final_clustering,cluster_merging,325,274,unmatched_cluster,unmatched_cluster,462
denoised_native_fdr,8.0,final_clustering,cluster_merging,326,275,unmatched_cluster,unmatched_cluster,245
denoised_native_fdr,8.0,final_clustering,cluster_merging,327,276,unmatched_cluster,unmatched_cluster,3664
denoised_native_fdr,8.0,final_clustering,cluster_merging,328,277,unmatched_cluster,unmatched_cluster,987
denoised_native_fdr,8.0,final_clustering,cluster_merging,329,277,unmatched_cluster,unmatched_cluster,4588
denoised_native_fdr,8.0,final_clustering,cluster_merging,330,278,unmatched_cluster,unmatched_cluster,1028
denoised_native_fdr,8.0,final_clustering,cluster_merging,331,279,unmatched_cluster,unmatched_cluster,4819
denoised_native_fdr,8.0,final_clustering,cluster_merging,332,280,unmatched_cluster,unmatched_cluster,259
denoised_native_fdr,8.0,final_clustering,cluster_merging,333,281,unmatched_cluster,unmatched_cluster,152
denoised_native_fdr,8.0,final_clustering,cluster_merging,334,282,unmatched_cluster,unmatched_cluster,20
denoised_native_fdr,8.0,final_clustering,cluster_merging,335,283,unmatched_cluster,unmatched_cluster,68
denoised_native_fdr,8.0,final_clustering,cluster_merging,336,283,unmatched_cluster,unmatched_cluster,107
denoised_native_fdr,8.0,final_clustering,cluster_merging,337,284,unmatched_cluster,unmatched_cluster,20
denoised_native_fdr,8.0,final_clustering,cluster_merging,338,285,unmatched_cluster,unmatched_cluster,1
denoised_native_fdr,8.0,final_clustering,cluster_merging,339,286,unmatched_cluster,unmatched_cluster,978
denoised_native_fdr,8.0,final_clustering,cluster_merging,340,287,unmatched_cluster,unmatched_cluster,934
denoised_native_fdr,8.0,final_clustering,cluster_merging,341,288,unmatched_cluster,unmatched_cluster,8
denoised_native_fdr,8.0,final_clustering,cluster_merging,342,289,unmatched_cluster,unmatched_cluster,4
denoised_native_fdr,8.0,final_clustering,cluster_merging,343,290,unmatched_cluster,unmatched_cluster,845
denoised_native_fdr,8.0,final_clustering,cluster_merging,344,291,unmatched_cluster,unmatched_cluster,3
denoised_native_fdr,8.0,final_clustering,cluster_merging,345,292,unmatched_cluster,unmatched_cluster,8
denoised_native_fdr,8.0,final_clustering,cluster_merging,346,293,unmatched_cluster,unmatched_cluster,13
denoised_native_fdr,8.0,final_clustering,cluster_merging,347,294,unmatched_cluster,unmatched_cluster,7
denoised_native_fdr,8.0,final_clustering,cluster_merging,348,295,unmatched_cluster,unmatched_cluster,2
denoised_native_fdr,8.0,final_clustering,cluster_merging,349,296,unmatched_cluster,unmatched_cluster,2
denoised_native_fdr,8.0,cluster_merging,duplicate_removal,0,0,unmatched_cluster,unmatched_cluster,1169
denoised_native_fdr,8.0,cluster_merging,duplicate_removal,1,1,unmatched_cluster,unmatched_cluster,2830
denoised_native_fdr,8.0,cluster_merging,duplicate_removal,2,2,unmatched_cluster,unmatched_cluster,3256
denoised_native_fdr,8.0,cluster_merging,duplicate_removal,3,3,unmatched_cluster,unmatched_cluster,1395
denoised_native_fdr,8.0,cluster_merging,duplicate_removal,4,4,unmatched_cluster,unmatched_cluster,6571
denoised_native_fdr,8.0,cluster_merging,duplicate_removal,5,5,unmatched_cluster,unmatched_cluster,3179
denoised_native_fdr,8.0,cluster_merging,duplicate_removal,6,6,unmatched_cluster,unmatched_cluster,5032
denoised_native_fdr,8.0,cluster_merging,duplicate_removal,7,7,unmatched_cluster,unmatched_cluster,5208
denoised_native_fdr,8.0,cluster_merging,duplicate_removal,8,8,unmatched_cluster,unmatched_cluster,124
denoised_native_fdr,8.0,cluster_merging,duplicate_removal,9,9,unmatched_cluster,unmatched_cluster,341
denoised_native_fdr,8.0,cluster_merging,duplicate_removal,10,10,unmatched_cluster,unmatched_cluster,3824
denoised_native_fdr,8.0,cluster_merging,duplicate_removal,11,11,unmatched_cluster,unmatched_cluster,291
denoised_native_fdr,8.0,cluster_merging,duplicate_removal,12,-1,unmatched_cluster,removed_by_dedup,1
denoised_native_fdr,8.0,cluster_merging,duplicate_removal,12,12,unmatched_cluster,unmatched_cluster,10563
denoised_native_fdr,8.0,cluster_merging,duplicate_removal,13,13,unmatched_cluster,unmatched_cluster,2342
denoised_native_fdr,8.0,cluster_merging,duplicate_removal,14,14,unmatched_cluster,unmatched_cluster,156
denoised_native_fdr,8.0,cluster_merging,duplicate_removal,15,15,unmatched_cluster,unmatched_cluster,782
denoised_native_fdr,8.0,cluster_merging,duplicate_removal,16,16,unmatched_cluster,unmatched_cluster,3566
denoised_native_fdr,8.0,cluster_merging,duplicate_removal,17,-1,unmatched_cluster,removed_by_dedup,2
denoised_native_fdr,8.0,cluster_merging,duplicate_removal,17,17,unmatched_cluster,unmatched_cluster,18273
denoised_native_fdr,8.0,cluster_merging,duplicate_removal,18,18,unmatched_cluster,unmatched_cluster,3265
denoised_native_fdr,8.0,cluster_merging,duplicate_removal,19,19,unmatched_cluster,unmatched_cluster,4869
denoised_native_fdr,8.0,cluster_merging,duplicate_removal,20,20,unmatched_cluster,unmatched_cluster,4852
denoised_native_fdr,8.0,cluster_merging,duplicate_removal,21,21,unmatched_cluster,unmatched_cluster,2769
denoised_native_fdr,8.0,cluster_merging,duplicate_removal,22,22,unmatched_cluster,unmatched_cluster,209
denoised_native_fdr,8.0,cluster_merging,duplicate_removal,23,23,unmatched_cluster,unmatched_cluster,2131
denoised_native_fdr,8.0,cluster_merging,duplicate_removal,24,-1,unmatched_cluster,removed_by_dedup,2
denoised_native_fdr,8.0,cluster_merging,duplicate_removal,24,24,unmatched_cluster,unmatched_cluster,11672
denoised_native_fdr,8.0,cluster_merging,duplicate_removal,25,25,unmatched_cluster,unmatched_cluster,2509
denoised_native_fdr,8.0,cluster_merging,duplicate_removal,26,26,unmatched_cluster,unmatched_cluster,563
denoised_native_fdr,8.0,cluster_merging,duplicate_removal,27,27,unmatched_cluster,unmatched_cluster,1450
denoised_native_fdr,8.0,cluster_merging,duplicate_removal,28,28,unmatched_cluster,unmatched_cluster,1946
denoised_native_fdr,8.0,cluster_merging,duplicate_removal,29,29,unmatched_cluster,unmatched_cluster,721
denoised_native_fdr,8.0,cluster_merging,duplicate_removal,30,30,unmatched_cluster,unmatched_cluster,128
denoised_native_fdr,8.0,cluster_merging,duplicate_removal,31,31,unmatched_cluster,unmatched_cluster,3441
denoised_native_fdr,8.0,cluster_merging,duplicate_removal,32,32,unmatched_cluster,unmatched_cluster,1467
denoised_native_fdr,8.0,cluster_merging,duplicate_removal,33,33,unmatched_cluster,unmatched_cluster,7199
denoised_native_fdr,8.0,cluster_merging,duplicate_removal,34,34,unmatched_cluster,unmatched_cluster,986
denoised_native_fdr,8.0,cluster_merging,duplicate_removal,35,-1,unmatched_cluster,removed_by_dedup,1
denoised_native_fdr,8.0,cluster_merging,duplicate_removal,35,35,unmatched_cluster,unmatched_cluster,4219
denoised_native_fdr,8.0,cluster_merging,duplicate_removal,36,-1,unmatched_cluster,removed_by_dedup,3
denoised_native_fdr,8.0,cluster_merging,duplicate_removal,36,36,unmatched_cluster,unmatched_cluster,12357
denoised_native_fdr,8.0,cluster_merging,duplicate_removal,37,37,unmatched_cluster,unmatched_cluster,549
denoised_native_fdr,8.0,cluster_merging,duplicate_removal,38,38,unmatched_cluster,unmatched_cluster,1092
denoised_native_fdr,8.0,cluster_merging,duplicate_removal,39,39,unmatched_cluster,unmatched_cluster,7958
denoised_native_fdr,8.0,cluster_merging,duplicate_removal,40,40,unmatched_cluster,unmatched_cluster,361
denoised_native_fdr,8.0,cluster_merging,duplicate_removal,41,-1,unmatched_cluster,removed_by_dedup,1
denoised_native_fdr,8.0,cluster_merging,duplicate_removal,41,41,unmatched_cluster,unmatched_cluster,519
denoised_native_fdr,8.0,cluster_merging,duplicate_removal,42,42,unmatched_cluster,unmatched_cluster,6260
denoised_native_fdr,8.0,cluster_merging,duplicate_removal,43,43,unmatched_cluster,unmatched_cluster,4098
denoised_native_fdr,8.0,cluster_merging,duplicate_removal,44,-1,unmatched_cluster,removed_by_dedup,2
denoised_native_fdr,8.0,cluster_merging,duplicate_removal,44,44,unmatched_cluster,unmatched_cluster,11265
denoised_native_fdr,8.0,cluster_merging,duplicate_removal,45,45,unmatched_cluster,unmatched_cluster,1476
denoised_native_fdr,8.0,cluster_merging,duplicate_removal,46,46,unmatched_cluster,unmatched_cluster,2062
denoised_native_fdr,8.0,cluster_merging,duplicate_removal,47,47,unmatched_cluster,unmatched_cluster,361
denoised_native_fdr,8.0,cluster_merging,duplicate_removal,48,48,unmatched_cluster,unmatched_cluster,109
denoised_native_fdr,8.0,cluster_merging,duplicate_removal,49,49,unmatched_cluster,unmatched_cluster,1098
denoised_native_fdr,8.0,cluster_merging,duplicate_removal,50,50,unmatched_cluster,unmatched_cluster,1495
denoised_native_fdr,8.0,cluster_merging,duplicate_removal,51,51,unmatched_cluster,unmatched_cluster,387
denoised_native_fdr,8.0,cluster_merging,duplicate_removal,52,52,unmatched_cluster,unmatched_cluster,934
denoised_native_fdr,8.0,cluster_merging,duplicate_removal,53,53,unmatched_cluster,unmatched_cluster,3085
denoised_native_fdr,8.0,cluster_merging,duplicate_removal,54,-1,unmatched_cluster,removed_by_dedup,2
denoised_native_fdr,8.0,cluster_merging,duplicate_removal,54,54,unmatched_cluster,unmatched_cluster,6243
denoised_native_fdr,8.0,cluster_merging,duplicate_removal,55,55,unmatched_cluster,unmatched_cluster,195
denoised_native_fdr,8.0,cluster_merging,duplicate_removal,56,56,unmatched_cluster,unmatched_cluster,263
denoised_native_fdr,8.0,cluster_merging,duplicate_removal,57,-1,unmatched_cluster,removed_by_dedup,6
denoised_native_fdr,8.0,cluster_merging,duplicate_removal,57,57,unmatched_cluster,unmatched_cluster,174
denoised_native_fdr,8.0,cluster_merging,duplicate_removal,58,58,unmatched_cluster,unmatched_cluster,3
denoised_native_fdr,8.0,cluster_merging,duplicate_removal,59,59,unmatched_cluster,unmatched_cluster,1
denoised_native_fdr,8.0,cluster_merging,duplicate_removal,60,-1,tp,removed_by_dedup,3
denoised_native_fdr,8.0,cluster_merging,duplicate_removal,60,60,fp_matched_cluster,fp_matched_cluster,2
denoised_native_fdr,8.0,cluster_merging,duplicate_removal,60,60,fp_matched_cluster,tp,3
denoised_native_fdr,8.0,cluster_merging,duplicate_removal,60,60,tp,tp,17190
denoised_native_fdr,8.0,cluster_merging,duplicate_removal,61,61,unmatched_cluster,unmatched_cluster,171
denoised_native_fdr,8.0,cluster_merging,duplicate_removal,62,62,unmatched_cluster,unmatched_cluster,3254
denoised_native_fdr,8.0,cluster_merging,duplicate_removal,63,63,unmatched_cluster,unmatched_cluster,2891
denoised_native_fdr,8.0,cluster_merging,duplicate_removal,64,64,unmatched_cluster,unmatched_cluster,320
denoised_native_fdr,8.0,cluster_merging,duplicate_removal,65,65,unmatched_cluster,unmatched_cluster,90
denoised_native_fdr,8.0,cluster_merging,duplicate_removal,66,66,fp_matched_cluster,fp_matched_cluster,2
denoised_native_fdr,8.0,cluster_merging,duplicate_removal,66,66,tp,tp,17889
denoised_native_fdr,8.0,cluster_merging,duplicate_removal,67,67,unmatched_cluster,unmatched_cluster,12483
denoised_native_fdr,8.0,cluster_merging,duplicate_removal,68,68,unmatched_cluster,unmatched_cluster,2476
denoised_native_fdr,8.0,cluster_merging,duplicate_removal,69,-1,unmatched_cluster,removed_by_dedup,1
denoised_native_fdr,8.0,cluster_merging,duplicate_removal,69,69,unmatched_cluster,unmatched_cluster,1108
denoised_native_fdr,8.0,cluster_merging,duplicate_removal,70,70,unmatched_cluster,unmatched_cluster,231
denoised_native_fdr,8.0,cluster_merging,duplicate_removal,71,71,unmatched_cluster,unmatched_cluster,987
denoised_native_fdr,8.0,cluster_merging,duplicate_removal,72,72,unmatched_cluster,unmatched_cluster,256
denoised_native_fdr,8.0,cluster_merging,duplicate_removal,73,73,unmatched_cluster,unmatched_cluster,6245
denoised_native_fdr,8.0,cluster_merging,duplicate_removal,74,74,unmatched_cluster,unmatched_cluster,123
denoised_native_fdr,8.0,cluster_merging,duplicate_removal,75,75,unmatched_cluster,unmatched_cluster,126
denoised_native_fdr,8.0,cluster_merging,duplicate_removal,76,76,unmatched_cluster,unmatched_cluster,1739
denoised_native_fdr,8.0,cluster_merging,duplicate_removal,77,77,unmatched_cluster,unmatched_cluster,365
denoised_native_fdr,8.0,cluster_merging,duplicate_removal,78,78,unmatched_cluster,unmatched_cluster,88
denoised_native_fdr,8.0,cluster_merging,duplicate_removal,79,79,unmatched_cluster,unmatched_cluster,4
denoised_native_fdr,8.0,cluster_merging,duplicate_removal,80,80,unmatched_cluster,unmatched_cluster,16
denoised_native_fdr,8.0,cluster_merging,duplicate_removal,81,81,unmatched_cluster,unmatched_cluster,7
denoised_native_fdr,8.0,cluster_merging,duplicate_removal,82,82,unmatched_cluster,unmatched_cluster,299
denoised_native_fdr,8.0,cluster_merging,duplicate_removal,83,83,unmatched_cluster,unmatched_cluster,539
denoised_native_fdr,8.0,cluster_merging,duplicate_removal,84,84,unmatched_cluster,unmatched_cluster,87
denoised_native_fdr,8.0,cluster_merging,duplicate_removal,85,85,unmatched_cluster,unmatched_cluster,391
denoised_native_fdr,8.0,cluster_merging,duplicate_removal,86,86,unmatched_cluster,unmatched_cluster,394
denoised_native_fdr,8.0,cluster_merging,duplicate_removal,87,-1,unmatched_cluster,removed_by_dedup,1
denoised_native_fdr,8.0,cluster_merging,duplicate_removal,87,87,unmatched_cluster,unmatched_cluster,8113
denoised_native_fdr,8.0,cluster_merging,duplicate_removal,88,-1,unmatched_cluster,removed_by_dedup,1
denoised_native_fdr,8.0,cluster_merging,duplicate_removal,88,88,unmatched_cluster,unmatched_cluster,3865
denoised_native_fdr,8.0,cluster_merging,duplicate_removal,89,89,unmatched_cluster,unmatched_cluster,8493
denoised_native_fdr,8.0,cluster_merging,duplicate_removal,90,-1,unmatched_cluster,removed_by_dedup,8
denoised_native_fdr,8.0,cluster_merging,duplicate_removal,90,90,unmatched_cluster,unmatched_cluster,4137
denoised_native_fdr,8.0,cluster_merging,duplicate_removal,91,91,unmatched_cluster,unmatched_cluster,761
denoised_native_fdr,8.0,cluster_merging,duplicate_removal,92,92,unmatched_cluster,unmatched_cluster,30
denoised_native_fdr,8.0,cluster_merging,duplicate_removal,93,93,unmatched_cluster,unmatched_cluster,158
denoised_native_fdr,8.0,cluster_merging,duplicate_removal,94,-1,unmatched_cluster,removed_by_dedup,4
denoised_native_fdr,8.0,cluster_merging,duplicate_removal,94,94,unmatched_cluster,unmatched_cluster,29944
denoised_native_fdr,8.0,cluster_merging,duplicate_removal,95,-1,unmatched_cluster,removed_by_dedup,1
denoised_native_fdr,8.0,cluster_merging,duplicate_removal,95,95,unmatched_cluster,unmatched_cluster,8355
denoised_native_fdr,8.0,cluster_merging,duplicate_removal,96,96,unmatched_cluster,unmatched_cluster,341
denoised_native_fdr,8.0,cluster_merging,duplicate_removal,97,-1,unmatched_cluster,removed_by_dedup,2
denoised_native_fdr,8.0,cluster_merging,duplicate_removal,97,97,unmatched_cluster,unmatched_cluster,20031
denoised_native_fdr,8.0,cluster_merging,duplicate_removal,98,-1,unmatched_cluster,removed_by_dedup,1
denoised_native_fdr,8.0,cluster_merging,duplicate_removal,98,98,unmatched_cluster,unmatched_cluster,26339
denoised_native_fdr,8.0,cluster_merging,duplicate_removal,99,99,unmatched_cluster,unmatched_cluster,4962
denoised_native_fdr,8.0,cluster_merging,duplicate_removal,100,100,unmatched_cluster,unmatched_cluster,159
denoised_native_fdr,8.0,cluster_merging,duplicate_removal,101,101,unmatched_cluster,unmatched_cluster,8197
denoised_native_fdr,8.0,cluster_merging,duplicate_removal,102,102,unmatched_cluster,unmatched_cluster,1712
denoised_native_fdr,8.0,cluster_merging,duplicate_removal,103,103,unmatched_cluster,unmatched_cluster,452
denoised_native_fdr,8.0,cluster_merging,duplicate_removal,104,104,unmatched_cluster,unmatched_cluster,1888
denoised_native_fdr,8.0,cluster_merging,duplicate_removal,105,105,unmatched_cluster,unmatched_cluster,1135
denoised_native_fdr,8.0,cluster_merging,duplicate_removal,106,106,unmatched_cluster,unmatched_cluster,5565
denoised_native_fdr,8.0,cluster_merging,duplicate_removal,107,-1,unmatched_cluster,removed_by_dedup,3
denoised_native_fdr,8.0,cluster_merging,duplicate_removal,107,107,unmatched_cluster,unmatched_cluster,11000
denoised_native_fdr,8.0,cluster_merging,duplicate_removal,108,-1,unmatched_cluster,removed_by_dedup,6
denoised_native_fdr,8.0,cluster_merging,duplicate_removal,108,108,unmatched_cluster,unmatched_cluster,15229
denoised_native_fdr,8.0,cluster_merging,duplicate_removal,109,109,unmatched_cluster,unmatched_cluster,1533
denoised_native_fdr,8.0,cluster_merging,duplicate_removal,110,110,unmatched_cluster,unmatched_cluster,542
denoised_native_fdr,8.0,cluster_merging,duplicate_removal,111,111,unmatched_cluster,unmatched_cluster,13642
denoised_native_fdr,8.0,cluster_merging,duplicate_removal,112,112,unmatched_cluster,unmatched_cluster,17630
denoised_native_fdr,8.0,cluster_merging,duplicate_removal,113,113,unmatched_cluster,unmatched_cluster,3412
denoised_native_fdr,8.0,cluster_merging,duplicate_removal,114,114,unmatched_cluster,unmatched_cluster,13137
denoised_native_fdr,8.0,cluster_merging,duplicate_removal,115,115,unmatched_cluster,unmatched_cluster,195
denoised_native_fdr,8.0,cluster_merging,duplicate_removal,116,116,unmatched_cluster,unmatched_cluster,212
denoised_native_fdr,8.0,cluster_merging,duplicate_removal,117,117,unmatched_cluster,unmatched_cluster,14803
denoised_native_fdr,8.0,cluster_merging,duplicate_removal,118,-1,unmatched_cluster,removed_by_dedup,1
denoised_native_fdr,8.0,cluster_merging,duplicate_removal,118,118,unmatched_cluster,unmatched_cluster,1623
denoised_native_fdr,8.0,cluster_merging,duplicate_removal,119,119,unmatched_cluster,unmatched_cluster,725
denoised_native_fdr,8.0,cluster_merging,duplicate_removal,120,-1,unmatched_cluster,removed_by_dedup,1
denoised_native_fdr,8.0,cluster_merging,duplicate_removal,120,120,unmatched_cluster,unmatched_cluster,11834
denoised_native_fdr,8.0,cluster_merging,duplicate_removal,121,-1,unmatched_cluster,removed_by_dedup,3
denoised_native_fdr,8.0,cluster_merging,duplicate_removal,121,121,unmatched_cluster,unmatched_cluster,29510
denoised_native_fdr,8.0,cluster_merging,duplicate_removal,122,122,unmatched_cluster,unmatched_cluster,3246
denoised_native_fdr,8.0,cluster_merging,duplicate_removal,123,123,unmatched_cluster,unmatched_cluster,1944
denoised_native_fdr,8.0,cluster_merging,duplicate_removal,124,124,unmatched_cluster,unmatched_cluster,3166
denoised_native_fdr,8.0,cluster_merging,duplicate_removal,125,125,unmatched_cluster,unmatched_cluster,13501
denoised_native_fdr,8.0,cluster_merging,duplicate_removal,126,126,unmatched_cluster,unmatched_cluster,1536
denoised_native_fdr,8.0,cluster_merging,duplicate_removal,127,127,unmatched_cluster,unmatched_cluster,125
denoised_native_fdr,8.0,cluster_merging,duplicate_removal,128,128,unmatched_cluster,unmatched_cluster,572
denoised_native_fdr,8.0,cluster_merging,duplicate_removal,129,129,unmatched_cluster,unmatched_cluster,1963
denoised_native_fdr,8.0,cluster_merging,duplicate_removal,130,130,unmatched_cluster,unmatched_cluster,7706
denoised_native_fdr,8.0,cluster_merging,duplicate_removal,131,131,unmatched_cluster,unmatched_cluster,1280
denoised_native_fdr,8.0,cluster_merging,duplicate_removal,132,132,unmatched_cluster,unmatched_cluster,3004
denoised_native_fdr,8.0,cluster_merging,duplicate_removal,133,133,unmatched_cluster,unmatched_cluster,3978
denoised_native_fdr,8.0,cluster_merging,duplicate_removal,134,-1,unmatched_cluster,removed_by_dedup,1
denoised_native_fdr,8.0,cluster_merging,duplicate_removal,134,134,unmatched_cluster,unmatched_cluster,13473
denoised_native_fdr,8.0,cluster_merging,duplicate_removal,135,135,unmatched_cluster,unmatched_cluster,24668
denoised_native_fdr,8.0,cluster_merging,duplicate_removal,136,-1,unmatched_cluster,removed_by_dedup,5
denoised_native_fdr,8.0,cluster_merging,duplicate_removal,136,136,unmatched_cluster,unmatched_cluster,29648
denoised_native_fdr,8.0,cluster_merging,duplicate_removal,137,137,unmatched_cluster,unmatched_cluster,2186
denoised_native_fdr,8.0,cluster_merging,duplicate_removal,138,138,unmatched_cluster,unmatched_cluster,190
denoised_native_fdr,8.0,cluster_merging,duplicate_removal,139,139,unmatched_cluster,unmatched_cluster,275
denoised_native_fdr,8.0,cluster_merging,duplicate_removal,140,140,unmatched_cluster,unmatched_cluster,2248
denoised_native_fdr,8.0,cluster_merging,duplicate_removal,141,141,unmatched_cluster,unmatched_cluster,677
denoised_native_fdr,8.0,cluster_merging,duplicate_removal,142,142,unmatched_cluster,unmatched_cluster,4964
denoised_native_fdr,8.0,cluster_merging,duplicate_removal,143,143,unmatched_cluster,unmatched_cluster,22249
denoised_native_fdr,8.0,cluster_merging,duplicate_removal,144,-1,unmatched_cluster,removed_by_dedup,2
denoised_native_fdr,8.0,cluster_merging,duplicate_removal,144,144,unmatched_cluster,unmatched_cluster,23733
denoised_native_fdr,8.0,cluster_merging,duplicate_removal,145,145,unmatched_cluster,unmatched_cluster,2128
denoised_native_fdr,8.0,cluster_merging,duplicate_removal,146,146,unmatched_cluster,unmatched_cluster,1522
denoised_native_fdr,8.0,cluster_merging,duplicate_removal,147,-1,unmatched_cluster,removed_by_dedup,2
denoised_native_fdr,8.0,cluster_merging,duplicate_removal,147,147,unmatched_cluster,unmatched_cluster,11075
denoised_native_fdr,8.0,cluster_merging,duplicate_removal,148,-1,unmatched_cluster,removed_by_dedup,1
denoised_native_fdr,8.0,cluster_merging,duplicate_removal,148,148,unmatched_cluster,unmatched_cluster,12117
denoised_native_fdr,8.0,cluster_merging,duplicate_removal,149,149,unmatched_cluster,unmatched_cluster,4978
denoised_native_fdr,8.0,cluster_merging,duplicate_removal,150,-1,unmatched_cluster,removed_by_dedup,2
denoised_native_fdr,8.0,cluster_merging,duplicate_removal,150,150,unmatched_cluster,unmatched_cluster,6992
denoised_native_fdr,8.0,cluster_merging,duplicate_removal,151,151,unmatched_cluster,unmatched_cluster,1102
denoised_native_fdr,8.0,cluster_merging,duplicate_removal,152,152,unmatched_cluster,unmatched_cluster,165
denoised_native_fdr,8.0,cluster_merging,duplicate_removal,153,153,unmatched_cluster,unmatched_cluster,537
denoised_native_fdr,8.0,cluster_merging,duplicate_removal,154,154,unmatched_cluster,unmatched_cluster,2521
denoised_native_fdr,8.0,cluster_merging,duplicate_removal,155,155,unmatched_cluster,unmatched_cluster,604
denoised_native_fdr,8.0,cluster_merging,duplicate_removal,156,156,unmatched_cluster,unmatched_cluster,496
denoised_native_fdr,8.0,cluster_merging,duplicate_removal,157,157,unmatched_cluster,unmatched_cluster,369
denoised_native_fdr,8.0,cluster_merging,duplicate_removal,158,-1,unmatched_cluster,removed_by_dedup,1
denoised_native_fdr,8.0,cluster_merging,duplicate_removal,158,158,unmatched_cluster,unmatched_cluster,511
denoised_native_fdr,8.0,cluster_merging,duplicate_removal,159,159,unmatched_cluster,unmatched_cluster,166
denoised_native_fdr,8.0,cluster_merging,duplicate_removal,160,160,unmatched_cluster,unmatched_cluster,3979
denoised_native_fdr,8.0,cluster_merging,duplicate_removal,161,161,unmatched_cluster,unmatched_cluster,2224
denoised_native_fdr,8.0,cluster_merging,duplicate_removal,162,162,unmatched_cluster,unmatched_cluster,8902
denoised_native_fdr,8.0,cluster_merging,duplicate_removal,163,163,unmatched_cluster,unmatched_cluster,818
denoised_native_fdr,8.0,cluster_merging,duplicate_removal,164,164,unmatched_cluster,unmatched_cluster,155
denoised_native_fdr,8.0,cluster_merging,duplicate_removal,165,165,unmatched_cluster,unmatched_cluster,469
denoised_native_fdr,8.0,cluster_merging,duplicate_removal,166,166,unmatched_cluster,unmatched_cluster,447
denoised_native_fdr,8.0,cluster_merging,duplicate_removal,167,167,unmatched_cluster,unmatched_cluster,36
denoised_native_fdr,8.0,cluster_merging,duplicate_removal,168,168,unmatched_cluster,unmatched_cluster,2908
denoised_native_fdr,8.0,cluster_merging,duplicate_removal,169,169,unmatched_cluster,unmatched_cluster,1129
denoised_native_fdr,8.0,cluster_merging,duplicate_removal,170,170,unmatched_cluster,unmatched_cluster,64
denoised_native_fdr,8.0,cluster_merging,duplicate_removal,171,171,unmatched_cluster,unmatched_cluster,1800
denoised_native_fdr,8.0,cluster_merging,duplicate_removal,172,-1,unmatched_cluster,removed_by_dedup,4
denoised_native_fdr,8.0,cluster_merging,duplicate_removal,172,172,unmatched_cluster,unmatched_cluster,26370
denoised_native_fdr,8.0,cluster_merging,duplicate_removal,173,173,unmatched_cluster,unmatched_cluster,756
denoised_native_fdr,8.0,cluster_merging,duplicate_removal,174,174,unmatched_cluster,unmatched_cluster,114
denoised_native_fdr,8.0,cluster_merging,duplicate_removal,175,175,unmatched_cluster,unmatched_cluster,1490
denoised_native_fdr,8.0,cluster_merging,duplicate_removal,176,176,unmatched_cluster,unmatched_cluster,4639
denoised_native_fdr,8.0,cluster_merging,duplicate_removal,177,177,unmatched_cluster,unmatched_cluster,1601
denoised_native_fdr,8.0,cluster_merging,duplicate_removal,178,178,unmatched_cluster,unmatched_cluster,1153
denoised_native_fdr,8.0,cluster_merging,duplicate_removal,179,-1,unmatched_cluster,removed_by_dedup,1
denoised_native_fdr,8.0,cluster_merging,duplicate_removal,179,179,unmatched_cluster,unmatched_cluster,7815
denoised_native_fdr,8.0,cluster_merging,duplicate_removal,180,180,unmatched_cluster,unmatched_cluster,236
denoised_native_fdr,8.0,cluster_merging,duplicate_removal,181,181,unmatched_cluster,unmatched_cluster,1581
denoised_native_fdr,8.0,cluster_merging,duplicate_removal,182,182,unmatched_cluster,unmatched_cluster,3402
denoised_native_fdr,8.0,cluster_merging,duplicate_removal,183,183,unmatched_cluster,unmatched_cluster,205
denoised_native_fdr,8.0,cluster_merging,duplicate_removal,184,184,unmatched_cluster,unmatched_cluster,4895
denoised_native_fdr,8.0,cluster_merging,duplicate_removal,185,185,unmatched_cluster,unmatched_cluster,1957
denoised_native_fdr,8.0,cluster_merging,duplicate_removal,186,186,unmatched_cluster,unmatched_cluster,485
denoised_native_fdr,8.0,cluster_merging,duplicate_removal,187,-1,unmatched_cluster,removed_by_dedup,2
denoised_native_fdr,8.0,cluster_merging,duplicate_removal,187,187,unmatched_cluster,unmatched_cluster,11358
denoised_native_fdr,8.0,cluster_merging,duplicate_removal,188,188,unmatched_cluster,unmatched_cluster,238
denoised_native_fdr,8.0,cluster_merging,duplicate_removal,189,189,unmatched_cluster,unmatched_cluster,431
denoised_native_fdr,8.0,cluster_merging,duplicate_removal,190,-1,unmatched_cluster,removed_by_dedup,2
denoised_native_fdr,8.0,cluster_merging,duplicate_removal,190,190,unmatched_cluster,unmatched_cluster,5951
denoised_native_fdr,8.0,cluster_merging,duplicate_removal,191,-1,unmatched_cluster,removed_by_dedup,4
denoised_native_fdr,8.0,cluster_merging,duplicate_removal,191,191,unmatched_cluster,unmatched_cluster,11290
denoised_native_fdr,8.0,cluster_merging,duplicate_removal,192,192,unmatched_cluster,unmatched_cluster,6431
denoised_native_fdr,8.0,cluster_merging,duplicate_removal,193,193,unmatched_cluster,unmatched_cluster,425
denoised_native_fdr,8.0,cluster_merging,duplicate_removal,194,194,unmatched_cluster,unmatched_cluster,356
denoised_native_fdr,8.0,cluster_merging,duplicate_removal,195,195,unmatched_cluster,unmatched_cluster,920
denoised_native_fdr,8.0,cluster_merging,duplicate_removal,196,196,unmatched_cluster,unmatched_cluster,6129
denoised_native_fdr,8.0,cluster_merging,duplicate_removal,197,197,unmatched_cluster,unmatched_cluster,8174
denoised_native_fdr,8.0,cluster_merging,duplicate_removal,198,-1,unmatched_cluster,removed_by_dedup,1
denoised_native_fdr,8.0,cluster_merging,duplicate_removal,198,198,unmatched_cluster,unmatched_cluster,8753
denoised_native_fdr,8.0,cluster_merging,duplicate_removal,199,-1,unmatched_cluster,removed_by_dedup,1
denoised_native_fdr,8.0,cluster_merging,duplicate_removal,199,199,unmatched_cluster,unmatched_cluster,2712
denoised_native_fdr,8.0,cluster_merging,duplicate_removal,200,200,unmatched_cluster,unmatched_cluster,644
denoised_native_fdr,8.0,cluster_merging,duplicate_removal,201,201,unmatched_cluster,unmatched_cluster,1621
denoised_native_fdr,8.0,cluster_merging,duplicate_removal,202,202,unmatched_cluster,unmatched_cluster,2621
denoised_native_fdr,8.0,cluster_merging,duplicate_removal,203,203,unmatched_cluster,unmatched_cluster,173
denoised_native_fdr,8.0,cluster_merging,duplicate_removal,204,204,unmatched_cluster,unmatched_cluster,778
denoised_native_fdr,8.0,cluster_merging,duplicate_removal,205,205,unmatched_cluster,unmatched_cluster,481
denoised_native_fdr,8.0,cluster_merging,duplicate_removal,206,206,unmatched_cluster,unmatched_cluster,4503
denoised_native_fdr,8.0,cluster_merging,duplicate_removal,207,207,unmatched_cluster,unmatched_cluster,263
denoised_native_fdr,8.0,cluster_merging,duplicate_removal,208,-1,unmatched_cluster,removed_by_dedup,1
denoised_native_fdr,8.0,cluster_merging,duplicate_removal,208,208,unmatched_cluster,unmatched_cluster,1395
denoised_native_fdr,8.0,cluster_merging,duplicate_removal,209,209,unmatched_cluster,unmatched_cluster,568
denoised_native_fdr,8.0,cluster_merging,duplicate_removal,210,210,unmatched_cluster,unmatched_cluster,1445
denoised_native_fdr,8.0,cluster_merging,duplicate_removal,211,-1,unmatched_cluster,removed_by_dedup,1
denoised_native_fdr,8.0,cluster_merging,duplicate_removal,211,211,unmatched_cluster,unmatched_cluster,3753
denoised_native_fdr,8.0,cluster_merging,duplicate_removal,212,212,unmatched_cluster,unmatched_cluster,5253
denoised_native_fdr,8.0,cluster_merging,duplicate_removal,213,-1,unmatched_cluster,removed_by_dedup,2
denoised_native_fdr,8.0,cluster_merging,duplicate_removal,213,213,unmatched_cluster,unmatched_cluster,11474
denoised_native_fdr,8.0,cluster_merging,duplicate_removal,214,214,unmatched_cluster,unmatched_cluster,9175
denoised_native_fdr,8.0,cluster_merging,duplicate_removal,215,-1,unmatched_cluster,removed_by_dedup,1
denoised_native_fdr,8.0,cluster_merging,duplicate_removal,215,215,unmatched_cluster,unmatched_cluster,9287
denoised_native_fdr,8.0,cluster_merging,duplicate_removal,216,216,unmatched_cluster,unmatched_cluster,342
denoised_native_fdr,8.0,cluster_merging,duplicate_removal,217,217,unmatched_cluster,unmatched_cluster,660
denoised_native_fdr,8.0,cluster_merging,duplicate_removal,218,218,unmatched_cluster,unmatched_cluster,374
denoised_native_fdr,8.0,cluster_merging,duplicate_removal,219,219,unmatched_cluster,unmatched_cluster,823
denoised_native_fdr,8.0,cluster_merging,duplicate_removal,220,220,unmatched_cluster,unmatched_cluster,222
denoised_native_fdr,8.0,cluster_merging,duplicate_removal,221,221,unmatched_cluster,unmatched_cluster,315
denoised_native_fdr,8.0,cluster_merging,duplicate_removal,222,-1,unmatched_cluster,removed_by_dedup,1
denoised_native_fdr,8.0,cluster_merging,duplicate_removal,222,222,unmatched_cluster,unmatched_cluster,2652
denoised_native_fdr,8.0,cluster_merging,duplicate_removal,223,223,unmatched_cluster,unmatched_cluster,1199
denoised_native_fdr,8.0,cluster_merging,duplicate_removal,224,224,unmatched_cluster,unmatched_cluster,490
denoised_native_fdr,8.0,cluster_merging,duplicate_removal,225,225,unmatched_cluster,unmatched_cluster,3134
denoised_native_fdr,8.0,cluster_merging,duplicate_removal,226,226,unmatched_cluster,unmatched_cluster,674
denoised_native_fdr,8.0,cluster_merging,duplicate_removal,227,227,unmatched_cluster,unmatched_cluster,2321
denoised_native_fdr,8.0,cluster_merging,duplicate_removal,228,228,unmatched_cluster,unmatched_cluster,2008
denoised_native_fdr,8.0,cluster_merging,duplicate_removal,229,229,unmatched_cluster,unmatched_cluster,6305
denoised_native_fdr,8.0,cluster_merging,duplicate_removal,230,230,unmatched_cluster,unmatched_cluster,644
denoised_native_fdr,8.0,cluster_merging,duplicate_removal,231,231,unmatched_cluster,unmatched_cluster,564
denoised_native_fdr,8.0,cluster_merging,duplicate_removal,232,-1,unmatched_cluster,removed_by_dedup,5
denoised_native_fdr,8.0,cluster_merging,duplicate_removal,232,232,unmatched_cluster,unmatched_cluster,3185
denoised_native_fdr,8.0,cluster_merging,duplicate_removal,233,233,unmatched_cluster,unmatched_cluster,675
denoised_native_fdr,8.0,cluster_merging,duplicate_removal,234,234,unmatched_cluster,unmatched_cluster,504
denoised_native_fdr,8.0,cluster_merging,duplicate_removal,235,235,unmatched_cluster,unmatched_cluster,2238
denoised_native_fdr,8.0,cluster_merging,duplicate_removal,236,236,unmatched_cluster,unmatched_cluster,683
denoised_native_fdr,8.0,cluster_merging,duplicate_removal,237,237,unmatched_cluster,unmatched_cluster,418
denoised_native_fdr,8.0,cluster_merging,duplicate_removal,238,238,unmatched_cluster,unmatched_cluster,643
denoised_native_fdr,8.0,cluster_merging,duplicate_removal,239,239,unmatched_cluster,unmatched_cluster,6366
denoised_native_fdr,8.0,cluster_merging,duplicate_removal,240,240,unmatched_cluster,unmatched_cluster,301
denoised_native_fdr,8.0,cluster_merging,duplicate_removal,241,241,unmatched_cluster,unmatched_cluster,894
denoised_native_fdr,8.0,cluster_merging,duplicate_removal,242,-1,unmatched_cluster,removed_by_dedup,2
denoised_native_fdr,8.0,cluster_merging,duplicate_removal,242,242,unmatched_cluster,unmatched_cluster,11668
denoised_native_fdr,8.0,cluster_merging,duplicate_removal,243,243,unmatched_cluster,unmatched_cluster,4511
denoised_native_fdr,8.0,cluster_merging,duplicate_removal,244,244,unmatched_cluster,unmatched_cluster,966
denoised_native_fdr,8.0,cluster_merging,duplicate_removal,245,245,unmatched_cluster,unmatched_cluster,706
denoised_native_fdr,8.0,cluster_merging,duplicate_removal,246,246,unmatched_cluster,unmatched_cluster,236
denoised_native_fdr,8.0,cluster_merging,duplicate_removal,247,247,unmatched_cluster,unmatched_cluster,332
denoised_native_fdr,8.0,cluster_merging,duplicate_removal,248,248,unmatched_cluster,unmatched_cluster,74
denoised_native_fdr,8.0,cluster_merging,duplicate_removal,249,249,unmatched_cluster,unmatched_cluster,185
denoised_native_fdr,8.0,cluster_merging,duplicate_removal,250,250,unmatched_cluster,unmatched_cluster,105
denoised_native_fdr,8.0,cluster_merging,duplicate_removal,251,251,unmatched_cluster,unmatched_cluster,258
denoised_native_fdr,8.0,cluster_merging,duplicate_removal,252,252,unmatched_cluster,unmatched_cluster,168
denoised_native_fdr,8.0,cluster_merging,duplicate_removal,253,-1,unmatched_cluster,removed_by_dedup,1
denoised_native_fdr,8.0,cluster_merging,duplicate_removal,253,253,unmatched_cluster,unmatched_cluster,9055
denoised_native_fdr,8.0,cluster_merging,duplicate_removal,254,254,unmatched_cluster,unmatched_cluster,8793
denoised_native_fdr,8.0,cluster_merging,duplicate_removal,255,255,unmatched_cluster,unmatched_cluster,329
denoised_native_fdr,8.0,cluster_merging,duplicate_removal,256,-1,unmatched_cluster,removed_by_dedup,1
denoised_native_fdr,8.0,cluster_merging,duplicate_removal,256,256,unmatched_cluster,unmatched_cluster,1226
denoised_native_fdr,8.0,cluster_merging,duplicate_removal,257,-1,unmatched_cluster,removed_by_dedup,1
denoised_native_fdr,8.0,cluster_merging,duplicate_removal,257,257,unmatched_cluster,unmatched_cluster,206
denoised_native_fdr,8.0,cluster_merging,duplicate_removal,258,258,unmatched_cluster,unmatched_cluster,120
denoised_native_fdr,8.0,cluster_merging,duplicate_removal,259,259,unmatched_cluster,unmatched_cluster,236
denoised_native_fdr,8.0,cluster_merging,duplicate_removal,260,-1,unmatched_cluster,removed_by_dedup,1
denoised_native_fdr,8.0,cluster_merging,duplicate_removal,260,260,unmatched_cluster,unmatched_cluster,10106
denoised_native_fdr,8.0,cluster_merging,duplicate_removal,261,261,unmatched_cluster,unmatched_cluster,4493
denoised_native_fdr,8.0,cluster_merging,duplicate_removal,262,262,unmatched_cluster,unmatched_cluster,212
denoised_native_fdr,8.0,cluster_merging,duplicate_removal,263,263,unmatched_cluster,unmatched_cluster,433
denoised_native_fdr,8.0,cluster_merging,duplicate_removal,264,264,unmatched_cluster,unmatched_cluster,173
denoised_native_fdr,8.0,cluster_merging,duplicate_removal,265,-1,unmatched_cluster,removed_by_dedup,1
denoised_native_fdr,8.0,cluster_merging,duplicate_removal,265,265,unmatched_cluster,unmatched_cluster,10487
denoised_native_fdr,8.0,cluster_merging,duplicate_removal,266,266,unmatched_cluster,unmatched_cluster,126
denoised_native_fdr,8.0,cluster_merging,duplicate_removal,267,267,unmatched_cluster,unmatched_cluster,261
denoised_native_fdr,8.0,cluster_merging,duplicate_removal,268,268,unmatched_cluster,unmatched_cluster,17
denoised_native_fdr,8.0,cluster_merging,duplicate_removal,269,269,unmatched_cluster,unmatched_cluster,455
denoised_native_fdr,8.0,cluster_merging,duplicate_removal,270,270,unmatched_cluster,unmatched_cluster,916
denoised_native_fdr,8.0,cluster_merging,duplicate_removal,271,271,unmatched_cluster,unmatched_cluster,579
denoised_native_fdr,8.0,cluster_merging,duplicate_removal,272,272,unmatched_cluster,unmatched_cluster,125
denoised_native_fdr,8.0,cluster_merging,duplicate_removal,273,-1,unmatched_cluster,removed_by_dedup,1
denoised_native_fdr,8.0,cluster_merging,duplicate_removal,273,273,unmatched_cluster,unmatched_cluster,4361
denoised_native_fdr,8.0,cluster_merging,duplicate_removal,274,274,unmatched_cluster,unmatched_cluster,462
denoised_native_fdr,8.0,cluster_merging,duplicate_removal,275,275,unmatched_cluster,unmatched_cluster,245
denoised_native_fdr,8.0,cluster_merging,duplicate_removal,276,-1,unmatched_cluster,removed_by_dedup,1
denoised_native_fdr,8.0,cluster_merging,duplicate_removal,276,276,unmatched_cluster,unmatched_cluster,3663
denoised_native_fdr,8.0,cluster_merging,duplicate_removal,277,277,unmatched_cluster,unmatched_cluster,5575
denoised_native_fdr,8.0,cluster_merging,duplicate_removal,278,278,unmatched_cluster,unmatched_cluster,1028
denoised_native_fdr,8.0,cluster_merging,duplicate_removal,279,279,unmatched_cluster,unmatched_cluster,4819
denoised_native_fdr,8.0,cluster_merging,duplicate_removal,280,280,unmatched_cluster,unmatched_cluster,259
denoised_native_fdr,8.0,cluster_merging,duplicate_removal,281,281,unmatched_cluster,unmatched_cluster,152
denoised_native_fdr,8.0,cluster_merging,duplicate_removal,282,-1,unmatched_cluster,removed_by_dedup,3
denoised_native_fdr,8.0,cluster_merging,duplicate_removal,282,282,unmatched_cluster,unmatched_cluster,17
denoised_native_fdr,8.0,cluster_merging,duplicate_removal,283,-1,unmatched_cluster,removed_by_dedup,91
denoised_native_fdr,8.0,cluster_merging,duplicate_removal,283,283,unmatched_cluster,unmatched_cluster,84
denoised_native_fdr,8.0,cluster_merging,duplicate_removal,284,-1,unmatched_cluster,removed_by_dedup,1
denoised_native_fdr,8.0,cluster_merging,duplicate_removal,284,284,unmatched_cluster,unmatched_cluster,19
denoised_native_fdr,8.0,cluster_merging,duplicate_removal,285,285,unmatched_cluster,unmatched_cluster,1
denoised_native_fdr,8.0,cluster_merging,duplicate_removal,286,286,unmatched_cluster,unmatched_cluster,978
denoised_native_fdr,8.0,cluster_merging,duplicate_removal,287,287,unmatched_cluster,unmatched_cluster,934
denoised_native_fdr,8.0,cluster_merging,duplicate_removal,288,288,unmatched_cluster,unmatched_cluster,8
denoised_native_fdr,8.0,cluster_merging,duplicate_removal,289,289,unmatched_cluster,unmatched_cluster,4
denoised_native_fdr,8.0,cluster_merging,duplicate_removal,290,290,unmatched_cluster,unmatched_cluster,845
denoised_native_fdr,8.0,cluster_merging,duplicate_removal,291,291,unmatched_cluster,unmatched_cluster,3
denoised_native_fdr,8.0,cluster_merging,duplicate_removal,292,292,unmatched_cluster,unmatched_cluster,8
denoised_native_fdr,8.0,cluster_merging,duplicate_removal,293,293,unmatched_cluster,unmatched_cluster,13
denoised_native_fdr,8.0,cluster_merging,duplicate_removal,294,294,unmatched_cluster,unmatched_cluster,7
denoised_native_fdr,8.0,cluster_merging,duplicate_removal,295,295,unmatched_cluster,unmatched_cluster,2
denoised_native_fdr,8.0,cluster_merging,duplicate_removal,296,296,unmatched_cluster,unmatched_cluster,2
